10000
27
1 5
1 3
1 21
22 1
4 1
1 18
1 19
10 1
1 2
14 1
1 23
1 25
20 1
1 15
13 1
7 1
1 24
6 1
16 1
26 1
12 1
1 27
11 1
1 9
1 8
17 1
19
19 1
15 1
1 13
6 1
4 1
2 1
1 16
1 9
1 12
5 1
10 1
11 1
3 1
8 1
18 1
17 1
1 14
7 1
15
1 10
14 1
11 1
1 8
1 13
1 12
1 3
1 4
9 1
7 1
1 2
1 15
1 6
1 5
27
17 1
21 1
7 1
25 1
19 1
1 3
1 6
27 1
1 9
1 13
1 11
26 1
1 23
1 20
8 1
10 1
18 1
14 1
1 15
24 1
1 2
1 22
1 4
5 1
12 1
16 1
16
8 6
4 2
16 6
8 7
13 15
11 14
14 9
5 10
3 12
1 4
12 2
16 10
11 15
3 9
13 5
11
3 11
9 6
5 6
6 8
2 3
9 3
1 10
9 1
10 7
4 10
22
1 11
17 15
11 16
4 11
1 6
7 20
1 22
20 12
18 8
5 9
2 9
12 5
10 3
21 10
10 8
13 22
5 19
3 1
12 3
12 17
14 10
24
23 11
3 1
10 13
7 9
14 13
1 2
24 21
3 8
8 12
18 17
22 7
16 7
3 23
8 6
19 13
14 2
5 21
4 23
14 21
15 6
16 17
17 20
2 16
28
1 2
27 1
1 11
1 9
1 21
1 6
1 12
1 20
28 1
1 19
23 1
1 26
7 1
1 18
4 1
5 1
1 8
22 1
1 10
1 3
1 24
14 1
1 15
16 1
1 13
25 1
1 17
27
12 10
12 26
5 17
2 19
13 1
15 14
9 17
7 2
25 8
6 8
27 15
24 4
20 25
11 23
13 9
7 21
3 22
16 4
6 5
19 18
27 22
16 20
3 18
11 14
26 21
24 23
10
1 6
10 1
1 9
3 1
5 1
1 8
7 1
2 1
4 1
19
17 3
18 15
16 19
7 5
8 2
7 18
13 8
14 17
11 6
3 1
9 12
4 12
14 13
4 19
6 15
9 2
16 10
5 10
23
22 16
1 11
23 15
3 18
17 1
10 19
17 14
9 14
10 20
12 4
5 18
23 2
1 6
1 20
3 1
20 21
7 23
13 12
22 4
12 17
15 8
15 18
15
1 15
2 12
3 7
10 4
8 2
14 5
11 3
7 4
9 13
11 9
12 13
8 6
14 6
5 15
20
19 5
11 14
2 4
12 5
18 3
15 3
16 8
6 10
17 16
10 16
4 3
13 2
2 9
5 7
4 1
14 20
8 1
19 14
19 8
26
25 17
9 23
24 6
26 1
15 6
12 10
21 20
12 19
14 13
8 3
11 25
26 12
3 4
11 5
8 14
13 6
26 11
3 2
21 13
22 21
16 23
1 14
18 25
23 8
5 7
22
19 1
1 16
1 10
1 11
1 15
1 2
1 3
5 1
4 1
1 7
1 21
6 1
8 1
1 22
1 14
1 18
13 1
1 12
1 20
1 9
17 1
21
18 15
2 11
13 17
5 13
12 14
3 19
2 5
8 20
15 7
9 16
4 3
1 6
7 9
4 16
17 21
21 10
11 19
10 8
20 12
6 18
29
4 9
20 22
27 28
23 10
27 29
4 26
9 25
2 17
13 19
24 21
24 11
12 20
6 25
17 26
14 5
5 11
29 12
19 15
16 14
7 3
3 22
8 23
2 8
15 6
10 1
21 13
16 18
28 18
13
13 3
11 4
13 5
10 11
7 3
5 12
1 10
8 6
8 9
12 9
2 7
4 6
28
19 4
4 9
5 16
11 27
2 17
26 1
24 13
17 25
26 4
7 2
16 22
11 12
9 10
13 23
19 14
3 19
18 26
11 18
6 18
21 6
22 8
2 20
15 6
17 13
25 1
25 22
9 28
28
21 15
19 17
22 9
7 10
6 10
16 17
20 25
26 28
7 18
11 19
5 12
12 1
3 2
21 28
15 23
8 16
13 6
5 4
3 9
14 27
13 4
18 24
20 24
14 22
26 2
11 23
25 8
22
11 9
22 17
13 2
12 6
15 18
21 15
1 9
2 16
7 21
19 4
15 14
3 20
1 6
19 3
21 1
6 16
20 9
16 5
10 14
8 13
10 17
19
5 14
3 2
13 19
12 14
2 9
13 3
16 12
15 7
6 15
1 17
13 8
2 10
17 15
11 5
5 18
17 3
14 1
12 4
18
4 9
11 5
1 13
16 8
2 11
6 14
9 6
14 12
15 9
6 1
7 10
3 8
13 5
18 11
8 13
17 14
10 5
23
23 9
3 16
21 15
17 3
1 23
1 6
5 20
19 11
22 3
1 22
4 9
19 1
21 3
7 3
5 14
5 1
15 10
3 18
13 16
3 2
11 8
12 1
20
18 2
18 3
5 18
13 7
7 16
11 4
8 18
2 4
9 12
9 7
9 19
6 16
2 7
4 15
10 16
17 15
20 13
14 13
2 1
13
12 5
4 5
8 1
10 3
5 2
8 6
3 7
6 11
1 2
8 13
3 2
9 6
11
11 1
5 1
3 1
4 1
1 8
1 2
9 1
6 1
1 10
1 7
21
1 18
9 1
17 1
1 5
3 1
7 1
1 19
20 1
1 10
13 1
4 1
1 15
1 2
1 11
1 8
1 16
1 6
12 1
14 1
1 21
13
1 10
9 4
1 2
6 1
8 3
1 4
11 1
11 8
7 10
5 13
13 12
12 1
13
13 12
3 5
6 12
8 10
4 5
11 10
9 7
2 1
2 10
9 1
2 5
9 12
21
16 1
18 1
1 14
2 1
11 1
1 8
5 1
21 1
20 1
1 13
4 1
12 1
3 1
1 9
1 19
10 1
7 1
1 17
6 1
1 15
19
12 1
15 1
1 8
1 17
1 6
2 1
19 1
9 1
3 1
13 1
1 4
1 5
1 10
16 1
1 11
7 1
14 1
1 18
29
9 29
17 23
6 3
16 9
5 28
6 13
6 11
20 7
5 9
20 22
23 24
4 7
24 25
2 3
26 12
2 19
18 16
27 5
23 8
26 15
1 25
14 16
1 29
21 2
29 3
7 10
25 20
24 26
16
1 13
12 8
4 9
7 16
16 6
3 12
10 4
14 2
2 5
13 2
4 6
1 6
13 12
16 11
15 10
24
9 3
7 6
3 19
4 8
4 18
18 21
4 11
12 1
12 10
3 6
13 2
1 3
1 15
5 3
8 2
24 5
23 3
20 5
20 22
19 16
1 17
14 15
9 8
26
16 1
19 16
22 4
26 19
13 1
16 24
23 17
11 3
10 21
21 25
12 18
12 22
8 15
24 23
11 19
23 9
8 24
21 13
5 18
26 14
13 12
6 8
11 7
26 2
22 20
27
13 16
10 6
10 22
16 23
2 12
3 22
21 11
12 23
8 12
7 8
5 12
16 26
1 4
19 4
23 9
25 8
20 23
24 17
27 12
1 23
24 22
4 3
15 24
18 1
21 8
14 13
15
8 12
2 12
13 6
2 15
12 1
10 4
5 12
6 8
1 9
3 4
12 7
1 11
4 1
14 1
12
6 4
12 5
10 4
6 1
1 2
5 3
7 11
7 9
6 8
2 5
7 2
14
12 9
2 8
1 12
9 4
2 12
6 5
5 13
1 6
14 7
5 11
9 10
6 14
14 3
27
24 20
25 21
14 7
7 4
10 11
11 4
22 16
12 24
2 12
27 17
18 19
13 11
24 26
3 27
19 15
16 5
23 4
22 19
25 12
22 2
1 23
1 2
27 23
9 7
16 8
6 25
15
8 5
15 4
3 10
1 9
1 12
10 13
10 1
6 3
10 11
8 10
7 1
2 1
8 15
5 14
24
16 6
11 14
9 20
12 16
11 22
7 19
18 8
17 2
15 13
9 3
4 10
6 2
22 24
5 23
17 7
20 12
13 23
1 15
3 21
19 24
14 18
5 21
8 4
28
22 12
18 6
21 17
15 24
9 4
26 19
3 5
14 23
2 7
15 16
21 4
3 11
8 25
8 10
23 10
22 26
7 14
20 5
16 25
27 28
12 27
11 2
13 20
24 9
28 17
18 1
13 6
21
11 1
1 13
15 10
13 17
15 12
20 7
3 16
6 17
5 7
21 5
9 17
20 18
8 13
14 20
7 1
20 15
13 19
13 4
3 17
2 8
18
7 1
1 9
12 1
15 1
1 4
17 1
18 1
1 6
16 1
1 5
1 11
13 1
1 10
2 1
14 1
3 1
1 8
22
1 6
18 1
16 1
2 1
1 10
1 19
11 1
1 8
22 1
7 1
1 4
3 1
1 17
1 21
1 20
1 12
15 1
9 1
13 1
1 14
1 5
23
11 17
8 16
9 10
18 11
5 1
2 7
16 22
12 23
8 6
23 20
13 21
3 4
15 6
9 21
19 17
19 5
3 2
18 14
13 14
7 12
4 15
10 20
14
12 10
13 8
6 11
3 6
13 7
9 14
1 12
10 4
12 6
5 13
7 1
2 9
9 7
20
1 20
1 14
19 1
1 10
1 3
2 1
1 15
1 4
7 1
16 1
18 1
13 1
17 1
1 9
5 1
6 1
11 1
1 12
8 1
28
17 25
23 18
18 27
4 12
12 10
2 16
1 27
9 12
9 16
24 23
17 21
14 8
11 19
6 20
27 5
28 5
26 23
3 6
8 5
21 1
18 6
15 25
21 9
17 11
7 25
22 16
11 13
22
9 17
9 7
1 8
15 14
3 13
5 11
1 18
5 18
14 18
21 10
2 12
6 12
21 2
22 13
20 12
22 9
5 4
16 14
22 8
19 13
2 8
17
8 7
7 6
6 15
13 14
6 2
5 9
4 10
10 17
10 12
2 9
1 2
11 9
7 3
14 4
1 4
14 16
21
14 16
6 13
16 7
5 4
8 9
17 14
4 20
21 4
21 6
18 17
1 14
18 19
8 15
6 12
1 21
2 7
16 8
18 3
11 7
17 10
22
10 14
19 10
15 13
19 4
18 2
21 7
2 9
8 20
14 3
14 11
1 9
9 21
19 5
1 10
20 21
7 17
12 20
18 6
7 22
18 16
13 2
16
3 5
11 6
2 10
7 16
1 14
5 14
13 4
3 4
12 15
8 6
13 7
10 12
2 11
15 9
9 16
29
14 12
14 5
21 2
20 22
28 10
11 3
17 23
13 16
25 26
22 21
27 28
16 15
19 6
23 25
26 11
11 16
3 24
18 23
19 25
21 14
26 1
29 7
7 8
20 28
1 22
20 7
4 19
3 9
27
18 5
17 7
18 12
9 14
1 10
13 20
25 23
24 16
4 3
27 8
3 21
16 8
7 22
18 6
26 14
19 25
12 10
25 11
27 1
15 16
7 27
14 8
12 13
13 2
3 11
11 10
22
6 15
9 11
18 21
1 22
8 5
12 16
20 8
2 22
11 2
4 3
22 5
12 7
10 8
17 4
15 13
18 5
15 2
19 12
14 18
1 7
4 7
11
8 1
10 11
1 4
5 10
6 3
1 7
9 1
1 5
6 1
4 2
13
2 9
8 11
2 3
12 6
3 7
10 1
13 6
10 5
10 11
3 1
4 1
10 6
16
4 13
9 8
2 10
13 9
1 15
3 14
11 15
6 8
12 4
5 16
10 11
12 7
16 7
2 5
6 3
20
6 1
1 20
11 1
10 1
1 2
1 14
19 1
4 1
1 12
1 5
18 1
3 1
1 7
16 1
8 1
1 13
1 9
1 17
1 15
16
10 1
1 15
1 11
16 1
2 1
1 13
1 12
1 9
14 1
8 1
7 1
1 5
6 1
4 1
3 1
26
4 10
1 25
18 20
6 5
12 4
23 14
19 4
12 25
15 22
2 17
7 11
7 26
20 9
17 6
16 22
5 11
11 22
7 8
13 12
13 24
14 6
14 21
1 5
25 20
3 17
11
6 7
3 2
11 4
2 7
9 8
8 1
11 10
5 9
3 10
5 4
19
1 14
1 6
1 11
7 1
1 10
1 4
15 1
1 18
3 1
19 1
12 1
13 1
16 1
5 1
17 1
2 1
1 8
1 9
17
1 9
14 6
11 13
2 12
2 16
2 15
9 11
8 1
8 15
10 11
8 7
3 7
7 17
15 5
4 6
6 9
10
5 1
1 4
1 10
1 7
9 1
1 2
3 1
6 1
8 1
26
1 22
18 1
8 1
2 1
23 1
17 1
1 6
4 1
10 1
1 9
15 1
1 19
20 1
5 1
12 1
1 16
3 1
11 1
1 14
13 1
26 1
1 25
7 1
1 24
21 1
14
1 6
13 1
2 1
14 1
4 1
1 7
1 11
3 1
1 10
1 12
9 1
8 1
1 5
23
12 13
22 17
10 11
20 3
23 8
8 9
12 4
15 17
21 20
17 2
10 16
12 5
18 7
19 5
19 2
14 8
23 1
6 7
19 1
20 2
23 7
5 10
11
6 9
1 4
9 4
2 5
3 4
9 10
5 1
3 7
5 8
3 11
18
5 1
4 1
1 6
1 12
16 1
3 1
1 10
18 1
14 1
13 1
1 11
1 15
17 1
1 9
8 1
7 1
2 1
28
15 11
23 28
11 13
12 18
1 21
7 3
7 28
22 3
10 5
8 6
18 24
8 15
16 4
9 17
22 19
21 27
20 27
26 23
10 24
14 9
6 14
2 4
2 25
13 20
16 17
26 5
19 25
16
13 16
12 5
13 15
3 2
4 16
11 12
14 3
9 7
6 8
9 15
6 5
1 2
4 8
10 14
10 7
20
1 4
20 1
3 1
1 2
17 1
16 1
1 12
18 1
1 15
14 1
6 1
9 1
5 1
1 8
1 11
1 7
1 13
10 1
1 19
10
3 6
6 10
3 1
1 2
7 9
8 7
9 5
4 9
9 1
16
8 2
9 6
12 11
11 1
16 3
7 2
13 7
13 3
10 5
5 14
15 14
8 9
4 6
10 12
4 15
13
3 1
3 12
3 5
11 8
8 13
1 11
9 2
11 9
5 4
10 8
9 6
5 7
22
13 10
17 6
21 1
9 1
15 20
3 4
10 12
14 10
7 20
9 19
6 5
17 2
6 18
21 8
6 9
10 21
10 11
16 15
22 20
5 4
15 6
17
4 1
8 1
1 2
16 1
11 1
9 1
5 1
6 1
13 1
1 17
1 10
1 3
1 14
7 1
1 15
12 1
12
7 4
7 3
8 11
12 6
10 12
2 11
12 1
7 8
10 5
8 1
9 11
17
9 6
15 5
13 6
5 10
6 7
1 5
11 9
9 15
2 7
3 8
7 14
17 16
12 4
7 16
8 1
12 6
18
9 3
10 2
3 5
14 16
8 18
11 14
15 17
6 9
1 13
17 6
16 7
13 12
2 5
7 15
10 4
4 12
11 8
22
16 1
1 5
1 10
1 3
17 1
1 6
18 1
21 1
12 1
22 1
11 1
20 1
1 8
1 7
1 4
1 13
15 1
1 14
1 19
1 9
2 1
26
1 13
1 23
1 21
1 20
1 16
11 1
1 9
18 1
1 7
19 1
1 12
1 10
3 1
8 1
5 1
1 14
22 1
17 1
1 15
1 24
1 25
1 4
1 2
6 1
26 1
24
19 8
14 24
11 20
10 13
11 12
5 23
19 15
9 22
7 22
14 4
17 24
5 1
9 20
18 21
17 15
23 10
6 7
4 2
3 8
12 16
3 16
18 13
21 6
20
12 5
17 4
18 9
2 19
15 4
1 12
6 14
20 19
5 16
16 3
16 11
15 8
19 6
6 1
4 12
14 10
13 9
14 7
5 9
16
14 11
3 7
10 11
16 11
7 6
15 11
12 5
6 1
6 9
8 1
12 13
13 2
6 12
1 10
11 4
26
11 12
6 15
14 19
5 24
22 17
12 16
9 24
22 25
1 15
4 25
26 23
14 5
3 26
20 18
7 16
17 2
2 21
11 8
13 23
7 10
3 19
21 6
8 13
10 18
4 9
14
1 2
1 8
1 6
12 1
1 5
1 7
1 10
1 13
9 1
1 11
1 3
4 1
14 1
20
19 7
4 18
9 15
9 6
16 10
20 8
14 2
2 15
12 17
19 18
3 11
3 5
11 14
17 7
13 1
5 12
4 16
20 6
10 13
29
11 15
28 22
26 7
3 10
8 25
24 26
6 17
11 12
1 17
23 15
15 21
11 17
6 14
29 14
13 20
27 26
20 6
1 8
5 12
18 12
22 9
20 16
7 8
22 7
2 14
25 19
25 10
4 10
25
1 18
1 14
9 1
10 1
25 1
1 23
7 1
1 15
1 12
4 1
20 1
1 22
6 1
1 13
1 19
1 3
1 21
1 2
17 1
16 1
1 11
8 1
1 24
1 5
18
12 5
9 4
18 15
13 9
15 10
16 9
11 3
16 3
14 15
17 5
14 5
7 8
8 6
2 16
8 2
2 1
1 14
20
18 1
5 1
1 17
6 1
13 1
1 16
11 1
1 19
1 4
1 3
1 10
1 20
12 1
1 14
1 8
7 1
9 1
2 1
15 1
11
4 1
1 9
6 1
5 1
1 11
1 8
7 1
1 2
1 10
3 1
25
20 17
18 4
5 25
19 17
4 15
8 20
23 9
18 23
22 7
3 14
13 1
2 25
5 16
6 2
9 6
13 22
24 11
16 19
7 12
21 11
8 12
3 15
10 14
21 10
25
23 1
6 1
19 1
1 2
1 20
13 1
9 1
1 15
17 1
7 1
1 4
8 1
3 1
1 25
1 11
24 1
16 1
18 1
1 10
21 1
1 14
1 12
22 1
5 1
12
9 7
1 8
10 2
4 5
1 10
11 12
8 5
11 1
10 6
3 11
8 9
12
1 3
1 12
8 1
2 1
1 10
6 1
7 1
1 4
5 1
1 9
11 1
12
12 10
12 5
5 4
11 3
2 8
7 10
9 11
3 7
4 6
2 6
1 8
23
1 22
1 19
11 1
4 1
1 6
3 1
15 1
13 1
20 1
7 1
1 2
16 1
8 1
18 1
23 1
1 17
21 1
9 1
12 1
5 1
1 14
1 10
25
9 1
19 1
1 21
1 22
15 1
1 25
1 24
8 1
1 2
11 1
5 1
3 1
13 1
1 17
1 23
10 1
1 4
1 20
18 1
1 16
1 14
1 12
6 1
7 1
10
5 9
6 4
3 1
10 5
1 6
9 4
7 1
2 6
8 1
18
8 3
18 17
1 15
11 1
11 10
16 14
6 14
9 3
10 4
13 5
2 16
7 6
9 1
14 5
1 18
12 16
16 1
24
15 14
24 21
17 10
22 1
23 5
9 15
2 5
17 13
9 1
17 22
21 19
6 8
4 22
16 14
20 12
5 15
3 4
8 9
6 7
8 21
18 6
11 14
20 4
13
1 11
2 6
4 13
3 6
5 12
11 4
8 6
7 5
5 11
8 10
9 4
1 8
22
18 22
15 16
8 3
14 8
7 18
19 6
17 4
17 22
5 10
20 4
15 2
14 9
21 20
19 7
12 10
13 9
11 6
3 5
21 12
1 13
16 11
14
1 14
2 1
4 1
13 1
1 12
1 10
5 1
1 3
1 8
7 1
6 1
9 1
1 11
21
1 3
5 1
19 1
1 8
1 13
1 12
1 20
1 21
1 11
1 16
17 1
10 1
1 4
1 7
2 1
1 14
18 1
1 6
1 15
1 9
20
16 20
13 14
14 12
4 14
3 12
18 15
1 4
6 10
17 12
15 16
1 10
9 5
12 2
20 10
7 4
20 19
3 5
5 8
20 11
21
13 1
4 1
6 1
21 1
1 20
11 1
1 10
1 18
14 1
1 19
1 16
2 1
1 12
1 3
1 5
1 7
9 1
1 17
8 1
1 15
21
13 17
12 1
4 1
2 10
3 10
13 12
7 16
20 18
20 15
19 5
14 7
8 20
19 13
11 6
15 7
15 12
6 4
19 9
6 21
4 10
24
5 24
12 22
19 2
13 10
11 24
13 23
3 20
10 12
14 6
4 3
5 8
17 9
7 18
14 20
15 2
6 17
1 19
16 15
9 21
16 7
8 21
22 11
18 4
13
12 5
2 13
1 6
7 6
11 8
5 1
2 10
12 3
12 9
6 11
4 11
2 5
19
11 1
1 15
19 1
8 1
1 17
10 1
6 1
18 1
5 1
2 1
13 1
14 1
12 1
7 1
3 1
1 9
1 16
4 1
26
5 1
4 1
17 1
1 12
24 1
1 13
1 20
1 14
1 3
1 25
18 1
6 1
10 1
1 2
1 22
1 21
7 1
1 15
26 1
1 11
1 9
16 1
19 1
1 23
1 8
18
9 18
13 3
6 15
14 7
18 1
13 1
11 9
18 8
4 3
17 11
5 13
2 1
6 11
12 14
1 7
10 14
16 4
27
1 20
2 23
27 2
12 9
2 20
27 6
5 19
8 20
22 11
8 10
2 7
19 18
25 24
3 4
18 26
14 21
10 16
9 13
9 10
3 27
14 9
22 9
17 23
10 19
15 17
24 22
14
13 1
5 3
11 6
2 12
10 9
4 2
13 9
7 14
12 11
8 6
3 7
14 4
10 8
12
11 7
6 10
5 9
1 9
3 9
6 4
11 8
10 11
1 10
2 5
12 6
17
9 13
2 16
2 5
8 14
8 11
7 4
6 17
12 2
14 10
4 11
11 13
3 10
17 1
8 5
1 15
1 8
22
2 11
7 1
22 11
5 1
13 17
4 3
17 14
11 6
11 16
12 1
19 18
21 8
22 3
5 6
8 10
21 6
1 9
21 18
2 17
8 15
12 20
15
1 13
10 1
7 1
15 1
3 1
2 1
12 1
1 6
1 4
1 5
8 1
1 9
1 14
11 1
12
1 8
9 12
12 11
2 4
12 5
5 7
3 7
8 10
1 5
8 4
7 6
29
27 18
16 7
16 27
9 16
7 22
26 12
3 9
2 28
7 14
1 23
2 17
23 9
26 4
19 1
6 28
10 14
25 23
13 25
5 9
13 15
29 11
4 28
24 23
28 21
20 16
24 11
8 21
23 4
11
1 5
1 6
11 1
9 1
1 8
1 4
1 3
1 2
10 1
1 7
27
1 25
1 24
1 20
1 3
1 26
11 1
14 1
1 9
1 27
21 1
1 5
4 1
17 1
1 22
1 8
23 1
1 2
12 1
6 1
1 19
1 10
1 18
1 13
1 15
7 1
16 1
20
18 3
8 11
6 13
16 4
20 18
10 1
15 1
14 3
20 16
5 20
7 6
6 12
1 11
20 19
1 9
17 5
6 8
5 1
2 11
10
4 9
3 1
3 6
7 6
5 10
10 4
10 2
8 1
1 10
20
4 1
1 8
1 9
17 1
11 1
1 20
6 1
1 19
1 12
2 1
5 1
13 1
1 14
1 18
3 1
1 15
16 1
7 1
1 10
21
11 12
9 7
6 11
5 3
4 10
3 13
9 19
17 8
3 8
20 8
15 14
21 10
13 18
1 2
10 18
2 9
16 14
2 14
1 13
11 18
20
3 4
20 17
8 6
10 12
12 6
13 18
17 15
19 14
7 11
18 2
1 2
20 3
8 13
5 11
14 5
9 16
10 4
7 16
9 15
21
4 5
16 1
7 21
19 1
7 4
13 11
12 18
9 15
5 3
8 21
1 10
13 20
10 18
2 17
14 10
9 1
4 11
10 2
1 6
7 16
12
4 2
3 9
6 8
1 7
11 10
7 9
3 8
12 5
2 12
6 10
4 11
18
3 14
8 10
7 10
4 15
8 17
7 5
2 5
9 4
6 18
17 12
3 9
15 2
6 1
18 12
13 11
16 14
11 16
19
4 5
11 5
10 13
1 11
3 12
5 9
12 14
13 2
16 17
13 8
7 10
18 17
2 17
15 8
1 2
19 10
6 8
11 12
24
16 18
2 14
10 21
14 8
9 1
7 23
21 17
24 13
22 15
20 5
13 12
19 23
20 9
3 6
10 19
24 11
17 2
16 7
22 5
18 3
15 4
6 4
12 8
19
14 12
15 6
12 13
4 13
8 2
9 6
7 8
15 1
14 6
1 19
11 6
18 19
3 17
5 15
8 10
16 19
3 19
7 19
13
13 12
10 4
8 7
9 3
5 7
4 5
1 5
2 4
9 13
7 6
11 9
13 1
25
1 17
23 1
25 1
1 16
1 13
1 2
1 11
1 6
4 1
9 1
21 1
20 1
1 7
1 15
1 3
1 24
10 1
5 1
22 1
12 1
1 19
1 18
14 1
1 8
23
6 8
6 16
11 15
16 23
17 22
13 6
12 21
3 14
16 1
18 14
10 15
4 22
7 23
19 12
9 23
12 10
17 20
5 15
2 22
1 20
20 10
14 17
21
5 10
17 7
21 16
15 19
5 3
1 16
1 2
5 16
20 8
14 11
20 13
20 15
21 18
4 17
2 14
2 15
14 17
9 11
6 11
21 12
19
14 1
1 15
1 17
1 19
1 12
1 2
1 5
11 1
1 8
1 18
7 1
6 1
10 1
1 4
16 1
3 1
1 9
1 13
15
1 13
10 5
6 12
1 3
9 14
2 14
7 2
9 10
11 4
8 14
8 4
15 2
2 1
1 12
16
2 16
12 1
8 15
7 5
11 13
7 11
13 10
5 4
6 3
4 9
9 16
15 2
10 14
14 6
12 8
13
7 1
1 5
3 1
1 8
1 11
12 1
13 1
10 1
1 6
1 2
1 9
1 4
27
15 18
21 2
25 7
4 23
7 16
2 1
17 4
13 19
15 11
27 1
9 6
25 10
19 26
3 5
5 26
20 10
25 2
8 5
22 6
15 21
12 10
7 24
21 4
26 27
14 19
27 6
29
28 10
21 7
16 24
16 22
14 18
21 1
29 15
15 28
16 20
24 10
11 13
8 3
7 5
25 26
4 15
26 28
12 21
26 27
10 1
13 23
3 12
5 6
17 24
13 12
3 19
2 18
7 18
9 5
29
1 10
1 16
1 7
1 15
3 1
1 21
1 14
18 1
25 1
1 26
28 1
1 4
1 11
29 1
1 2
1 17
8 1
9 1
5 1
1 27
24 1
1 20
23 1
1 13
1 6
1 19
22 1
12 1
20
1 16
15 1
6 1
4 1
1 17
9 1
1 10
1 18
1 3
1 12
13 1
1 8
19 1
1 20
14 1
1 2
1 7
1 5
11 1
11
7 5
4 2
5 10
3 6
8 11
8 1
11 9
7 9
10 2
4 3
10
1 9
8 1
5 1
1 3
2 1
6 1
7 1
4 1
10 1
27
5 1
1 26
6 1
1 12
22 1
1 23
9 1
10 1
16 1
1 2
25 1
18 1
1 3
21 1
11 1
4 1
1 14
1 15
1 24
1 20
1 8
1 13
1 7
27 1
1 19
1 17
23
3 5
13 10
3 20
20 2
5 8
4 22
23 17
18 22
6 15
19 10
13 1
21 3
17 7
15 13
10 16
5 12
15 11
9 22
14 20
17 4
21 4
21 1
26
21 9
11 14
23 10
18 3
7 12
12 24
1 12
23 4
7 18
16 5
25 19
25 26
17 5
10 16
14 10
18 8
6 9
7 9
20 22
20 2
20 24
16 1
25 24
15 5
13 23
28
16 1
1 7
1 6
1 24
22 1
1 4
1 27
26 1
20 1
11 1
1 17
1 23
9 1
1 14
1 25
1 5
12 1
1 2
1 3
1 19
1 13
21 1
1 18
8 1
10 1
1 28
15 1
29
25 11
1 27
28 3
16 13
12 1
22 6
25 5
10 27
19 27
20 10
2 18
26 12
21 19
3 29
12 8
18 10
26 9
17 6
26 15
20 4
10 3
10 23
1 16
25 16
27 7
16 6
25 14
29 24
26
9 12
24 14
23 25
13 19
17 23
20 25
8 10
8 2
20 16
26 4
19 5
6 12
3 7
15 14
2 21
5 4
15 1
13 21
24 17
10 18
22 3
11 9
6 22
11 18
26 16
18
1 4
1 2
1 15
8 1
1 9
1 7
1 3
10 1
1 16
18 1
1 6
1 5
1 12
1 11
13 1
17 1
14 1
27
6 25
19 24
8 3
23 1
3 13
18 12
24 2
21 27
5 12
7 16
24 14
1 22
20 25
17 3
15 9
5 22
12 11
5 16
27 8
23 14
4 27
14 25
16 26
15 22
23 8
10 15
21
11 14
17 13
17 1
19 17
9 7
8 1
8 21
12 19
6 21
7 18
6 15
10 13
6 20
14 4
8 7
14 21
9 5
3 9
16 13
2 19
15
2 5
7 1
1 12
15 12
3 6
11 4
1 4
12 10
7 5
14 8
12 6
7 13
8 12
11 9
19
8 1
1 9
16 1
1 11
1 14
1 15
4 1
17 1
19 1
18 1
1 7
1 10
1 3
1 2
12 1
13 1
1 6
5 1
28
4 15
26 1
6 4
26 3
17 19
17 9
20 25
20 3
7 28
22 12
23 26
8 6
26 7
7 5
15 14
4 1
12 18
22 5
16 28
11 7
1 21
3 10
12 2
27 24
1 27
19 6
1 13
21
9 3
3 1
4 16
14 10
20 10
2 12
3 7
4 9
18 2
7 2
5 17
21 6
6 15
11 17
13 4
19 17
11 1
9 6
10 11
7 8
19
4 14
9 2
13 2
3 18
17 11
9 19
10 4
14 1
5 6
12 18
1 2
13 18
9 16
5 14
17 13
4 7
5 15
17 8
17
6 1
9 15
2 14
11 10
13 12
8 4
15 17
10 6
5 10
13 15
4 16
3 12
7 12
4 2
6 2
13 1
29
7 16
5 27
23 5
2 28
16 14
8 10
25 22
1 21
27 11
21 12
4 20
25 14
7 20
19 6
9 13
9 2
12 24
10 24
26 8
28 17
29 15
3 22
4 18
15 23
18 13
17 29
11 19
6 26
12
11 2
7 10
3 5
5 12
1 5
8 2
8 7
8 1
2 9
6 3
7 4
19
6 18
17 19
6 1
11 8
9 16
15 18
14 2
19 3
17 12
3 4
7 9
15 8
10 5
13 16
7 5
10 11
13 4
12 2
11
1 6
7 1
11 1
10 1
2 1
9 1
5 1
1 3
1 4
1 8
22
13 16
1 7
9 11
19 15
3 12
9 8
10 16
2 20
4 5
14 11
8 12
21 17
13 2
10 21
7 18
4 22
15 3
22 6
19 20
18 5
17 6
20
3 2
3 5
20 2
4 14
19 3
7 6
16 15
15 13
18 16
3 15
11 4
12 18
8 15
9 4
4 15
7 18
10 2
1 17
4 1
21
4 10
18 12
15 21
17 13
8 14
11 18
17 15
7 19
12 8
16 9
7 2
5 6
11 9
13 1
4 5
10 19
14 6
3 20
16 20
2 21
15
1 12
1 6
3 1
5 1
1 8
9 1
1 2
1 13
11 1
7 1
15 1
10 1
4 1
1 14
21
21 6
13 17
12 21
3 2
11 4
12 8
7 18
8 16
20 15
18 6
5 4
20 14
16 1
9 2
10 9
5 17
3 11
7 10
19 13
15 19
12
7 11
3 12
2 4
8 6
3 10
9 5
5 8
11 10
2 7
9 12
1 6
13
1 12
1 3
2 1
1 4
11 1
1 6
1 7
8 1
1 10
1 5
1 9
13 1
17
14 1
4 11
5 11
17 7
9 16
10 1
1 4
7 6
6 4
9 1
13 5
4 2
7 15
14 12
1 3
8 3
23
19 6
8 15
20 2
14 2
4 9
7 21
21 23
19 12
23 12
22 17
4 17
13 10
14 9
8 13
5 3
7 11
6 20
10 18
18 22
3 11
1 16
16 15
13
4 7
5 10
13 10
2 4
6 12
13 11
3 1
6 2
8 9
7 11
3 9
8 5
23
8 21
9 21
13 3
18 14
14 11
5 20
3 6
21 6
12 1
7 23
22 2
10 23
12 2
22 16
19 22
20 15
12 6
14 17
11 20
11 1
4 3
23 2
19
12 13
8 16
14 9
3 14
17 4
5 1
10 18
6 9
17 12
7 5
2 18
13 15
6 7
4 2
15 19
10 16
19 3
8 11
18
11 15
4 5
3 10
12 1
17 16
17 11
13 14
2 1
14 9
1 11
4 16
3 2
6 12
18 8
11 8
11 7
9 16
10
4 8
10 4
10 5
10 1
9 2
7 3
5 3
6 10
4 9
16
13 4
10 2
2 6
7 12
5 8
9 14
15 13
9 6
3 14
8 1
11 10
16 7
3 5
11 15
12 4
11
2 10
9 5
7 3
8 7
6 1
6 9
7 1
11 10
9 4
6 10
12
3 6
6 10
9 6
9 7
2 3
10 8
11 4
5 12
12 3
4 3
1 2
13
10 3
9 1
5 8
6 9
11 2
5 6
11 4
7 8
7 4
10 12
13 3
2 12
16
10 11
4 14
9 11
16 2
5 2
5 6
8 6
5 1
9 4
7 11
4 3
15 6
2 12
1 9
10 13
11
9 4
1 5
2 3
6 2
4 8
11 5
7 9
10 3
7 11
6 8
27
15 1
22 1
1 23
1 16
1 25
1 21
1 12
1 6
18 1
1 24
1 4
1 8
1 27
17 1
1 26
2 1
7 1
1 3
1 9
19 1
14 1
5 1
1 20
10 1
1 11
13 1
24
1 23
1 12
1 14
1 9
22 1
4 1
1 11
1 21
2 1
7 1
19 1
1 20
17 1
1 3
8 1
1 13
10 1
1 15
1 5
1 16
18 1
1 6
24 1
24
23 13
23 15
13 7
4 14
17 21
20 19
23 3
22 10
18 21
20 16
22 2
12 3
11 18
23 1
1 16
21 1
24 16
23 6
23 8
3 2
9 4
3 4
10 5
17
14 7
17 9
7 9
13 17
1 17
7 5
8 6
1 10
16 8
3 4
4 12
10 8
13 11
2 13
15 9
4 10
17
6 1
3 16
13 7
8 6
2 15
16 1
2 13
12 17
13 17
9 6
14 8
5 1
4 17
10 2
1 11
5 2
23
1 16
7 15
1 19
16 4
4 14
2 13
13 16
5 19
1 12
17 22
8 22
16 10
23 7
4 20
12 15
11 1
3 22
23 18
22 19
22 9
6 21
19 21
23
1 13
1 5
1 14
1 18
1 6
1 22
19 1
15 1
1 12
4 1
10 1
1 21
1 9
1 8
1 20
7 1
3 1
2 1
1 17
1 23
16 1
1 11
25
5 18
3 24
20 2
8 21
1 23
14 2
9 3
1 11
7 13
4 22
19 24
4 15
5 12
1 2
7 22
11 6
21 5
1 25
1 3
22 10
17 10
22 5
22 1
1 16
18
13 18
8 5
2 12
1 11
4 13
12 16
11 12
13 6
11 17
1 5
17 15
8 7
14 9
10 8
18 9
18 5
3 17
17
14 1
1 7
6 1
16 1
1 5
1 3
1 9
8 1
1 15
11 1
2 1
17 1
13 1
1 10
12 1
4 1
23
5 2
20 3
1 10
16 11
15 14
13 16
22 7
1 9
17 10
16 23
15 17
20 10
7 16
16 9
5 7
4 17
3 18
4 8
21 14
12 9
16 19
18 6
29
26 9
7 10
8 14
22 9
27 1
1 9
19 27
27 11
5 1
7 1
28 27
24 2
12 17
12 23
29 5
21 1
3 1
2 18
25 1
2 28
9 6
9 16
2 14
1 23
22 13
28 20
26 15
18 4
27
11 15
23 12
8 17
23 4
2 13
24 5
25 20
5 13
22 6
19 3
27 7
24 14
11 12
17 10
9 2
26 15
8 16
16 26
10 1
4 14
27 6
25 18
22 20
7 9
21 18
21 19
28
2 3
4 9
28 20
8 17
25 23
14 20
22 28
19 14
26 10
5 7
24 12
9 18
10 3
12 23
11 8
25 13
21 2
19 7
22 4
17 27
16 15
6 26
5 27
6 11
15 1
16 18
21 24
17
13 7
9 15
1 14
11 6
9 4
16 17
8 7
12 14
12 2
6 17
3 12
7 5
6 14
17 10
13 1
9 13
22
11 21
12 2
19 7
15 12
20 16
17 15
3 11
2 8
8 6
18 19
13 18
13 5
14 10
7 22
20 21
14 6
9 16
17 22
4 1
9 5
3 4
19
7 8
12 9
18 5
9 19
17 3
3 4
1 10
1 15
13 15
9 10
17 5
16 13
13 6
2 3
15 17
14 8
8 10
5 11
28
1 25
28 10
26 28
18 6
21 27
16 22
19 15
22 7
25 24
11 16
12 18
23 3
5 7
8 6
3 13
13 14
24 2
10 14
4 15
21 12
20 19
17 4
26 5
9 2
23 27
11 9
8 20
28
28 9
27 25
19 18
28 1
16 23
12 9
25 14
1 10
16 11
26 28
14 10
6 26
24 25
5 6
26 18
7 17
9 22
13 20
2 7
4 10
8 6
15 12
14 16
20 3
4 20
4 7
21 18
16
15 11
12 9
12 15
1 12
14 3
4 10
5 10
6 8
13 15
15 2
7 13
15 14
1 4
16 4
8 4
18
2 8
17 2
13 1
2 11
15 13
10 11
4 6
1 10
10 6
13 16
16 18
11 3
15 9
3 7
14 16
12 6
15 5
23
4 1
1 10
13 1
1 2
21 1
11 1
1 23
17 1
1 9
1 3
22 1
18 1
1 16
19 1
1 7
8 1
12 1
1 20
1 6
1 15
5 1
14 1
11
8 6
3 8
7 6
10 8
3 1
9 10
11 7
1 2
5 11
4 10
23
1 6
1 16
1 7
20 1
1 21
19 1
22 1
13 1
1 9
23 1
2 1
1 4
8 1
1 10
1 17
11 1
1 18
15 1
1 12
1 14
5 1
1 3
24
17 1
1 21
1 15
9 1
6 1
1 2
1 8
10 1
20 1
1 22
24 1
11 1
18 1
1 19
23 1
5 1
1 14
1 12
13 1
3 1
7 1
16 1
4 1
13
8 1
1 11
13 1
1 3
1 2
1 10
5 1
4 1
9 1
1 7
6 1
1 12
11
2 10
3 10
9 2
7 3
11 6
8 9
1 5
6 7
5 11
4 8
29
25 26
21 22
15 5
13 26
29 19
20 27
3 2
17 13
26 14
5 2
6 26
10 14
25 5
23 29
18 28
8 26
24 9
28 2
23 11
26 27
9 21
3 4
7 28
29 25
3 21
12 11
16 5
5 1
21
2 3
10 15
12 20
18 10
7 20
19 11
6 21
13 16
17 15
18 19
11 14
16 17
4 5
3 6
9 4
13 1
8 7
14 12
5 21
8 9
21
13 9
14 4
15 9
7 8
20 3
5 10
7 21
15 17
11 19
14 6
15 2
12 6
10 7
9 1
9 5
5 6
20 19
9 20
16 1
18 9
18
17 12
14 3
10 2
4 9
1 8
16 15
2 6
8 15
15 18
10 17
11 9
17 7
8 3
4 1
10 4
9 5
13 3
28
1 4
4 24
6 13
26 2
9 28
22 4
15 10
1 28
20 11
13 5
19 16
10 2
21 4
17 5
2 25
7 16
7 10
3 20
12 10
18 10
24 8
23 4
4 7
4 11
27 4
5 15
14 28
12
1 8
5 9
12 3
2 8
1 10
7 2
12 11
2 6
5 2
12 1
4 11
26
19 15
7 26
20 17
23 26
17 8
5 14
18 17
13 19
3 23
21 5
16 1
4 12
23 16
25 13
5 24
14 1
14 19
4 18
11 3
4 22
13 2
26 10
15 6
16 18
3 9
18
9 1
17 16
11 2
13 8
15 14
3 13
5 12
3 7
3 1
6 13
9 5
11 7
15 9
11 4
15 10
18 5
7 17
14
1 4
3 1
9 1
14 1
6 1
12 1
5 1
13 1
1 2
1 11
8 1
1 7
10 1
16
9 10
11 12
15 3
16 14
9 12
6 2
4 14
2 13
15 11
7 13
7 10
8 5
3 5
6 1
8 4
23
1 9
15 23
14 13
14 5
19 9
13 17
11 9
14 1
22 11
19 10
15 5
19 16
5 8
7 2
4 2
17 12
2 13
8 20
15 21
8 18
17 6
11 3
22
10 7
20 16
21 3
18 16
15 4
17 2
11 16
2 10
10 1
5 13
2 16
14 8
15 13
20 12
3 8
22 19
2 8
4 10
22 18
16 9
2 6
19
8 12
1 5
10 9
14 12
19 13
6 7
1 6
3 9
12 15
13 5
17 7
4 13
18 16
9 6
2 16
7 11
15 5
16 15
15
3 13
11 4
7 4
2 13
10 14
15 6
13 8
6 12
9 4
3 14
1 9
5 14
6 9
1 3
18
7 18
4 7
4 1
17 1
16 12
17 10
6 18
5 2
15 9
2 17
14 10
9 4
10 3
7 16
13 2
9 8
11 18
14
12 8
8 3
12 14
10 6
4 3
6 5
9 1
13 9
2 10
13 7
5 14
11 2
7 4
17
5 14
6 4
5 13
5 12
4 9
7 5
1 15
15 11
4 8
4 5
17 5
2 16
1 7
15 2
3 2
7 10
15
12 9
3 6
7 4
5 11
5 14
8 9
2 3
11 4
2 10
13 15
8 14
10 12
7 15
1 13
29
28 20
14 24
6 2
18 12
27 1
19 29
15 13
23 14
8 18
12 6
5 21
22 16
29 9
3 26
27 13
4 25
10 2
4 22
11 19
23 28
10 24
26 15
25 3
21 7
5 8
17 11
9 16
17 20
17
1 14
1 16
4 5
11 9
3 2
2 12
4 11
16 2
14 17
17 8
14 6
13 4
6 15
11 16
7 6
17 10
29
24 23
7 18
4 28
16 23
29 26
6 14
11 2
7 12
15 8
11 21
16 3
15 24
17 12
22 19
3 5
10 9
25 26
9 14
19 20
22 28
21 13
17 4
10 27
29 6
2 20
8 13
18 25
27 1
14
10 2
6 5
3 1
2 3
6 14
12 7
5 9
8 7
14 11
1 6
4 14
13 5
3 7
22
5 6
1 16
8 20
1 8
1 22
18 8
1 19
15 21
1 6
7 11
18 12
14 22
12 10
2 18
12 7
17 15
21 1
9 3
18 4
3 12
19 13
25
17 1
16 1
18 1
5 1
1 13
1 14
6 1
23 1
1 15
1 8
7 1
11 1
12 1
24 1
20 1
9 1
21 1
1 22
1 25
1 10
3 1
1 2
1 19
4 1
23
1 2
1 11
1 17
1 14
12 1
5 1
1 20
21 1
1 13
18 1
7 1
1 3
1 8
1 16
1 15
19 1
4 1
1 9
1 6
1 10
23 1
22 1
11
8 6
9 2
3 1
4 7
7 6
9 3
10 4
11 5
5 10
2 8
16
1 13
1 8
16 15
5 9
12 13
5 2
7 15
11 12
3 6
6 10
12 4
8 6
13 15
14 9
9 8
28
28 2
2 19
5 17
1 19
12 22
26 14
21 25
8 26
28 7
15 24
18 8
11 22
19 11
4 2
14 10
10 23
1 14
25 26
6 22
4 27
4 13
24 11
16 8
28 3
24 9
20 25
17 10
16
15 14
16 11
7 2
12 5
12 15
2 9
16 15
6 12
2 16
10 1
8 15
15 3
16 4
1 13
15 1
22
1 11
12 13
19 18
3 7
21 13
11 3
5 2
10 8
11 4
11 6
20 7
10 11
9 18
22 7
13 15
11 16
20 17
11 5
14 18
18 6
13 11
19
15 16
2 12
1 14
6 3
10 18
12 5
15 17
19 3
7 13
10 15
4 1
9 11
7 10
8 19
1 10
7 9
1 2
3 13
14
7 1
3 9
5 2
12 6
5 11
8 6
11 4
13 6
6 10
7 14
3 7
6 1
10 5
24
1 19
16 1
1 11
1 9
8 1
14 1
23 1
13 1
1 12
1 4
1 21
15 1
1 22
3 1
1 2
1 20
1 17
5 1
1 10
6 1
1 18
24 1
1 7
28
13 8
11 17
19 9
18 24
23 16
21 1
18 3
2 1
23 25
6 10
12 19
9 17
14 8
3 23
7 6
20 18
13 21
19 4
17 26
2 10
22 5
22 13
3 2
10 28
27 22
15 8
21 9
14
12 1
13 10
14 11
8 11
4 5
6 4
8 3
9 2
9 3
6 13
7 14
2 5
10 12
24
3 15
11 21
14 21
6 19
6 2
20 8
7 16
6 12
9 12
2 1
19 10
16 18
18 22
1 3
23 20
21 13
18 3
15 5
14 2
14 20
17 15
12 24
19 4
13
11 1
8 12
2 11
5 7
11 3
1 4
1 6
2 10
7 3
3 13
9 11
1 8
10
4 6
7 3
2 5
8 2
7 10
5 10
4 9
1 8
3 9
12
1 7
1 6
2 1
1 4
1 8
11 1
10 1
1 5
3 1
1 12
1 9
16
13 16
8 15
1 9
4 5
6 9
7 4
12 3
10 2
6 11
14 4
12 2
8 1
14 8
4 2
15 16
10
8 5
10 6
3 6
8 1
9 2
7 9
10 7
3 5
2 4
26
1 19
1 5
1 10
1 4
15 1
21 1
1 7
1 14
16 1
23 1
1 22
1 13
8 1
1 2
6 1
26 1
1 17
18 1
9 1
1 12
3 1
1 11
1 24
1 25
20 1
22
10 17
19 9
7 12
9 13
1 4
22 21
8 18
5 8
8 11
15 10
22 18
22 6
4 15
4 14
1 18
16 10
3 20
14 9
3 2
3 14
12 15
21
11 13
6 16
14 18
21 15
11 10
4 18
14 16
3 8
13 21
7 12
19 1
5 9
19 9
7 5
12 2
2 4
6 20
10 20
17 3
15 8
20
3 13
7 1
12 2
20 10
14 20
8 15
8 7
9 18
5 8
17 14
16 20
12 13
1 10
3 19
6 18
18 7
3 4
13 10
12 11
26
19 13
4 23
2 9
7 20
17 14
21 17
25 23
18 3
10 19
1 21
19 5
26 1
12 1
24 14
7 1
25 1
11 26
26 15
26 22
16 12
19 20
10 8
14 18
15 6
7 9
25
8 1
23 1
1 17
1 18
13 1
14 1
1 4
12 1
20 1
10 1
1 3
1 25
1 19
9 1
22 1
16 1
15 1
2 1
1 7
11 1
5 1
6 1
24 1
21 1
29
2 16
12 23
5 29
28 1
22 14
26 16
12 6
9 24
24 14
7 29
5 1
5 26
12 20
3 28
12 19
1 23
12 15
8 4
18 26
24 10
15 13
8 1
25 5
11 9
5 17
27 13
9 5
21 23
16
8 1
10 2
13 9
7 4
5 14
12 8
1 16
14 11
3 5
6 12
1 3
10 15
1 2
1 13
9 4
13
2 9
8 11
3 11
13 6
10 1
7 3
12 4
6 7
5 2
5 8
10 4
13 12
22
14 21
2 15
8 17
9 18
1 5
1 14
8 14
10 5
12 17
21 16
21 15
9 21
4 14
22 8
20 13
20 10
3 11
13 6
14 7
19 5
8 11
19
18 9
10 2
12 17
4 16
7 3
4 7
3 15
5 14
19 10
8 11
5 13
9 15
14 18
19 8
16 6
13 2
12 1
11 17
17
1 4
1 6
2 1
1 11
3 1
1 5
14 1
1 8
13 1
16 1
1 7
1 12
10 1
1 17
1 9
15 1
25
9 5
4 6
1 22
13 23
16 14
25 6
2 4
11 6
17 18
12 21
9 22
20 16
12 17
11 12
7 6
12 10
6 24
8 14
14 17
5 3
12 15
10 13
12 1
12 19
11
1 5
4 9
5 6
8 6
2 11
7 10
9 3
7 8
3 2
4 10
20
6 18
5 9
13 20
19 15
11 1
16 8
12 8
7 6
10 11
14 15
2 5
14 13
12 2
9 19
7 3
10 3
20 17
18 17
4 16
26
10 1
15 21
25 14
19 13
19 25
13 7
24 12
20 1
24 13
20 17
8 22
12 5
11 26
2 19
9 5
16 25
23 18
1 26
23 6
18 19
20 4
13 3
19 1
22 1
1 15
28
1 28
1 15
4 1
5 1
1 10
1 7
3 1
1 17
1 11
1 23
27 1
21 1
1 8
1 20
1 2
1 19
1 18
25 1
6 1
1 13
1 26
14 1
1 9
12 1
24 1
22 1
16 1
24
17 5
13 23
23 7
21 10
19 18
15 3
18 16
8 1
5 8
21 12
2 7
24 1
20 23
9 15
8 12
19 15
19 24
5 6
18 14
2 4
2 11
24 7
22 12
19
1 14
19 1
1 16
1 6
10 1
7 1
1 9
13 1
1 15
1 4
1 2
1 5
12 1
8 1
3 1
11 1
1 18
17 1
14
7 6
3 12
14 12
1 11
10 8
9 13
5 10
13 7
2 14
11 3
2 9
8 4
6 5
29
15 19
19 11
10 11
12 24
1 21
11 24
23 4
21 17
23 24
2 1
13 6
18 3
8 22
29 4
21 20
7 20
6 2
26 28
5 18
3 19
21 14
27 26
3 9
10 28
1 3
11 16
2 25
7 8
15
6 3
6 2
1 2
6 10
8 1
5 7
5 3
1 15
2 4
12 1
14 3
15 13
2 9
11 6
21
10 18
8 9
6 14
18 20
13 1
5 7
2 15
9 19
13 5
12 4
3 2
16 14
16 12
11 5
2 13
21 14
17 4
12 1
18 4
16 9
11
9 1
1 7
1 11
3 1
1 4
10 1
1 5
1 6
1 2
8 1
17
9 14
12 7
1 3
5 8
11 3
5 10
12 5
6 3
13 15
10 11
1 9
6 2
16 6
10 13
11 17
4 7
10
1 10
8 3
9 5
7 2
8 4
1 9
9 6
10 8
10 2
13
1 6
1 7
1 13
1 12
1 8
1 5
1 2
11 1
1 10
1 4
9 1
1 3
11
3 7
8 7
4 1
1 3
1 9
11 10
2 5
6 7
7 2
11 8
29
13 1
22 1
1 12
1 4
9 1
10 1
1 11
1 5
1 20
1 21
24 1
2 1
1 17
1 15
1 18
7 1
1 14
27 1
28 1
1 23
16 1
1 29
26 1
3 1
19 1
8 1
1 6
25 1
16
10 7
4 15
16 13
14 1
11 12
6 9
5 6
7 2
8 3
9 13
4 16
14 8
12 5
15 3
11 10
11
6 2
7 8
6 8
3 10
11 7
4 10
9 7
6 5
10 1
8 1
27
5 9
21 26
20 27
14 9
23 20
7 14
12 1
17 1
13 14
20 18
6 20
20 3
10 2
7 1
17 8
1 6
24 7
26 6
11 14
7 19
15 7
20 25
16 11
8 10
22 7
1 4
14
10 9
14 2
6 3
1 7
2 8
5 13
13 4
11 4
6 8
5 14
3 10
7 11
9 12
19
1 9
1 7
13 1
1 2
3 1
1 16
1 15
1 14
18 1
5 1
11 1
4 1
1 12
1 19
6 1
1 8
1 10
17 1
10
1 10
5 1
2 1
1 8
1 6
1 4
1 3
1 9
7 1
23
2 22
3 21
5 15
20 7
17 11
21 12
19 8
6 16
23 13
3 5
11 23
18 22
4 6
9 4
7 2
1 15
16 10
17 14
10 19
12 13
9 20
8 14
28
1 19
9 1
8 1
17 1
1 4
1 5
1 15
25 1
20 1
1 14
7 1
1 11
1 23
27 1
21 1
12 1
1 2
26 1
1 16
1 6
1 24
28 1
1 3
1 10
1 13
1 18
22 1
17
14 3
1 8
16 5
12 6
11 1
6 13
7 1
1 17
3 1
11 4
3 6
16 17
13 2
7 15
7 10
9 8
21
4 17
13 8
7 1
5 20
21 8
2 15
9 16
21 16
11 7
8 20
1 21
18 7
10 9
12 1
21 19
15 1
2 17
17 3
11 6
6 14
24
20 24
1 7
13 6
16 20
9 18
7 17
23 16
18 10
7 21
20 14
1 23
21 3
9 13
19 11
22 21
16 11
12 13
17 5
4 11
8 17
2 18
23 9
3 15
19
1 10
8 3
12 9
14 10
1 6
2 4
5 6
2 9
18 3
9 11
11 1
1 17
19 3
5 13
7 6
15 1
10 16
1 3
15
10 2
1 5
5 2
5 7
9 6
7 15
11 8
9 14
13 11
12 9
11 6
7 4
3 2
6 1
14
8 11
13 2
2 5
8 4
14 8
3 6
5 1
14 1
7 12
9 2
3 14
12 10
12 5
20
12 1
3 1
1 6
1 17
7 1
8 1
19 1
11 1
13 1
4 1
1 16
1 18
5 1
9 1
1 10
1 20
1 15
1 2
1 14
21
19 16
8 21
20 5
9 5
17 1
14 9
21 2
4 14
11 21
12 9
9 15
13 21
9 11
14 6
21 7
14 18
19 1
3 9
10 17
1 11
16
5 2
16 5
6 7
2 12
13 14
1 4
9 6
14 4
1 2
10 14
16 3
12 15
4 6
12 8
5 11
25
17 21
14 25
11 14
23 8
3 20
11 7
24 22
18 12
13 15
8 20
5 22
13 17
10 1
19 16
10 4
3 4
9 24
12 19
15 9
21 18
23 25
6 2
2 16
5 7
26
7 10
5 14
14 15
12 2
9 21
21 24
13 11
17 16
25 11
1 9
8 20
17 6
7 26
18 10
15 3
24 23
13 8
6 19
5 12
3 23
26 2
16 22
19 4
18 20
25 22
14
4 14
8 9
12 6
3 1
13 14
5 6
10 2
7 1
10 3
7 9
3 14
11 10
7 6
11
1 10
1 2
8 1
3 1
1 5
1 7
9 1
1 6
1 4
1 11
17
12 9
5 16
13 2
17 5
14 4
13 17
15 10
9 4
8 6
6 2
7 8
11 16
12 15
7 3
14 1
10 3
17
14 5
1 5
12 11
8 3
16 15
9 15
1 13
7 17
12 3
15 7
6 7
4 14
12 15
5 15
10 1
14 2
28
16 13
12 5
15 6
20 2
14 19
23 9
23 8
4 11
19 8
26 9
24 26
1 20
22 26
15 9
19 7
9 17
15 4
7 25
19 28
9 10
1 9
5 1
27 3
27 20
21 28
21 18
16 20
21
5 1
1 13
12 1
1 15
6 1
17 1
19 1
1 16
14 1
9 1
21 1
18 1
1 2
20 1
1 10
1 7
3 1
4 1
1 11
1 8
16
7 1
1 3
1 15
9 1
6 1
14 1
1 5
2 1
16 1
8 1
1 11
1 13
4 1
1 12
10 1
20
6 13
1 8
1 18
18 6
2 14
18 11
8 5
10 11
18 12
15 3
19 3
9 4
4 8
14 1
14 16
17 3
3 18
20 2
7 19
15
11 1
15 1
1 8
1 14
4 1
1 12
13 1
1 2
9 1
1 3
1 5
6 1
1 7
10 1
18
14 7
5 1
9 1
8 5
3 12
5 15
11 10
8 13
7 17
18 14
5 17
15 4
11 5
1 12
2 6
16 17
11 2
13
11 13
4 8
2 11
5 12
9 1
4 3
7 10
12 11
9 4
10 9
12 1
10 6
10
8 9
1 3
6 1
7 6
9 10
7 5
9 6
3 4
2 3
17
8 16
16 15
11 6
11 4
14 3
8 7
7 1
3 17
2 3
8 10
11 7
13 14
9 13
16 12
5 13
1 14
19
7 16
5 10
15 4
6 12
5 8
4 17
2 13
13 17
4 9
5 19
14 16
18 6
13 3
11 16
19 7
6 7
19 1
17 1
21
1 11
14 1
1 21
18 1
1 10
20 1
13 1
7 1
16 1
1 12
1 2
1 3
19 1
8 1
15 1
9 1
17 1
1 5
6 1
1 4
13
5 1
1 3
1 7
1 10
8 1
1 12
1 2
1 6
4 1
13 1
9 1
1 11
26
25 19
13 26
17 6
10 11
15 18
19 3
18 5
25 26
8 2
6 15
17 13
22 12
21 3
23 8
5 4
4 1
24 9
9 10
12 14
21 7
20 11
16 22
23 20
7 2
16 24
13
3 1
2 1
1 11
13 1
4 1
1 5
12 1
1 6
1 7
1 8
1 9
10 1
14
11 12
8 10
9 6
13 8
10 3
9 13
5 4
2 11
12 5
14 7
2 1
4 14
7 3
24
20 10
19 2
20 15
17 9
22 10
11 1
19 24
7 16
4 14
14 3
21 2
13 9
18 22
16 8
7 6
12 23
5 12
24 4
6 3
21 5
17 23
15 8
11 13
15
6 1
10 1
9 1
1 4
14 1
1 2
1 13
11 1
1 12
1 7
15 1
5 1
8 1
1 3
13
12 9
12 4
10 11
5 9
1 2
8 7
4 7
13 8
13 3
2 6
6 11
10 5
20
3 8
12 15
19 3
7 14
16 19
10 13
14 20
12 18
9 16
11 20
13 5
4 1
4 18
6 9
15 11
17 6
8 10
5 7
17 2
10
10 8
3 7
3 8
5 4
1 9
2 5
10 6
9 7
6 4
23
4 6
16 3
19 14
9 6
15 3
18 13
1 2
2 6
8 21
10 21
23 18
11 5
20 23
11 23
12 3
18 22
21 2
20 1
7 11
14 12
12 20
17 14
15
9 5
4 2
11 13
15 9
14 11
4 6
1 2
10 11
2 3
1 13
3 7
13 9
3 8
4 12
12
8 2
9 8
2 5
3 10
9 7
12 9
6 3
1 8
11 2
1 6
4 6
22
1 17
18 1
1 20
1 21
11 1
6 1
9 1
1 8
1 15
1 22
13 1
1 2
19 1
4 1
1 12
7 1
3 1
14 1
10 1
5 1
16 1
26
1 11
6 1
1 14
1 20
1 5
3 1
1 16
25 1
13 1
1 18
26 1
1 22
1 24
1 9
1 23
1 17
1 2
15 1
1 4
1 12
1 10
1 19
8 1
21 1
1 7
19
12 9
12 2
14 10
17 18
19 6
11 5
7 8
1 5
6 3
11 14
10 16
4 7
3 2
17 13
15 13
15 9
16 19
18 4
12
11 10
7 5
5 12
3 1
8 1
11 5
4 5
2 5
9 3
2 6
5 3
13
7 13
2 5
9 12
12 4
8 1
9 2
11 6
4 8
3 5
10 6
3 11
13 10
25
4 3
7 14
2 20
11 2
21 13
1 13
5 3
6 24
23 6
24 19
14 10
15 14
1 25
14 18
8 12
15 1
16 9
17 5
22 16
3 6
1 12
24 1
11 14
12 22
16
1 5
12 1
1 13
1 16
10 1
1 9
1 8
1 7
14 1
1 6
15 1
1 3
1 2
4 1
1 11
25
15 6
4 24
11 17
11 7
10 9
13 3
5 25
20 19
21 22
10 6
13 22
12 2
24 9
21 18
1 16
25 23
7 19
15 17
8 14
5 2
14 20
12 18
23 8
16 4
17
2 7
17 4
16 1
1 17
12 15
12 17
7 16
8 5
11 14
16 11
7 9
6 4
5 12
3 4
11 10
13 5
25
1 22
1 13
1 15
1 5
1 9
12 1
1 11
1 25
1 8
1 4
1 21
1 2
14 1
1 6
23 1
18 1
1 17
1 19
24 1
1 20
7 1
3 1
1 10
1 16
23
2 1
1 17
1 12
8 1
1 19
1 15
1 13
1 3
4 1
1 23
20 1
1 16
1 9
18 1
1 11
1 21
7 1
10 1
1 14
6 1
5 1
1 22
18
3 16
17 8
7 2
1 18
17 9
13 1
14 11
11 5
1 5
6 8
1 17
9 15
10 8
7 4
9 7
6 3
5 12
28
22 11
17 5
6 1
26 19
6 14
22 4
7 22
8 3
25 14
8 2
26 14
1 12
2 13
16 14
20 5
10 11
11 18
15 6
11 15
15 24
13 21
28 6
17 1
27 11
23 14
8 6
9 23
22
5 10
7 14
9 6
18 19
9 19
8 17
13 3
10 12
16 22
2 4
16 21
22 18
11 17
3 5
21 15
20 11
1 15
20 13
12 2
8 6
4 14
24
12 22
8 3
19 1
17 19
20 7
21 20
3 16
10 23
7 19
5 2
3 17
3 6
14 21
13 22
5 8
24 5
15 24
11 1
4 19
10 19
1 18
21 9
19 12
16
2 8
6 9
11 8
2 12
16 5
3 15
16 7
15 6
11 14
10 9
10 4
3 5
13 4
1 12
7 14
22
7 1
6 1
20 1
18 1
4 1
1 9
21 1
15 1
22 1
1 17
5 1
8 1
14 1
12 1
10 1
1 11
1 2
3 1
16 1
13 1
19 1
11
3 11
6 7
9 2
10 2
11 4
7 8
10 1
11 1
7 10
5 2
10
2 1
3 10
5 8
5 6
9 5
9 2
7 8
4 1
2 3
13
3 5
9 1
12 7
8 4
10 8
13 6
4 11
9 5
13 11
2 7
12 3
10 2
24
11 1
1 24
1 21
1 14
1 8
10 1
1 2
1 9
1 16
23 1
7 1
1 6
1 13
18 1
1 15
1 19
20 1
1 5
1 17
12 1
1 4
22 1
3 1
20
12 20
11 5
3 6
10 20
8 15
18 1
10 19
2 7
17 19
14 16
7 8
18 14
13 2
17 16
9 13
5 3
6 15
4 11
12 4
13
3 7
13 12
6 11
4 9
6 8
9 3
1 2
10 11
13 7
4 5
10 5
2 12
24
22 15
1 19
5 14
18 20
20 4
4 10
14 16
21 10
2 21
24 23
17 22
11 9
12 3
8 13
5 15
16 6
19 18
13 23
2 7
17 24
7 11
8 9
12 6
26
8 7
7 16
11 16
7 12
24 6
13 17
4 7
15 22
21 8
16 1
14 15
9 10
3 25
20 8
2 22
7 13
18 16
22 5
24 22
10 13
22 16
23 25
26 9
3 19
7 3
16
10 16
5 6
9 2
13 3
10 13
1 12
2 1
8 12
14 12
4 3
1 10
11 6
7 15
1 5
15 2
26
1 2
9 14
26 16
1 26
10 11
9 18
9 8
21 16
15 2
4 15
16 3
9 22
18 24
6 14
26 23
15 5
9 13
20 12
2 19
10 26
7 10
17 11
26 9
1 20
23 25
11
9 7
5 2
3 11
11 4
1 8
6 7
10 8
5 3
2 6
10 4
17
16 10
2 3
16 12
1 12
5 16
12 7
14 9
3 1
13 6
6 7
3 9
6 15
11 2
7 4
9 8
2 17
14
2 12
8 4
4 14
2 10
1 12
2 5
4 12
1 13
3 13
11 13
7 11
3 9
3 6
20
10 1
1 4
1 18
1 15
13 1
1 12
7 1
1 11
1 2
17 1
1 20
14 1
16 1
19 1
8 1
3 1
1 6
1 9
1 5
10
5 2
1 10
3 6
10 9
4 6
9 7
5 3
2 8
4 7
13
12 11
13 10
1 11
9 4
5 8
9 10
12 13
3 4
5 7
2 8
2 6
3 7
14
4 13
11 4
11 12
9 12
7 3
10 8
14 10
3 6
12 2
11 1
1 6
5 3
10 6
27
1 9
1 20
1 23
1 14
16 1
1 7
1 25
1 11
8 1
18 1
15 1
1 22
1 17
27 1
1 3
26 1
1 12
1 19
10 1
4 1
6 1
21 1
24 1
1 13
1 5
2 1
15
11 2
10 7
7 8
9 7
10 11
12 14
6 11
13 5
3 12
10 1
12 4
3 1
3 5
5 15
28
23 26
17 8
4 15
5 12
16 22
6 26
22 19
22 27
3 25
5 26
7 14
1 3
25 21
11 28
3 16
9 4
12 10
28 2
24 28
16 4
11 7
13 7
20 12
18 1
8 25
18 11
18 5
29
3 7
4 6
21 2
20 10
23 15
27 18
11 1
16 1
12 11
4 9
8 1
11 14
19 16
26 6
28 3
8 25
23 28
2 1
13 8
29 24
17 22
23 26
5 24
23 27
23 22
6 1
26 20
29 16
19
18 2
17 6
12 15
19 15
19 6
8 7
7 9
1 11
11 4
17 18
16 8
13 3
3 2
5 13
4 10
16 12
5 14
10 14
23
13 11
10 2
22 15
12 10
4 7
12 14
19 11
14 1
1 18
8 14
12 20
5 12
10 13
7 12
17 1
6 18
3 15
22 16
22 14
9 21
1 21
23 17
24
13 23
21 22
24 7
1 22
5 18
19 8
21 6
14 20
18 10
11 19
11 23
3 13
23 20
20 12
4 8
19 18
17 15
7 16
22 7
15 21
1 11
13 9
2 8
17
13 4
8 7
9 12
9 14
13 15
11 5
11 6
1 6
12 7
10 3
2 16
16 17
15 8
2 5
4 3
14 17
11
3 6
4 10
3 5
7 3
9 6
3 1
2 8
2 3
4 1
4 11
27
6 18
1 7
12 9
20 14
3 18
3 2
12 23
25 8
7 14
8 4
11 6
19 15
5 8
21 1
14 12
25 22
7 19
22 17
27 6
19 26
24 3
20 16
20 13
21 18
22 10
21 25
20
5 1
10 1
1 14
3 1
1 19
17 1
13 1
9 1
1 7
2 1
1 4
16 1
1 18
6 1
1 11
1 8
1 12
15 1
20 1
25
8 22
7 15
1 25
12 2
5 20
21 10
24 6
14 21
19 3
9 14
9 5
12 1
1 3
15 18
11 23
21 13
1 7
22 3
21 1
24 9
3 4
23 21
10 17
14 16
11
2 9
5 1
4 3
4 10
2 6
1 2
11 8
5 8
5 4
8 7
24
7 8
1 5
6 20
14 23
6 9
17 6
14 13
21 18
1 24
17 15
2 21
8 12
19 22
12 11
21 24
17 8
3 17
8 24
4 9
3 16
17 10
17 14
1 19
16
14 9
15 7
14 16
4 13
7 1
2 15
3 9
6 8
8 12
14 1
11 12
9 8
15 4
5 4
10 11
14
10 8
12 7
1 14
6 5
10 6
7 4
7 14
11 10
3 14
10 1
2 6
13 8
5 9
26
14 20
26 23
11 2
8 20
25 23
7 1
18 14
16 12
9 5
26 13
10 21
12 7
6 10
15 22
16 18
13 19
9 3
15 6
5 22
17 2
21 24
19 4
17 25
24 4
11 8
20
19 1
13 1
5 1
12 1
20 1
9 1
1 10
1 18
14 1
1 17
1 2
3 1
1 15
8 1
1 6
16 1
7 1
1 4
11 1
26
5 7
6 23
8 7
19 18
13 21
3 24
1 26
25 9
22 21
20 8
18 5
6 14
11 13
22 24
20 10
2 17
15 23
16 9
15 4
16 26
4 12
11 12
10 17
19 25
2 3
26
13 1
24 10
15 8
13 26
7 6
9 22
9 4
18 9
23 1
10 3
1 12
9 13
1 25
18 17
17 3
9 6
1 15
20 12
23 11
21 13
2 9
19 3
15 16
5 23
14 13
19
8 3
11 8
7 5
18 15
14 7
19 13
1 9
16 15
19 10
4 9
4 14
11 2
16 13
17 6
17 5
3 12
12 6
10 2
26
22 26
13 1
21 26
5 17
4 13
10 16
9 19
12 11
15 17
8 1
26 8
16 17
25 11
25 8
7 3
19 4
14 11
19 18
7 6
13 16
23 25
2 23
10 20
7 4
24 10
24
2 1
1 7
15 1
1 22
13 1
3 1
16 1
1 9
18 1
1 4
1 12
10 1
1 11
1 5
23 1
8 1
1 6
17 1
19 1
20 1
24 1
1 14
21 1
17
3 11
15 16
7 13
2 9
9 17
6 3
10 4
10 12
15 14
2 12
6 5
11 7
8 5
14 4
16 13
1 8
25
11 6
16 15
3 18
21 25
12 17
5 7
23 6
21 17
23 8
3 10
15 11
10 20
14 19
5 16
22 9
20 1
7 14
18 2
24 9
2 24
22 25
4 19
13 12
4 13
21
9 5
7 1
5 12
16 19
9 14
8 18
20 2
17 1
5 3
1 9
4 2
13 8
15 16
19 11
5 13
7 21
6 11
2 1
10 1
9 16
20
10 1
17 1
1 7
15 1
1 3
1 14
13 1
16 1
11 1
1 2
6 1
1 20
12 1
1 5
1 19
9 1
18 1
1 4
1 8
11
11 4
10 4
3 2
9 3
2 5
6 11
7 8
6 5
8 1
7 9
29
29 12
16 20
15 1
28 26
23 15
11 26
17 7
22 12
16 2
9 23
13 18
8 14
9 21
22 20
3 25
19 8
24 10
6 2
7 5
19 11
29 27
13 4
25 4
17 14
5 6
24 21
27 18
3 10
11
1 6
3 10
8 2
9 10
5 7
9 5
11 4
2 11
6 7
3 8
13
1 7
1 10
12 1
2 1
1 9
5 1
4 1
1 6
1 3
11 1
1 13
8 1
19
1 13
7 17
9 19
18 8
4 3
14 2
5 7
1 11
8 11
6 19
4 1
19 18
19 14
5 11
12 9
13 15
10 18
13 16
20
1 6
2 1
1 14
17 1
10 1
12 1
1 8
5 1
1 13
1 4
1 15
11 1
19 1
18 1
1 20
3 1
16 1
7 1
1 9
18
17 1
13 10
17 14
8 14
5 9
7 17
14 3
18 12
2 16
6 1
5 1
12 9
11 16
17 13
11 14
14 4
15 1
11
9 2
3 5
10 3
7 4
4 8
1 9
6 11
8 2
5 11
7 6
13
11 1
7 12
10 5
10 2
5 13
10 9
1 10
7 10
10 8
6 1
1 4
9 3
14
7 12
2 11
8 12
1 7
2 5
9 7
9 6
1 4
10 14
14 13
4 2
3 9
14 4
13
12 8
10 4
5 8
12 1
2 9
2 13
11 13
9 6
3 8
6 7
6 1
2 4
14
5 4
1 3
14 1
14 7
6 14
9 6
1 11
10 1
11 2
1 5
12 5
9 13
8 12
21
17 20
18 10
16 11
13 9
11 8
8 4
14 12
1 13
8 15
18 13
6 13
3 9
17 16
7 1
21 14
19 13
1 4
1 5
9 2
21 13
13
1 2
4 1
1 8
1 9
7 1
1 12
1 11
3 1
13 1
1 5
1 10
1 6
23
21 20
23 8
8 15
4 21
23 9
4 14
23 20
11 23
12 6
16 7
5 22
10 19
15 2
1 17
5 18
16 10
9 22
3 8
12 5
10 1
16 13
1 23
18
9 17
7 15
12 5
8 16
10 13
11 14
2 5
17 6
4 7
1 12
3 18
2 13
4 3
9 10
16 6
18 8
14 15
12
2 10
3 9
6 7
10 7
9 1
8 12
8 5
4 3
4 12
2 5
6 11
13
1 5
1 10
1 8
1 2
1 11
1 12
1 9
13 1
4 1
1 7
1 6
1 3
20
19 5
15 1
11 20
5 13
13 2
4 9
17 1
16 1
5 16
15 10
20 1
6 14
18 16
3 1
6 20
1 7
4 19
8 17
12 1
22
22 17
19 2
16 22
15 14
19 12
22 11
6 18
10 5
5 9
12 4
7 13
18 14
17 13
1 18
6 3
4 17
19 20
14 8
1 4
5 12
21 6
11
9 1
11 1
8 6
2 1
3 8
5 3
4 10
11 7
1 10
8 1
10
9 2
10 1
4 10
9 7
8 7
6 3
6 5
4 5
3 2
11
1 5
1 8
9 1
1 6
7 1
1 3
1 2
10 1
1 4
1 11
23
6 7
9 2
7 9
14 5
16 8
1 7
10 8
14 1
11 22
6 15
5 17
13 17
23 14
17 12
19 18
8 5
22 23
3 9
19 4
22 21
20 6
19 23
16
8 7
15 12
9 14
3 4
6 12
10 13
5 10
4 2
1 11
8 2
5 16
15 14
11 3
13 9
7 6
16
1 10
15 1
6 1
1 13
3 1
1 14
5 1
11 1
1 7
1 12
9 1
4 1
1 16
8 1
1 2
18
13 6
5 15
17 15
9 4
17 1
8 1
7 6
12 11
13 17
16 4
4 8
3 18
2 3
11 10
8 3
11 13
15 14
10
7 8
1 3
9 1
3 4
10 1
7 3
6 5
2 1
3 5
16
1 15
11 1
4 1
6 1
3 1
1 14
2 1
10 1
1 13
16 1
9 1
7 1
8 1
12 1
1 5
22
13 6
8 9
1 19
18 16
21 4
17 2
7 18
5 11
15 11
12 11
2 3
12 6
6 14
10 1
4 2
19 12
22 21
4 19
9 20
9 10
18 10
23
1 9
1 16
2 1
8 1
10 1
1 14
1 17
1 15
11 1
21 1
1 3
1 12
22 1
6 1
5 1
23 1
18 1
1 20
1 19
13 1
7 1
4 1
17
3 13
14 16
3 1
8 4
15 14
13 7
9 5
4 3
17 11
1 16
14 5
10 17
4 2
5 12
16 17
6 13
14
1 10
14 1
1 6
1 11
4 1
1 13
1 9
12 1
1 7
1 8
1 5
2 1
1 3
19
18 9
18 2
17 5
17 11
11 14
13 5
15 12
6 12
11 16
4 9
4 7
10 1
4 8
10 12
18 19
10 17
3 5
1 9
20
16 15
15 10
14 7
4 2
11 13
4 3
14 18
19 6
8 11
20 13
13 4
1 10
19 10
20 1
14 20
9 15
5 18
19 17
12 11
22
8 7
22 18
10 5
7 3
9 6
4 11
21 20
22 14
16 12
4 2
17 20
3 19
18 1
13 2
19 16
21 9
10 14
6 15
5 17
8 13
15 12
27
17 12
11 15
20 3
3 22
5 7
6 13
8 18
12 8
14 17
16 9
4 6
18 26
24 21
22 5
25 23
4 2
7 1
11 16
26 19
10 21
25 19
20 13
2 14
15 24
27 23
10 27
10
7 4
3 2
9 10
8 7
5 7
4 3
10 6
1 10
4 1
21
7 1
1 20
2 1
1 3
21 1
6 1
1 11
8 1
1 15
18 1
5 1
14 1
1 10
1 4
13 1
19 1
1 9
1 12
1 17
16 1
18
10 1
17 4
1 3
16 13
7 2
12 10
15 9
10 9
14 1
2 11
1 17
7 14
6 17
17 13
8 2
18 5
18 4
24
12 23
1 13
6 1
1 8
8 20
7 12
1 3
17 1
15 22
10 13
2 6
7 13
22 2
10 21
8 14
11 5
24 7
4 23
19 3
17 9
20 18
11 23
11 16
16
13 10
5 11
14 16
7 12
4 11
7 6
12 1
4 14
7 15
4 9
10 12
5 8
5 2
10 3
11 1
10
3 10
7 9
8 3
4 2
5 3
2 8
1 7
7 6
7 3
12
10 4
7 5
4 1
2 7
6 5
4 12
5 1
7 8
3 8
9 4
4 11
10
10 9
1 7
10 2
7 5
3 1
4 9
6 3
1 9
1 8
27
15 3
16 20
5 16
17 5
23 27
2 3
22 6
8 12
1 24
14 21
19 21
14 27
7 4
7 25
11 26
4 23
18 19
20 2
11 17
10 25
13 26
15 10
22 8
12 9
13 24
9 18
25
1 3
9 1
11 1
4 1
16 1
1 5
10 1
1 13
1 15
19 1
1 20
1 6
1 12
14 1
1 17
1 2
8 1
24 1
1 21
1 25
1 18
22 1
23 1
1 7
19
12 1
1 5
2 1
1 17
1 15
11 1
1 8
13 1
14 1
1 9
3 1
1 4
10 1
7 1
1 16
18 1
1 19
1 6
23
1 8
22 19
14 17
23 21
21 9
16 17
5 8
9 12
8 19
5 10
4 20
18 19
20 14
15 1
20 2
21 15
13 5
7 23
23 6
17 3
14 15
9 11
14
2 7
9 6
11 3
10 13
10 14
9 8
11 13
4 6
5 14
4 5
2 12
7 1
12 3
21
14 20
5 13
9 2
11 19
4 9
10 21
11 12
7 14
1 17
11 10
16 9
4 19
1 19
6 17
14 4
8 6
10 18
15 5
3 6
17 5
23
3 5
3 11
18 17
12 22
15 3
14 17
9 10
21 7
6 4
9 1
13 19
17 20
6 16
2 12
13 23
20 12
10 13
21 8
21 10
6 15
1 20
15 9
27
4 20
11 22
3 27
14 24
17 12
26 27
14 25
26 12
11 8
9 16
15 18
13 18
11 26
26 9
4 6
21 5
6 12
6 7
19 1
2 21
21 8
6 10
23 26
4 14
26 1
18 11
25
9 11
5 14
25 23
19 4
24 21
8 9
10 7
7 23
8 19
14 18
22 23
8 20
13 16
9 15
12 14
24 4
1 18
20 3
7 18
24 17
16 4
1 19
6 16
20 2
25
11 20
10 5
13 7
13 22
23 4
1 12
25 13
5 1
23 12
18 5
23 20
19 5
2 16
7 9
2 22
15 14
17 12
4 6
25 3
4 21
23 14
5 24
13 1
1 8
25
4 22
8 17
6 7
23 17
12 4
13 4
21 18
19 21
2 25
16 10
5 19
19 7
14 24
15 9
6 3
1 16
19 17
1 22
1 17
1 11
17 2
1 14
15 1
15 20
15
8 1
1 3
1 2
1 12
1 13
11 1
1 15
1 9
1 14
6 1
1 4
7 1
10 1
5 1
29
20 13
10 4
15 29
8 27
6 23
15 10
16 11
2 28
9 6
29 19
29 1
14 19
20 11
6 16
15 28
11 1
21 14
5 3
19 12
25 5
17 8
10 26
20 5
22 14
7 13
16 8
13 24
28 18
15
13 1
14 3
1 11
8 13
11 7
13 14
6 5
10 14
8 12
11 6
4 8
7 15
9 7
6 2
12
12 2
2 8
9 6
10 11
9 10
7 4
3 5
6 12
5 4
3 1
11 7
24
21 7
20 10
2 4
24 3
22 9
9 10
20 8
3 15
1 2
21 6
7 23
10 18
14 3
19 18
17 3
1 24
3 11
7 24
13 16
20 5
3 12
1 10
13 24
21
1 7
1 20
1 10
11 1
1 9
6 1
14 1
1 17
1 13
18 1
1 5
3 1
1 4
1 15
12 1
1 2
16 1
8 1
1 21
19 1
15
4 1
1 2
1 5
1 7
14 1
15 1
3 1
1 11
13 1
10 1
6 1
8 1
9 1
1 12
14
9 10
12 10
8 6
6 12
6 14
5 8
7 8
13 8
3 14
4 8
11 8
1 8
7 2
15
12 2
15 10
14 3
5 11
13 6
10 13
4 2
9 15
11 7
6 7
5 14
3 4
8 9
1 12
29
2 9
15 17
10 20
21 14
1 14
17 26
21 9
6 19
19 12
27 28
25 14
23 20
1 15
21 19
22 26
7 3
26 5
15 29
3 4
17 8
20 25
18 13
24 9
16 18
28 11
3 29
28 29
25 18
28
12 22
25 27
11 9
20 22
25 23
27 20
1 15
20 13
5 7
15 8
14 2
5 2
17 1
18 1
21 2
3 1
25 24
1 24
2 26
4 16
10 1
28 8
6 11
14 19
5 25
25 11
16 14
13
12 6
6 1
12 7
8 13
1 4
3 9
13 6
11 5
6 9
2 12
10 4
11 4
26
1 16
1 22
1 5
23 1
26 1
1 21
14 1
6 1
1 25
1 7
10 1
1 18
1 8
1 4
20 1
1 13
3 1
1 9
1 24
1 15
1 12
2 1
1 19
17 1
11 1
16
14 12
8 11
9 13
8 7
14 13
10 12
1 14
13 16
16 6
3 7
4 7
15 11
1 8
11 5
2 12
27
15 1
18 1
1 5
8 1
1 13
1 12
7 1
1 11
1 27
1 25
23 1
1 3
1 9
1 4
1 24
1 26
1 20
14 1
21 1
1 2
6 1
1 22
1 10
1 17
1 16
1 19
16
4 5
9 7
7 12
4 13
3 15
10 16
15 11
12 1
14 9
6 8
11 6
5 2
8 14
2 16
10 3
18
14 15
2 11
1 3
2 17
4 6
3 7
18 15
16 13
5 16
16 3
8 7
7 10
4 17
17 9
9 1
9 15
4 12
19
5 13
4 11
5 10
15 19
6 2
12 3
17 8
10 14
16 8
1 18
9 19
2 18
14 7
3 16
9 11
13 12
15 7
6 17
25
20 1
1 11
1 22
7 1
13 1
3 1
1 24
2 1
1 14
6 1
1 10
1 4
1 23
18 1
1 25
17 1
21 1
1 12
8 1
19 1
15 1
5 1
1 16
1 9
26
7 1
1 6
1 26
1 13
1 9
5 1
4 1
1 19
24 1
21 1
16 1
1 14
3 1
10 1
8 1
1 23
2 1
1 12
22 1
20 1
15 1
1 17
1 25
11 1
1 18
24
11 1
5 8
11 3
1 6
10 2
24 14
15 10
10 9
13 20
1 10
12 15
9 19
4 24
11 20
21 1
16 18
11 4
22 9
20 16
2 7
23 18
2 17
5 15
21
1 18
19 1
1 6
5 1
2 1
1 3
9 1
7 1
8 1
1 4
12 1
13 1
1 11
20 1
1 17
21 1
14 1
1 10
1 16
1 15
19
14 5
10 7
17 8
11 16
10 8
10 15
19 11
3 17
3 18
8 13
19 1
6 13
2 3
1 17
11 12
13 9
4 14
19 14
27
12 10
18 26
12 18
5 8
21 17
2 19
20 3
27 13
14 22
20 6
11 21
22 10
6 4
25 5
15 8
2 3
9 24
13 16
4 14
24 25
19 7
1 9
27 17
16 7
26 15
11 23
16
11 10
5 6
13 11
7 2
1 10
8 11
12 14
2 16
2 10
14 6
15 5
1 6
14 3
4 5
12 9
19
10 15
12 7
2 9
4 5
8 17
10 18
16 9
1 10
15 12
1 8
18 6
2 19
8 5
11 1
18 13
8 3
9 4
14 16
27
10 12
6 12
16 27
6 7
16 11
10 4
12 2
22 9
26 21
7 18
24 13
8 17
10 25
14 26
24 5
27 24
1 6
15 2
22 27
20 16
7 19
17 23
1 22
3 2
9 26
17 9
26
1 10
1 22
13 1
21 1
1 16
11 1
1 14
1 9
1 19
1 24
1 26
1 20
1 17
1 5
1 6
1 3
1 12
1 18
7 1
25 1
23 1
2 1
1 4
1 15
1 8
17
15 11
3 17
5 2
15 9
2 6
14 3
12 16
5 13
10 17
10 16
4 13
1 12
7 4
8 9
6 14
7 11
16
9 8
15 8
8 14
11 2
14 11
12 9
5 3
1 14
7 10
6 10
6 5
11 4
5 13
6 1
16 10
14
1 4
1 9
1 3
13 1
5 1
12 1
8 1
2 1
6 1
1 11
1 7
10 1
1 14
18
1 7
10 1
17 1
1 12
13 1
1 11
4 1
16 1
9 1
15 1
6 1
2 1
14 1
1 5
1 18
3 1
1 8
13
13 7
12 2
1 2
1 9
5 3
13 2
4 5
9 6
10 6
13 11
6 8
5 9
20
1 12
13 9
8 6
14 17
6 17
9 17
19 13
10 6
7 15
2 3
7 17
20 5
11 7
12 16
1 17
4 8
20 9
9 2
18 20
12
1 12
1 11
9 1
6 1
7 1
10 1
1 4
2 1
8 1
1 3
1 5
18
17 7
10 18
18 2
5 7
3 13
6 2
14 16
12 1
14 6
12 17
8 11
9 16
3 15
13 9
10 11
5 4
4 8
18
1 13
2 15
12 16
9 5
14 17
13 16
3 5
6 11
3 18
4 3
15 4
5 11
4 13
7 16
14 3
8 3
16 10
13
8 1
1 2
11 1
13 1
6 1
1 4
1 9
1 3
10 1
5 1
1 12
7 1
21
8 18
6 17
3 19
1 2
20 12
14 17
18 2
13 3
18 16
1 12
5 10
3 20
7 6
10 2
11 9
4 10
12 6
21 17
11 15
20 11
19
14 18
3 5
3 12
6 19
16 9
19 15
13 9
1 11
17 6
5 2
14 16
13 12
10 2
17 7
10 7
4 18
8 4
15 11
29
1 11
1 12
1 7
1 21
1 19
10 1
1 22
1 13
1 15
1 23
1 29
1 16
5 1
26 1
1 8
14 1
27 1
9 1
28 1
3 1
2 1
17 1
20 1
4 1
1 18
25 1
24 1
1 6
23
1 5
17 4
2 22
3 16
3 15
11 6
10 15
8 18
17 13
19 22
23 19
17 2
21 1
19 20
9 3
12 15
7 6
11 21
14 17
8 5
2 5
15 21
20
1 9
18 14
18 19
10 9
10 5
2 12
6 4
7 2
8 7
13 12
6 17
10 16
3 7
18 12
9 6
13 11
2 1
15 13
20 3
21
19 11
2 16
13 3
14 16
11 12
17 5
20 18
19 13
20 6
2 18
5 4
15 14
8 3
8 7
1 17
9 6
4 12
21 10
21 15
7 9
21
5 6
4 3
21 1
4 7
17 14
2 13
4 16
17 10
14 1
9 8
6 14
17 11
20 13
8 13
9 15
7 21
21 8
18 6
9 19
7 12
12
9 2
1 11
2 4
8 6
7 9
10 5
12 3
11 4
6 3
5 8
10 7
25
10 12
13 7
5 6
6 8
19 24
15 21
3 9
23 10
13 22
2 18
12 16
14 4
2 3
21 8
7 17
24 11
22 19
25 20
17 15
18 4
25 9
23 14
11 1
16 5
26
4 3
11 15
12 21
22 2
13 16
17 8
24 18
24 12
20 6
6 9
14 1
7 18
8 5
20 26
13 19
15 5
23 7
17 26
16 25
10 23
2 19
3 22
10 11
9 14
21 25
21
1 12
14 19
20 8
18 15
1 11
9 18
17 2
16 21
13 17
8 14
4 21
21 5
10 15
1 5
15 6
14 21
1 17
3 12
15 16
12 7
28
1 12
6 1
9 1
1 26
1 10
17 1
1 5
2 1
1 13
1 8
4 1
18 1
22 1
1 21
1 27
1 24
1 20
11 1
1 7
19 1
1 28
1 23
1 3
1 15
25 1
14 1
16 1
20
1 12
7 13
15 3
5 10
6 20
17 12
11 7
7 15
11 20
17 4
15 19
8 14
18 13
20 14
9 5
17 2
5 12
16 13
11 1
28
1 24
22 1
1 5
1 7
16 1
1 17
1 8
1 28
13 1
11 1
1 15
2 1
1 4
23 1
1 27
1 10
21 1
1 12
14 1
1 6
1 20
18 1
25 1
1 19
1 26
9 1
3 1
12
1 10
10 2
8 6
7 9
8 11
11 3
7 4
9 12
2 12
6 4
5 3
16
1 5
1 13
14 1
1 11
3 1
10 1
4 1
9 1
2 1
1 6
12 1
1 16
8 1
15 1
7 1
28
10 8
6 5
3 17
27 21
4 20
23 22
23 12
27 19
21 22
16 4
9 25
15 7
2 19
24 11
16 12
7 24
28 10
20 8
14 18
25 26
17 13
28 3
18 26
15 5
11 9
13 6
14 1
13
6 1
7 10
4 7
9 13
5 2
13 8
13 6
5 3
11 2
1 2
6 7
5 12
22
17 7
17 21
6 11
19 15
9 18
8 9
21 4
15 21
18 1
7 20
21 5
13 18
3 15
14 7
20 16
17 12
22 11
11 1
10 1
1 21
2 3
18
15 14
1 13
13 11
10 2
6 18
8 11
3 16
1 7
7 5
5 16
2 5
9 16
6 7
17 6
4 14
13 14
12 11
14
2 1
14 5
6 3
11 12
10 1
1 14
6 8
13 1
7 1
9 3
1 6
5 12
4 7
20
10 5
3 2
9 11
20 16
12 16
1 18
13 20
14 17
19 7
14 15
17 6
7 8
18 10
8 4
15 9
2 19
5 12
13 11
4 6
24
22 14
20 13
16 19
17 10
6 23
16 14
7 11
4 16
21 17
18 21
14 11
8 10
3 1
9 21
3 6
22 17
24 11
5 10
20 3
20 15
12 23
22 1
2 6
15
14 5
3 6
13 11
10 13
11 1
15 14
11 7
3 9
4 13
12 3
12 14
2 7
1 12
7 8
28
1 16
26 1
17 1
1 2
1 9
1 10
1 23
1 19
1 25
5 1
21 1
22 1
13 1
11 1
1 6
1 20
4 1
12 1
1 18
1 28
14 1
3 1
1 15
8 1
24 1
7 1
27 1
26
11 1
4 1
1 10
1 13
1 15
3 1
5 1
8 1
23 1
18 1
1 7
25 1
1 2
14 1
1 21
16 1
1 20
26 1
24 1
1 19
12 1
1 6
22 1
1 17
1 9
10
7 2
6 4
10 3
5 3
9 4
2 8
10 7
5 1
8 6
23
4 15
15 22
1 23
4 1
14 12
16 8
20 23
1 2
12 2
10 17
17 12
2 5
9 18
5 3
4 13
11 5
18 13
8 1
6 23
2 21
12 19
7 2
16
14 15
9 2
9 10
13 9
10 1
1 6
4 7
14 5
3 2
8 11
6 14
8 10
7 12
6 7
16 8
26
3 26
4 8
2 25
1 14
17 10
10 26
4 13
26 21
16 25
9 12
25 1
11 7
18 16
23 1
10 7
12 25
22 1
10 25
15 10
4 1
4 5
19 2
14 6
24 17
20 4
13
7 1
1 4
13 1
12 1
5 1
3 1
10 1
6 1
9 1
1 11
8 1
2 1
25
20 21
2 21
1 6
8 9
12 24
17 9
1 16
4 13
17 6
25 18
4 22
21 17
25 14
11 7
15 9
19 11
19 6
24 19
18 16
24 23
16 4
11 3
10 25
18 5
10
1 4
7 8
1 7
2 9
6 8
5 2
3 4
4 10
7 2
16
3 1
10 3
8 10
15 10
6 11
2 13
12 11
16 12
3 7
1 16
5 13
7 4
7 14
9 12
16 13
26
22 12
3 18
24 25
18 16
26 14
2 25
16 23
10 24
7 13
12 1
25 11
9 17
9 7
11 6
21 4
15 13
9 18
20 5
8 19
12 9
9 24
14 11
19 1
21 7
20 19
15
8 10
9 12
10 3
8 15
14 6
13 2
4 15
3 11
7 14
12 7
4 1
6 2
11 5
9 5
19
10 7
11 2
11 3
9 6
6 18
17 19
13 7
4 12
8 12
5 12
9 8
2 1
9 1
2 7
15 19
6 16
14 11
19 8
18
17 11
8 3
18 16
16 3
9 4
9 13
18 10
12 15
2 12
4 7
7 11
6 5
15 13
2 5
14 6
10 14
8 1
20
5 15
14 18
8 16
9 19
19 15
3 20
1 17
16 17
6 20
2 7
7 8
13 3
10 2
9 13
12 5
14 11
11 4
10 4
6 18
17
13 16
13 4
2 1
6 16
3 10
7 14
1 13
14 2
12 4
4 9
8 3
17 3
16 15
17 11
5 14
2 17
21
12 1
1 5
1 15
1 4
10 1
11 1
1 21
1 17
18 1
8 1
14 1
9 1
20 1
1 3
1 16
1 2
19 1
6 1
13 1
1 7
10
7 6
3 8
4 8
1 5
6 10
6 9
6 8
9 2
5 6
23
19 10
20 12
8 23
5 4
12 22
21 23
11 6
17 9
15 3
23 14
10 17
1 17
2 5
13 14
7 15
23 22
19 16
7 11
1 23
4 1
5 7
4 18
24
16 1
7 1
15 1
1 20
1 9
18 1
8 1
1 11
21 1
1 24
1 6
1 19
1 13
1 12
22 1
1 3
1 2
23 1
14 1
17 1
1 5
1 10
1 4
11
4 7
11 7
5 6
1 8
4 1
8 10
9 5
7 2
4 5
8 3
22
15 16
10 18
9 18
19 21
8 10
12 9
7 6
13 7
3 22
5 17
21 18
17 4
19 3
15 19
21 1
11 10
1 4
7 4
9 20
17 2
14 3
13
6 13
10 3
7 6
1 2
10 2
8 4
10 12
5 6
4 5
9 4
2 11
1 5
27
10 1
1 5
1 11
9 1
16 1
8 1
18 1
13 1
1 23
1 14
1 7
25 1
21 1
1 4
6 1
19 1
2 1
15 1
12 1
22 1
1 26
1 17
1 20
1 3
1 27
1 24
23
5 4
21 16
10 8
9 21
15 18
20 6
2 7
14 20
22 7
3 1
17 8
15 1
5 21
3 5
14 7
4 13
8 15
20 23
12 4
14 3
19 18
11 18
20
17 11
3 14
14 6
17 16
5 19
19 4
19 15
20 10
2 1
5 2
13 12
14 16
17 7
8 13
10 2
5 13
20 9
16 1
10 18
16
14 13
3 9
4 10
14 10
13 6
13 11
8 10
15 5
5 1
5 2
7 1
1 9
13 16
13 12
7 16
10
6 9
4 2
1 5
1 4
10 4
7 3
8 1
2 6
1 7
23
7 16
5 6
3 22
14 3
21 19
9 23
4 16
14 15
2 1
10 11
23 8
11 5
6 18
20 2
18 17
8 19
12 21
4 13
22 7
17 20
10 12
9 13
18
13 1
1 12
15 1
1 14
1 8
17 1
1 5
6 1
2 1
1 11
7 1
3 1
1 9
1 18
16 1
4 1
10 1
24
8 2
9 20
10 9
2 1
20 2
2 13
22 5
18 14
3 20
22 2
11 24
4 9
1 12
19 11
6 17
7 5
16 1
8 21
12 18
23 5
15 6
3 6
11 9
19
4 12
15 14
7 16
8 3
7 17
5 10
11 13
4 18
12 6
16 19
9 2
9 14
5 6
1 19
10 8
11 17
13 15
18 2
23
1 7
14 8
12 13
23 11
11 7
15 22
3 19
6 17
6 2
22 5
20 8
19 11
4 19
13 9
23 16
21 13
12 1
22 12
8 2
18 23
10 6
7 2
13
3 12
6 5
2 10
13 12
4 10
13 1
9 11
8 4
7 5
7 3
6 11
2 9
24
4 22
19 20
15 22
21 6
3 16
21 24
23 9
1 13
8 10
24 13
12 14
15 5
10 6
3 2
17 8
7 20
7 18
11 5
4 16
18 17
9 11
12 2
23 19
15
2 1
1 13
1 14
1 4
3 1
8 1
1 9
1 15
1 10
1 12
6 1
11 1
5 1
1 7
24
6 18
17 8
19 14
12 5
3 4
6 20
13 17
13 9
19 2
4 15
13 21
16 19
1 2
12 3
8 1
16 11
7 24
12 22
10 4
3 8
6 2
17 24
23 24
15
14 6
2 8
3 2
10 6
4 1
3 7
15 4
12 3
1 3
9 14
14 11
5 6
13 3
14 1
16
1 13
11 1
1 8
1 14
5 1
1 7
1 12
9 1
1 10
15 1
4 1
6 1
2 1
1 16
3 1
29
15 17
19 7
28 2
1 15
16 29
26 3
21 18
11 9
5 14
6 19
16 17
17 23
1 19
10 27
4 23
21 5
6 27
20 28
23 25
7 11
6 28
22 16
27 13
11 24
5 15
21 12
7 26
26 8
22
16 7
16 19
8 12
21 13
2 19
7 1
4 8
15 11
17 22
18 5
14 11
20 6
6 17
10 18
3 22
13 5
9 2
12 10
21 9
20 14
3 4
15
7 11
2 9
1 9
6 2
1 15
15 5
7 13
3 5
12 10
4 10
10 15
2 8
5 14
9 7
26
25 18
6 9
18 3
9 5
18 11
1 15
25 20
15 16
8 19
16 19
22 3
1 23
2 25
17 10
15 13
4 2
26 23
6 24
1 18
21 12
7 5
3 12
14 25
25 9
23 10
18
1 10
6 12
6 16
12 11
3 16
15 17
18 10
15 7
12 14
18 13
15 2
7 10
1 6
5 18
7 9
16 8
4 9
24
2 23
5 7
14 15
17 9
18 13
16 15
22 4
23 1
12 4
3 5
20 8
13 21
22 16
10 19
24 9
11 6
19 7
18 8
24 6
17 12
11 20
3 2
21 10
25
2 15
6 13
21 15
9 17
7 14
9 24
21 4
2 3
16 22
11 10
10 19
5 12
3 6
23 20
19 5
25 14
7 24
22 18
13 18
17 12
1 25
8 11
8 16
20 4
21
1 10
7 1
1 6
1 21
17 1
1 2
1 18
9 1
1 16
1 19
4 1
1 11
1 15
12 1
5 1
1 8
1 3
1 14
20 1
13 1
26
13 26
15 2
22 5
3 12
7 20
10 21
13 24
16 14
25 8
3 25
23 11
19 4
2 17
11 9
23 24
17 12
9 22
18 16
1 10
6 21
19 7
8 18
4 6
14 5
20 15
21
13 21
2 3
17 9
5 14
6 10
18 17
11 10
8 16
20 7
7 4
12 21
12 18
19 1
20 9
8 2
13 3
6 19
15 16
11 5
4 14
10
3 2
2 4
1 9
6 7
5 1
10 7
1 2
7 1
1 8
24
24 2
14 12
15 14
22 20
21 17
23 6
8 13
7 12
9 10
19 24
17 6
15 19
13 11
7 3
8 16
11 5
23 10
20 16
18 1
4 22
4 18
3 5
21 2
13
4 5
13 7
2 9
2 6
9 4
10 11
8 7
3 8
5 12
1 3
6 13
12 10
26
19 4
9 14
5 15
24 16
5 10
14 20
18 12
15 12
21 2
2 23
22 7
11 19
17 6
19 15
17 25
26 12
17 20
13 24
10 7
7 3
24 8
13 20
1 5
1 13
2 10
17
5 3
5 4
7 14
16 2
8 11
1 16
8 13
9 11
12 7
15 4
17 6
10 3
6 14
2 13
9 10
15 12
23
11 13
17 15
13 6
12 13
11 10
9 18
6 18
1 6
2 16
1 22
12 19
3 18
4 12
3 8
9 23
16 22
7 9
17 21
11 20
22 17
14 3
5 16
18
12 11
6 17
14 1
10 8
16 8
15 2
5 13
18 15
15 7
12 14
6 8
2 4
13 14
3 17
9 3
15 14
8 14
11
7 4
5 10
11 1
10 6
9 3
1 3
3 8
7 2
6 1
2 9
29
12 18
14 12
25 10
2 4
24 26
4 29
8 4
28 18
21 22
20 18
15 21
26 16
6 10
1 11
3 19
5 6
6 24
6 21
20 23
6 3
18 13
10 27
1 28
9 21
21 17
28 4
6 1
22 7
22
1 3
11 1
1 15
16 1
14 1
1 12
1 18
19 1
7 1
1 22
4 1
5 1
20 1
1 10
1 21
1 13
1 8
6 1
17 1
9 1
1 2
11
1 7
1 11
1 3
1 4
10 1
8 1
5 1
6 1
9 1
1 2
11
10 11
4 2
5 4
9 6
11 2
3 6
5 8
7 8
1 7
10 9
11
6 1
1 5
1 3
1 7
2 1
1 8
1 11
10 1
9 1
1 4
26
1 15
22 4
3 23
8 5
15 23
16 13
21 1
10 20
25 3
21 22
20 14
7 23
9 24
17 13
19 8
12 3
9 11
7 18
9 10
20 2
7 6
22 26
13 19
10 15
19 21
26
17 4
20 5
26 23
15 9
20 19
25 18
16 3
5 1
18 8
2 22
11 10
6 4
21 6
26 12
24 3
7 2
15 8
24 13
19 17
11 22
9 10
7 13
23 14
25 12
16 21
23
13 15
19 14
21 8
23 8
3 8
15 17
7 17
15 18
22 6
19 9
11 22
11 12
18 16
12 4
10 18
3 19
3 1
12 2
22 20
1 13
5 17
11 13
17
3 6
7 17
14 2
15 3
1 6
15 11
9 11
17 13
10 6
16 14
1 7
14 3
5 17
4 9
8 12
8 3
17
1 10
16 17
2 12
6 14
15 4
6 11
1 13
17 2
1 8
1 3
7 15
12 1
4 12
14 9
12 6
6 5
12
1 6
10 6
10 9
9 11
5 10
2 10
1 3
7 3
1 8
2 4
12 8
26
8 25
26 24
14 15
9 21
1 16
23 14
26 5
7 16
19 1
17 24
11 13
4 1
14 11
18 22
14 24
22 2
25 12
20 21
8 22
1 10
15 6
1 26
17 3
5 9
11 22
11
6 8
2 1
3 11
8 11
10 5
7 2
6 4
7 4
10 9
9 3
29
1 8
1 20
1 12
1 2
1 10
9 1
21 1
29 1
1 25
14 1
1 17
7 1
1 5
1 6
24 1
1 11
19 1
1 4
1 15
1 23
1 13
27 1
1 28
1 26
16 1
1 3
22 1
18 1
27
20 1
12 4
3 16
15 13
10 1
24 11
3 13
22 24
1 6
18 23
4 21
12 8
4 14
5 2
21 1
2 1
26 4
9 16
16 2
2 7
19 14
1 18
25 12
24 21
21 17
27 13
21
15 12
17 20
8 12
2 14
6 18
17 10
21 4
11 15
21 19
6 19
5 8
20 11
3 13
10 2
4 16
1 13
9 3
7 5
7 18
16 9
24
4 10
9 20
5 17
10 9
2 5
1 9
16 6
8 15
17 16
17 3
13 21
22 5
14 16
7 15
11 19
12 20
15 24
1 3
23 10
8 3
21 8
19 20
21 18
20
1 17
10 6
2 16
16 11
5 12
3 8
1 18
13 4
15 4
10 15
4 5
8 1
19 1
20 2
7 14
4 14
4 1
9 18
2 1
18
4 16
7 2
11 12
18 14
3 2
8 18
9 3
9 12
4 17
13 15
9 18
6 15
6 4
5 2
3 1
10 15
6 1
22
2 15
1 19
4 13
21 9
3 22
17 18
12 22
7 15
6 9
13 15
19 10
20 3
18 2
2 11
18 6
5 1
16 8
19 8
14 11
19 2
3 19
20
15 1
17 1
13 1
11 1
1 6
16 1
1 3
1 5
14 1
1 4
18 1
9 1
8 1
19 1
1 12
2 1
7 1
20 1
1 10
15
12 6
2 5
7 3
13 1
15 3
13 2
9 4
3 8
2 14
4 10
1 8
13 4
6 11
6 8
29
1 9
7 18
28 19
23 14
23 13
14 4
28 6
27 26
11 8
13 6
1 16
29 28
21 17
1 18
17 3
1 28
27 10
25 10
24 29
20 19
18 21
5 28
1 11
6 10
23 2
29 15
28 22
12 6
18
3 1
1 13
18 1
1 10
7 1
4 1
8 1
1 5
9 1
2 1
6 1
17 1
16 1
1 11
1 12
14 1
1 15
29
26 7
16 8
25 12
12 2
10 24
9 14
8 9
28 22
18 22
21 23
13 15
5 1
27 11
10 16
13 20
3 4
19 18
29 26
25 17
17 6
4 23
24 28
2 29
19 3
21 6
11 14
15 7
27 5
24
10 1
19 1
1 6
15 1
1 24
1 13
23 1
1 2
1 18
5 1
1 22
1 11
1 4
1 12
1 9
1 17
1 14
21 1
1 8
3 1
7 1
1 16
20 1
17
11 1
13 1
1 15
10 1
4 1
7 1
1 6
5 1
1 8
1 17
1 16
9 1
1 3
12 1
1 14
1 2
23
18 22
4 12
15 6
11 23
7 17
3 2
21 8
9 14
7 1
1 6
5 22
13 2
18 23
19 4
10 1
17 16
20 10
1 3
1 14
1 8
8 4
22 16
16
12 1
8 1
1 7
15 1
3 1
1 16
1 10
13 1
1 11
1 6
1 4
1 5
1 9
1 2
1 14
28
28 9
7 22
10 26
22 26
25 5
20 8
2 5
3 17
3 6
16 25
12 8
12 4
16 1
11 19
9 15
2 6
19 21
13 14
23 15
13 11
20 10
14 24
4 17
27 28
18 24
27 7
23 18
22
21 4
22 13
11 9
1 6
7 5
19 2
3 17
17 18
15 18
6 9
3 20
11 20
19 16
8 10
4 12
12 13
15 5
21 7
14 22
14 16
8 2
18
5 2
18 10
6 3
12 13
8 5
16 14
2 6
12 3
13 7
9 16
11 8
4 11
14 15
17 15
7 9
17 18
10 1
25
13 19
17 18
9 12
14 2
10 16
22 25
4 13
5 3
23 14
9 17
21 25
10 15
23 5
11 22
15 2
6 21
20 18
24 20
7 8
4 12
3 7
6 19
16 1
8 11
27
1 10
1 9
1 24
1 16
1 8
23 1
13 1
1 14
1 20
11 1
1 5
6 1
17 1
1 15
1 2
1 26
3 1
21 1
4 1
1 25
1 27
19 1
1 12
1 18
1 7
22 1
10
5 9
2 4
3 6
7 2
1 3
5 4
4 1
5 10
8 3
10
6 1
1 9
2 1
4 1
1 7
1 5
10 1
1 8
1 3
14
7 1
7 14
7 8
2 4
14 10
7 13
4 12
3 12
9 7
13 6
11 10
13 5
4 1
26
1 26
1 7
10 1
1 6
20 1
11 1
1 19
1 12
1 5
1 14
24 1
1 22
1 8
2 1
17 1
1 9
1 16
18 1
1 4
15 1
1 3
21 1
1 25
1 23
13 1
18
14 6
6 4
5 13
14 1
15 16
2 12
16 17
11 17
12 18
7 18
8 3
9 7
15 13
10 4
3 2
10 9
8 11
27
23 17
13 10
21 20
27 25
1 14
3 24
11 22
17 2
21 7
19 4
12 14
11 9
7 22
6 5
9 15
16 8
23 10
2 4
19 26
18 15
25 5
13 24
8 20
27 18
12 6
3 16
16
10 11
12 11
1 14
14 15
3 5
13 9
14 5
13 12
15 8
6 11
2 13
1 12
5 7
8 4
16 15
16
4 16
10 15
12 5
15 2
7 14
16 6
1 2
12 2
4 1
3 13
12 9
3 8
15 14
3 4
11 16
19
7 19
16 4
12 5
3 14
9 15
4 2
2 11
6 7
12 13
13 8
10 8
11 18
10 17
15 16
19 18
17 3
14 1
5 6
24
1 4
12 17
5 19
20 5
24 6
4 2
10 22
17 4
5 1
7 4
3 9
15 2
18 13
3 5
14 1
10 8
5 16
23 24
18 23
3 22
17 18
21 15
16 11
26
4 25
18 25
15 9
25 5
26 21
1 2
15 3
3 14
24 26
16 12
14 17
8 1
4 1
14 25
23 8
12 1
20 26
26 1
15 19
16 11
22 2
6 11
1 7
12 10
13 1
13
8 13
8 5
1 12
10 6
12 10
4 12
4 7
2 5
10 9
3 5
8 1
4 11
16
2 5
14 9
8 1
9 16
12 6
6 11
4 1
16 2
1 13
6 15
12 10
3 7
15 1
3 1
3 9
23
1 23
14 4
5 9
23 15
19 10
22 16
4 8
12 10
19 7
2 13
1 4
5 6
4 11
17 6
21 6
6 22
10 3
3 13
22 1
20 1
4 18
23 10
13
2 8
7 8
1 12
6 8
11 10
8 4
3 1
5 7
9 5
10 2
1 8
5 13
12
3 10
1 11
6 5
12 10
12 1
6 1
9 12
4 1
8 9
2 11
7 1
17
1 14
5 1
4 1
1 16
1 2
8 1
1 6
1 17
1 3
1 15
1 13
1 9
1 12
1 7
11 1
1 10
26
25 13
21 1
2 9
14 26
25 5
4 18
1 6
22 9
10 14
3 21
16 2
25 2
8 23
8 9
4 23
12 6
24 16
26 9
18 11
23 1
22 19
4 7
1 17
15 18
4 20
26
1 25
10 1
1 12
1 3
1 5
14 1
15 1
1 16
1 13
7 1
4 1
9 1
26 1
22 1
18 1
2 1
17 1
1 24
11 1
1 19
1 20
1 8
1 6
1 21
23 1
12
8 12
11 3
2 6
8 4
5 1
12 10
9 12
7 3
12 1
2 7
2 1
29
18 22
12 14
25 2
15 13
29 18
5 8
11 8
15 20
16 10
27 1
23 26
18 9
6 23
15 3
24 12
17 8
23 4
27 9
10 28
19 1
2 20
17 19
2 21
4 7
19 20
12 17
27 4
9 10
19
9 4
14 16
5 17
8 5
5 18
12 1
6 11
10 11
19 15
16 2
16 18
11 12
19 7
13 19
9 13
18 1
3 9
13 12
27
12 6
17 24
3 15
21 6
15 5
19 17
10 25
24 16
4 23
1 16
13 11
13 9
16 6
17 18
22 10
20 13
24 27
8 23
14 15
1 26
14 26
26 9
23 9
27 2
14 10
7 27
19
9 5
4 7
7 10
7 17
11 15
10 1
7 15
8 5
1 6
10 2
13 10
19 10
5 12
2 18
3 2
17 5
16 14
11 14
12
1 3
7 1
5 1
2 1
4 1
8 1
12 1
9 1
1 11
10 1
6 1
18
15 1
12 1
1 3
13 1
1 8
18 1
1 10
1 4
6 1
7 1
16 1
5 1
1 11
1 17
1 14
1 9
2 1
20
8 4
1 20
12 1
19 2
13 17
14 15
18 14
7 15
9 11
2 17
5 4
6 12
10 13
18 3
5 10
16 1
9 14
12 10
17 14
12
1 5
7 1
2 1
1 9
10 1
8 1
1 11
1 4
1 3
1 12
1 6
12
11 8
3 1
10 12
5 1
6 1
2 1
3 12
8 7
1 7
1 4
9 5
29
4 1
23 22
4 9
14 29
18 3
2 7
26 12
22 20
2 8
11 10
24 15
8 6
25 5
13 3
26 16
25 14
16 9
21 27
17 13
17 29
28 5
7 24
27 18
19 20
23 12
19 28
10 15
6 21
21
14 7
9 14
1 18
9 13
3 21
13 20
11 1
12 8
11 3
2 18
8 11
9 3
17 19
16 19
4 5
3 10
3 6
15 19
19 3
4 19
24
21 8
24 18
14 10
1 20
21 12
22 9
4 5
22 4
22 6
15 14
18 15
16 11
13 16
11 21
16 7
17 14
18 23
20 11
3 9
4 1
5 19
20 15
2 5
22
13 1
8 1
5 1
12 1
1 19
1 10
1 16
1 17
1 9
1 15
1 7
20 1
1 11
4 1
22 1
1 18
2 1
1 3
1 6
1 21
1 14
24
7 12
8 6
5 1
6 1
8 2
10 7
5 20
10 3
16 15
22 1
4 3
7 23
5 15
18 19
7 21
3 14
9 5
18 20
6 11
17 9
18 7
1 13
1 24
11
8 2
1 5
4 6
7 3
2 7
8 10
6 9
10 9
3 5
4 11
17
1 4
6 1
13 1
1 17
1 10
5 1
1 11
16 1
1 14
3 1
1 12
1 9
7 1
8 1
15 1
1 2
26
8 12
19 25
12 9
23 24
17 3
19 26
6 5
15 23
16 7
21 4
18 2
26 20
13 22
24 1
15 11
11 13
9 2
3 20
5 17
14 6
22 10
7 4
25 8
16 18
14 10
19
13 19
7 17
13 7
1 7
13 15
16 3
12 9
18 16
1 11
9 11
5 17
10 2
9 8
4 2
14 11
17 6
14 16
2 14
15
6 1
8 1
1 12
1 4
1 15
1 2
1 9
1 10
14 1
1 5
7 1
1 3
1 11
13 1
28
16 12
23 14
21 11
17 18
16 5
23 9
22 21
24 14
18 1
26 2
23 8
3 19
24 28
26 25
14 18
15 19
6 7
16 17
10 20
22 27
26 17
10 19
21 20
1 20
10 7
24 4
13 7
18
2 12
8 1
13 11
18 14
6 13
16 11
2 11
15 10
17 1
8 3
8 7
1 4
5 11
18 9
7 18
1 10
7 6
23
18 3
16 1
16 13
17 20
12 21
22 23
5 9
11 2
13 2
22 19
8 2
1 23
9 10
18 7
9 7
14 18
15 20
21 23
7 16
4 22
21 6
20 13
26
26 1
1 23
18 1
1 10
1 19
16 1
1 4
21 1
1 17
5 1
1 9
15 1
6 1
3 1
1 20
13 1
25 1
1 14
1 24
1 8
1 12
1 11
1 2
1 7
22 1
12
9 1
5 1
1 3
1 4
12 1
1 6
11 1
7 1
1 10
1 8
1 2
23
14 6
22 12
16 20
12 8
17 11
7 13
2 18
1 22
10 20
7 21
4 16
5 3
10 8
23 6
21 9
13 2
19 9
5 19
15 23
15 11
14 4
17 3
10
5 7
1 8
9 10
2 6
6 8
7 9
10 2
3 4
5 4
20
3 14
3 6
1 6
18 2
19 18
7 18
12 9
2 15
1 13
9 4
3 17
10 1
2 1
6 11
8 13
16 15
18 9
8 5
18 20
14
3 9
14 5
2 8
5 13
4 14
10 1
1 11
9 8
13 7
12 9
2 10
5 1
6 5
19
18 1
2 1
5 1
1 12
1 13
19 1
3 1
1 8
1 10
1 6
1 4
16 1
1 9
11 1
1 14
1 17
1 15
1 7
11
4 8
11 2
8 1
4 11
10 5
3 10
5 6
9 3
7 6
2 9
29
4 13
23 11
2 15
1 13
15 16
29 22
15 14
27 11
8 20
6 10
21 8
12 18
8 24
2 29
5 26
7 28
12 1
26 18
25 7
7 4
13 24
10 18
17 24
10 19
3 26
9 29
2 12
4 11
15
7 1
1 5
1 2
1 4
8 1
13 1
12 1
1 11
1 15
1 6
10 1
1 9
3 1
14 1
18
4 6
18 6
11 12
15 16
7 11
2 10
15 14
12 3
14 10
17 9
5 1
8 2
3 9
5 13
13 18
8 17
16 4
18
14 3
9 1
2 7
18 12
5 9
14 4
17 4
4 11
6 5
3 1
14 7
12 9
8 3
12 16
13 5
8 10
8 15
18
6 5
10 8
10 3
1 16
12 16
17 15
7 11
5 18
17 2
12 4
13 14
8 9
3 13
7 15
9 2
4 14
11 6
28
27 14
19 14
19 1
21 16
3 22
9 12
28 15
6 9
7 28
4 17
25 16
3 26
10 1
10 4
2 27
13 3
20 11
4 20
8 27
20 23
25 24
14 9
17 18
13 28
19 16
17 5
13 10
23
9 5
12 21
2 18
5 12
23 15
13 3
23 18
14 22
18 17
5 10
12 20
1 14
4 16
11 14
17 16
6 7
12 19
1 2
5 1
8 2
13 1
18 7
10
3 6
10 1
9 2
2 4
1 8
6 9
6 1
7 10
5 7
10
2 3
7 10
7 6
5 2
2 1
7 1
8 6
10 9
10 4
13
7 1
2 12
7 12
8 6
13 5
12 4
9 7
11 1
11 8
10 8
13 11
13 3
21
5 7
1 19
10 16
9 3
5 21
16 19
11 16
12 9
6 12
7 1
8 20
9 4
8 5
18 6
14 8
13 2
6 15
19 2
2 17
7 12
17
11 1
1 4
1 16
1 8
2 1
1 6
14 1
1 3
1 17
1 13
10 1
1 12
9 1
15 1
1 5
7 1
10
8 5
4 8
3 7
6 5
9 10
4 9
2 6
7 2
1 10
20
7 15
18 7
11 9
1 12
6 2
5 3
10 8
15 4
1 13
8 12
20 6
13 6
5 13
16 15
8 11
18 19
17 5
7 12
18 14
22
1 13
1 2
11 1
7 1
1 12
1 14
1 10
1 6
3 1
1 5
1 21
1 20
9 1
1 16
1 19
8 1
4 1
15 1
18 1
22 1
17 1
21
2 10
5 21
15 1
16 19
6 15
10 1
3 13
21 1
3 9
7 12
6 8
14 17
13 4
3 21
15 19
18 7
21 7
3 17
11 21
20 1
12
8 10
2 11
8 1
8 3
3 4
7 10
2 1
5 9
9 2
12 3
6 10
11
7 8
4 9
3 2
2 8
8 1
1 11
10 9
6 3
1 9
11 5
23
23 2
5 1
7 22
10 15
12 4
11 15
11 16
4 22
15 7
7 1
10 9
10 19
14 5
14 8
2 5
6 2
17 11
4 21
20 13
13 18
22 13
3 14
28
3 26
9 27
28 21
5 17
6 11
22 23
2 6
7 3
3 5
27 20
25 15
18 9
24 4
27 25
16 20
13 21
1 7
10 9
15 4
15 22
4 8
22 12
19 6
20 14
11 7
1 25
21 11
14
14 2
6 11
12 4
4 13
5 4
11 1
6 3
2 7
5 1
9 10
9 11
8 6
2 5
27
10 1
4 12
23 26
22 12
5 15
24 16
26 25
2 16
19 21
11 21
20 27
9 24
13 6
7 20
4 10
8 12
5 9
1 24
21 9
17 13
14 26
10 23
16 18
5 3
23 13
4 20
12
12 6
5 8
2 5
9 4
5 11
12 1
8 1
3 9
7 12
10 6
9 8
14
4 5
11 13
1 6
14 6
7 14
3 2
3 9
12 9
13 5
10 2
8 10
12 7
8 11
29
18 1
1 3
5 1
1 28
1 16
1 10
1 2
11 1
1 27
1 9
7 1
14 1
1 22
1 12
17 1
1 15
1 26
1 20
8 1
23 1
13 1
1 6
1 29
1 24
4 1
25 1
1 21
1 19
19
18 3
13 19
14 9
1 2
5 12
10 13
5 16
17 3
4 14
11 2
11 8
17 1
18 15
13 2
14 17
6 18
11 7
5 3
29
2 1
1 12
1 29
1 28
1 27
21 1
13 1
1 4
1 25
1 11
1 5
1 7
1 9
6 1
1 19
1 17
10 1
1 23
1 8
1 24
22 1
1 16
20 1
1 15
1 26
1 14
1 3
1 18
12
9 4
1 10
11 1
3 9
10 5
8 10
2 5
4 6
7 12
4 1
7 9
18
14 1
3 13
18 10
8 12
1 2
13 10
8 4
9 1
8 10
5 18
11 6
2 17
13 2
11 7
2 16
15 13
7 1
16
1 10
1 9
1 16
1 11
1 7
2 1
3 1
8 1
14 1
4 1
1 15
1 6
1 12
13 1
5 1
24
1 21
1 12
10 1
20 1
1 18
19 1
1 6
1 13
2 1
15 1
1 11
8 1
1 16
1 17
1 4
24 1
1 5
1 3
1 14
9 1
22 1
7 1
1 23
13
4 7
12 5
6 13
12 13
8 5
11 8
9 7
4 3
1 10
10 2
2 6
11 3
26
1 16
8 26
16 21
7 4
13 7
9 4
21 14
14 19
25 12
22 10
17 2
16 23
22 21
15 14
24 7
4 17
12 23
9 1
11 3
8 6
9 11
22 18
12 5
20 11
8 23
28
8 14
9 6
6 13
4 16
19 3
20 5
6 24
7 25
25 27
5 28
5 27
24 15
16 23
19 14
22 11
24 2
22 18
1 21
1 15
27 15
16 17
25 10
14 21
2 26
23 22
2 12
21 23
27
4 27
15 19
23 4
8 20
2 4
25 26
25 17
2 9
6 25
7 1
27 13
25 1
10 18
27 22
21 17
3 12
24 26
14 10
20 13
20 10
12 13
11 10
5 13
15 27
16 18
4 25
14
10 3
4 3
7 12
10 6
14 9
9 8
5 13
11 12
6 5
8 11
14 4
2 1
13 2
16
16 5
13 11
9 16
8 14
13 15
7 1
3 9
12 8
7 10
14 6
12 10
4 15
3 11
2 6
5 2
14
5 4
5 6
9 1
9 12
1 10
4 1
13 3
2 7
12 7
14 12
8 4
3 8
11 4
12
1 9
10 1
3 1
2 1
4 1
7 1
12 1
1 8
5 1
11 1
6 1
19
17 19
13 16
19 15
3 1
15 16
8 13
19 14
3 12
4 11
6 10
13 9
16 1
15 11
18 12
11 7
12 5
10 2
3 10
19
2 5
3 4
17 5
6 9
18 19
7 4
7 16
11 10
10 15
18 13
12 13
16 1
8 12
9 8
15 14
14 3
17 11
2 6
18
4 8
1 16
13 10
12 15
14 12
10 11
10 18
6 9
7 10
5 2
2 3
11 16
6 11
14 17
10 14
5 16
4 5
29
27 1
1 10
28 1
3 1
29 1
24 1
1 23
1 4
1 14
26 1
11 1
1 7
1 6
1 9
2 1
18 1
22 1
20 1
19 1
1 15
1 13
1 12
1 8
1 17
1 25
21 1
1 16
1 5
26
3 8
24 17
9 8
12 19
21 23
12 20
25 15
21 15
1 5
10 2
10 16
3 11
17 26
6 5
20 13
4 16
26 14
11 2
23 22
18 4
9 24
13 7
22 7
25 18
6 19
23
6 13
20 5
21 10
18 16
22 15
17 23
2 9
10 3
3 8
12 20
7 22
11 1
4 2
19 4
5 13
12 21
19 23
8 18
14 16
15 6
11 9
14 17
26
9 8
21 20
25 14
12 25
8 14
10 1
1 5
2 19
4 18
7 24
25 17
16 21
19 6
14 10
23 24
24 5
11 16
10 26
20 22
26 4
8 15
4 13
26 19
21 5
20 3
15
15 6
5 1
12 3
4 13
11 9
6 5
9 13
7 4
12 14
9 2
8 4
13 1
12 5
6 10
15
5 2
15 7
11 7
3 10
1 3
13 14
10 6
4 14
2 3
1 11
7 9
12 10
8 2
11 14
29
15 1
1 3
11 1
1 29
7 1
1 19
14 1
1 24
1 20
1 25
1 28
1 26
16 1
1 8
5 1
1 13
4 1
1 21
18 1
1 9
1 23
1 17
1 6
1 10
1 2
1 12
27 1
1 22
23
12 19
18 22
23 2
15 11
9 3
21 22
20 5
5 10
14 12
3 8
4 20
17 18
6 23
2 10
7 8
16 13
14 15
16 9
21 11
19 6
13 1
17 7
10
3 7
4 10
2 4
3 6
9 1
6 8
1 2
5 3
5 1
29
5 1
1 11
1 27
1 14
1 20
26 1
1 13
1 3
1 15
4 1
21 1
17 1
1 28
1 2
22 1
1 24
9 1
1 25
1 6
10 1
1 29
1 12
7 1
19 1
8 1
23 1
1 18
16 1
18
1 3
16 1
1 15
1 11
10 1
1 6
1 8
1 5
13 1
1 12
1 14
9 1
1 4
1 2
18 1
1 17
1 7
23
1 20
22 18
2 8
11 8
5 20
13 20
17 5
18 12
2 14
17 15
4 20
2 13
8 7
4 23
18 21
2 10
3 5
9 13
17 16
5 19
6 20
17 21
26
1 4
6 1
19 1
15 1
16 1
1 12
1 18
23 1
1 24
10 1
1 5
1 20
1 14
7 1
2 1
1 11
1 3
13 1
1 9
1 25
1 17
26 1
22 1
1 8
21 1
26
1 21
26 1
1 7
13 1
4 1
10 1
12 1
1 20
1 2
22 1
1 8
1 14
1 24
1 11
16 1
15 1
6 1
5 1
1 18
1 17
9 1
1 19
1 3
25 1
23 1
16
4 13
6 1
2 1
16 5
7 5
6 15
2 11
9 11
10 15
11 8
2 5
14 9
15 3
13 6
13 12
26
10 23
25 12
2 1
10 17
23 20
17 1
7 16
24 8
1 3
4 1
1 12
5 16
11 25
18 22
6 12
14 12
25 19
3 5
8 12
21 16
9 18
2 13
24 26
1 15
18 17
16
11 16
5 8
10 14
11 7
9 1
1 4
9 8
11 4
9 13
4 12
8 10
12 2
3 12
13 15
6 13
20
3 6
7 9
6 20
13 18
8 5
17 7
4 19
19 1
15 16
11 18
10 14
12 15
17 20
10 3
11 14
2 13
9 12
16 8
4 5
13
1 11
12 1
1 8
1 4
2 1
10 1
1 3
6 1
13 1
1 5
1 9
7 1
16
7 14
6 14
7 15
9 11
10 13
15 5
8 2
14 10
11 1
14 16
6 4
14 1
14 12
3 1
2 12
11
2 7
8 4
10 4
5 7
7 1
9 6
3 11
8 1
9 3
1 9
23
21 1
6 1
3 1
7 1
1 22
1 12
20 1
19 1
4 1
23 1
1 11
1 16
18 1
2 1
8 1
13 1
1 15
9 1
1 14
1 10
1 17
5 1
12
12 2
10 8
6 2
11 4
1 3
9 7
4 10
7 5
11 6
5 8
3 9
22
16 13
13 15
5 2
14 10
9 22
3 19
3 17
21 11
12 20
20 11
10 2
17 18
22 6
7 9
4 16
15 1
4 8
8 6
21 19
5 12
7 14
23
21 14
6 3
12 13
8 11
5 15
1 11
10 7
18 8
19 6
8 9
22 21
6 2
16 13
16 5
20 10
13 4
1 23
2 21
16 23
17 5
11 10
2 23
27
15 2
9 18
10 21
23 5
9 14
12 26
22 7
23 22
14 10
15 17
13 20
19 27
16 18
25 6
25 16
8 12
19 11
7 21
4 8
3 2
26 13
1 6
4 3
24 27
5 17
24 20
23
19 22
11 14
3 16
6 19
13 20
6 18
2 16
5 16
16 17
12 4
20 19
22 15
10 16
7 20
4 23
19 1
19 9
14 6
22 4
21 1
1 17
8 6
11
7 3
6 7
5 2
2 1
10 2
11 10
7 1
4 10
5 8
5 9
11
10 9
2 5
6 8
5 3
3 11
11 10
4 7
2 8
1 9
7 6
15
11 14
7 3
7 12
10 14
11 3
9 1
4 8
2 13
15 5
4 6
6 13
8 9
2 10
5 12
23
8 1
22 1
1 13
10 1
23 1
16 1
21 1
1 18
3 1
1 5
1 20
11 1
1 6
1 2
1 15
1 12
1 9
1 4
19 1
14 1
7 1
1 17
15
8 1
10 1
13 1
3 1
7 1
2 1
14 1
12 1
1 9
11 1
1 6
1 15
1 4
5 1
27
6 3
14 21
3 16
1 6
12 14
10 18
13 5
23 19
4 19
19 27
13 23
20 8
9 14
9 25
9 20
11 17
6 17
18 24
26 3
25 23
7 13
18 17
25 1
15 11
11 22
2 20
28
24 1
8 13
13 18
15 8
2 20
23 19
6 1
1 16
12 25
26 11
7 27
3 22
15 10
3 1
28 1
13 12
5 19
23 16
3 14
12 20
21 15
12 1
12 26
15 27
9 15
15 17
11 4
11
7 1
2 5
3 6
5 7
3 8
1 3
11 7
11 10
4 5
9 11
18
18 12
15 12
8 1
13 3
14 8
6 11
7 14
13 2
9 16
17 6
12 10
14 5
6 4
18 1
17 16
13 18
17 8
25
1 2
7 1
21 1
1 5
25 1
1 6
1 10
1 17
1 23
22 1
4 1
19 1
15 1
1 24
1 14
1 8
1 11
12 1
18 1
9 1
20 1
1 16
3 1
1 13
18
14 7
18 9
11 12
10 4
7 15
2 5
16 9
18 5
17 8
4 12
13 2
6 1
16 11
13 3
17 15
6 8
14 3
13
9 5
10 8
9 1
6 10
4 7
12 3
3 8
3 13
9 4
1 8
2 4
10 11
24
20 2
16 12
17 24
14 4
20 7
11 1
4 11
15 24
10 13
4 6
13 23
23 22
12 13
21 18
5 23
19 12
11 18
1 10
18 8
21 3
24 9
10 15
15 20
23
6 21
15 11
22 8
2 18
3 17
10 23
12 13
16 2
14 18
15 4
22 1
21 5
19 16
17 7
11 20
9 7
10 6
19 13
23 12
8 3
20 9
4 5
15
14 13
9 3
4 14
4 1
9 4
6 5
15 1
4 7
6 9
6 10
11 15
15 8
1 2
12 1
19
3 18
5 16
9 7
11 14
9 15
4 7
12 3
17 10
8 15
4 10
19 1
14 2
13 11
17 18
5 13
16 8
2 19
12 6
26
12 25
7 2
21 5
20 19
24 18
3 5
21 14
11 7
18 10
9 17
13 4
17 2
10 16
15 14
11 8
20 23
12 8
3 9
19 22
4 22
6 26
24 25
16 13
6 1
26 15
20
9 15
6 10
9 3
1 4
16 10
15 19
14 20
18 12
19 10
4 14
2 14
12 15
17 16
8 13
8 11
4 8
1 19
7 12
5 9
13
1 13
1 7
5 1
1 9
1 3
10 1
1 4
1 6
1 12
2 1
1 8
1 11
16
1 6
16 1
1 15
13 1
1 2
11 1
3 1
14 1
1 5
12 1
1 9
4 1
8 1
10 1
7 1
29
24 1
4 1
11 1
8 1
17 1
1 6
1 27
12 1
18 1
1 19
1 5
29 1
23 1
1 28
1 13
21 1
1 10
14 1
9 1
1 15
7 1
1 22
1 2
16 1
3 1
26 1
1 25
1 20
24
3 1
1 13
20 1
12 1
11 1
1 2
23 1
1 17
6 1
22 1
1 21
14 1
5 1
1 24
15 1
1 18
9 1
10 1
1 7
1 8
1 4
1 19
1 16
22
1 15
1 18
1 11
10 1
1 6
5 1
4 1
13 1
1 14
1 2
1 9
1 8
1 3
1 22
20 1
1 7
16 1
12 1
21 1
1 17
1 19
11
6 9
8 1
9 2
8 5
8 11
6 4
2 10
7 10
3 5
8 6
12
12 1
7 11
2 7
12 4
8 7
6 10
12 3
5 3
6 9
1 11
11 6
22
1 18
18 11
18 9
21 19
16 3
8 20
20 13
9 15
14 4
2 21
11 12
2 3
7 11
16 18
16 5
20 6
17 2
10 16
4 16
6 1
22 15
24
12 1
15 1
3 1
1 5
1 24
8 1
1 11
1 19
4 1
16 1
6 1
20 1
13 1
9 1
2 1
18 1
17 1
1 21
23 1
1 14
1 7
1 22
10 1
24
15 19
8 22
21 15
6 21
1 21
16 12
17 10
8 3
14 24
24 10
13 10
20 17
4 17
13 1
7 11
7 8
2 11
15 12
23 6
6 9
18 24
5 11
7 13
29
27 26
1 18
12 6
18 14
8 10
1 2
2 19
7 27
15 2
13 17
29 1
5 21
26 9
1 24
28 21
2 23
21 22
28 16
25 28
3 12
1 12
27 21
1 17
3 11
28 3
4 3
20 10
28 10
14
1 5
14 1
2 1
1 8
7 1
1 3
4 1
6 1
13 1
1 10
9 1
11 1
12 1
14
6 4
1 9
6 12
11 5
7 10
8 11
9 7
10 3
2 5
12 3
14 13
2 14
4 13
15
13 14
13 5
3 5
11 8
9 3
2 9
6 10
11 1
15 12
8 7
7 2
14 4
15 4
12 10
10
1 2
3 1
1 7
1 8
1 5
1 4
10 1
1 9
1 6
20
12 14
10 17
4 18
20 1
6 13
9 13
4 15
6 1
10 9
4 11
2 12
13 8
12 13
5 16
19 16
6 4
3 2
16 9
4 7
19
16 6
4 18
5 9
19 18
17 18
2 1
10 18
12 16
15 19
8 6
6 1
5 1
14 15
11 12
17 13
12 3
10 7
18 1
10
3 10
8 4
7 8
1 4
6 4
8 9
3 1
2 6
5 3
11
1 9
1 3
11 1
7 1
10 1
1 8
1 5
1 2
4 1
1 6
18
1 2
1 8
10 1
6 1
12 1
5 1
1 7
15 1
1 3
1 9
14 1
16 1
1 13
11 1
4 1
17 1
18 1
16
10 5
9 11
3 11
14 16
7 5
10 8
7 4
15 4
14 8
15 3
12 1
12 2
6 13
13 9
2 6
26
24 23
14 21
7 9
13 26
22 21
8 11
17 19
15 11
23 25
6 25
20 8
18 10
14 13
5 21
25 12
17 20
1 24
16 13
11 3
23 7
24 14
2 7
4 10
20 10
8 1
17
11 6
3 9
12 2
2 10
17 8
11 4
9 14
10 17
15 6
13 2
5 6
16 11
9 4
7 17
1 4
1 10
20
1 17
1 8
1 2
1 16
1 6
1 20
19 1
13 1
1 12
11 1
15 1
3 1
1 14
1 4
1 5
7 1
1 9
1 18
10 1
26
17 10
4 25
7 16
4 12
9 20
20 19
14 10
1 23
12 1
17 22
20 4
13 12
21 11
10 20
24 15
5 7
15 4
7 3
7 18
25 26
7 12
6 11
7 2
8 16
11 1
29
1 20
28 1
1 4
1 17
7 1
1 24
23 1
10 1
1 22
1 18
9 1
1 14
27 1
1 19
1 13
1 2
1 21
12 1
1 26
25 1
6 1
1 15
5 1
11 1
16 1
1 3
8 1
1 29
14
10 1
9 1
4 1
2 1
6 1
1 14
5 1
13 1
1 8
1 3
1 11
7 1
12 1
18
1 2
6 8
5 13
6 18
7 11
1 8
2 11
10 18
2 4
3 11
12 15
9 15
16 5
17 4
15 8
5 6
14 4
27
9 14
4 20
8 17
17 10
26 13
5 2
1 8
24 5
26 6
7 5
27 16
27 19
8 20
6 21
25 17
6 12
3 20
15 25
13 2
18 10
26 27
11 14
23 25
22 10
14 2
13 1
22
1 16
1 5
11 1
8 1
1 2
1 7
14 1
21 1
1 19
1 13
10 1
1 4
1 18
9 1
6 1
1 12
1 3
15 1
1 22
1 17
1 20
21
1 20
12 5
13 7
6 18
13 19
1 3
4 14
15 21
16 10
8 18
11 13
20 19
9 5
15 2
20 10
14 10
14 17
19 18
15 3
5 3
18
8 18
10 11
6 2
15 2
1 12
4 12
10 9
9 3
7 5
2 12
11 1
16 9
13 4
14 5
5 11
4 17
8 10
17
14 7
7 5
14 3
1 7
7 16
6 1
11 1
17 6
12 6
3 15
9 7
4 10
6 13
3 2
8 6
1 4
11
9 2
1 8
6 2
7 11
10 1
7 4
7 2
3 4
1 5
7 1
25
12 1
8 1
18 1
1 16
1 25
1 19
1 17
1 13
1 5
1 21
14 1
1 10
15 1
1 4
24 1
6 1
7 1
23 1
1 11
1 2
20 1
9 1
22 1
1 3
15
4 1
1 13
1 15
5 1
8 1
1 14
2 1
1 11
1 9
7 1
3 1
12 1
6 1
1 10
10
7 5
7 6
4 5
8 2
3 10
6 3
2 9
8 10
1 4
28
10 25
5 6
6 12
7 23
1 28
1 8
14 6
20 1
1 14
13 14
19 10
14 15
27 19
2 9
24 28
14 9
25 4
10 11
21 8
23 16
6 26
10 17
15 22
1 10
16 14
10 3
18 27
22
4 2
10 8
2 5
13 21
1 2
13 2
8 15
20 13
17 9
14 19
5 19
15 16
2 6
11 2
7 3
10 12
22 8
11 18
10 17
2 10
7 6
19
14 10
3 18
12 6
7 4
9 19
16 11
16 15
9 16
17 11
1 13
5 1
14 3
8 12
18 2
1 12
1 3
4 12
16 13
29
2 1
1 4
1 20
18 1
23 1
1 29
10 1
27 1
17 1
1 3
6 1
1 24
1 7
15 1
11 1
12 1
16 1
1 14
8 1
19 1
1 26
13 1
1 5
21 1
1 9
1 25
1 22
28 1
18
1 15
1 11
16 1
1 4
1 17
5 1
1 6
1 13
1 3
14 1
18 1
2 1
7 1
10 1
1 8
1 12
1 9
17
1 9
13 2
7 14
7 4
3 2
13 1
3 10
6 2
9 8
11 2
10 5
16 2
1 7
17 6
15 13
1 12
16
12 1
8 1
14 1
16 1
5 1
1 9
2 1
1 15
10 1
1 7
1 3
1 13
1 6
4 1
11 1
10
6 1
2 10
6 9
4 7
6 10
7 1
5 10
3 9
7 8
12
5 2
4 3
1 2
10 12
1 11
3 9
6 1
8 2
2 7
1 4
10 2
16
12 13
6 15
7 5
1 4
8 4
14 3
8 6
7 15
8 16
1 10
9 8
15 3
5 12
7 2
8 11
26
1 15
1 8
7 1
12 1
24 1
14 1
25 1
1 17
1 9
2 1
1 11
21 1
20 1
1 4
1 22
6 1
16 1
1 10
1 13
23 1
1 18
1 26
5 1
3 1
19 1
12
1 5
9 1
1 4
1 11
7 1
1 8
1 6
12 1
2 1
1 10
3 1
27
9 12
19 27
8 18
12 10
11 1
24 10
23 1
6 3
13 23
18 17
20 13
4 1
18 1
14 8
6 15
3 1
1 26
22 2
10 5
1 22
5 21
1 5
5 16
25 10
7 27
27 23
17
6 16
14 13
10 2
17 1
14 5
10 1
10 3
3 11
15 2
7 2
12 14
5 17
16 9
16 17
3 4
8 5
25
18 1
25 16
1 5
15 17
8 16
2 13
20 9
1 21
4 9
23 24
25 18
15 19
3 1
14 5
24 18
22 9
12 7
5 7
25 17
4 11
1 13
17 9
5 10
6 22
26
13 18
5 6
11 24
2 18
4 1
26 24
3 7
14 19
19 12
23 16
6 7
20 22
2 20
25 3
13 8
21 14
12 16
9 25
17 15
15 5
4 21
22 11
23 26
10 17
9 8
10
10 1
8 1
5 1
7 1
3 1
1 9
4 1
6 1
2 1
19
8 15
5 8
19 11
17 14
3 9
16 10
7 6
2 6
19 12
18 12
9 7
7 1
9 8
1 17
6 12
13 8
4 3
16 7
11
1 11
3 1
1 7
6 1
1 10
1 8
9 1
2 1
1 4
5 1
19
1 19
10 1
1 4
11 1
1 18
1 7
3 1
1 12
1 2
1 15
16 1
9 1
6 1
13 1
8 1
14 1
1 5
1 17
23
3 5
9 1
16 13
5 4
9 23
10 22
8 11
6 5
7 1
19 8
7 5
22 5
7 20
5 8
14 7
21 13
19 17
18 5
12 8
5 2
13 1
15 3
14
10 1
1 5
1 12
4 1
11 1
13 1
14 1
9 1
6 1
1 8
3 1
1 2
7 1
26
16 23
20 15
20 14
8 9
10 6
1 23
16 25
16 4
2 1
9 11
26 12
13 6
8 2
22 5
12 17
22 7
9 18
2 19
20 5
12 19
6 8
3 24
23 5
3 19
3 21
25
3 1
1 13
1 19
16 1
1 15
1 4
1 25
10 1
7 1
1 24
9 1
1 12
5 1
11 1
1 14
1 8
1 18
2 1
1 17
20 1
1 23
6 1
22 1
21 1
10
2 1
1 5
1 6
10 1
1 9
1 4
3 1
8 1
7 1
20
17 4
7 18
18 13
6 12
5 3
15 16
17 8
20 7
12 1
14 20
9 10
6 2
13 8
19 2
10 11
19 15
14 3
4 9
16 11
23
10 22
18 4
16 10
20 8
9 3
23 11
22 5
17 1
22 1
6 8
2 1
4 23
15 16
9 17
19 21
13 9
12 7
3 21
23 22
4 14
3 7
9 8
16
7 6
5 1
6 15
4 14
8 5
12 4
12 11
7 13
8 9
11 16
12 1
5 6
3 8
4 10
11 2
12
12 1
9 4
12 3
5 2
7 9
2 4
6 10
6 5
10 11
11 8
7 3
21
14 6
20 18
19 16
12 15
6 19
13 10
10 17
18 21
9 5
1 9
20 11
13 8
2 17
11 3
12 3
7 8
15 4
21 16
7 4
5 2
20
4 17
1 14
5 9
11 10
15 20
15 16
2 20
17 14
13 9
14 6
4 8
1 18
3 14
5 7
19 1
5 10
17 12
14 13
19 20
24
14 6
11 13
5 18
14 16
21 24
11 6
14 10
21 2
2 12
21 8
15 2
17 20
1 22
22 7
11 4
19 8
3 7
17 9
6 24
22 17
24 1
23 8
5 7
11
1 2
1 3
1 9
7 1
1 6
11 1
1 4
1 8
10 1
5 1
19
4 11
14 7
1 4
7 5
6 10
12 7
4 9
8 13
4 13
4 2
1 7
4 19
7 16
4 17
1 15
6 7
2 3
8 18
10
1 9
6 1
3 1
10 1
5 1
7 1
1 8
1 4
1 2
28
1 2
1 13
1 5
1 14
1 22
1 21
1 8
1 4
19 1
1 18
1 24
6 1
3 1
1 11
10 1
1 15
1 7
9 1
1 20
1 25
1 26
17 1
23 1
16 1
12 1
1 28
27 1
26
2 19
23 8
1 4
18 11
1 18
1 19
1 13
9 22
14 7
9 1
12 20
23 16
14 4
15 1
20 25
10 19
21 24
2 17
18 5
21 14
23 19
13 26
6 5
18 3
18 12
10
1 5
1 2
1 7
4 9
3 1
10 2
9 5
1 8
1 6
21
15 18
19 4
19 5
18 1
15 3
6 20
11 13
14 3
11 3
2 20
4 15
7 15
21 1
8 7
9 14
1 17
1 20
12 8
11 16
10 11
22
5 18
13 11
14 8
2 21
4 12
13 9
7 14
17 15
2 16
10 15
3 21
10 22
11 16
9 22
6 19
1 7
12 20
8 20
6 5
19 3
4 17
20
16 15
7 14
9 5
9 6
11 18
3 5
12 15
10 8
13 1
7 20
18 6
16 10
19 20
2 3
17 2
4 17
14 4
13 12
19 8
17
7 13
17 4
8 4
5 10
2 1
16 12
4 1
13 11
4 6
3 15
12 15
4 15
17 14
12 10
6 13
14 9
29
12 1
26 17
7 12
28 14
11 3
16 23
19 1
26 28
26 18
1 4
25 15
26 11
22 3
27 5
28 6
18 21
20 7
9 4
23 19
1 27
27 8
18 29
25 27
17 24
28 1
10 23
14 13
2 11
11
4 3
6 2
10 5
3 8
3 7
9 2
7 1
7 2
11 10
10 1
25
14 25
25 20
11 9
11 12
5 18
5 7
16 14
6 13
11 17
21 23
23 4
15 19
5 13
22 2
12 1
12 13
8 22
20 8
15 10
8 23
22 24
1 20
14 3
15 25
27
20 4
7 2
23 19
24 10
1 21
11 13
27 25
24 3
23 27
7 5
15 6
25 16
8 10
12 9
18 21
17 18
5 22
2 16
22 4
14 6
20 11
9 8
14 26
19 26
12 15
3 17
20
5 3
15 4
15 9
13 17
15 10
5 14
17 2
18 7
7 12
1 4
1 8
4 11
6 3
11 20
8 12
17 12
7 16
3 8
19 11
25
8 1
1 24
1 21
1 14
12 1
1 10
16 1
15 1
23 1
22 1
2 1
1 3
1 18
1 17
1 11
1 20
5 1
7 1
1 4
9 1
1 6
1 13
25 1
19 1
20
12 1
4 1
19 1
8 1
13 1
16 1
6 1
9 1
1 2
1 10
1 7
18 1
1 3
14 1
1 20
1 5
17 1
11 1
15 1
19
7 2
11 9
8 5
18 14
10 1
16 8
19 2
6 19
13 10
4 7
17 5
12 15
11 3
4 17
15 18
3 13
16 14
6 9
24
1 21
1 5
12 1
1 2
22 1
6 1
10 1
11 1
19 1
1 8
1 18
3 1
17 1
1 16
1 13
15 1
1 20
4 1
1 14
23 1
1 7
1 24
9 1
15
6 1
8 1
10 1
1 7
1 3
14 1
1 11
1 15
5 1
9 1
4 1
12 1
2 1
1 13
17
8 4
16 17
11 2
1 4
3 1
3 16
6 14
2 10
8 13
6 3
12 10
16 15
2 4
9 6
10 5
7 8
17
1 6
1 12
1 10
7 1
1 2
1 4
15 1
3 1
1 11
1 16
17 1
1 8
1 13
9 1
14 1
1 5
25
9 16
11 13
23 14
13 2
1 5
19 25
1 25
10 5
10 23
23 4
11 25
6 20
18 16
3 13
5 18
21 19
12 16
8 6
7 11
10 24
15 24
24 17
19 22
6 18
14
11 1
2 3
10 1
11 13
12 9
5 9
14 8
1 4
2 14
1 9
9 14
2 6
2 7
18
15 14
10 8
12 18
2 16
11 16
14 2
7 18
4 17
3 14
1 2
4 10
18 10
6 9
8 1
6 8
6 5
13 16
23
1 18
1 5
1 22
1 15
1 13
16 1
1 9
10 1
1 4
20 1
8 1
1 23
19 1
1 17
21 1
7 1
1 14
3 1
2 1
1 11
1 6
1 12
18
2 5
14 15
16 4
12 7
2 10
4 17
1 11
15 8
12 9
3 7
10 9
18 6
18 17
13 11
14 3
5 6
13 16
18
11 17
6 4
2 15
4 16
12 10
13 14
6 5
1 7
5 10
15 11
8 16
3 13
8 9
3 12
2 18
17 9
14 7
21
1 11
19 4
1 17
7 10
8 9
11 6
12 9
2 17
13 3
4 15
1 7
21 6
8 7
18 20
11 5
15 1
18 17
14 1
4 16
3 6
13
11 2
5 2
4 2
4 10
8 9
13 3
4 1
6 3
2 7
9 10
3 1
12 6
24
1 19
5 11
1 18
10 21
8 13
10 14
24 20
9 3
11 23
2 3
16 14
4 14
11 18
19 10
15 13
20 22
7 21
21 17
6 13
18 3
20 6
23 12
19 6
13
4 1
1 7
1 9
1 5
1 2
1 11
8 1
13 1
1 3
1 12
1 10
6 1
16
14 10
2 8
16 6
11 16
13 16
3 7
3 9
11 2
3 10
1 10
14 15
14 4
5 2
1 11
9 12
14
2 1
1 6
1 3
1 11
1 12
8 1
9 1
1 5
1 7
4 1
1 13
1 14
1 10
19
18 1
4 1
1 10
19 1
17 1
2 1
1 7
1 11
16 1
1 3
1 12
1 6
1 15
1 9
8 1
1 14
1 5
1 13
22
2 4
14 18
20 14
22 7
8 18
22 13
11 15
13 12
21 15
10 2
6 17
1 10
11 9
21 16
19 12
16 3
8 5
4 19
17 20
7 3
6 9
24
5 13
16 15
10 16
1 12
10 18
24 3
18 5
11 3
22 19
20 2
21 20
23 17
21 19
12 8
23 7
14 8
9 17
4 14
6 11
13 2
24 22
4 15
6 7
23
10 22
6 10
8 12
11 16
7 1
3 2
9 17
12 10
4 8
1 8
3 15
1 17
19 18
13 20
9 5
11 21
23 4
11 1
9 19
17 14
1 3
20 3
28
1 9
11 1
1 23
1 28
1 5
14 1
24 1
13 1
16 1
20 1
22 1
1 6
1 26
8 1
12 1
10 1
1 21
15 1
19 1
1 27
1 17
1 4
1 3
1 2
1 25
1 7
18 1
28
1 19
21 1
1 27
1 20
11 1
1 12
24 1
1 28
25 1
14 1
1 13
1 4
1 9
16 1
1 6
3 1
1 5
8 1
1 26
15 1
23 1
22 1
17 1
10 1
1 7
1 2
1 18
10
1 3
5 1
1 2
8 3
4 1
7 2
9 1
1 10
6 1
17
4 3
10 17
4 6
16 6
14 10
4 10
7 1
1 9
1 2
12 14
15 9
5 13
1 14
6 13
8 17
8 11
28
24 25
27 10
15 22
19 14
7 13
14 2
22 23
21 27
6 16
4 9
11 6
26 13
3 4
5 21
17 24
28 10
18 1
7 23
20 8
25 5
28 15
12 3
17 8
2 18
19 12
9 20
26 11
18
11 14
9 12
6 14
5 8
2 1
12 3
17 7
4 13
8 2
15 4
14 16
2 4
8 12
18 5
10 7
16 1
7 16
22
21 9
5 14
1 14
17 10
11 3
13 16
18 19
21 18
20 7
15 12
5 19
4 10
11 22
15 9
6 8
3 6
17 12
7 16
22 2
20 8
4 2
18
2 1
4 9
15 6
3 13
10 1
1 14
7 1
9 5
14 11
18 11
8 1
15 12
3 9
10 15
17 5
3 16
10 3
16
5 9
8 3
5 8
14 8
7 8
1 4
1 2
2 11
13 8
1 3
3 12
7 6
15 1
3 10
7 16
19
13 1
3 1
9 1
1 10
1 5
1 14
19 1
4 1
7 1
1 16
12 1
11 1
1 18
15 1
1 17
1 8
1 2
6 1
29
1 27
1 15
25 1
4 1
9 1
1 10
1 17
6 1
18 1
24 1
20 1
1 13
7 1
29 1
1 11
5 1
19 1
21 1
1 8
26 1
1 16
14 1
1 12
3 1
22 1
1 2
1 28
1 23
15
5 14
1 12
12 13
11 14
15 9
3 10
2 7
10 11
3 8
9 6
2 4
6 13
15 7
4 5
17
6 13
3 11
5 7
9 15
8 9
11 6
1 2
17 13
8 7
3 12
4 5
16 15
2 16
10 12
4 14
10 14
22
14 21
5 13
20 8
9 7
6 21
9 20
3 2
1 4
4 2
19 13
8 1
21 8
22 17
10 6
6 16
14 12
17 18
9 11
20 13
15 2
17 4
14
1 11
1 2
5 1
1 12
1 6
9 1
1 13
14 1
8 1
1 3
10 1
7 1
4 1
13
1 4
1 6
7 1
13 1
3 1
12 1
1 10
8 1
2 1
5 1
9 1
1 11
17
14 17
7 8
10 13
16 17
4 13
8 1
12 3
7 12
15 10
3 16
6 14
15 2
2 6
9 11
5 11
9 4
12
1 5
10 1
1 7
3 1
1 9
1 8
1 6
1 11
1 4
1 12
2 1
10
9 8
10 2
5 7
9 4
7 6
5 2
10 1
3 8
6 3
18
12 7
12 4
6 9
14 16
11 2
17 7
3 10
8 18
1 13
10 5
4 14
18 15
6 5
15 11
2 13
3 17
9 8
13
11 1
10 1
4 1
1 8
1 12
3 1
1 13
1 2
1 9
7 1
6 1
5 1
23
19 21
21 22
20 17
11 3
16 18
20 4
22 8
8 16
9 23
15 16
2 8
5 11
10 1
20 8
20 1
4 7
11 12
20 13
23 16
3 14
6 1
20 5
25
19 25
16 11
2 3
10 8
5 19
22 12
16 1
13 2
9 13
21 18
18 15
18 9
19 16
1 13
17 11
25 14
24 3
20 12
12 9
2 10
11 6
23 3
4 10
25 7
28
17 11
1 2
27 18
2 18
28 25
16 13
28 12
22 23
7 9
9 26
19 25
7 1
22 4
6 26
5 28
10 16
24 8
11 18
21 24
24 14
22 14
14 7
2 25
19 3
9 16
15 19
26 20
12
3 12
9 5
1 5
8 12
7 12
10 11
4 5
2 11
3 1
9 6
3 11
19
1 9
18 1
1 16
2 1
1 15
1 19
7 1
1 17
11 1
5 1
1 13
12 1
1 8
10 1
14 1
4 1
6 1
1 3
27
22 13
14 4
3 2
20 10
13 1
12 20
6 25
6 19
26 15
1 4
13 26
6 20
21 1
20 11
9 5
17 20
24 10
7 11
23 11
9 1
1 8
6 16
19 1
16 18
19 3
27 20
10
7 1
8 7
3 2
4 10
9 6
5 10
3 8
9 4
2 5
19
8 12
3 11
6 8
18 14
14 6
17 11
3 9
10 12
18 7
2 4
19 4
16 7
13 17
2 5
15 19
16 13
10 15
9 1
24
9 3
2 1
12 18
2 14
21 17
16 5
10 6
2 7
21 10
21 3
19 13
3 4
1 24
11 8
20 22
24 23
21 13
8 22
1 13
12 19
22 21
10 16
16 15
28
20 1
10 23
10 15
5 27
3 25
15 7
23 18
23 19
25 23
24 15
25 13
15 17
15 28
6 17
12 25
1 10
15 21
4 28
27 21
13 2
14 1
10 8
22 1
22 11
9 15
24 26
13 16
25
15 1
13 22
4 17
14 20
15 6
25 6
8 22
24 18
23 16
8 20
11 10
19 5
24 7
3 4
9 25
21 17
11 21
5 23
14 12
12 16
19 3
2 10
9 18
2 7
21
15 13
12 4
17 20
10 19
7 11
11 2
4 6
17 12
14 18
8 7
21 19
10 18
6 9
16 3
8 9
1 13
20 16
15 14
3 5
21 2
28
28 16
6 15
18 8
13 9
25 20
16 24
26 5
23 8
7 6
27 26
22 10
5 4
23 11
14 12
17 14
2 1
19 20
19 3
21 28
9 18
27 7
21 10
25 24
3 15
4 17
12 2
13 22
13
6 8
7 12
10 6
1 4
3 13
7 4
11 9
8 3
10 9
13 5
2 11
12 5
25
1 24
12 1
25 1
1 23
13 1
8 1
19 1
1 2
1 6
1 3
1 15
10 1
4 1
1 21
11 1
1 14
1 9
22 1
5 1
16 1
18 1
7 1
1 20
17 1
26
15 1
4 1
1 12
13 1
19 1
1 2
26 1
1 11
1 9
17 1
10 1
1 18
14 1
1 25
5 1
23 1
3 1
1 24
1 16
1 6
22 1
1 21
7 1
1 20
1 8
24
12 20
1 23
7 2
7 17
5 15
23 7
19 23
18 17
21 12
24 12
6 11
5 3
1 10
6 22
22 5
8 21
10 21
19 13
22 10
14 6
16 19
9 8
4 8
10
9 10
5 8
9 6
3 9
2 1
7 8
3 5
1 4
9 4
11
8 1
1 10
1 3
1 11
9 1
5 1
2 1
1 6
1 4
7 1
15
5 12
6 5
14 3
2 10
9 15
4 8
15 4
9 6
14 11
11 2
7 3
8 13
1 7
13 10
27
14 10
2 1
12 15
21 2
26 5
8 9
8 1
24 1
3 21
13 26
6 18
9 14
1 18
20 27
26 6
7 9
11 1
8 4
22 15
6 12
27 14
1 17
13 16
8 25
19 5
23 2
12
8 2
1 10
7 11
1 3
4 12
12 3
10 11
5 10
12 9
6 2
3 2
27
1 6
26 20
3 8
7 10
19 3
5 2
7 3
23 14
7 18
5 22
17 7
5 27
17 16
5 7
23 5
4 27
5 13
22 25
17 11
1 27
9 13
20 1
21 20
3 24
12 16
7 15
27
20 11
3 12
22 13
24 19
15 8
23 16
8 17
26 22
9 21
26 27
25 5
11 5
10 7
19 6
27 1
12 13
4 2
10 6
3 14
4 23
16 21
20 15
18 7
9 24
25 2
14 18
20
9 5
20 9
11 10
18 17
10 2
1 13
16 4
10 3
2 17
12 7
12 9
13 4
15 6
2 5
17 19
13 15
4 14
5 1
15 8
13
4 1
10 1
1 13
11 1
1 9
1 8
1 6
1 7
1 12
3 1
5 1
1 2
10
7 4
5 2
10 9
4 8
2 9
6 3
3 5
1 10
6 8
10
6 7
7 1
2 9
2 8
3 2
7 10
9 5
4 5
9 1
23
13 9
1 5
23 10
17 15
21 19
4 18
16 3
20 10
15 8
18 11
17 9
5 18
19 8
2 22
16 17
22 6
14 9
22 8
7 19
15 1
5 10
12 16
16
12 16
10 15
8 11
13 3
7 11
5 16
12 4
14 11
7 1
13 6
2 10
10 6
7 16
1 6
13 9
22
21 4
19 13
8 5
10 8
10 6
22 3
11 17
3 18
20 11
2 5
18 9
9 6
16 4
14 7
20 12
19 14
17 13
15 12
1 15
7 2
21 22
19
1 11
1 18
5 1
8 1
1 9
4 1
19 1
1 3
13 1
7 1
12 1
10 1
1 14
16 1
17 1
6 1
15 1
1 2
24
17 19
7 20
14 1
2 22
4 13
22 8
24 3
15 21
12 7
2 11
16 24
5 14
10 18
4 3
18 5
9 8
23 10
12 13
6 23
9 6
11 17
15 16
19 21
12
6 1
9 1
1 3
5 1
1 11
1 7
1 4
1 10
8 1
1 12
1 2
20
3 20
11 12
15 11
3 7
20 8
2 1
8 19
6 16
16 17
2 9
13 14
19 10
6 7
14 4
4 9
5 17
12 18
13 5
10 15
27
6 17
1 3
16 14
24 18
12 10
11 14
22 10
25 27
26 12
9 5
3 7
13 7
16 18
17 10
23 5
20 18
22 1
8 25
12 4
15 17
2 25
21 14
22 16
19 7
8 3
8 5
23
1 22
1 20
18 1
1 8
6 1
17 1
21 1
15 1
1 5
1 9
16 1
1 12
13 1
1 14
1 23
1 19
1 7
1 4
11 1
1 2
1 10
1 3
13
8 2
13 11
5 9
3 5
2 10
3 2
12 11
7 13
3 1
5 4
1 11
13 6
19
3 15
16 5
1 6
14 16
7 10
19 15
17 2
18 4
12 6
3 12
9 17
4 13
19 7
8 14
11 8
13 9
18 10
2 5
13
11 1
12 1
8 1
1 2
5 1
3 1
10 1
1 9
1 6
7 1
1 13
1 4
16
15 3
10 9
2 7
14 8
1 2
7 5
10 4
10 12
14 7
11 4
4 1
16 15
11 6
13 11
2 15
22
11 13
14 16
15 7
5 20
17 19
15 5
6 9
15 2
1 22
18 6
4 6
7 1
21 3
8 18
10 3
1 6
13 6
14 1
5 17
5 21
4 12
25
15 11
6 18
23 4
10 3
9 24
17 23
7 23
23 13
1 16
9 1
8 19
20 22
16 25
20 1
21 13
23 18
1 23
5 15
15 1
8 3
16 2
12 18
10 14
20 8
26
12 16
7 21
1 13
6 21
24 2
20 10
11 1
18 11
16 2
21 20
10 23
14 25
22 14
5 23
1 9
19 6
1 21
16 21
18 17
14 11
3 1
5 8
4 26
26 23
7 15
15
1 13
1 14
1 4
1 5
2 1
1 3
1 12
7 1
8 1
10 1
1 9
1 15
6 1
11 1
23
23 15
7 18
21 8
20 18
12 9
21 4
15 9
19 16
16 6
10 11
22 17
3 10
19 7
20 14
6 17
5 12
23 13
8 2
2 22
13 14
11 5
3 1
28
19 1
9 1
23 1
1 3
10 1
1 2
1 16
8 1
21 1
1 11
1 14
1 4
28 1
1 27
1 13
18 1
22 1
1 24
1 6
17 1
12 1
1 5
1 26
1 7
1 25
15 1
1 20
27
25 4
22 27
27 23
15 6
17 8
23 12
1 13
5 19
17 26
11 21
7 5
3 16
24 8
6 10
18 13
25 21
20 15
2 9
14 12
9 7
3 19
10 16
2 14
18 22
4 26
20 11
25
15 22
22 12
14 11
21 5
7 19
9 25
3 25
18 12
8 24
8 2
9 17
15 20
23 3
6 4
18 1
2 13
13 11
21 10
16 4
20 10
19 17
5 16
6 7
14 23
19
11 14
14 16
5 14
9 17
17 8
19 15
2 18
15 18
18 10
1 14
8 12
13 14
8 16
3 11
4 12
7 5
1 6
15 1
22
16 17
16 1
5 4
22 17
18 12
10 13
17 10
8 14
22 6
2 18
8 11
20 14
18 3
2 1
16 8
9 11
19 4
10 15
14 21
4 2
11 7
24
21 7
14 18
3 8
11 8
13 22
19 21
23 5
1 5
2 3
16 20
12 15
7 10
18 15
4 2
20 24
11 13
22 14
4 17
9 23
24 10
6 17
6 19
9 12
29
18 7
28 19
15 19
2 23
25 7
24 3
21 25
13 12
29 11
3 16
6 22
13 20
9 14
12 11
28 10
22 8
29 26
17 2
6 1
16 27
4 14
27 5
18 24
5 8
23 15
20 10
21 4
9 17
17
9 5
17 15
15 7
3 6
12 6
2 7
6 4
14 16
8 7
11 14
16 1
3 1
13 9
14 10
15 16
9 3
19
18 7
13 12
14 7
1 2
15 10
7 6
17 1
4 18
16 5
12 7
1 12
9 7
6 11
8 13
19 5
19 3
3 1
15 3
22
13 5
10 7
12 4
1 8
6 11
2 6
9 17
7 9
12 21
20 18
14 4
16 20
16 19
15 14
8 3
10 15
18 2
11 13
21 19
3 5
17 22
10
4 3
1 7
3 1
4 9
4 5
5 6
6 2
8 1
7 10
14
14 2
10 5
13 11
14 4
3 12
10 13
5 8
6 7
4 9
9 7
8 12
2 3
11 1
21
9 10
13 16
17 2
7 13
21 19
12 20
9 2
1 14
6 10
1 6
7 5
3 20
4 15
8 1
11 17
6 13
21 18
1 4
20 18
6 18
24
18 5
5 14
19 6
5 1
20 1
16 14
24 19
22 2
3 11
19 12
1 22
14 19
17 14
4 15
17 13
10 24
14 4
8 12
19 23
9 7
11 4
9 1
21 5
23
14 1
1 22
7 1
10 1
1 17
15 1
21 1
5 1
1 8
9 1
1 16
1 13
2 1
19 1
20 1
1 12
1 11
1 6
4 1
23 1
1 18
3 1
26
2 1
1 17
4 1
6 1
11 1
1 8
10 1
25 1
1 3
1 24
1 20
1 5
22 1
1 19
1 12
16 1
1 7
1 13
1 9
1 26
21 1
1 15
18 1
23 1
1 14
21
1 8
20 12
18 7
6 8
20 17
13 21
3 14
3 21
9 7
12 13
10 6
7 8
15 20
4 5
13 1
4 21
4 11
16 3
6 2
12 19
12
2 6
9 4
11 12
8 4
5 7
5 12
3 1
8 6
11 10
9 7
3 10
12
4 5
5 9
7 10
4 12
11 12
6 11
8 3
7 6
1 3
2 8
2 9
20
8 9
15 10
3 2
6 13
1 5
7 11
7 12
14 9
5 13
2 20
18 16
19 13
7 18
11 1
4 9
8 2
5 15
8 11
17 15
19
18 12
5 1
6 4
5 14
2 7
7 17
13 11
9 6
9 19
18 15
17 10
16 12
10 11
14 4
15 8
8 3
13 19
2 16
23
4 9
1 15
14 7
18 5
11 15
9 19
11 18
2 13
13 10
16 21
3 6
12 16
20 16
9 10
7 23
3 11
13 8
20 15
20 7
3 17
10 1
22 18
17
10 17
7 14
16 8
1 6
6 17
15 1
17 4
2 8
4 11
9 12
6 5
9 15
14 13
6 13
15 16
3 13
27
17 18
9 6
1 3
2 16
16 25
2 22
14 12
4 24
8 20
7 15
9 11
25 20
13 17
26 13
10 23
27 22
7 10
27 21
12 3
5 8
18 6
19 24
26 14
15 11
19 5
23 4
22
18 10
3 1
4 9
16 21
9 20
19 16
2 20
17 6
15 8
14 15
10 8
19 11
3 5
12 13
18 12
5 17
6 22
14 7
11 22
13 2
21 7
10
7 2
6 10
4 10
9 5
6 1
8 10
6 9
2 1
2 3
10
1 7
1 4
9 6
9 4
3 4
3 2
9 10
7 5
8 7
17
9 13
5 8
11 12
3 2
14 1
15 12
5 4
11 7
13 3
16 7
15 14
6 17
17 9
4 6
8 16
10 2
21
14 6
5 19
18 21
1 3
17 6
3 9
6 7
13 14
13 15
12 21
13 11
20 3
2 15
16 10
16 21
6 12
4 21
21 1
5 8
8 7
26
1 26
21 1
13 1
24 1
1 4
11 1
1 12
1 17
10 1
1 3
1 25
23 1
1 2
1 14
9 1
1 16
1 19
8 1
1 20
1 22
1 15
7 1
6 1
1 18
5 1
26
1 25
4 1
21 1
23 1
1 7
1 10
1 8
1 11
1 16
9 1
26 1
3 1
2 1
1 6
1 24
1 13
18 1
20 1
17 1
1 5
1 15
14 1
19 1
22 1
1 12
14
8 11
5 11
13 7
1 7
6 9
4 3
9 14
1 8
8 9
13 12
7 4
4 2
10 11
19
1 14
6 16
9 10
17 18
1 16
19 13
15 13
15 5
13 10
3 1
1 7
1 15
2 5
12 13
4 10
3 8
15 17
11 16
20
11 1
12 8
2 1
11 7
8 19
13 10
11 14
1 3
15 3
5 3
1 13
4 9
5 9
20 19
17 9
1 8
15 6
16 11
19 18
17
16 1
1 7
15 8
8 3
13 16
10 11
7 12
2 11
2 5
9 14
1 17
3 9
2 9
1 9
4 7
14 6
17
16 2
9 2
8 4
2 1
3 12
7 10
11 16
4 17
5 9
13 4
14 16
1 8
3 9
10 8
3 6
10 15
13
1 2
4 13
11 7
3 11
13 10
6 8
12 9
5 9
10 3
13 1
3 9
10 8
14
3 1
1 12
1 14
10 1
9 1
1 8
1 2
1 5
6 1
1 7
1 4
1 13
1 11
13
13 5
11 4
6 12
9 13
1 6
1 9
2 7
9 7
6 11
13 10
8 7
11 3
24
19 9
4 7
3 8
3 6
11 10
11 22
14 15
16 13
23 15
7 21
20 7
16 20
17 18
9 11
1 20
20 3
2 11
24 4
5 4
12 4
20 11
10 18
7 23
13
7 3
7 13
11 6
11 10
12 1
10 2
12 4
5 6
12 10
1 9
8 6
10 7
17
1 13
1 5
11 1
1 15
17 1
6 1
4 1
1 16
12 1
7 1
1 10
1 9
3 1
1 2
1 8
14 1
20
1 10
20 1
5 1
6 1
18 1
1 3
1 4
1 11
12 1
8 1
1 9
7 1
15 1
19 1
2 1
1 17
14 1
13 1
1 16
18
9 12
2 15
5 16
17 13
10 14
4 7
3 1
18 3
11 12
16 15
7 5
8 6
6 13
11 14
8 2
10 4
18 9
28
1 18
9 1
1 8
21 1
12 1
2 1
1 4
1 20
11 1
15 1
1 22
1 24
1 26
13 1
10 1
1 25
1 3
28 1
1 23
1 6
1 5
17 1
1 19
14 1
27 1
1 7
1 16
15
8 1
6 4
7 4
14 13
9 10
3 5
2 11
3 12
3 2
10 1
7 9
15 14
12 1
12 14
26
24 3
20 10
5 15
18 8
9 17
25 23
2 20
22 9
14 6
15 10
21 13
12 19
2 12
1 26
17 6
23 18
16 19
16 11
25 7
3 26
8 4
11 24
7 14
22 5
4 13
28
2 10
12 10
9 1
4 11
10 7
23 9
22 28
4 20
1 21
1 8
19 23
25 22
17 4
10 5
7 18
24 5
17 1
1 26
21 7
22 6
17 3
13 9
15 23
1 27
17 16
23 14
25 1
18
6 18
7 2
6 8
6 3
7 10
11 15
1 3
15 7
16 9
16 5
13 16
4 14
15 5
1 5
12 4
11 17
4 3
28
5 7
20 27
10 14
11 14
6 19
9 3
4 19
8 2
22 9
13 23
10 9
24 18
15 21
19 17
2 24
7 20
10 16
25 2
1 18
15 4
28 14
24 23
7 16
18 4
16 1
12 23
26 15
24
7 1
1 12
22 1
8 1
1 16
1 14
19 1
20 1
13 1
1 24
1 3
1 18
17 1
15 1
1 6
5 1
9 1
1 21
23 1
10 1
1 2
11 1
1 4
25
17 22
12 22
6 20
9 14
1 4
3 8
19 4
1 23
20 13
11 23
21 5
3 16
11 20
14 10
21 24
25 2
23 8
8 2
11 22
4 14
7 19
3 15
19 21
18 2
18
6 9
12 1
11 15
5 17
17 16
8 6
16 6
16 4
14 10
6 11
13 9
7 8
1 6
5 2
3 16
18 6
17 14
25
1 24
11 3
21 18
22 2
12 6
17 9
7 10
5 9
1 13
25 24
8 14
15 23
20 2
9 11
6 19
2 24
1 14
11 7
1 6
21 11
16 14
11 1
24 15
4 6
13
6 12
1 11
10 4
9 4
6 13
7 3
8 11
5 10
1 9
2 13
7 1
13 4
24
12 3
17 21
4 6
22 4
7 17
12 11
1 4
22 5
10 17
14 15
11 20
4 23
22 16
11 9
18 1
19 22
17 13
11 1
2 13
9 14
24 8
7 8
7 1
12
12 11
9 2
10 12
4 1
4 8
9 6
4 7
8 3
6 12
1 6
9 5
17
9 12
15 12
3 5
4 6
5 10
16 5
11 2
13 8
14 13
4 8
1 8
12 4
17 13
3 1
11 3
11 7
29
8 19
15 27
1 15
7 9
5 4
23 8
29 1
23 28
1 17
1 6
12 21
3 7
13 23
16 11
23 5
8 1
28 25
14 2
10 7
8 7
25 26
22 7
12 23
16 8
19 24
5 20
18 17
19 2
29
17 26
13 5
4 29
27 12
4 23
21 5
9 24
24 8
27 17
2 11
4 25
3 11
10 6
22 14
16 12
22 24
28 27
25 19
21 14
17 20
28 1
14 1
21 6
28 25
18 6
12 15
7 5
11 22
15
1 15
6 1
1 14
1 10
1 5
2 1
1 13
1 9
1 12
3 1
1 11
4 1
1 8
1 7
22
22 19
3 6
21 13
22 8
3 16
10 11
9 17
18 2
1 7
7 13
9 4
18 15
17 2
16 21
6 5
4 11
14 10
14 12
5 15
20 12
20 19
20
2 1
14 8
9 1
1 3
8 2
1 12
15 6
13 9
16 7
20 9
19 5
16 14
6 1
17 1
18 4
11 18
18 2
8 5
12 10
13
5 1
7 1
1 10
4 1
8 1
11 1
1 6
13 1
1 9
1 12
2 1
3 1
18
12 1
1 7
1 17
1 4
13 1
11 1
2 1
1 16
1 15
9 1
1 18
1 6
1 14
10 1
3 1
1 8
5 1
18
12 14
16 1
14 3
12 5
2 3
10 15
11 8
15 6
12 9
11 3
7 4
16 7
16 15
13 2
18 11
14 1
17 7
20
20 17
2 12
6 3
3 1
16 9
9 20
5 14
14 7
1 20
17 8
6 11
10 14
4 17
7 3
6 12
19 13
19 7
9 18
15 19
10
2 1
4 9
3 9
5 7
10 6
2 8
10 4
7 8
3 5
19
2 6
13 7
17 15
13 16
5 12
14 10
1 4
6 16
11 7
18 17
5 11
9 19
4 10
14 3
3 18
9 8
8 12
15 2
12
9 12
1 9
10 9
5 11
11 4
3 8
7 10
6 11
3 2
5 1
5 3
18
4 11
18 6
3 13
15 17
10 8
5 7
1 16
3 15
4 8
12 6
13 16
5 18
2 17
11 9
14 10
9 2
12 14
16
1 2
10 15
9 10
9 3
15 16
6 8
5 13
15 1
14 5
2 5
7 6
16 11
10 4
12 16
2 6
21
21 10
20 8
3 15
14 5
7 18
17 20
2 18
6 7
15 1
6 3
11 10
21 19
16 13
4 14
8 2
19 17
11 9
9 4
5 16
13 12
25
13 2
12 22
7 18
11 6
16 18
7 3
12 25
25 2
23 9
10 20
24 9
1 5
8 19
4 13
3 22
14 15
11 21
15 10
16 5
14 6
21 4
17 8
17 24
19 20
12
4 1
1 6
3 7
4 12
1 11
7 1
10 9
1 2
8 7
10 1
1 5
20
3 8
20 8
3 1
7 3
15 9
13 20
17 12
12 5
1 17
14 4
18 2
11 14
18 19
12 10
14 7
9 17
18 7
8 16
9 6
26
20 11
21 2
26 23
6 8
19 14
6 11
7 17
3 23
16 13
24 20
9 8
26 18
10 20
13 3
2 4
15 17
25 13
6 1
26 12
9 22
23 19
11 17
5 9
3 1
2 8
25
16 19
13 23
6 7
2 8
14 10
14 8
22 18
18 11
13 4
6 9
20 15
23 12
5 16
11 24
17 25
17 4
22 21
7 3
21 25
1 10
9 15
5 12
20 2
3 24
20
1 11
5 1
6 1
1 17
2 1
1 3
1 13
20 1
1 10
1 8
15 1
1 12
14 1
1 7
1 19
4 1
1 16
18 1
1 9
29
16 1
22 1
1 12
29 1
23 1
1 6
1 26
1 25
14 1
1 15
20 1
21 1
1 17
1 8
1 11
1 9
28 1
19 1
1 7
18 1
27 1
13 1
4 1
1 3
1 24
5 1
2 1
1 10
21
15 6
3 11
20 18
15 19
19 9
10 1
9 11
21 4
13 5
16 10
14 3
7 2
16 18
13 21
17 2
14 20
12 8
5 12
17 4
6 7
24
20 5
21 22
22 17
11 16
19 10
9 23
1 15
8 4
20 7
11 3
14 9
4 13
19 13
18 24
23 5
21 16
18 12
24 10
3 7
8 6
2 15
17 6
2 14
16
5 2
15 5
13 8
5 6
4 3
15 9
10 16
15 12
3 11
2 14
2 13
16 15
1 5
7 1
1 11
17
14 11
15 6
7 12
16 11
9 14
5 6
3 15
2 12
1 11
1 2
16 4
8 16
12 17
2 6
15 10
13 14
29
24 8
25 8
18 29
21 11
27 23
11 5
2 3
27 21
26 24
18 17
14 22
14 15
7 16
10 3
20 4
21 19
24 16
4 25
12 4
25 14
28 16
1 8
13 19
3 5
19 9
5 18
1 11
6 27
21
6 1
14 5
9 17
15 11
7 16
2 1
4 8
21 14
6 14
16 6
2 11
2 8
15 10
19 3
18 3
8 3
15 13
16 20
12 9
11 9
27
1 9
1 14
1 16
24 1
1 13
11 1
12 1
1 18
22 1
26 1
25 1
15 1
1 21
5 1
1 3
1 6
17 1
27 1
8 1
4 1
19 1
1 23
2 1
7 1
10 1
1 20
28
28 1
1 4
11 1
2 1
22 1
23 1
16 1
1 10
1 24
1 8
6 1
14 1
1 18
1 21
19 1
1 12
5 1
1 25
13 1
3 1
20 1
9 1
17 1
1 26
27 1
15 1
7 1
22
11 18
2 20
4 22
8 7
14 21
17 15
16 19
12 7
17 20
20 6
4 6
6 13
1 13
13 14
3 13
20 9
18 8
13 10
16 8
5 21
8 14
14
14 1
4 1
13 1
2 1
3 1
11 1
5 1
9 1
7 1
8 1
1 6
1 10
1 12
17
15 9
9 11
6 9
14 3
4 14
17 14
8 10
12 17
5 10
7 13
2 7
17 2
7 16
10 15
1 2
1 15
25
10 22
16 6
2 19
4 3
1 25
5 16
22 2
17 20
21 10
18 5
13 16
6 1
11 13
8 25
17 9
8 24
4 8
13 15
10 14
5 23
25 17
4 12
6 22
2 7
25
20 4
13 5
13 18
8 20
23 19
21 11
18 22
25 4
9 12
11 20
15 1
24 19
7 9
1 2
12 5
3 8
12 6
5 1
24 17
14 13
16 18
5 8
19 13
10 6
12
5 1
4 11
8 3
2 7
1 8
7 12
9 10
11 10
10 8
10 6
1 7
10
2 8
3 6
4 9
9 5
6 1
4 1
8 4
10 8
7 6
16
6 15
10 8
15 12
3 10
16 5
9 13
7 6
2 3
14 11
12 14
16 4
7 2
4 8
9 11
1 5
10
4 2
6 5
7 10
1 5
3 6
10 8
9 3
8 2
7 9
19
7 19
14 15
10 7
1 12
15 2
17 1
16 8
14 7
11 18
13 12
17 8
13 9
15 3
5 11
12 14
11 17
13 4
6 8
18
10 7
4 6
16 7
3 8
15 17
1 7
6 1
16 2
18 7
16 3
11 1
3 15
7 12
6 13
14 2
5 18
4 9
10
4 5
9 4
1 9
7 5
3 10
7 3
6 8
8 2
10 6
20
4 19
7 17
18 9
17 19
20 11
16 12
1 13
2 13
2 3
4 14
13 15
18 2
4 6
5 12
20 15
15 12
20 8
17 10
1 19
28
9 27
20 10
14 8
19 27
20 11
22 13
28 11
24 25
16 15
26 23
7 28
15 9
7 17
3 13
16 4
12 18
17 5
5 4
2 14
26 22
1 21
25 19
21 6
8 24
2 18
6 23
3 12
24
17 20
7 10
8 23
20 18
21 15
1 4
3 6
2 9
3 24
13 21
5 20
9 11
9 14
4 14
16 12
24 1
24 10
14 16
17 21
10 8
3 22
16 19
17 4
19
17 16
6 3
13 18
5 6
12 6
8 10
10 17
19 8
15 7
13 9
13 3
11 15
17 4
1 3
19 2
10 15
8 1
14 19
18
3 7
15 7
5 10
9 12
17 9
17 11
13 14
3 11
4 12
16 8
16 13
18 8
14 1
6 15
18 6
4 5
10 2
21
5 19
12 13
2 15
9 7
16 8
3 17
7 19
6 12
14 4
14 20
5 21
18 11
1 18
9 8
2 16
10 17
4 11
21 20
6 15
13 10
29
16 29
15 5
19 10
28 24
9 17
22 13
2 16
3 29
1 14
27 28
26 14
17 11
8 13
9 20
5 4
18 2
24 12
4 3
23 27
23 7
8 15
19 22
6 26
18 21
10 6
7 25
20 25
11 21
20
2 5
9 20
3 2
20 7
12 17
4 8
9 11
17 15
10 7
1 6
10 6
19 18
13 12
18 15
5 19
14 16
4 14
8 3
13 11
26
2 20
15 22
21 23
22 18
14 6
16 13
3 8
19 2
17 3
11 18
25 9
6 24
7 16
23 9
26 19
10 11
7 5
17 5
15 14
13 4
10 1
12 24
26 21
8 25
4 12
12
1 7
4 3
11 12
8 5
5 12
2 7
9 2
10 8
4 10
11 9
3 6
23
11 1
20 1
23 1
1 2
1 10
17 1
1 7
1 21
19 1
1 3
1 9
8 1
1 13
1 14
1 6
1 12
4 1
15 1
5 1
16 1
1 18
22 1
18
11 4
8 2
7 16
2 9
6 13
13 12
1 18
1 3
11 18
17 3
7 15
7 17
18 2
14 17
11 10
5 14
3 13
26
25 10
13 12
2 12
26 9
26 2
11 13
25 19
7 20
6 8
21 15
22 4
6 17
3 14
16 7
11 1
19 16
20 18
5 3
22 24
4 15
23 8
14 10
5 17
18 24
23 9
21
3 20
12 18
9 13
14 15
10 3
6 5
14 8
17 21
4 9
4 1
2 14
3 4
9 7
18 6
18 11
19 17
5 1
17 6
2 5
2 16
17
6 5
3 7
2 11
14 12
5 1
9 6
7 13
4 8
10 16
3 15
11 8
12 16
14 17
15 17
9 13
4 10
17
12 17
11 13
8 14
1 6
8 6
13 3
12 10
10 4
1 10
1 9
16 10
9 7
15 8
15 2
11 14
8 5
23
3 5
2 17
22 19
9 2
16 9
6 21
15 14
4 16
21 12
5 8
21 9
1 15
22 7
23 10
13 14
5 15
10 4
14 11
18 10
22 4
20 2
16 1
21
2 7
13 5
1 17
3 20
7 15
1 11
7 16
12 3
19 11
18 13
10 15
4 13
5 3
9 8
8 11
14 19
19 6
21 8
17 15
5 17
17
7 16
3 12
11 2
7 14
5 2
6 1
3 9
3 6
11 10
17 4
17 13
15 7
15 1
8 2
6 17
15 11
22
6 13
7 17
11 17
8 13
10 18
5 8
19 1
15 8
13 3
18 20
16 5
8 4
12 21
22 12
8 1
20 14
8 20
17 5
2 8
9 7
12 20
27
4 20
1 17
23 22
2 15
10 13
3 14
27 11
4 12
26 24
3 7
27 25
27 6
19 2
2 12
18 1
8 4
11 18
23 11
24 5
21 10
16 3
12 17
9 23
10 7
18 24
17 7
18
1 5
1 16
8 1
12 1
18 1
11 1
13 1
4 1
2 1
3 1
1 17
6 1
10 1
7 1
1 9
1 15
1 14
24
3 1
1 20
23 1
1 12
2 1
1 10
1 9
7 1
8 1
1 14
1 4
1 13
19 1
15 1
22 1
1 6
1 24
1 18
17 1
1 21
5 1
1 11
1 16
26
1 16
8 1
1 25
1 19
1 26
11 1
1 18
15 1
1 23
7 1
1 20
6 1
1 9
4 1
21 1
5 1
13 1
1 17
1 3
24 1
10 1
14 1
22 1
1 12
1 2
18
17 16
5 4
11 13
8 15
8 10
8 7
15 1
16 18
11 6
5 12
9 17
1 6
17 3
18 14
5 15
16 6
2 11
19
10 6
19 12
5 18
8 13
6 9
12 18
14 8
10 16
19 17
16 15
13 4
11 2
3 7
17 14
4 7
2 1
5 15
3 11
23
1 21
10 1
1 2
14 1
22 1
8 1
18 1
1 13
7 1
11 1
1 20
23 1
1 17
4 1
16 1
3 1
1 15
1 5
19 1
1 6
1 9
1 12
11
5 6
5 4
8 6
9 8
1 3
2 11
2 3
7 4
7 10
9 11
20
16 8
12 14
10 8
3 8
4 19
17 13
12 18
7 3
9 7
7 4
5 13
12 5
1 3
6 10
1 5
11 13
2 9
20 9
4 15
11
5 1
4 5
9 2
7 6
6 11
3 6
2 7
1 7
5 10
8 2
24
1 22
1 16
1 18
24 1
1 6
1 15
1 19
14 1
1 9
1 7
1 10
1 3
12 1
1 11
1 17
4 1
1 23
1 8
13 1
20 1
1 2
1 21
5 1
26
1 19
4 20
24 2
6 17
9 17
23 14
26 9
10 24
26 3
13 8
15 12
8 7
21 22
10 14
23 4
21 20
3 25
5 19
12 6
16 13
18 2
5 7
18 15
22 16
25 11
24
8 11
4 10
6 24
3 15
16 24
9 23
16 22
20 18
7 21
17 8
16 4
15 12
17 1
16 5
23 13
1 19
20 1
3 19
1 21
4 23
16 1
14 1
8 2
11
11 6
8 4
5 9
3 6
5 10
1 3
2 9
11 10
8 7
4 2
20
13 15
4 7
18 2
20 12
15 8
11 18
9 16
19 9
19 11
8 5
13 14
6 16
17 5
4 3
12 14
17 6
2 10
1 7
10 3
22
1 2
7 1
20 1
1 14
1 17
13 1
1 6
9 1
16 1
1 3
5 1
1 4
10 1
12 1
8 1
21 1
1 22
15 1
1 11
1 19
18 1
18
1 17
3 13
11 7
16 4
18 8
8 5
2 17
8 12
10 14
15 14
16 2
11 9
11 17
2 13
6 16
18 1
18 14
23
22 14
20 12
23 2
9 22
14 10
12 1
7 23
11 16
12 5
20 2
2 15
9 16
8 11
12 13
16 6
17 4
15 18
1 3
19 5
1 6
4 16
1 21
24
5 4
14 8
14 22
5 9
1 20
10 9
9 11
23 2
18 2
5 19
24 3
24 20
7 10
2 21
17 24
6 16
18 11
13 6
14 18
10 12
11 1
20 6
15 13
11
7 3
5 6
1 6
9 8
8 1
8 3
9 10
9 4
11 3
6 2
10
3 1
4 5
7 10
5 2
9 2
7 6
3 9
6 8
4 10
22
6 19
12 20
18 16
2 17
14 21
11 7
15 5
4 17
2 11
22 6
7 15
1 18
10 8
12 19
14 13
20 21
4 22
3 13
16 9
10 3
9 8
29
18 20
10 1
16 24
2 13
26 20
8 26
23 15
13 29
15 8
24 14
23 6
19 11
28 19
10 16
8 1
28 10
24 22
13 26
7 5
16 12
7 3
12 17
9 15
23 25
28 7
20 4
21 19
27 12
18
14 1
1 17
1 8
1 11
1 9
6 1
15 1
1 2
16 1
1 18
12 1
4 1
1 7
1 13
1 10
3 1
5 1
29
24 1
1 17
3 1
1 7
23 1
14 1
1 9
21 1
1 15
1 10
1 5
16 1
1 18
28 1
26 1
1 27
1 13
29 1
1 8
1 20
4 1
1 11
1 2
22 1
25 1
12 1
19 1
6 1
28
7 15
8 24
8 6
27 9
19 1
2 13
2 8
26 7
14 12
5 14
1 18
4 24
22 5
20 24
14 24
4 28
1 24
16 2
17 15
3 2
10 18
16 23
11 4
24 21
25 12
19 26
9 8
10
4 3
9 10
8 1
10 2
5 7
6 3
4 2
9 8
6 5
16
8 1
15 1
4 1
13 1
11 1
12 1
1 7
1 16
1 2
1 14
3 1
1 9
10 1
5 1
1 6
10
4 3
2 3
6 2
4 9
7 8
2 10
1 8
3 1
8 5
10
9 3
5 6
10 7
5 9
1 8
4 2
7 8
3 2
6 10
23
16 19
16 2
17 10
16 6
7 16
7 3
6 23
13 1
18 8
14 23
22 1
10 8
9 18
22 20
2 15
21 1
8 7
12 5
22 5
1 8
22 4
20 11
24
20 6
8 12
3 6
7 17
21 5
10 18
15 4
1 13
16 6
10 19
22 17
19 17
15 16
23 8
24 23
9 19
10 11
9 1
15 14
13 5
9 16
2 5
13 23
14
2 1
1 14
1 13
1 6
7 1
9 1
1 4
1 5
8 1
12 1
1 11
1 3
1 10
17
7 4
16 7
15 9
1 2
13 7
10 17
17 15
3 13
5 1
15 4
1 6
6 4
14 10
12 17
11 17
7 8
22
20 10
20 21
22 2
19 1
3 13
19 14
12 8
15 19
18 17
15 9
6 3
22 18
21 2
21 3
1 2
5 14
20 11
4 14
7 15
16 12
22 12
10
3 1
1 8
1 2
1 7
1 9
1 5
1 10
4 1
1 6
17
2 14
12 8
5 3
9 2
1 8
4 15
4 16
10 6
13 9
11 5
6 12
7 11
16 7
10 14
17 15
13 3
14
9 10
12 2
13 7
8 2
1 9
7 14
10 3
11 13
1 7
2 9
10 6
13 5
4 14
25
18 22
8 11
11 12
2 12
4 15
10 16
15 14
23 7
18 17
11 1
17 6
20 24
16 25
23 17
23 13
21 20
18 3
12 19
21 6
15 8
5 8
1 6
16 21
9 20
13
1 11
1 13
9 10
13 8
5 4
4 6
2 10
6 1
11 3
3 12
7 2
1 10
16
9 3
2 6
14 11
2 5
8 1
9 14
13 10
16 15
7 10
12 3
8 7
16 6
12 5
13 4
4 11
24
12 13
18 9
6 8
17 23
2 23
10 23
20 1
9 20
14 5
22 18
1 6
14 3
24 9
23 12
9 7
15 20
14 1
10 7
21 9
20 19
17 4
12 11
21 16
24
1 7
13 1
11 1
1 3
1 6
1 17
10 1
1 24
19 1
21 1
5 1
1 9
16 1
23 1
1 14
4 1
22 1
1 15
1 8
20 1
1 12
1 2
18 1
29
28 7
1 24
27 17
7 21
29 11
12 17
7 16
14 1
20 12
18 13
29 13
19 22
23 27
22 1
25 6
3 26
1 4
6 7
8 5
22 7
10 8
26 29
22 29
5 1
15 1
8 2
22 9
17 22
21
10 1
1 9
3 1
1 11
12 1
15 1
8 1
1 7
13 1
5 1
1 20
6 1
1 14
1 16
1 2
19 1
1 4
18 1
1 21
1 17
24
14 21
16 12
8 5
5 1
9 5
2 8
5 18
20 11
8 14
23 16
2 19
22 8
24 11
2 17
8 7
22 10
4 14
11 18
13 1
16 1
6 24
18 15
3 12
12
4 11
9 6
1 12
3 2
1 10
10 3
10 5
3 11
7 3
7 8
1 6
23
20 11
8 10
21 10
16 23
23 9
18 5
18 2
1 22
1 19
22 12
17 4
22 5
4 13
23 12
6 19
7 18
6 15
14 6
5 4
10 12
3 20
20 19
21
10 7
1 3
3 14
13 9
16 2
18 7
2 21
21 15
2 5
17 12
3 7
17 6
4 17
6 16
14 8
14 11
13 6
19 21
16 1
20 13
23
1 5
8 1
1 14
22 1
1 16
1 11
2 1
4 1
18 1
1 7
20 1
1 12
10 1
1 13
3 1
1 9
23 1
17 1
19 1
6 1
1 15
1 21
11
2 1
10 1
1 5
11 1
1 4
9 1
1 8
3 1
6 1
7 1
23
15 1
19 20
3 8
6 8
18 13
5 16
11 7
21 22
9 21
1 13
12 4
17 20
18 8
7 18
2 12
10 7
2 21
16 15
23 12
2 13
16 14
15 20
15
9 7
1 15
3 4
6 3
15 13
1 3
3 10
8 9
14 9
13 11
5 2
10 7
12 5
12 1
11
5 8
6 9
11 10
6 2
11 2
8 3
7 10
9 3
7 1
4 5
28
10 4
4 23
1 21
16 6
20 10
18 20
11 7
24 22
15 19
9 22
10 12
11 12
12 13
14 16
8 1
22 26
8 10
19 2
11 27
11 17
23 3
16 10
28 20
5 20
9 21
21 2
18 25
28
19 15
5 3
21 18
9 7
9 11
13 12
25 20
27 22
28 1
12 18
2 23
20 10
21 4
4 17
7 14
2 16
3 8
6 15
25 24
14 22
28 11
26 8
10 19
17 24
23 13
26 6
27 16
11
1 7
2 5
7 3
8 11
5 6
6 3
8 9
4 10
10 2
4 9
13
11 1
9 1
2 5
4 11
10 11
2 6
13 9
6 7
12 2
6 1
3 2
8 2
21
16 1
19 1
1 18
10 1
1 6
1 7
21 1
1 9
1 20
17 1
13 1
12 1
1 8
11 1
15 1
5 1
1 14
1 2
3 1
4 1
21
6 1
1 16
1 10
1 15
1 2
11 1
18 1
1 14
3 1
21 1
1 17
8 1
1 19
1 9
1 7
1 13
5 1
4 1
1 20
12 1
11
7 2
3 4
6 5
11 9
3 5
10 8
7 10
11 2
4 1
8 6
21
3 12
9 13
19 5
13 1
4 1
8 3
20 11
7 18
17 19
11 4
18 9
10 8
19 4
12 21
16 11
8 15
9 6
12 14
18 2
3 13
16
7 1
6 1
13 1
11 1
1 2
1 8
1 9
1 3
1 10
1 16
5 1
1 12
1 4
1 14
1 15
19
7 12
10 4
6 11
16 14
3 5
4 9
3 1
1 11
18 14
12 6
8 19
17 8
8 11
15 5
4 3
13 5
6 14
12 2
26
25 4
16 10
19 23
11 20
2 15
21 18
12 24
11 17
1 14
15 22
10 25
5 3
23 26
6 2
7 8
4 14
8 22
17 19
20 13
9 3
21 9
6 5
16 13
18 12
26 7
16
16 13
7 2
6 4
1 4
4 8
5 3
14 9
3 2
11 15
3 9
12 16
4 16
1 9
1 10
11 3
19
14 9
10 17
9 16
11 9
6 5
6 7
13 17
3 12
12 4
9 19
6 1
1 8
18 7
17 1
1 2
9 2
12 1
17 15
28
15 1
23 1
25 1
2 1
1 6
12 1
1 8
27 1
17 1
1 7
1 16
19 1
4 1
26 1
18 1
1 11
1 24
1 28
1 21
20 1
5 1
1 14
1 3
1 9
13 1
1 22
1 10
27
25 2
7 4
22 16
4 21
4 14
1 23
7 24
12 20
16 11
2 1
9 17
1 24
5 14
2 27
8 2
2 18
20 10
19 6
13 24
4 9
20 23
3 24
15 24
13 6
25 26
23 11
10
6 4
5 1
1 7
1 2
5 4
3 9
8 5
10 8
3 5
18
4 10
12 6
13 5
1 2
14 7
18 2
17 5
14 11
17 15
4 8
16 18
7 3
6 9
15 11
10 16
9 13
3 8
18
1 2
1 6
10 1
8 1
13 1
14 1
15 1
1 9
1 16
1 12
1 11
18 1
1 4
17 1
1 5
1 3
1 7
24
19 21
4 2
22 20
17 8
15 13
5 9
21 14
3 10
12 6
19 1
8 4
13 3
23 10
8 24
11 22
13 18
2 1
16 10
2 3
9 21
7 6
6 19
22 4
14
8 9
7 5
13 14
6 1
7 4
4 3
4 2
11 9
1 13
5 1
9 1
5 12
3 10
19
8 1
1 19
3 1
1 13
11 1
12 1
6 1
1 5
1 17
1 2
16 1
14 1
1 10
18 1
1 7
1 15
4 1
9 1
16
12 4
16 11
1 10
11 14
6 3
6 8
3 15
12 2
12 5
16 4
3 9
1 3
1 7
2 10
13 2
10
5 2
10 1
4 10
3 6
8 1
8 3
7 3
2 8
10 9
21
18 8
9 7
13 9
13 15
10 8
5 6
19 14
17 6
21 7
12 3
10 16
18 20
16 2
4 14
21 2
17 11
12 4
3 5
20 11
15 1
20
11 16
3 12
18 14
9 1
15 17
19 1
15 20
15 1
20 10
7 13
2 6
12 15
20 7
1 16
6 20
8 5
4 6
18 15
7 5
21
1 14
1 20
9 1
1 8
10 1
6 1
1 2
3 1
1 19
1 21
12 1
5 1
15 1
11 1
4 1
17 1
1 13
16 1
18 1
1 7
20
14 5
10 9
13 19
3 13
9 7
3 2
9 15
14 3
1 17
1 9
11 1
6 17
15 4
16 14
8 3
17 20
18 8
3 6
12 8
21
15 18
6 8
19 10
14 6
15 16
13 3
20 9
2 12
21 20
3 17
18 10
5 7
14 19
4 11
8 5
1 12
21 2
4 13
9 16
7 17
16
12 3
6 10
9 15
10 14
2 13
12 13
16 3
4 6
15 1
9 11
3 8
7 13
6 15
9 5
1 12
19
11 14
2 5
17 2
17 14
8 13
16 9
4 11
10 13
1 9
16 12
19 4
18 15
15 12
3 19
6 8
5 10
7 18
3 7
25
8 3
8 14
14 15
10 16
22 19
2 5
12 11
25 8
4 12
17 18
2 18
10 12
24 10
22 25
4 21
20 4
2 11
9 5
1 25
14 13
7 5
18 23
1 11
6 22
18
4 10
11 2
15 8
8 14
8 9
10 5
5 1
16 7
12 10
11 5
17 7
13 16
18 11
14 1
6 17
14 7
3 16
22
2 19
7 2
16 19
6 8
3 20
6 4
3 18
2 17
15 5
8 12
22 17
7 1
10 3
18 7
13 15
14 19
18 15
8 1
21 12
12 11
9 6
26
15 5
25 18
1 18
13 20
22 21
15 4
20 24
18 2
12 7
2 9
9 16
9 14
3 17
23 5
21 1
19 4
22 6
25 12
26 5
22 11
21 15
17 2
10 12
8 17
20 25
20
5 15
3 11
5 18
13 20
4 12
5 6
18 1
17 4
10 14
3 13
8 19
13 4
20 1
9 2
20 14
18 9
9 16
3 7
14 8
17
8 15
12 9
11 16
1 7
15 7
5 15
11 9
17 7
17 2
9 3
6 16
14 16
13 3
3 4
11 1
10 17
21
1 3
1 12
1 17
4 1
1 5
21 1
2 1
7 1
18 1
14 1
1 10
8 1
1 13
1 15
1 20
9 1
1 6
19 1
1 11
16 1
11
1 4
7 4
11 6
4 2
8 11
1 3
9 6
7 5
10 3
11 7
14
3 11
1 14
7 14
1 6
13 9
10 6
5 10
7 4
9 2
10 8
14 11
12 11
9 6
13
11 9
9 13
5 10
13 2
10 8
1 9
5 6
10 1
4 13
11 7
5 12
3 11
24
17 23
11 20
23 22
4 13
14 20
15 7
16 12
17 18
3 12
4 12
18 1
1 9
9 4
17 2
20 10
13 5
13 24
14 6
21 6
8 7
19 6
9 14
18 7
26
14 21
9 25
14 5
8 21
3 19
16 17
25 24
7 11
20 15
9 12
11 10
15 5
19 12
4 23
18 2
13 17
13 24
22 1
18 22
2 23
8 6
16 10
26 6
26 7
4 20
10
7 5
7 10
3 8
9 1
5 1
3 5
2 10
4 6
4 5
29
2 11
14 19
28 25
13 20
9 18
29 12
18 19
15 17
8 2
17 11
2 7
21 14
28 23
1 20
3 19
5 14
17 6
20 11
18 22
4 29
26 28
23 16
10 16
3 23
24 13
3 1
29 13
27 16
15
12 1
1 10
5 1
9 1
13 1
1 8
1 7
1 6
11 1
1 4
2 1
1 15
1 3
14 1
20
1 6
12 5
9 15
11 17
18 13
3 20
9 2
18 3
4 8
7 5
16 17
7 4
19 6
10 13
16 19
20 14
10 11
2 12
14 8
15
10 4
3 2
11 7
13 7
14 8
4 14
10 5
2 9
12 15
1 5
8 12
11 3
6 13
15 9
15
13 2
10 9
13 10
7 4
5 12
15 8
12 3
2 7
5 15
4 6
1 8
6 14
3 14
9 11
22
1 22
18 1
1 12
13 1
20 1
1 3
5 1
1 10
1 2
14 1
1 17
1 7
1 8
21 1
11 1
1 9
16 1
6 1
15 1
19 1
4 1
19
14 1
18 1
7 1
1 19
1 17
1 8
1 12
1 15
1 5
13 1
1 3
10 1
2 1
1 11
1 6
1 9
4 1
16 1
12
4 8
12 9
9 6
8 12
8 5
10 3
2 9
3 11
1 12
11 7
1 3
18
1 7
12 1
1 9
13 1
16 1
11 1
1 18
1 6
4 1
3 1
1 14
17 1
1 8
1 10
1 5
15 1
2 1
24
9 22
24 1
5 12
10 16
1 15
16 11
17 24
12 22
11 14
11 6
3 15
1 8
12 7
20 22
10 4
15 2
18 15
15 19
23 15
12 10
13 4
1 10
5 21
13
2 9
4 10
7 9
3 10
3 1
2 1
6 3
8 6
12 2
9 11
6 5
13 10
21
1 3
21 1
1 12
19 1
14 1
6 1
2 1
1 13
10 1
7 1
1 5
16 1
1 17
1 15
11 1
1 20
1 18
1 9
1 4
8 1
25
5 12
24 4
21 2
16 21
3 21
13 21
19 8
13 7
22 13
11 4
15 23
21 18
3 17
12 14
12 9
15 6
20 22
21 1
10 12
8 24
10 1
10 6
4 21
21 25
20
18 13
10 8
11 4
19 17
14 19
15 10
12 15
17 6
17 20
15 7
15 17
2 8
5 7
11 7
1 10
20 16
13 9
5 18
6 3
20
6 12
1 4
2 11
16 6
12 1
18 8
8 20
17 19
1 15
13 14
14 7
7 3
19 11
1 8
7 1
12 5
5 10
11 15
14 9
25
13 7
11 8
20 15
4 14
5 18
16 11
19 6
21 3
14 2
11 15
18 17
18 3
4 20
22 11
12 15
15 10
7 23
18 11
1 23
21 25
20 9
19 23
21 24
11 1
16
16 9
14 4
6 15
2 3
9 15
16 7
8 7
13 11
5 12
5 3
10 1
6 2
14 12
10 13
8 11
18
8 17
13 4
18 11
9 6
3 11
16 4
1 18
10 12
17 4
5 11
15 14
15 18
9 2
8 1
7 15
17 10
9 8
10
5 10
2 1
2 7
4 8
6 3
3 8
7 9
5 7
6 1
20
18 6
8 16
3 5
19 9
5 10
10 20
2 3
19 12
9 14
17 16
14 7
15 1
17 11
7 15
6 2
18 12
20 4
11 4
13 8
28
16 1
25 1
6 1
7 1
1 28
1 13
1 8
3 1
1 9
1 22
1 11
18 1
1 17
1 4
14 1
1 15
1 19
1 23
1 26
12 1
24 1
1 2
1 5
20 1
27 1
21 1
10 1
24
22 1
1 23
16 1
9 1
1 11
15 1
5 1
19 1
2 1
14 1
18 1
1 17
1 4
21 1
7 1
1 8
1 20
10 1
1 13
1 12
3 1
24 1
1 6
25
1 12
1 9
5 1
22 1
6 1
13 1
1 4
10 1
1 7
1 21
2 1
1 8
14 1
11 1
1 25
1 18
19 1
1 20
1 15
16 1
17 1
1 23
1 3
24 1
22
9 20
14 12
13 21
14 15
2 22
14 11
13 3
2 20
2 4
8 18
7 17
1 10
12 10
17 6
19 18
20 10
17 12
18 21
5 13
16 9
1 21
20
7 1
1 14
18 10
17 13
5 13
1 8
1 6
3 20
18 9
1 12
7 11
2 8
10 15
16 2
19 5
2 15
5 4
5 8
3 15
19
11 8
6 19
14 19
1 14
13 2
18 12
7 8
10 5
8 17
4 10
2 9
11 2
4 14
12 16
10 3
1 11
15 19
12 4
19
13 6
2 1
19 9
15 7
5 17
5 3
4 10
12 18
1 5
1 6
1 10
6 7
16 7
6 14
10 9
12 2
11 9
5 8
23
2 22
7 2
23 7
19 15
11 18
1 20
21 14
5 17
14 18
17 11
5 10
4 16
21 23
6 3
12 3
12 10
22 13
16 8
13 15
9 19
6 4
8 20
22
21 13
15 6
21 7
10 22
9 11
2 12
14 6
8 2
4 1
18 20
3 18
19 8
4 11
5 22
17 3
16 9
19 20
7 10
5 14
12 13
17 16
15
13 4
2 5
9 12
12 14
15 8
8 1
3 4
6 10
7 15
11 3
10 11
7 2
5 14
9 6
24
4 1
13 1
1 18
19 1
1 14
1 23
1 6
20 1
24 1
1 15
1 5
1 9
21 1
1 10
3 1
1 7
11 1
1 12
17 1
1 16
2 1
1 8
1 22
15
2 1
12 1
9 12
2 13
3 2
3 4
11 9
6 13
15 7
5 13
14 3
10 7
12 7
8 9
21
8 1
1 11
1 4
1 9
1 13
21 1
7 1
2 1
20 1
1 16
1 10
1 14
1 12
1 6
5 1
18 1
1 15
1 3
19 1
1 17
24
1 11
1 6
10 1
4 1
22 1
7 1
16 1
2 1
1 21
20 1
1 3
1 14
9 1
1 19
1 18
1 12
1 5
8 1
13 1
1 24
1 15
23 1
1 17
25
7 1
1 19
18 1
11 1
1 22
5 1
4 1
25 1
14 1
1 10
21 1
1 24
1 9
1 16
8 1
1 6
1 20
2 1
1 23
17 1
1 15
1 13
1 3
12 1
16
2 11
13 7
15 16
10 9
5 16
11 4
12 13
7 14
6 7
3 11
1 14
8 10
4 1
14 10
16 4
23
19 7
12 19
13 12
10 5
4 7
6 16
9 2
21 9
23 21
22 21
22 5
8 23
5 20
3 16
12 18
11 1
21 6
21 1
17 20
14 1
9 12
15 6
17
16 9
11 16
14 16
1 16
8 16
6 10
2 8
8 15
14 10
17 8
12 14
17 4
17 3
11 5
13 11
17 7
16
7 16
1 9
14 7
6 11
8 11
3 2
7 15
10 5
1 14
1 2
1 8
7 4
12 10
15 13
10 1
16
15 11
13 14
10 15
5 14
1 13
4 9
7 2
7 12
13 7
6 2
16 9
8 9
15 4
14 3
1 4
28
16 22
11 19
6 3
21 13
27 2
5 11
26 18
25 22
25 8
22 17
14 18
7 21
14 4
2 10
5 12
23 9
22 5
25 23
20 18
25 6
28 11
1 2
15 19
5 24
1 18
25 18
21 1
22
5 1
19 1
1 16
17 1
4 1
1 18
15 1
21 1
1 2
1 12
9 1
10 1
6 1
1 3
7 1
14 1
1 22
1 8
1 11
1 13
1 20
21
14 8
20 17
7 16
20 6
19 16
20 1
19 21
4 12
15 16
4 13
12 19
17 5
13 10
11 14
1 12
13 18
6 2
6 3
4 14
9 17
11
9 7
9 3
3 5
6 4
11 6
3 6
1 8
2 8
6 10
6 1
22
19 17
7 12
11 2
19 4
1 15
16 1
1 6
21 5
6 5
12 8
5 10
12 22
6 22
5 14
3 13
19 1
9 2
18 1
21 11
22 3
20 14
25
1 11
19 1
16 1
1 10
21 1
1 25
6 1
1 14
1 5
1 18
1 17
4 1
1 13
24 1
7 1
9 1
3 1
2 1
1 22
20 1
1 23
1 15
12 1
1 8
22
1 13
16 1
1 18
6 1
1 11
10 1
1 7
1 8
1 14
17 1
1 20
2 1
15 1
1 12
3 1
19 1
1 5
4 1
1 22
1 21
9 1
25
22 1
1 7
1 18
13 1
1 4
25 1
6 1
1 23
9 1
3 1
20 1
1 11
21 1
1 15
1 24
5 1
14 1
1 8
19 1
1 12
1 17
16 1
10 1
2 1
13
2 4
9 10
3 13
7 1
9 8
2 6
13 1
1 4
4 5
11 4
12 7
1 9
26
1 8
1 3
18 1
9 1
1 13
4 1
15 1
1 12
23 1
1 10
6 1
1 21
1 14
5 1
11 1
24 1
2 1
26 1
1 16
19 1
20 1
1 7
25 1
1 17
1 22
11
4 1
9 8
3 7
1 5
5 11
4 3
10 5
4 8
6 8
2 3
11
9 2
7 4
8 5
1 8
9 11
2 1
2 7
10 7
6 9
3 8
19
12 11
6 7
14 17
4 8
9 10
16 2
18 8
3 11
1 13
15 7
19 10
5 4
17 18
16 12
3 5
6 14
13 9
15 19
11
4 3
10 11
10 5
6 4
7 6
7 2
8 9
8 2
3 1
9 5
15
8 4
13 14
11 10
4 12
4 6
2 1
6 15
15 7
6 1
3 11
11 2
13 2
9 13
15 5
29
20 23
6 17
12 22
12 24
11 4
21 14
2 26
8 11
1 9
16 7
24 13
22 5
24 29
11 19
26 27
21 7
16 1
8 9
21 15
25 23
17 7
18 26
10 17
28 8
3 22
18 23
16 12
18 9
19
6 16
15 2
13 8
19 9
15 3
8 11
18 10
12 5
2 9
5 3
7 14
16 1
11 7
18 17
4 17
10 12
14 6
4 13
24
1 10
1 7
1 14
1 13
1 6
21 1
1 5
4 1
1 16
1 24
12 1
17 1
3 1
1 11
23 1
15 1
19 1
22 1
1 9
18 1
20 1
1 2
8 1
19
1 12
16 10
19 15
15 12
1 8
2 14
10 17
5 18
4 18
17 3
13 15
9 13
18 6
8 7
13 16
13 14
4 12
11 15
10
5 8
6 10
8 3
5 1
1 2
7 8
5 10
2 9
2 4
22
9 22
16 7
1 16
2 10
10 12
19 4
6 18
8 18
9 21
2 8
13 14
7 11
17 11
20 3
5 14
3 15
6 13
19 15
12 21
22 17
20 5
22
19 15
12 14
3 14
10 19
13 7
7 1
3 2
8 4
20 16
12 22
15 20
9 20
4 20
4 14
8 1
12 5
21 20
17 8
11 15
18 14
10 6
28
17 24
22 10
13 2
21 3
5 12
4 5
11 20
14 15
27 22
16 27
19 15
4 25
23 9
17 25
21 24
6 2
12 26
10 28
11 23
3 20
7 6
13 8
9 18
7 28
19 1
8 14
26 16
11
1 9
1 5
1 2
6 1
8 1
7 1
1 11
1 3
1 10
1 4
19
14 8
15 1
11 16
14 1
5 16
15 18
8 4
13 8
8 10
9 18
7 16
17 1
17 6
8 19
12 15
14 16
3 18
2 14
15
10 14
13 2
8 12
12 6
10 9
3 13
8 14
15 6
1 4
2 11
5 15
9 3
4 7
7 5
23
9 5
7 6
4 13
7 12
4 15
18 22
19 13
12 2
15 18
11 17
16 20
14 8
11 14
10 3
2 3
6 8
17 21
19 9
10 23
23 20
1 16
21 5
10
7 1
9 1
1 8
1 3
2 1
10 1
5 1
4 1
6 1
11
1 8
3 1
5 1
1 2
1 7
1 4
11 1
1 10
1 6
9 1
15
2 3
7 3
3 10
10 4
8 9
11 5
10 6
14 11
10 9
12 10
8 14
15 10
1 13
10 1
22
4 5
17 16
2 17
11 20
3 18
3 1
10 14
10 7
5 14
11 9
6 19
19 22
13 21
18 11
1 14
18 19
12 10
8 3
13 8
8 17
5 15
20
14 16
17 2
11 4
12 14
1 11
12 1
15 10
4 6
20 19
10 6
13 19
18 2
8 1
6 7
20 5
9 12
7 19
19 3
11 2
22
15 12
12 11
6 13
17 3
7 18
8 19
14 1
18 4
5 21
19 16
4 8
10 20
9 7
11 13
14 10
3 22
9 20
2 15
2 22
16 21
6 5
26
13 1
4 1
12 1
1 15
2 1
22 1
5 1
21 1
1 26
23 1
1 6
17 1
14 1
19 1
1 9
1 24
16 1
7 1
10 1
3 1
11 1
1 20
1 25
8 1
18 1
29
2 14
28 27
26 14
10 15
11 12
24 14
12 25
18 8
25 1
8 16
22 12
9 11
23 27
15 20
29 6
4 28
29 18
15 2
19 4
28 17
29 13
7 4
2 17
27 3
17 1
25 18
8 21
11 5
15
12 13
9 5
12 2
11 14
7 2
6 5
8 11
13 15
10 4
1 10
8 3
9 7
4 6
14 15
29
1 29
1 2
1 18
28 1
1 21
1 26
1 11
22 1
1 15
7 1
12 1
1 17
20 1
1 19
13 1
1 25
5 1
1 14
1 8
23 1
1 4
1 3
9 1
1 6
27 1
24 1
10 1
16 1
12
12 3
3 10
6 5
9 2
12 9
8 7
10 4
2 7
5 8
11 4
6 1
26
26 23
4 12
25 24
2 5
18 6
22 2
2 25
1 22
8 14
14 16
14 4
6 1
13 10
6 3
11 15
6 20
25 9
21 14
6 11
6 19
2 13
1 4
13 17
26 10
8 7
20
13 12
17 5
10 3
5 14
6 3
4 15
12 16
1 14
8 15
19 7
16 18
17 6
13 2
20 18
20 11
10 9
9 2
4 7
19 11
10
2 10
4 7
8 3
4 9
6 5
9 3
8 6
1 10
2 5
26
21 5
2 10
8 13
22 2
25 10
24 17
11 18
1 20
17 1
2 7
16 21
8 2
26 1
26 19
4 23
2 21
1 2
6 2
15 5
12 9
7 14
9 23
3 17
11 1
4 21
24
13 1
8 17
6 9
10 23
2 21
1 11
16 20
7 16
15 22
2 11
19 8
18 10
12 6
3 8
17 13
4 2
16 23
13 23
15 24
17 6
22 5
22 11
10 14
26
1 12
1 6
16 1
5 1
1 22
1 4
26 1
14 1
10 1
20 1
1 11
1 24
17 1
1 8
13 1
18 1
1 7
1 23
15 1
1 9
19 1
1 3
2 1
1 25
21 1
27
19 22
13 14
3 1
15 19
15 12
21 12
23 15
23 2
23 20
11 26
9 25
7 17
10 18
14 27
13 23
18 1
9 15
7 3
26 15
16 23
8 13
23 1
27 6
5 22
24 8
20 4
29
24 7
28 9
17 3
1 20
16 18
23 18
29 9
18 1
10 22
2 7
1 26
12 4
27 12
21 20
27 20
11 10
1 13
15 27
12 6
16 9
14 19
18 7
11 18
3 8
5 19
18 25
1 3
1 14
16
12 8
4 16
2 13
13 1
11 8
14 5
3 16
9 2
6 5
8 10
5 12
12 1
13 16
15 2
3 7
21
13 14
1 17
10 1
15 3
6 4
18 7
11 7
20 8
7 4
17 8
15 19
13 17
19 10
19 9
21 6
6 2
13 16
15 5
12 8
10 4
29
15 22
26 27
12 10
7 1
22 20
13 21
3 24
5 27
28 4
8 29
5 3
18 24
1 21
8 11
11 7
21 16
14 19
2 22
25 22
28 24
7 12
18 1
17 18
6 19
13 22
23 19
8 9
21 19
18
1 12
10 1
1 9
4 1
1 2
1 15
1 14
1 16
11 1
13 1
8 1
3 1
18 1
17 1
1 6
1 7
1 5
15
8 1
8 13
9 12
12 2
13 14
13 6
11 4
9 5
7 5
8 11
15 12
11 10
1 9
3 5
25
21 17
20 12
6 23
4 12
1 24
9 25
14 17
12 17
12 1
12 5
8 22
23 2
17 10
19 2
3 23
17 16
4 18
4 7
22 11
19 24
22 12
12 13
15 1
5 25
13
1 11
2 1
10 1
1 13
1 12
1 7
9 1
8 1
4 1
1 3
5 1
1 6
20
20 16
11 17
19 7
10 4
6 16
1 16
9 14
15 6
7 4
2 11
5 9
17 10
20 18
10 1
11 8
13 4
3 20
17 9
6 12
19
17 12
19 6
7 5
2 8
18 3
16 2
14 8
11 9
4 15
11 19
10 13
13 14
1 7
15 9
18 17
12 10
16 5
3 6
12
6 12
8 9
3 6
9 5
8 4
10 7
1 5
2 7
11 3
12 2
11 4
29
23 27
6 14
17 3
9 16
11 7
2 19
15 25
27 13
4 2
3 7
26 21
15 9
13 20
24 22
8 11
28 26
24 5
14 12
10 29
16 5
19 25
4 18
28 23
21 10
8 12
17 20
22 6
18 1
22
17 11
7 19
3 10
15 2
13 10
8 16
14 2
22 13
12 5
12 6
6 14
20 9
19 16
21 15
18 20
3 9
21 4
17 1
18 7
5 8
22 11
17
4 10
7 13
6 14
3 15
9 12
11 17
16 11
13 17
7 8
15 4
5 6
8 2
1 5
10 9
14 2
16 3
24
10 13
24 15
21 24
4 3
11 23
11 10
20 8
6 16
5 1
7 15
17 18
2 12
9 12
14 20
23 19
17 5
22 16
4 8
21 6
19 3
14 22
9 7
2 18
24
1 4
9 1
1 18
1 14
1 7
23 1
11 1
5 1
1 8
1 22
19 1
16 1
1 2
20 1
21 1
1 24
13 1
1 10
1 6
15 1
1 3
12 1
1 17
24
6 15
4 20
8 16
6 10
22 24
11 12
23 9
13 19
19 5
2 5
22 10
9 24
7 16
4 3
2 14
18 15
17 3
13 11
21 14
17 8
1 18
20 23
21 7
27
20 1
10 14
25 22
25 5
20 23
1 25
21 9
1 7
3 24
25 9
1 17
18 16
2 16
7 12
22 13
4 7
16 22
8 16
27 17
25 24
11 13
6 26
6 4
14 22
9 15
11 19
16
1 4
1 9
16 9
13 6
2 5
7 4
9 2
2 14
1 11
2 15
8 2
11 12
6 9
13 10
3 1
17
6 5
3 7
2 3
16 17
6 2
13 14
1 17
10 11
9 12
14 10
12 7
16 15
4 13
5 4
8 11
15 9
26
16 10
5 4
18 5
20 11
1 17
11 19
3 5
4 25
1 9
5 12
6 5
6 21
26 1
14 24
8 18
23 2
24 17
23 22
24 22
12 7
23 13
16 1
9 5
11 15
5 15
12
8 11
5 9
12 2
11 1
4 1
7 10
2 10
3 9
11 5
11 6
12 11
15
10 12
6 1
14 12
3 9
5 6
11 12
13 15
8 1
1 13
10 13
7 4
2 10
3 7
3 6
21
6 15
9 3
1 9
15 3
15 8
12 16
11 3
21 14
9 12
12 13
1 18
13 5
7 18
21 18
17 13
11 4
7 19
21 20
11 10
7 2
13
1 11
1 8
9 1
1 10
4 1
2 1
1 12
5 1
1 6
1 3
13 1
1 7
19
1 12
1 17
1 9
10 1
8 1
1 14
6 1
4 1
5 1
1 7
18 1
11 1
1 15
1 3
1 2
1 13
1 16
1 19
24
20 10
23 14
8 22
3 21
24 12
10 4
13 10
15 22
20 12
23 1
12 16
18 5
22 5
3 19
20 18
17 7
9 7
6 14
23 7
18 1
17 2
14 11
5 3
18
14 5
12 8
1 3
4 13
12 13
4 10
5 18
12 11
1 4
5 1
17 4
12 7
16 2
2 5
9 18
17 15
2 6
26
2 1
1 25
5 1
1 26
1 13
1 17
1 20
1 8
1 16
1 15
1 9
1 4
23 1
19 1
1 22
18 1
1 10
6 1
1 14
12 1
24 1
1 21
11 1
1 3
7 1
28
3 1
1 15
20 1
1 23
1 5
22 1
1 18
1 21
27 1
1 13
1 25
1 14
1 16
6 1
1 17
28 1
26 1
2 1
8 1
1 12
1 4
1 10
1 24
11 1
19 1
9 1
7 1
10
6 7
10 1
6 1
9 3
4 9
7 9
6 2
9 8
10 5
28
10 24
24 8
25 18
4 3
8 20
26 11
25 2
8 17
21 12
12 17
27 6
17 1
7 20
22 17
9 13
28 3
4 19
15 11
14 16
17 14
19 5
14 6
5 23
2 8
17 15
13 12
4 17
22
7 1
1 12
20 1
6 1
1 15
17 1
3 1
16 1
1 8
1 18
21 1
1 11
1 5
19 1
1 13
1 9
2 1
1 4
14 1
10 1
1 22
17
15 8
17 11
14 2
4 16
14 3
13 9
8 7
16 6
5 14
11 2
9 12
9 11
10 16
1 2
10 8
1 10
10
7 1
9 1
1 2
5 1
1 8
1 4
1 6
1 10
1 3
27
26 5
8 15
26 1
6 7
24 16
9 1
1 24
12 14
15 22
22 23
11 10
2 21
25 14
27 1
6 4
13 22
20 19
3 25
1 2
25 18
22 6
2 17
14 15
1 22
27 11
20 4
20
13 19
16 11
14 17
9 13
19 7
15 5
1 12
17 12
6 7
8 18
4 9
11 3
5 14
15 8
6 2
4 20
18 16
2 10
3 10
19
14 1
4 2
13 15
11 9
14 17
8 4
1 10
16 3
17 12
9 13
8 13
7 13
1 9
19 9
16 19
6 13
17 5
18 1
13
6 9
3 2
8 2
12 7
10 5
13 12
1 5
13 4
6 7
3 4
11 10
9 11
23
13 14
21 4
19 5
20 15
21 3
15 17
8 11
6 10
1 8
5 7
14 22
3 12
23 6
18 16
23 17
11 2
18 10
9 12
2 22
16 9
4 7
13 19
14
8 12
5 4
7 2
11 7
1 11
1 4
10 1
8 6
14 10
10 13
12 4
2 3
10 9
16
7 1
2 1
5 1
1 11
1 6
10 1
1 4
13 1
1 9
1 15
1 8
1 14
3 1
16 1
12 1
13
12 1
13 1
11 1
3 1
1 2
1 6
4 1
10 1
7 1
8 1
5 1
1 9
10
1 5
1 4
2 1
7 1
1 8
1 6
9 1
3 1
1 10
19
3 6
10 19
15 2
8 5
18 5
7 14
14 16
17 4
2 12
12 13
1 10
18 13
15 9
7 17
19 9
8 6
16 11
3 4
10
7 3
7 2
3 1
5 6
9 10
3 5
5 4
8 10
10 1
25
11 6
3 14
3 13
1 10
2 23
7 22
23 8
16 4
3 19
20 13
23 13
22 13
17 18
23 24
4 25
7 9
10 11
14 5
19 21
18 3
18 16
3 1
15 19
11 12
27
9 14
18 27
13 3
2 26
3 6
19 7
16 17
22 16
4 1
2 6
15 25
11 4
23 15
20 5
23 21
24 26
12 8
25 22
10 9
8 20
13 12
24 14
17 11
7 10
18 21
27 19
14
6 8
2 12
2 5
1 10
1 7
1 11
1 2
1 8
9 12
13 12
3 6
14 5
10 4
26
2 15
2 22
25 3
23 6
1 14
11 14
4 6
8 17
24 7
8 24
10 13
17 3
20 15
12 9
20 9
12 19
25 22
21 5
23 7
13 11
26 16
19 16
26 21
4 18
18 10
16
15 14
6 1
15 16
7 4
12 6
8 13
10 16
5 9
11 12
2 8
11 10
13 7
5 14
2 3
9 3
26
21 15
23 6
24 18
5 18
26 3
2 25
6 21
22 12
2 19
24 7
13 15
17 9
5 3
10 20
26 20
7 19
23 17
13 11
22 1
16 8
10 14
12 4
14 4
25 16
11 8
13
5 9
10 9
6 12
3 7
8 1
1 7
11 4
5 1
11 2
11 1
5 13
11 6
27
18 22
23 8
5 13
3 26
3 10
16 24
11 12
22 20
19 8
18 7
15 21
17 9
13 26
27 14
20 23
21 2
10 27
16 5
11 19
4 24
9 2
6 25
4 1
15 25
7 17
14 6
19
10 7
1 13
8 16
8 6
14 18
10 9
13 2
11 18
4 13
17 19
3 1
8 12
7 1
5 2
8 1
13 17
11 7
1 15
17
8 1
8 5
4 2
13 11
3 5
6 9
15 7
6 13
16 9
5 10
14 15
6 1
17 13
12 9
4 8
4 15
10
4 9
8 1
7 1
3 7
8 6
5 9
8 9
10 6
7 2
17
10 1
4 1
17 1
1 12
1 16
1 13
1 2
1 5
1 3
11 1
15 1
14 1
7 1
1 9
6 1
8 1
23
11 2
13 23
10 21
23 1
16 1
16 21
21 15
9 1
5 4
13 22
6 1
2 7
15 17
12 6
2 15
10 20
14 9
3 15
23 18
13 19
6 8
5 6
23
1 15
6 1
1 4
18 1
8 1
14 1
1 11
10 1
17 1
7 1
13 1
9 1
23 1
20 1
1 19
1 12
22 1
5 1
1 16
1 2
3 1
1 21
25
8 16
13 12
21 2
3 4
25 1
9 23
10 15
6 20
6 14
7 13
17 10
16 19
5 17
11 23
15 25
20 7
24 22
24 14
18 5
11 2
8 9
3 12
19 18
4 21
13
10 8
8 13
7 10
4 10
5 3
3 10
10 9
11 12
1 2
10 11
12 6
4 2
12
11 6
7 2
7 10
12 9
1 3
1 11
9 3
4 6
5 8
11 8
8 2
27
12 7
24 26
17 26
10 19
19 3
4 2
7 5
12 23
22 1
2 17
6 22
6 16
9 1
8 11
6 18
11 19
20 5
8 14
11 9
17 22
7 9
8 13
26 15
12 21
2 27
5 25
19
4 13
7 12
5 19
1 10
3 19
15 19
4 10
8 13
16 18
14 2
2 5
17 18
10 18
1 5
9 2
11 13
7 6
4 7
26
18 21
2 16
21 13
22 20
15 12
13 4
19 3
16 11
6 14
17 23
9 10
26 7
4 17
5 2
23 3
12 25
18 8
26 24
9 6
11 14
19 24
15 1
20 7
10 22
25 8
25
6 21
10 25
16 6
25 5
1 20
25 9
13 11
18 25
17 12
4 1
15 16
19 20
2 12
8 3
24 25
22 25
14 15
11 20
17 7
17 24
25 16
23 4
8 15
1 22
29
9 1
5 1
24 1
1 23
13 1
1 29
1 10
2 1
1 20
1 22
1 28
8 1
1 19
7 1
16 1
1 21
17 1
15 1
1 3
6 1
18 1
1 14
4 1
26 1
1 27
11 1
25 1
1 12
18
2 12
16 14
4 10
11 2
8 7
5 3
8 17
14 18
15 9
17 1
12 6
3 13
9 7
6 4
11 16
18 15
13 10
19
1 13
10 1
16 1
1 11
4 1
1 15
17 1
14 1
1 19
1 2
3 1
18 1
12 1
1 8
5 1
7 1
1 6
1 9
19
5 8
2 16
15 2
18 10
19 18
5 12
16 13
14 4
3 8
14 10
3 15
13 6
17 7
11 6
11 19
9 12
7 1
17 9
27
1 18
16 1
1 10
23 1
1 4
26 1
11 1
1 27
19 1
1 22
1 12
14 1
2 1
20 1
24 1
1 15
1 3
6 1
1 17
1 25
1 21
8 1
1 13
1 5
1 7
1 9
12
11 7
11 3
12 3
8 9
10 6
8 6
4 7
11 1
3 2
1 8
7 5
28
14 6
7 25
4 6
20 19
12 13
17 4
6 7
9 18
23 2
15 16
4 3
3 27
4 16
5 1
8 1
28 14
10 6
16 12
20 22
20 14
1 6
11 5
2 3
19 26
8 24
18 12
3 21
27
1 9
1 23
12 1
1 18
3 1
1 17
1 24
27 1
22 1
16 1
8 1
19 1
1 25
1 13
1 11
26 1
6 1
1 7
15 1
1 4
5 1
1 2
20 1
14 1
21 1
10 1
19
7 6
1 4
5 14
4 2
12 1
17 5
14 15
14 9
18 1
5 16
14 19
1 11
16 6
12 5
3 11
10 7
5 8
15 13
17
9 16
11 14
6 12
4 1
15 13
4 3
17 7
16 5
10 3
10 13
15 2
8 7
8 12
2 14
5 6
11 17
17
4 6
10 9
16 11
3 1
16 13
2 3
7 13
2 14
5 16
8 6
16 9
12 1
15 5
1 17
13 3
6 13
24
6 1
11 1
7 1
1 3
4 1
15 1
2 1
9 1
1 24
12 1
16 1
1 20
17 1
10 1
13 1
5 1
19 1
23 1
1 22
1 18
8 1
14 1
21 1
23
8 20
7 16
17 20
19 12
11 13
23 16
16 22
3 13
17 1
9 5
10 4
12 3
18 22
13 6
9 17
15 4
21 20
9 2
14 12
18 1
18 3
22 4
26
21 23
18 19
20 18
5 3
10 20
11 7
9 14
17 25
16 8
24 2
10 13
5 26
6 21
14 4
7 15
3 2
16 12
17 12
4 8
15 22
6 24
11 9
26 1
13 23
19 25
19
4 10
5 10
11 17
12 7
19 7
17 4
15 9
13 14
16 19
11 6
8 18
18 3
3 5
1 13
15 6
14 12
9 2
2 16
12
4 8
12 1
1 11
11 10
9 3
9 12
9 5
10 7
2 11
6 4
4 12
29
18 27
21 24
4 10
16 21
29 24
2 4
25 26
5 7
20 9
15 12
10 22
26 17
13 27
16 19
23 22
3 20
28 1
11 18
19 2
5 23
28 14
3 8
6 17
29 15
7 25
8 6
11 9
12 14
14
1 2
11 1
1 3
1 12
1 9
1 13
6 1
1 14
10 1
1 7
1 8
4 1
1 5
26
1 4
1 6
1 25
1 10
1 2
1 3
1 16
1 14
1 18
1 8
23 1
9 1
5 1
1 11
1 7
1 12
1 26
1 17
15 1
22 1
24 1
13 1
20 1
19 1
1 21
25
4 16
3 12
7 17
19 5
10 23
1 25
3 6
21 17
7 23
24 21
22 20
18 2
13 25
9 16
10 11
9 20
8 14
19 15
4 5
14 18
11 12
13 22
6 8
24 15
11
4 1
9 1
11 1
1 10
5 1
1 6
1 2
1 7
8 1
3 1
20
3 11
13 17
19 11
1 17
17 5
1 16
16 15
12 11
6 18
2 3
8 7
16 8
18 10
3 17
1 4
6 14
9 3
14 1
1 20
14
6 3
1 7
6 12
13 2
8 5
3 10
14 7
14 2
7 10
3 4
11 9
14 9
5 3
12
1 7
1 11
5 1
2 1
1 12
10 1
9 1
4 1
6 1
1 8
1 3
11
7 1
1 8
1 11
3 1
10 1
5 1
1 2
1 4
6 1
1 9
28
6 2
25 5
23 20
14 12
1 28
14 18
8 14
13 15
25 16
8 26
18 10
16 28
22 23
21 15
24 6
17 4
20 27
3 4
21 4
19 18
23 28
16 6
12 1
21 12
15 11
9 25
8 7
18
7 11
15 4
3 13
8 9
4 7
6 1
17 15
18 10
11 14
6 5
8 18
16 3
5 2
10 2
9 17
14 12
16 12
20
3 14
7 4
11 8
19 15
4 15
2 19
5 10
2 13
20 11
7 20
12 14
12 9
1 13
16 10
18 9
6 16
5 8
6 18
17 3
16
1 9
14 1
12 1
1 2
10 1
13 1
4 1
1 8
1 3
1 16
1 5
11 1
1 6
7 1
1 15
17
14 17
1 9
4 9
1 5
8 9
13 2
12 6
1 11
7 16
1 3
13 1
14 13
10 16
15 3
2 12
1 7
20
14 18
7 14
7 19
18 10
8 16
2 7
5 7
14 15
3 11
19 12
17 15
1 3
6 3
4 2
13 3
9 20
15 1
16 9
15 16
23
10 9
15 14
2 21
7 9
23 3
6 10
4 3
14 12
13 15
19 5
2 13
18 23
22 8
19 22
1 18
20 17
11 16
5 16
11 17
20 6
8 21
7 4
23
13 5
9 22
14 4
1 20
18 1
2 18
13 10
21 17
22 21
21 23
15 18
12 3
9 1
9 6
16 12
1 12
7 14
19 8
8 20
11 12
23 13
19 4
20
7 17
14 9
15 13
10 5
4 19
13 3
17 12
16 14
2 6
11 12
8 3
20 7
4 11
5 6
9 8
10 18
19 1
15 20
2 16
24
4 1
3 10
11 8
15 5
2 9
15 20
13 16
7 19
9 14
21 18
7 20
13 19
24 16
24 2
10 18
22 6
8 17
21 12
5 12
3 11
23 22
14 6
4 17
10
2 9
10 5
3 7
7 1
5 8
2 5
7 2
1 6
4 5
19
5 8
11 1
19 14
4 11
8 13
16 15
18 7
15 6
9 6
2 19
5 14
3 7
16 17
10 18
4 9
17 10
13 12
12 3
16
7 1
1 14
10 1
16 1
1 3
13 1
5 1
2 1
8 1
1 11
1 6
4 1
9 1
1 12
1 15
28
1 21
10 1
12 1
1 8
22 1
3 1
1 6
1 15
27 1
13 1
18 1
1 26
16 1
5 1
1 24
20 1
4 1
7 1
28 1
14 1
1 9
1 19
1 25
17 1
11 1
23 1
1 2
22
1 8
1 17
14 1
1 13
18 1
7 1
21 1
16 1
10 1
12 1
3 1
1 9
1 19
1 6
20 1
1 15
1 11
22 1
5 1
1 4
2 1
24
21 13
10 11
2 16
21 10
6 20
7 14
1 20
8 23
6 22
11 1
20 5
12 14
9 6
15 14
7 11
17 16
19 5
18 21
10 16
4 3
8 5
4 24
4 7
14
11 6
12 14
12 3
8 13
2 7
13 11
8 5
9 2
1 13
10 2
9 12
4 11
9 1
11
1 10
11 1
5 1
1 6
4 1
9 1
3 1
1 8
1 2
1 7
14
14 6
1 5
3 9
1 9
5 10
5 11
7 11
12 10
3 13
10 8
14 9
2 11
4 14
20
11 1
7 2
9 14
19 7
20 5
15 18
8 16
19 14
18 13
12 6
8 20
4 16
2 6
17 4
3 15
11 17
5 10
9 3
10 12
29
29 25
26 9
16 24
4 1
10 25
10 4
22 24
7 17
28 1
11 19
19 13
24 6
12 16
2 27
27 26
28 27
18 2
15 8
3 2
17 14
13 15
15 21
25 5
10 17
19 23
26 20
28 16
13 4
17
2 12
1 4
5 10
10 14
16 4
17 6
3 2
11 15
13 16
2 15
17 3
9 17
1 3
4 10
7 16
15 8
29
1 29
1 17
14 1
26 1
1 27
1 12
18 1
21 1
1 20
25 1
19 1
4 1
1 13
1 9
15 1
1 22
1 24
28 1
10 1
7 1
1 3
1 23
1 5
1 8
11 1
6 1
1 16
1 2
25
11 16
7 22
18 16
13 5
6 4
3 12
23 13
17 15
11 4
3 24
25 9
25 12
22 9
8 19
20 2
17 2
6 5
1 21
18 8
24 15
10 14
10 21
19 14
20 23
22
21 10
16 13
16 3
21 22
5 18
21 3
19 8
3 1
2 20
7 12
17 8
21 4
8 6
21 8
21 15
9 19
11 20
14 22
18 10
16 2
1 12
14
14 5
1 12
1 14
3 13
11 8
2 1
4 11
12 11
10 3
10 1
12 9
6 8
5 7
18
11 8
7 6
14 18
9 11
8 4
3 12
13 15
6 16
18 1
12 9
13 7
2 5
2 17
15 3
17 4
10 5
14 10
28
7 1
1 19
13 1
5 1
1 9
1 16
1 4
1 11
1 22
1 3
21 1
1 20
1 2
25 1
1 14
26 1
1 18
1 27
1 12
1 23
1 17
1 10
1 15
24 1
8 1
1 6
1 28
25
13 25
16 15
12 20
12 11
3 18
2 10
6 23
5 4
7 17
13 15
16 8
9 22
22 10
14 6
19 8
7 19
11 24
5 21
24 18
20 2
14 3
1 25
21 9
4 17
14
8 13
4 14
4 2
2 6
1 11
9 11
7 10
14 13
14 3
5 13
11 4
12 14
7 5
18
9 13
1 6
1 14
10 18
13 5
1 15
9 3
9 7
12 10
15 11
1 7
4 16
17 15
7 10
12 2
8 15
15 16
29
22 6
26 8
23 11
8 10
6 27
2 4
9 10
25 16
11 19
16 18
13 29
7 15
24 21
25 3
24 17
22 28
7 12
13 27
14 9
26 5
15 29
12 20
4 18
17 19
21 5
2 23
14 1
3 28
23
12 1
1 7
20 1
2 1
3 1
1 6
19 1
15 1
10 1
1 11
1 13
1 17
4 1
22 1
21 1
1 9
1 8
1 5
18 1
1 16
23 1
1 14
25
25 14
17 12
6 16
14 21
9 20
5 10
11 12
23 4
25 5
9 23
8 19
22 16
18 21
2 5
18 3
15 18
11 1
21 19
24 19
23 7
1 14
16 25
13 12
9 11
23
9 6
22 17
17 12
1 15
4 2
13 22
20 10
21 19
8 7
19 6
23 16
12 3
2 20
13 23
15 18
3 9
21 8
5 10
14 11
18 7
14 4
16 5
28
3 16
19 26
22 25
10 5
24 20
21 3
5 12
2 3
25 16
25 13
16 7
4 15
7 1
28 27
20 28
8 27
15 24
26 7
1 20
9 28
9 23
6 26
15 17
24 5
9 18
27 14
11 6
25
8 22
3 5
17 24
5 20
13 14
1 13
12 17
19 4
9 24
7 3
2 18
10 25
21 23
16 15
2 20
9 15
25 16
21 6
11 6
18 23
7 4
11 12
14 10
19 22
23
9 1
17 1
16 1
2 1
1 18
1 3
19 1
1 15
4 1
20 1
6 1
1 23
1 21
1 12
7 1
1 22
5 1
11 1
10 1
14 1
1 8
1 13
15
3 10
6 2
12 7
12 14
14 1
11 12
10 14
2 8
15 9
10 5
2 4
4 15
15 13
1 4
17
17 8
12 14
6 13
10 2
13 1
12 4
3 2
11 1
11 8
7 6
9 8
5 16
12 11
13 5
5 15
2 6
20
18 17
17 9
5 2
10 16
11 19
16 7
13 8
4 15
1 7
4 6
12 11
10 3
12 20
15 18
2 3
9 8
20 14
19 13
5 14
14
7 4
8 9
14 1
10 4
8 12
6 13
10 11
6 5
3 5
14 9
2 12
11 3
2 13
13
1 13
5 1
1 7
1 12
1 3
2 1
8 1
6 1
1 9
1 4
1 10
1 11
20
1 4
3 1
17 1
1 8
1 14
6 1
11 1
1 20
1 5
2 1
18 1
1 9
19 1
10 1
7 1
13 1
16 1
1 15
1 12
28
8 24
25 13
10 1
1 13
8 6
27 5
2 15
11 17
18 2
12 22
28 5
28 10
26 20
19 14
17 7
2 20
4 26
14 25
6 13
5 23
9 22
3 26
25 16
17 6
8 21
28 22
20 10
23
4 11
18 3
16 21
17 23
12 18
6 15
8 22
5 13
2 15
4 5
22 2
14 10
17 1
14 11
6 19
9 7
21 10
16 7
13 8
12 20
19 23
9 3
14
5 14
8 3
10 13
4 9
7 9
6 11
13 6
2 12
14 8
7 3
4 10
12 11
2 1
19
1 10
5 1
12 1
1 16
1 7
11 1
8 1
1 15
1 4
1 2
19 1
1 13
6 1
1 3
1 14
1 17
18 1
9 1
29
13 4
13 6
29 8
6 16
8 3
10 19
21 9
25 13
26 15
20 6
26 18
11 10
28 21
9 26
8 23
22 16
19 14
20 1
10 29
24 19
27 3
3 12
11 7
17 16
20 9
11 2
29 1
21 5
15
3 1
1 4
14 1
7 1
1 13
1 12
5 1
1 15
1 11
1 6
1 2
1 9
8 1
10 1
10
3 8
4 6
10 4
8 1
4 1
5 8
2 3
9 3
7 5
14
14 3
1 5
4 11
14 13
4 7
7 10
5 14
9 10
1 7
8 10
2 5
4 12
2 6
22
8 16
19 4
11 10
6 9
21 1
12 5
17 22
10 7
19 5
2 8
14 18
16 4
13 3
15 22
20 9
3 2
7 18
21 12
13 14
11 6
15 20
10
1 3
8 1
7 1
1 2
1 10
1 5
1 4
6 1
1 9
11
8 4
6 11
10 2
6 3
11 1
11 2
7 8
9 6
2 5
8 1
21
1 16
5 1
1 20
1 8
1 19
15 1
1 18
14 1
1 17
1 21
1 7
2 1
1 11
1 12
1 4
1 13
1 6
1 3
9 1
1 10
27
3 1
4 1
13 1
25 1
17 1
1 15
7 1
1 5
26 1
1 12
16 1
1 8
1 18
9 1
19 1
23 1
21 1
1 6
27 1
1 22
14 1
1 2
11 1
20 1
10 1
1 24
29
13 1
17 4
20 15
2 19
19 23
20 13
19 21
16 12
4 5
20 9
27 23
12 10
15 7
10 29
1 21
26 21
9 11
6 15
26 4
18 2
28 2
26 8
14 9
3 8
13 10
25 23
22 8
24 12
11
2 1
5 1
1 6
11 1
4 1
1 8
1 3
1 7
10 1
9 1
20
20 7
3 12
11 20
15 2
17 14
10 12
9 1
2 13
10 9
19 14
8 4
15 16
18 5
8 13
18 7
6 4
6 5
17 16
3 11
14
9 13
8 10
12 6
5 4
1 14
7 4
11 10
4 14
2 10
2 6
3 6
1 2
14 13
16
14 9
11 2
16 11
10 11
2 4
6 3
7 4
8 4
5 3
1 2
14 6
3 13
15 8
1 6
14 12
17
5 1
4 1
1 13
10 1
9 1
11 1
7 1
8 1
1 2
15 1
16 1
14 1
1 3
6 1
17 1
12 1
27
12 7
26 6
9 21
25 1
8 23
12 19
12 20
25 12
11 21
8 12
2 25
16 13
22 8
6 5
18 3
14 8
17 13
4 25
5 8
18 15
18 11
21 24
10 24
13 18
8 18
25 27
22
1 12
1 10
1 9
1 7
11 1
1 16
2 1
1 6
21 1
4 1
15 1
3 1
13 1
14 1
1 5
8 1
1 22
1 19
1 20
17 1
18 1
24
5 17
12 17
18 4
16 18
14 5
24 1
1 18
20 15
1 14
10 17
19 16
5 15
7 24
2 8
17 11
9 6
22 23
8 21
14 13
6 2
22 1
14 6
3 24
10
4 1
1 2
1 8
5 1
6 1
7 1
9 1
1 10
1 3
25
11 13
24 22
20 1
14 5
16 17
8 21
23 7
4 3
19 1
13 8
22 1
20 2
13 23
7 1
17 9
15 21
14 25
2 5
1 17
2 18
19 10
12 22
1 6
4 20
23
16 19
15 7
17 2
2 6
1 5
20 22
9 11
5 12
3 21
12 8
11 7
20 15
14 10
21 4
16 23
17 22
23 18
6 13
19 13
14 18
9 3
4 8
11
7 2
10 4
2 4
8 5
11 5
11 3
6 10
8 6
3 9
1 7
24
3 21
9 5
13 20
8 2
7 23
17 22
16 8
22 14
15 21
3 24
2 3
22 9
2 1
6 5
1 13
9 13
20 12
11 12
8 19
10 5
7 20
4 12
18 7
27
23 3
24 20
7 10
12 25
15 26
3 24
7 16
9 18
19 17
4 20
11 2
25 2
9 26
8 3
17 21
22 20
12 14
5 11
7 26
27 9
25 1
24 15
1 15
12 6
11 13
17 2
24
1 10
1 19
11 1
15 1
1 9
1 5
6 1
1 4
13 1
1 18
1 21
1 2
14 1
1 20
3 1
16 1
1 22
1 23
1 24
8 1
1 7
1 12
1 17
11
1 8
10 1
6 1
1 7
1 5
3 1
2 1
4 1
9 1
1 11
18
12 1
1 14
7 1
1 8
1 4
3 1
1 10
1 17
15 1
5 1
13 1
1 11
1 2
6 1
1 9
1 18
1 16
26
4 15
3 21
1 14
2 16
11 3
10 18
25 22
2 9
25 19
12 8
13 12
18 3
9 5
23 2
22 15
8 1
5 17
25 7
22 14
14 9
26 10
5 24
20 15
6 12
18 8
18
1 3
1 10
17 1
16 1
1 12
18 1
14 1
11 1
9 1
1 2
6 1
13 1
1 15
5 1
1 4
1 8
7 1
29
1 21
9 1
4 1
1 14
1 22
18 1
7 1
1 24
17 1
25 1
5 1
10 1
27 1
1 3
8 1
26 1
1 12
13 1
29 1
6 1
1 16
1 11
1 20
15 1
28 1
19 1
23 1
2 1
15
14 6
15 12
7 9
8 2
3 1
12 9
5 3
14 11
7 10
6 2
4 8
13 4
5 11
13 15
16
2 1
1 14
11 1
3 1
16 1
1 15
5 1
1 13
1 7
1 12
10 1
1 4
9 1
1 6
8 1
10
6 8
4 3
7 1
6 1
10 6
4 2
9 4
4 5
5 6
17
1 11
7 11
17 1
3 13
9 12
15 16
4 7
6 3
7 2
8 12
14 12
5 16
16 17
14 10
11 3
14 17
21
17 2
8 6
20 18
14 18
10 18
13 8
2 21
7 14
4 11
15 7
7 8
16 10
3 11
9 2
1 17
20 5
10 19
12 20
11 17
1 14
29
25 1
24 29
29 8
24 26
17 20
27 19
13 5
14 27
19 15
21 23
9 28
18 3
21 15
11 2
4 22
22 23
8 7
12 26
5 14
10 13
28 12
9 6
20 16
7 10
3 11
25 16
4 2
17 18
18
5 4
2 11
10 13
18 8
17 3
15 10
8 6
12 5
16 14
2 13
16 3
7 6
17 1
18 4
15 9
11 14
9 7
18
10 1
13 14
11 7
10 13
15 6
4 11
18 16
16 8
16 7
17 10
9 5
3 11
9 2
6 17
1 7
13 12
17 9
13
4 1
12 1
2 1
3 1
1 7
8 1
1 9
6 1
11 1
1 5
10 1
13 1
14
12 11
6 12
3 8
5 7
10 6
10 7
14 2
2 5
4 1
8 4
11 13
13 9
3 9
26
2 9
22 12
20 2
1 13
23 5
10 11
11 13
12 26
20 15
26 23
20 4
12 7
25 16
26 1
17 25
22 6
5 24
7 19
18 11
3 22
9 8
14 7
25 23
2 13
21 5
27
12 1
3 1
1 4
13 1
27 1
15 1
1 16
1 17
1 6
1 18
1 7
1 2
1 9
1 8
1 21
1 24
23 1
25 1
14 1
1 5
22 1
19 1
1 26
1 11
1 20
1 10
16
1 11
8 1
1 3
1 6
15 1
1 7
13 1
2 1
1 5
1 16
1 10
4 1
9 1
1 14
12 1
21
17 7
14 16
4 9
15 3
2 14
13 10
10 16
20 3
6 18
1 4
17 5
12 11
18 20
19 13
6 9
15 7
19 12
21 8
2 21
5 8
19
12 9
7 15
1 13
9 5
6 1
5 6
9 17
2 14
3 16
18 3
8 1
2 3
1 11
17 4
8 19
9 10
14 1
3 15
21
16 8
12 7
12 13
21 12
16 11
21 17
18 10
5 15
8 1
4 10
13 1
7 14
21 9
8 5
20 10
6 7
19 5
16 2
20 3
13 20
17
17 6
13 15
13 10
2 1
4 13
12 3
3 16
17 11
1 13
5 13
14 8
13 6
10 9
7 1
13 14
15 3
29
18 16
10 19
29 18
14 17
25 5
5 15
21 27
18 26
4 8
12 8
16 25
22 13
4 11
23 3
1 8
2 15
13 12
3 6
24 19
28 14
7 13
16 3
14 5
4 19
12 27
25 1
9 15
20 27
10
9 3
6 8
2 1
8 7
10 4
5 3
5 2
9 6
7 10
28
1 8
22 1
18 1
1 24
14 1
1 2
28 1
12 1
1 7
1 11
4 1
21 1
1 26
25 1
1 20
19 1
10 1
27 1
17 1
1 5
9 1
1 3
16 1
1 6
15 1
13 1
23 1
11
1 4
6 9
4 3
1 10
8 10
7 11
1 7
1 5
3 2
6 7
26
1 15
9 24
16 8
17 10
13 5
3 15
25 16
7 18
22 25
4 17
1 17
16 5
11 6
23 1
4 24
12 3
6 22
1 7
7 14
20 1
2 21
26 1
1 16
19 25
1 21
14
6 10
9 3
11 4
7 5
4 8
13 5
10 1
14 7
8 2
3 12
12 2
6 9
11 13
20
8 12
3 1
11 9
2 20
11 5
14 10
7 6
17 15
19 18
5 13
7 13
20 19
10 3
9 2
12 15
4 16
18 8
16 6
17 14
27
1 9
2 1
19 1
1 24
1 20
22 1
1 18
10 1
6 1
1 27
1 11
1 17
8 1
1 4
25 1
15 1
23 1
1 21
12 1
1 14
13 1
5 1
1 16
3 1
7 1
26 1
23
12 20
2 12
18 1
12 22
19 18
4 5
1 17
19 14
18 16
8 10
13 4
3 16
17 20
20 10
10 15
6 19
13 11
17 13
21 4
11 7
11 9
16 23
19
4 6
7 13
13 9
17 10
15 10
3 9
5 8
6 19
9 4
13 18
1 4
10 14
2 3
15 5
5 16
11 3
12 6
15 1
26
10 14
17 13
5 10
24 8
2 4
23 5
13 12
26 4
9 2
15 19
22 14
24 21
19 10
23 6
19 3
9 25
2 13
25 16
20 14
9 1
5 1
23 24
11 6
7 6
18 25
22
1 12
8 1
11 1
22 1
3 1
1 4
1 9
15 1
16 1
17 1
14 1
1 21
1 20
13 1
1 10
1 18
1 7
1 5
2 1
1 19
6 1
15
6 15
3 5
9 2
7 2
12 8
10 12
15 10
8 4
9 13
5 4
13 6
14 7
3 11
1 14
28
17 25
19 1
20 10
1 12
16 5
28 3
18 4
27 16
4 2
12 23
15 6
3 18
26 28
20 7
13 1
22 11
24 22
1 9
24 21
13 8
17 6
10 4
12 5
14 5
4 1
12 6
21 19
22
19 21
9 6
4 17
22 13
16 7
8 18
19 3
7 1
11 9
22 16
20 18
4 10
14 15
1 11
16 15
9 12
17 19
15 5
22 2
7 17
11 18
21
9 7
20 16
10 15
10 1
3 21
18 6
16 10
15 5
13 4
2 15
1 9
7 4
21 11
11 9
12 4
19 21
11 17
18 7
18 8
16 14
26
4 14
19 25
5 16
13 12
16 26
7 10
12 24
21 8
11 14
19 4
17 14
9 22
10 8
19 18
11 2
12 5
9 10
3 17
6 8
7 1
15 16
11 20
23 9
4 1
5 7
27
9 15
5 23
7 26
18 19
13 8
7 10
26 14
3 8
25 17
27 7
19 27
20 11
17 2
26 1
16 18
8 12
3 26
22 11
7 21
26 4
6 24
17 27
21 23
11 26
6 2
17 15
19
2 13
8 6
1 8
17 1
1 10
2 15
19 16
3 16
2 7
15 1
12 17
11 6
1 18
19 14
19 1
9 19
12 5
5 4
15
10 5
6 10
11 13
9 7
8 15
13 14
3 5
4 9
12 4
2 7
3 8
1 11
6 2
14 12
23
3 15
1 22
18 21
4 10
22 14
21 2
15 14
15 13
19 20
8 21
5 12
20 23
11 6
7 11
23 22
16 20
11 14
5 23
2 4
4 17
2 1
9 5
14
4 5
8 3
11 14
14 2
12 9
8 10
12 4
4 1
14 10
7 5
1 10
8 6
13 12
25
21 18
15 5
14 25
13 11
17 8
13 6
4 6
22 21
12 16
8 3
16 15
7 5
6 20
18 1
19 16
5 2
14 13
17 18
24 21
15 11
1 11
8 9
10 17
23 14
15
9 7
2 15
4 11
1 15
2 8
11 5
13 15
14 9
10 13
1 5
3 11
12 13
2 6
5 9
16
1 13
1 5
1 14
6 1
1 11
1 2
16 1
15 1
12 1
8 1
1 7
3 1
1 9
1 4
10 1
12
4 1
2 1
1 3
1 8
10 1
5 1
1 11
1 12
9 1
6 1
7 1
18
8 12
6 9
10 4
11 5
17 13
1 18
8 1
14 4
8 14
16 1
18 11
15 6
7 6
13 11
6 1
15 2
3 8
14
9 8
3 5
1 8
1 2
7 11
2 5
9 6
12 2
10 12
7 4
5 13
14 9
7 8
23
6 23
11 20
18 23
22 8
12 3
11 17
23 15
1 20
21 6
2 13
13 15
16 11
20 12
14 2
18 7
12 4
8 13
15 1
8 5
19 18
2 10
9 6
24
11 1
9 1
21 1
12 1
1 17
1 6
1 22
10 1
1 7
13 1
1 15
1 16
23 1
18 1
14 1
1 19
20 1
3 1
8 1
1 5
24 1
1 4
1 2
26
15 14
22 13
7 11
21 8
18 17
20 5
17 10
22 3
26 16
6 26
1 12
21 5
23 18
9 3
12 7
20 25
14 8
10 2
15 24
16 25
19 9
19 4
6 13
4 2
11 24
20
18 7
13 3
9 14
9 19
8 13
17 4
15 2
12 7
1 18
13 18
2 6
5 17
20 2
6 5
11 17
1 5
10 7
6 9
4 16
19
15 18
16 2
19 14
9 4
14 1
18 3
16 5
10 11
12 5
6 17
4 6
13 2
7 15
12 10
8 13
8 9
3 11
19 17
21
14 9
18 2
1 16
16 4
10 19
15 5
4 6
9 8
11 14
14 16
20 2
11 13
5 12
19 21
1 10
10 5
7 9
3 11
2 4
19 17
29
16 1
17 13
27 7
18 10
22 10
26 2
11 5
28 10
7 21
19 14
25 21
8 6
21 26
25 29
7 11
21 3
10 26
24 15
14 26
4 26
9 10
13 26
2 1
24 18
21 23
1 12
14 20
8 28
22
11 4
18 13
21 11
22 9
22 2
15 22
17 12
3 14
5 8
5 6
13 10
20 18
1 9
1 18
20 11
12 19
14 7
20 5
14 13
12 9
16 10
21
13 20
13 16
10 14
9 12
12 18
21 14
5 9
7 3
3 10
9 8
12 19
2 3
17 20
18 15
1 19
18 6
1 10
4 14
20 11
13 19
12
4 10
11 5
12 8
5 9
9 6
7 9
8 1
4 8
11 3
2 11
5 1
17
16 15
7 4
5 13
11 8
12 2
10 1
3 15
6 3
6 10
2 11
5 9
14 13
4 9
7 17
14 12
16 17
16
1 15
3 1
1 5
13 1
12 1
1 11
1 7
1 6
1 16
1 8
1 10
14 1
2 1
9 1
4 1
11
6 5
4 1
4 11
8 1
7 1
3 1
10 5
8 2
1 9
8 6
21
21 5
16 18
12 13
20 18
15 17
9 7
2 19
10 4
15 19
9 8
17 10
1 11
16 13
12 7
14 4
3 2
6 8
11 5
21 3
14 20
26
6 7
11 25
20 10
1 26
20 8
9 22
1 13
3 1
1 22
6 21
24 23
16 23
5 13
21 25
4 9
15 2
17 23
23 15
1 15
18 9
3 20
14 3
14 19
12 13
9 6
23
7 1
2 7
18 23
10 1
12 8
2 15
8 19
12 11
12 1
16 12
9 7
2 4
20 7
20 3
1 5
21 6
8 14
22 8
7 21
7 18
13 9
17 1
23
1 3
8 1
1 13
1 18
6 1
7 1
1 21
1 23
1 9
1 14
1 5
12 1
17 1
20 1
1 11
1 16
22 1
19 1
15 1
1 2
4 1
10 1
24
5 23
16 3
2 23
7 8
22 13
18 11
23 13
14 11
17 10
7 14
9 17
19 7
23 9
13 14
23 1
15 9
6 19
19 24
21 16
12 14
16 8
12 4
20 1
10
2 6
5 9
4 3
4 2
10 8
1 7
10 6
8 7
3 9
26
19 3
7 13
5 4
25 2
11 12
22 21
17 22
14 19
26 25
23 7
22 18
18 4
10 13
23 8
23 6
18 20
1 2
2 12
16 13
24 11
25 15
20 1
12 19
9 4
7 20
15
6 2
14 9
7 1
5 7
13 10
7 14
8 3
7 4
3 4
7 11
15 5
10 12
5 6
10 1
29
20 22
1 25
13 6
22 27
25 11
16 2
2 15
10 6
20 3
28 27
4 17
12 8
20 19
11 2
5 12
9 10
17 8
11 18
7 17
18 26
25 10
24 27
18 29
14 12
6 23
21 1
8 21
22 21
26
7 10
20 26
9 3
8 5
25 18
14 24
20 21
8 1
26 16
12 14
11 9
22 19
25 16
13 4
17 2
17 4
10 2
22 13
7 15
11 23
19 12
6 3
5 21
18 15
24 23
18
1 14
1 6
6 3
6 15
17 5
7 2
15 9
16 8
18 3
13 15
4 5
11 5
12 3
10 8
14 11
8 14
2 11
29
16 1
12 1
1 13
1 23
18 1
17 1
1 27
1 5
1 28
29 1
1 9
6 1
25 1
1 14
1 26
21 1
7 1
1 8
1 24
1 3
1 2
1 22
4 1
1 20
1 19
10 1
15 1
11 1
22
4 1
18 1
12 1
1 2
7 1
1 5
1 17
14 1
6 1
1 11
15 1
8 1
16 1
1 22
1 10
1 19
1 9
1 3
1 21
20 1
13 1
19
11 1
1 14
17 1
12 1
1 10
18 1
1 4
3 1
1 7
15 1
1 2
1 5
19 1
1 9
1 8
6 1
13 1
16 1
26
19 17
1 13
7 12
2 23
21 23
4 24
5 24
17 18
10 15
5 1
21 12
26 18
26 3
16 12
8 6
13 18
9 15
23 11
6 22
13 21
8 5
8 15
25 26
24 20
17 14
15
15 12
2 14
11 8
8 10
13 9
15 3
1 7
5 14
9 6
15 7
14 11
7 9
8 4
11 1
26
9 12
9 24
3 2
7 1
5 8
19 11
10 11
16 4
20 26
16 5
13 23
25 2
13 6
18 26
17 18
10 20
12 21
14 17
22 19
15 8
14 21
7 4
6 15
3 24
22 23
20
5 12
18 13
8 2
12 1
10 17
18 15
16 12
10 15
19 5
1 8
12 9
6 1
8 11
9 3
7 17
1 17
20 17
18 14
4 20
10
8 3
4 7
1 10
4 3
4 6
3 9
4 1
5 10
2 9
26
17 4
23 20
7 2
26 9
26 16
1 8
3 12
7 6
17 1
5 3
24 20
11 14
14 23
24 22
14 15
16 21
1 3
2 14
18 26
25 15
1 21
21 13
14 10
14 8
19 4
23
15 1
7 17
5 19
21 23
9 7
20 9
8 9
10 11
22 6
12 13
18 4
9 1
11 2
20 13
1 3
23 17
14 6
6 13
1 5
5 16
4 7
4 2
20
13 14
8 3
13 12
16 12
1 20
2 4
15 11
14 11
7 3
17 19
10 8
5 2
18 16
19 9
20 4
6 15
10 9
5 17
18 7
18
5 15
15 18
10 3
11 6
1 7
17 9
12 10
9 4
14 18
15 13
2 10
11 7
1 3
14 16
9 7
11 8
18 3
25
10 8
20 4
2 23
15 25
8 2
22 23
8 13
1 21
18 1
18 16
17 8
3 14
24 9
16 12
5 3
15 7
19 2
24 20
21 4
6 15
11 18
15 4
13 1
14 13
10
8 7
2 7
3 4
9 3
6 5
8 6
5 10
9 2
4 1
19
1 7
1 11
3 1
1 16
18 1
1 8
14 1
4 1
5 1
1 6
1 10
13 1
2 1
17 1
1 15
1 9
19 1
1 12
23
7 2
22 12
14 3
10 18
5 4
22 5
20 10
23 21
15 8
19 9
2 14
19 16
15 7
17 6
13 11
13 20
6 8
12 17
3 11
1 9
16 21
23 4
23
1 19
1 23
1 3
17 1
8 1
1 10
1 14
20 1
12 1
15 1
1 11
1 4
1 6
16 1
21 1
22 1
9 1
18 1
1 2
1 5
13 1
7 1
29
6 29
27 25
3 19
2 11
27 26
16 4
23 10
9 10
21 28
23 18
16 1
5 21
10 1
15 2
8 24
17 21
3 6
10 27
10 6
23 7
5 22
15 8
14 15
8 1
26 20
21 6
15 12
13 6
21
4 17
5 21
19 21
7 10
14 18
9 5
6 14
20 2
17 11
6 13
3 9
15 13
16 12
3 8
16 15
12 4
8 18
10 1
2 7
19 20
16
1 2
1 11
7 1
1 8
6 1
12 1
16 1
9 1
10 1
3 1
13 1
1 14
4 1
1 15
5 1
15
15 13
4 7
6 3
11 8
3 7
14 6
10 15
5 14
9 13
12 11
2 5
8 1
4 10
9 12
18
13 1
1 5
1 12
1 8
1 6
1 11
17 1
1 18
1 2
1 14
1 4
1 9
15 1
1 7
16 1
10 1
3 1
23
14 4
9 16
1 9
16 20
7 3
22 17
17 4
18 1
23 16
13 12
6 4
18 13
19 5
7 13
12 2
22 8
11 5
17 18
15 22
21 7
10 12
9 5
13
10 2
10 11
4 5
3 9
4 6
5 9
2 7
4 13
1 5
2 12
10 1
8 9
19
5 4
14 6
7 16
10 11
12 14
4 18
10 16
6 2
1 13
13 2
17 19
3 15
19 9
3 11
5 8
12 7
17 8
15 18
10
8 1
1 6
1 4
5 1
1 7
3 1
9 1
1 2
10 1
10
2 10
3 9
6 2
8 5
10 1
10 3
5 7
1 5
4 3
20
14 18
3 9
1 7
19 7
4 6
5 11
1 12
2 6
10 8
18 15
6 3
4 7
8 5
7 5
5 17
20 6
13 7
18 4
16 19
19
16 15
6 15
7 10
1 19
19 11
17 14
2 12
8 14
18 3
11 7
17 10
12 9
6 4
8 13
16 18
13 5
4 9
5 3
12
3 1
10 1
2 1
1 12
4 1
6 1
1 11
9 1
1 8
7 1
5 1
17
16 4
13 17
1 6
9 8
9 4
7 14
15 11
12 8
1 14
1 3
17 4
2 3
1 15
5 7
1 17
10 7
11
9 4
6 5
2 7
11 2
8 1
10 5
3 8
3 4
10 11
9 7
28
1 2
9 7
27 22
16 8
10 28
18 13
9 8
1 8
21 13
4 26
17 19
6 4
16 13
16 10
25 5
19 9
2 26
5 26
22 2
19 12
7 24
7 15
4 14
22 20
23 27
5 11
10 3
19
9 10
8 18
6 16
16 7
14 13
5 14
11 3
13 9
4 9
17 8
19 16
18 19
15 11
2 14
19 11
12 8
18 1
1 13
14
6 4
5 9
7 9
1 7
5 2
6 13
4 11
10 7
8 6
1 6
3 1
12 1
14 3
18
7 3
12 17
4 18
13 16
17 9
9 2
14 15
15 2
14 11
7 11
3 13
5 12
6 4
10 8
10 16
6 1
18 5
25
6 19
13 16
18 3
3 6
13 21
22 24
25 10
20 9
22 4
12 8
5 10
23 21
14 20
11 12
7 15
16 11
19 7
15 2
5 17
2 14
24 1
17 8
23 18
4 9
19
14 2
11 7
5 11
2 9
1 2
18 11
18 17
15 14
17 16
17 13
8 19
9 10
8 18
4 9
1 8
14 12
19 6
19 3
15
12 2
13 7
14 5
6 15
3 10
12 15
10 2
13 14
5 11
7 1
6 11
3 8
9 4
8 9
24
3 15
12 23
15 22
1 18
12 9
20 2
18 24
14 8
10 22
7 10
19 21
5 2
8 20
16 14
9 11
17 4
5 21
16 4
24 6
23 7
13 19
13 3
11 6
21
6 14
8 16
11 18
6 7
1 19
5 1
16 17
15 6
4 16
3 16
3 13
15 2
10 8
14 9
16 1
21 2
4 11
12 15
1 15
20 1
18
13 1
1 10
14 1
11 1
1 4
1 12
9 1
1 7
6 1
8 1
1 16
17 1
15 1
1 2
5 1
3 1
18 1
11
1 4
6 1
7 1
10 1
1 2
11 1
8 1
9 1
1 3
1 5
27
16 23
14 22
11 10
26 3
21 11
21 16
5 12
6 24
13 20
4 9
9 23
7 15
19 6
20 7
26 8
18 2
27 13
17 14
24 4
19 22
12 15
25 5
18 17
25 8
2 1
3 10
24
16 1
5 10
16 3
13 18
10 14
23 9
18 21
19 20
14 8
13 22
8 15
12 4
11 7
19 7
9 6
24 11
2 17
5 3
4 20
23 22
17 21
2 15
12 6
14
3 7
11 4
1 11
3 12
9 11
4 8
6 10
10 12
9 5
10 14
13 3
4 2
12 1
15
13 7
7 8
13 15
15 3
6 4
11 2
11 9
9 10
5 1
14 2
4 8
10 5
12 3
12 14
28
6 14
22 15
4 10
17 26
2 27
28 19
15 25
22 6
18 2
26 6
4 1
22 2
11 22
23 4
6 21
7 13
21 12
22 1
8 6
3 10
9 2
16 5
20 5
5 4
13 22
1 24
13 28
19
3 17
11 12
9 2
12 5
10 16
11 1
9 19
10 1
16 8
18 8
16 9
3 6
10 7
13 7
4 12
8 14
15 7
11 3
18
3 7
9 10
2 1
1 14
3 8
1 12
17 18
10 11
13 15
13 18
13 2
7 13
16 1
5 12
2 10
10 6
4 6
15
3 13
14 9
15 5
10 15
1 4
2 11
3 2
11 7
12 14
4 6
8 7
13 10
5 9
8 6
12
11 6
7 12
10 8
2 6
9 5
8 9
11 4
5 1
2 12
4 3
7 10
19
15 19
3 2
7 15
10 12
3 17
7 13
14 9
12 9
15 1
14 4
9 17
19 11
3 18
7 16
17 1
8 14
6 12
5 19
14
7 4
3 1
1 6
2 1
1 10
1 7
10 14
12 10
8 1
8 9
1 13
1 11
5 6
14
7 10
8 10
12 4
12 14
13 3
2 11
5 2
9 4
3 11
14 6
9 13
6 1
5 7
11
5 4
6 9
5 2
3 8
1 10
10 9
3 11
8 6
7 11
2 7
28
17 1
1 6
1 4
1 22
1 3
9 1
26 1
14 1
1 25
13 1
1 5
1 11
1 23
24 1
20 1
27 1
1 18
1 8
16 1
15 1
19 1
28 1
12 1
1 10
1 2
7 1
21 1
22
1 14
7 1
11 1
22 1
1 19
20 1
1 9
1 2
1 16
1 10
4 1
8 1
1 18
6 1
12 1
15 1
21 1
1 5
13 1
1 3
1 17
29
7 2
23 18
12 22
15 22
20 8
22 4
4 19
26 18
16 2
18 27
29 20
11 10
24 1
28 11
24 20
6 11
26 2
14 8
28 24
5 4
19 3
29 17
13 19
28 9
5 1
26 5
21 8
29 25
14
2 1
13 1
6 1
3 1
1 5
8 1
4 1
1 12
11 1
9 1
14 1
7 1
1 10
15
12 5
12 2
14 8
10 12
7 13
12 6
7 3
12 1
15 7
14 9
1 11
7 14
14 4
7 12
23
4 9
14 6
7 4
17 2
6 3
5 18
19 8
9 21
14 18
15 23
13 15
17 23
11 22
12 16
1 8
20 3
22 20
11 19
13 5
21 12
2 7
16 10
16
15 3
5 8
1 12
10 6
4 9
2 12
9 16
10 5
2 14
3 7
1 15
11 3
9 15
13 2
5 12
12
5 6
4 9
11 3
12 10
1 12
4 6
7 11
8 1
11 1
6 2
4 11
22
6 11
13 20
4 19
8 14
7 4
1 8
7 21
17 3
18 10
3 9
11 12
13 8
19 1
11 4
15 13
10 9
14 22
19 9
14 16
5 7
2 3
15
1 4
5 1
13 1
9 1
12 1
1 8
14 1
6 1
15 1
1 11
1 3
1 2
1 7
1 10
24
6 8
2 17
23 18
24 3
18 5
21 9
7 20
4 7
14 19
23 6
24 10
17 22
13 19
9 3
16 2
20 5
16 4
22 21
8 15
14 15
12 10
11 12
13 1
23
1 15
22 1
17 1
1 11
10 1
1 7
13 1
18 1
1 2
16 1
21 1
1 9
12 1
14 1
3 1
4 1
1 20
1 23
6 1
1 5
1 8
1 19
13
13 1
1 2
1 6
1 7
5 1
8 1
1 4
9 1
1 12
1 11
1 3
10 1
13
4 1
2 3
8 5
9 13
9 12
3 5
7 1
10 9
1 13
11 3
6 7
5 4
12
9 1
9 2
4 6
8 10
3 8
1 10
2 5
12 9
10 4
11 4
7 8
28
4 18
18 22
1 18
16 10
1 10
21 11
11 25
27 28
6 21
12 16
16 14
24 19
24 8
18 3
11 15
28 15
26 23
20 26
15 1
19 11
26 13
26 10
1 2
15 9
13 17
2 7
5 24
29
16 1
1 29
1 13
7 1
1 4
18 1
1 28
25 1
23 1
1 15
24 1
1 8
1 5
1 10
26 1
1 3
1 17
12 1
1 11
1 9
14 1
2 1
1 22
21 1
19 1
1 6
1 27
1 20
19
1 18
19 17
19 15
2 8
3 10
16 1
16 5
2 17
9 14
14 2
16 6
6 4
18 11
7 1
1 14
7 12
1 3
3 13
22
16 5
15 22
17 2
6 18
22 4
3 13
14 10
18 5
7 9
8 20
4 6
21 11
16 11
3 20
17 21
7 19
2 1
10 12
12 15
19 8
14 13
13
3 2
3 1
7 3
3 9
11 1
10 13
5 2
6 2
13 3
2 4
13 12
8 2
22
6 2
16 1
4 17
9 2
7 21
8 22
18 14
8 15
2 13
11 9
2 1
20 19
5 21
1 14
9 20
8 1
4 9
20 10
1 5
3 4
22 12
14
8 11
3 5
14 9
12 13
14 5
12 4
8 4
6 5
14 1
2 9
4 1
10 8
7 9
26
5 1
1 3
1 10
1 26
15 1
1 2
20 1
1 7
4 1
1 23
1 17
1 25
9 1
1 6
1 13
1 8
21 1
1 14
1 24
19 1
12 1
1 11
1 16
1 18
22 1
19
15 1
1 16
19 1
1 8
1 3
18 1
1 11
9 1
1 7
1 2
1 14
13 1
12 1
1 17
1 5
1 10
1 4
1 6
29
18 27
29 18
16 4
18 9
19 3
5 16
27 5
19 24
8 27
10 20
18 15
7 29
14 2
8 17
28 29
23 24
5 11
9 10
6 26
21 18
1 13
8 13
14 21
8 12
24 1
22 25
25 27
6 8
12
5 11
6 8
5 8
12 7
2 11
1 2
3 4
9 10
4 6
3 10
9 12
29
20 6
16 4
9 29
15 8
23 28
12 21
2 18
23 29
16 2
13 14
19 24
15 9
27 14
12 25
3 5
26 20
12 11
15 14
29 20
2 3
17 16
23 22
1 18
7 24
11 18
1 9
24 11
10 3
26
16 7
16 1
25 3
26 8
18 10
21 10
21 17
20 9
3 11
14 24
15 26
18 24
7 2
19 2
8 6
23 9
4 11
25 13
14 5
22 12
20 13
15 5
17 23
6 12
4 19
19
18 1
1 15
17 1
1 12
9 1
1 13
11 1
1 8
1 10
16 1
1 2
1 6
3 1
1 7
4 1
1 19
1 14
1 5
23
1 20
1 9
23 1
1 13
19 1
3 1
1 14
11 1
4 1
8 1
1 6
10 1
15 1
12 1
5 1
17 1
16 1
1 22
1 7
1 2
21 1
1 18
19
9 7
16 8
12 18
4 1
5 4
14 2
6 5
1 3
18 3
4 10
11 18
13 16
5 17
3 9
19 9
15 2
10 16
10 2
23
1 3
17 1
15 1
2 1
1 20
1 22
1 6
16 1
11 1
1 4
8 1
1 10
23 1
13 1
18 1
1 12
1 21
1 19
1 14
7 1
1 5
9 1
28
1 13
1 8
1 10
25 1
21 1
1 27
1 3
1 2
7 1
1 5
16 1
26 1
6 1
14 1
23 1
11 1
24 1
1 22
19 1
1 12
28 1
17 1
1 18
9 1
1 20
15 1
1 4
23
16 12
8 1
2 23
16 21
7 17
20 19
22 6
11 18
4 21
17 12
2 19
5 3
9 10
22 5
3 13
18 9
15 4
13 10
11 23
7 14
8 14
20 15
26
3 13
22 18
21 1
16 10
9 12
19 18
2 8
20 6
25 14
2 25
3 23
1 5
1 6
7 13
13 20
20 17
6 8
4 12
1 18
24 1
15 20
26 13
11 17
16 20
9 25
24
24 12
1 23
12 11
19 14
7 22
11 5
12 10
12 9
4 7
21 3
19 6
18 12
4 11
20 4
1 11
8 1
8 21
2 15
19 2
14 17
5 13
2 1
21 16
22
19 1
15 12
14 19
12 11
22 8
12 13
20 1
8 2
18 21
5 12
18 17
4 6
7 15
2 6
22 9
11 18
12 3
20 16
1 22
2 13
2 10
23
15 3
2 10
20 4
5 12
18 2
20 13
15 1
6 22
2 9
14 9
21 23
20 17
22 9
4 12
7 22
21 11
8 3
14 4
19 3
12 16
14 1
21 15
26
24 2
24 6
6 14
25 10
14 3
4 14
23 9
16 8
12 7
18 19
22 20
2 25
13 18
20 1
11 3
10 17
24 23
21 25
1 24
18 16
1 8
15 26
26 11
8 7
8 5
27
25 6
17 14
24 20
12 17
3 11
25 19
2 22
22 10
5 14
26 12
9 5
18 7
15 8
20 4
11 24
16 23
8 13
2 7
6 26
19 10
18 4
1 21
15 3
21 16
27 9
23 13
13
4 12
10 5
6 11
10 1
5 8
11 10
2 1
11 7
2 4
5 13
9 2
3 4
29
1 22
29 1
1 13
14 1
1 12
1 9
11 1
15 1
26 1
1 6
23 1
1 7
1 18
27 1
1 16
3 1
21 1
1 2
1 25
4 1
28 1
1 17
1 8
1 10
1 19
24 1
1 20
5 1
20
14 12
20 2
3 4
14 6
9 8
6 3
2 9
2 19
11 5
16 18
6 15
7 3
2 1
6 17
1 6
12 10
11 6
15 13
18 17
11
2 1
1 3
5 1
1 10
1 7
1 9
11 1
8 1
1 4
1 6
17
10 12
2 12
14 16
14 2
5 1
3 13
13 6
6 5
9 8
2 1
8 5
4 6
11 13
15 14
8 17
7 12
23
3 23
3 11
19 17
12 6
9 19
1 22
2 18
12 22
15 16
12 13
19 16
15 8
5 2
3 22
1 4
16 4
21 20
15 14
10 20
7 2
20 7
4 7
20
1 13
11 7
4 10
1 18
15 1
1 2
2 8
1 12
5 7
4 9
3 2
19 1
2 16
10 13
12 14
6 1
7 1
17 12
20 11
16
5 1
1 2
1 15
1 12
1 14
16 1
6 1
10 1
3 1
1 9
8 1
1 7
13 1
1 11
1 4
26
1 3
1 23
20 1
1 7
1 17
10 1
14 1
1 19
1 21
1 22
2 1
18 1
8 1
1 15
13 1
1 6
9 1
24 1
1 26
4 1
12 1
5 1
1 16
25 1
1 11
25
1 23
15 6
18 22
12 22
19 23
16 2
7 16
7 5
20 15
21 10
13 4
18 19
9 14
17 25
10 13
21 8
12 20
17 3
11 6
24 8
11 9
3 24
14 5
4 2
21
17 3
21 6
1 4
9 3
16 20
13 1
4 8
10 3
5 2
3 21
7 8
4 9
1 11
17 5
12 2
5 15
19 9
18 15
20 4
14 1
10
3 6
9 1
7 2
10 7
5 4
6 8
6 9
4 9
7 1
15
8 6
2 4
12 1
9 12
10 11
6 4
5 7
13 15
2 5
14 1
5 15
11 1
4 3
2 11
28
20 1
23 1
21 1
19 1
1 12
8 1
2 1
1 10
7 1
1 28
1 3
18 1
1 24
1 13
16 1
26 1
1 25
1 17
1 9
1 5
27 1
6 1
1 11
14 1
15 1
1 22
1 4
16
8 9
3 11
8 7
11 16
3 12
13 12
10 16
5 4
14 15
5 2
13 4
15 7
6 14
1 10
2 9
14
7 12
14 13
14 1
1 7
6 11
6 2
8 7
6 1
9 3
9 6
6 10
5 2
7 4
18
1 5
1 6
17 1
1 14
1 18
1 11
16 1
12 1
15 1
10 1
4 1
8 1
1 13
3 1
1 2
1 9
1 7
13
9 7
6 5
1 7
3 2
4 13
9 6
8 4
8 5
13 10
12 11
3 12
10 2
20
1 20
17 1
1 11
1 19
14 1
1 9
6 1
1 3
1 4
16 1
12 1
8 1
10 1
15 1
5 1
1 7
2 1
18 1
13 1
28
9 1
1 2
14 1
27 1
7 1
26 1
19 1
18 1
12 1
23 1
1 13
8 1
5 1
1 4
1 21
1 6
17 1
15 1
1 10
28 1
16 1
1 11
22 1
24 1
1 25
20 1
3 1
11
8 1
5 1
1 11
9 7
1 6
7 4
3 7
2 3
7 1
10 7
29
2 16
29 26
23 18
19 4
17 20
26 21
12 14
12 5
20 27
2 5
23 6
13 24
3 22
16 4
18 11
9 25
15 13
25 28
15 10
8 7
24 22
9 3
29 11
14 21
28 6
1 27
19 8
10 17
15
7 9
15 3
7 2
8 13
12 9
2 13
5 14
11 4
5 8
12 15
10 3
14 6
10 1
6 11
10
1 10
8 4
7 3
3 6
9 2
8 6
7 5
4 10
2 5
10
1 8
1 6
1 7
1 9
1 3
2 1
1 5
4 1
10 1
17
12 13
3 1
4 6
9 6
1 8
5 12
16 4
7 1
8 14
10 5
13 4
3 4
17 16
11 16
13 15
1 2
10
2 7
8 4
1 2
5 10
6 10
3 8
7 3
4 6
9 5
26
22 1
20 1
1 6
15 1
1 14
1 18
1 26
1 8
3 1
1 25
7 1
23 1
1 5
1 11
1 24
1 13
10 1
1 2
1 16
21 1
9 1
1 12
19 1
1 17
4 1
17
1 4
2 1
1 7
9 1
11 1
10 1
1 3
1 5
1 17
1 14
15 1
1 13
1 6
16 1
8 1
12 1
15
11 1
8 2
14 6
13 15
3 4
14 10
9 8
14 7
4 5
13 11
4 7
1 7
13 12
11 8
17
7 1
6 4
5 7
6 1
7 16
15 6
12 14
10 5
2 4
9 15
13 16
12 4
17 5
15 3
12 8
16 11
13
7 3
2 8
3 1
12 4
8 3
8 5
10 1
9 10
12 11
13 9
6 9
12 10
22
22 1
1 21
8 1
1 20
14 1
1 12
1 19
13 1
1 16
1 6
1 4
1 17
15 1
1 10
5 1
1 18
1 2
11 1
3 1
9 1
1 7
10
6 3
4 3
7 9
7 5
8 4
3 10
4 1
7 1
2 8
23
6 2
11 10
5 22
17 10
16 21
19 4
4 18
13 20
8 4
23 5
7 12
5 14
7 10
14 12
21 15
18 13
13 3
6 14
12 1
21 7
6 9
18 1
18
3 8
5 6
11 3
13 3
12 15
1 17
14 18
2 5
7 14
6 16
14 17
9 4
5 11
3 1
9 10
3 9
12 17
12
1 2
8 1
10 1
1 3
1 12
1 5
1 9
7 1
1 11
4 1
1 6
13
9 1
1 2
13 1
7 1
1 4
11 1
6 1
5 1
3 1
10 1
8 1
12 1
20
9 8
12 11
14 9
3 6
8 4
6 15
3 12
17 4
5 6
2 4
3 19
12 1
13 9
16 19
1 8
11 10
7 11
19 18
10 20
10
1 2
1 9
1 6
1 10
1 7
1 8
1 5
3 1
4 1
23
8 16
16 9
17 18
3 5
9 10
7 10
20 15
17 4
14 11
22 15
1 9
21 18
2 17
18 14
12 21
11 15
21 13
11 5
19 16
23 10
5 6
1 14
24
18 6
7 20
8 1
6 2
5 1
6 11
21 2
24 18
23 17
9 18
20 1
18 1
7 14
19 16
18 16
18 13
3 7
12 18
4 23
23 9
22 2
23 15
9 10
27
1 5
1 2
1 9
18 1
11 1
1 8
1 17
1 13
10 1
1 12
25 1
21 1
20 1
23 1
1 4
16 1
24 1
1 14
19 1
1 27
1 3
1 6
1 15
1 22
1 7
1 26
24
2 13
11 19
3 10
19 13
5 18
2 15
16 6
6 21
9 23
1 21
2 12
3 14
24 18
21 13
1 14
18 14
16 17
19 8
22 6
22 20
16 7
3 9
22 4
27
8 9
22 26
23 25
4 19
14 23
24 4
16 17
10 19
6 26
16 1
20 4
22 12
21 6
13 10
11 17
10 18
27 17
6 15
3 26
16 8
3 19
7 22
9 5
8 23
3 1
2 9
16
1 8
8 5
11 1
9 8
15 8
2 8
14 7
8 7
3 1
10 4
3 4
1 12
13 9
16 5
7 6
23
1 7
3 6
3 11
23 10
3 8
15 16
1 18
14 7
13 12
2 12
9 10
21 17
6 15
12 23
23 18
5 14
15 4
19 14
20 21
10 22
6 18
7 21
14
3 1
13 1
11 1
6 1
1 10
2 1
8 1
1 7
12 1
14 1
4 1
1 5
1 9
22
5 19
9 14
15 10
21 13
18 11
9 8
4 2
16 17
11 14
8 21
1 16
5 16
21 22
14 2
1 9
12 5
7 17
2 3
6 17
11 20
8 15
13
1 6
10 1
12 1
1 3
1 9
1 8
1 2
1 5
11 1
1 4
13 1
7 1
22
13 4
13 6
12 20
1 22
3 15
19 13
19 1
19 12
13 18
19 7
1 14
10 1
19 2
17 3
15 2
9 18
10 16
6 5
11 19
13 21
10 8
14
5 1
1 3
1 7
1 9
1 6
1 4
1 2
10 1
1 8
12 1
11 1
13 1
14 1
10
1 8
5 1
7 1
4 1
1 3
1 2
1 9
1 10
6 1
25
1 3
1 22
2 1
10 1
16 1
1 6
1 24
1 21
1 19
1 17
1 25
1 13
1 5
15 1
1 4
7 1
12 1
1 9
18 1
8 1
11 1
1 23
14 1
20 1
18
1 5
9 13
14 7
4 14
17 16
8 9
9 5
6 3
11 5
16 5
11 15
4 9
11 12
18 1
10 18
1 2
1 3
18
2 1
1 16
10 1
1 11
14 1
1 5
1 3
13 1
1 4
7 1
1 15
1 6
9 1
1 18
17 1
1 12
1 8
18
1 14
1 17
1 10
1 16
1 13
18 1
3 1
12 1
1 15
1 6
1 8
5 1
1 11
7 1
9 1
4 1
1 2
21
5 11
19 3
1 21
3 20
13 1
1 16
13 8
2 3
11 7
2 15
1 2
2 5
4 15
18 12
11 14
16 6
9 5
18 7
5 17
10 9
21
9 5
13 9
2 11
19 21
2 15
6 12
21 5
16 10
20 3
16 7
8 18
4 17
10 13
17 15
20 8
14 3
7 11
18 1
14 6
19 12
13
8 2
9 12
6 3
5 11
3 2
10 11
13 4
10 1
13 9
4 7
7 8
6 5
18
8 18
10 16
7 9
6 18
15 1
1 10
3 11
12 5
18 1
2 7
12 10
2 18
3 18
13 14
17 11
17 13
4 3
10
1 9
10 2
7 8
1 7
10 4
6 3
6 10
1 4
5 2
21
17 8
12 7
6 14
15 20
9 11
2 20
14 4
2 13
3 16
19 12
18 8
5 16
19 5
13 18
15 6
1 9
17 21
11 7
3 10
10 21
19
13 19
10 9
19 1
7 4
6 2
14 19
1 3
13 12
16 11
18 1
3 5
10 4
18 11
13 15
4 2
7 1
12 17
8 10
18
1 2
13 7
12 15
3 6
8 13
2 3
15 5
9 2
5 1
10 16
3 17
10 5
14 9
9 13
18 10
15 4
14 11
23
22 9
10 15
7 16
17 2
3 23
7 4
9 20
8 6
21 17
18 23
2 11
10 8
13 20
15 1
5 6
18 4
19 16
21 3
13 19
5 14
22 12
14 11
28
8 2
5 24
14 12
27 11
15 3
3 28
23 24
25 19
27 26
10 23
6 17
17 22
3 6
19 9
6 25
20 14
14 16
21 23
7 17
12 2
5 12
18 9
24 27
5 1
13 19
25 1
2 4
14
12 5
12 11
2 14
2 4
7 13
9 8
10 14
6 11
4 7
1 9
8 6
5 3
3 13
25
24 15
5 14
7 18
20 8
1 6
23 6
19 3
12 22
17 23
21 25
19 25
2 18
14 11
4 11
9 22
10 12
20 13
17 10
8 16
4 21
5 13
15 9
16 7
24 2
16
1 6
2 6
15 6
3 11
6 13
7 4
4 14
16 6
12 10
8 1
9 4
1 5
6 10
13 4
3 6
22
1 8
10 1
1 11
1 13
4 1
1 6
1 17
19 1
1 5
1 3
1 9
1 16
18 1
15 1
22 1
1 21
12 1
1 2
7 1
1 14
20 1
19
8 4
12 4
10 13
5 10
19 16
14 6
6 15
1 3
2 8
17 15
7 11
19 5
13 7
16 18
9 3
9 11
17 2
18 12
10
9 3
7 5
4 2
7 10
9 5
8 10
2 8
6 4
1 3
21
16 21
12 8
5 21
20 17
15 7
11 10
1 7
2 11
9 6
5 6
9 20
15 13
4 19
8 2
13 12
18 3
10 16
17 19
18 14
4 3
27
2 20
6 17
15 3
23 11
11 21
21 26
22 18
27 19
15 8
17 9
7 10
9 3
13 24
24 25
7 2
10 25
1 27
19 5
6 23
4 26
18 12
12 16
8 13
4 14
5 14
20 22
26
11 1
1 26
1 22
16 1
6 1
1 8
9 1
15 1
17 1
1 23
19 1
1 2
1 7
25 1
20 1
5 1
1 13
12 1
1 3
1 24
1 10
1 4
1 18
14 1
1 21
11
4 9
11 4
3 7
5 9
2 8
8 7
6 11
5 3
6 1
10 2
17
1 3
1 15
1 6
10 1
8 1
1 12
16 1
1 14
4 1
1 13
1 9
1 5
1 7
1 11
17 1
2 1
17
1 9
1 11
1 13
1 3
1 4
10 1
1 6
5 1
7 1
17 1
1 16
8 1
1 15
2 1
14 1
1 12
19
7 4
3 7
5 2
19 11
9 13
14 10
1 17
1 14
3 6
1 5
13 12
5 11
4 15
3 5
13 11
17 18
8 1
16 1
10
7 1
8 4
3 1
5 8
1 8
6 10
8 9
2 1
4 10
17
2 1
11 1
1 15
1 5
16 1
1 17
6 1
1 3
12 1
1 14
1 8
1 13
1 10
9 1
1 4
7 1
27
1 25
1 3
17 1
1 22
1 24
1 8
1 20
9 1
15 1
26 1
1 2
1 13
16 1
23 1
1 12
1 4
14 1
19 1
7 1
18 1
1 21
6 1
1 5
27 1
1 11
10 1
19
6 12
7 12
4 9
6 10
6 5
19 11
15 6
1 18
14 13
14 1
15 14
16 4
15 17
19 16
15 16
1 3
14 2
2 8
22
10 6
17 11
13 9
2 6
6 3
22 16
8 5
7 18
8 1
13 11
11 1
2 19
11 22
11 14
2 11
7 12
8 7
9 20
6 4
15 9
21 9
13
9 10
5 10
9 12
6 11
3 4
2 6
1 7
13 11
5 13
8 2
7 12
8 4
18
5 10
13 15
1 12
5 17
7 3
6 16
6 8
3 2
15 11
16 15
18 1
5 12
9 14
9 18
3 12
4 9
18 16
14
1 6
4 1
2 1
7 1
1 9
1 5
1 12
8 1
1 10
11 1
1 13
14 1
1 3
10
7 8
8 5
2 10
3 9
1 5
6 3
4 9
7 2
10 6
21
8 2
15 16
2 16
3 9
10 20
5 3
21 18
15 13
12 21
11 6
16 5
1 4
3 21
4 11
10 4
7 11
14 15
17 10
19 2
5 1
13
13 1
1 8
3 1
2 1
1 11
6 1
10 1
5 1
4 1
12 1
1 9
7 1
20
11 7
2 3
10 3
16 12
8 14
10 13
8 5
14 7
1 14
9 18
16 6
20 7
18 19
13 18
9 15
10 16
3 17
4 8
1 13
19
16 7
19 7
17 18
4 6
18 1
5 14
10 6
12 8
15 3
12 10
16 4
3 17
11 14
19 9
13 15
8 13
11 2
9 2
23
23 20
9 20
3 2
14 1
13 14
1 15
12 7
20 15
10 12
22 19
17 8
16 6
19 11
13 12
21 2
6 4
3 6
18 2
5 8
13 8
14 3
19 15
11
4 1
7 1
6 1
1 9
1 11
1 8
5 1
1 2
3 1
1 10
11
6 1
1 10
9 1
1 8
2 1
3 1
7 1
5 1
11 1
1 4
16
12 16
10 13
8 9
5 4
7 13
8 14
15 2
7 3
2 12
16 11
6 1
3 11
6 5
9 10
15 4
13
4 8
2 10
3 5
9 6
6 11
4 11
2 1
7 12
3 10
13 7
5 8
13 9
17
17 15
3 15
11 8
4 1
13 7
5 8
14 11
6 12
7 9
9 16
16 17
10 2
13 4
6 5
14 10
3 2
28
18 1
1 14
1 24
1 3
1 5
7 1
25 1
1 10
1 22
1 16
20 1
1 21
27 1
13 1
15 1
19 1
1 8
1 4
1 28
17 1
1 12
1 9
1 26
1 11
1 23
6 1
2 1
28
10 23
6 26
4 22
26 21
11 15
11 1
26 1
22 15
2 19
1 25
18 5
14 21
23 14
19 22
1 16
13 26
14 8
24 26
15 18
9 27
26 28
15 7
27 13
20 14
17 7
10 12
18 3
10
5 2
10 3
9 6
3 1
4 6
4 10
5 8
9 8
2 7
16
1 5
10 3
11 16
5 12
1 10
7 6
14 10
9 16
13 4
11 15
12 13
6 8
8 1
7 2
16 10
11
5 9
6 4
2 3
7 9
6 1
3 10
11 9
5 1
6 8
5 3
27
25 1
27 1
14 1
1 17
5 1
4 1
1 8
9 1
1 7
1 10
1 6
1 24
1 18
1 12
1 13
1 23
1 15
11 1
1 26
2 1
1 3
22 1
1 16
1 19
1 21
1 20
19
10 13
6 17
11 16
15 2
17 9
4 5
18 1
7 10
3 19
4 12
5 7
15 14
3 11
8 16
8 6
19 2
13 14
9 18
10
7 3
4 2
4 8
7 1
10 1
5 10
6 2
2 9
10 2
26
1 16
13 1
1 21
1 19
14 1
25 1
15 1
18 1
1 7
1 20
17 1
1 5
1 12
2 1
3 1
26 1
10 1
1 8
1 4
24 1
1 23
9 1
1 22
1 6
11 1
16
7 15
11 3
6 16
16 12
2 12
3 7
4 10
3 1
4 1
16 1
8 10
13 5
14 12
13 1
9 1
22
9 13
6 20
15 14
12 15
5 12
7 13
18 1
8 22
18 20
11 8
7 5
3 19
21 16
19 17
4 10
2 9
3 21
10 6
4 2
16 22
14 11
11
1 7
7 6
10 2
8 9
7 5
10 1
1 11
1 4
8 4
11 3
13
13 4
1 5
1 2
5 6
4 12
3 9
2 4
3 2
6 10
8 3
5 11
7 6
19
15 7
1 8
4 15
16 15
11 8
3 6
8 10
13 1
8 14
1 12
13 9
3 18
12 18
17 13
5 12
2 18
8 7
19 13
16
7 9
8 14
16 9
14 5
12 9
2 12
1 8
3 2
13 11
2 15
4 15
6 11
1 12
11 8
14 10
27
2 26
2 6
18 7
23 8
9 19
27 25
20 14
1 11
14 5
10 18
8 15
10 8
22 13
21 25
5 4
17 13
27 11
5 16
3 18
24 19
2 27
25 12
1 20
10 11
14 19
13 20
18
1 13
2 10
17 12
5 11
18 4
18 8
10 9
16 3
15 17
14 12
5 4
7 8
6 16
7 6
2 11
3 13
15 9
17
6 4
2 7
17 1
11 5
14 13
15 14
11 10
5 6
4 15
9 16
12 3
17 8
16 12
8 9
2 10
13 3
26
6 2
18 22
8 5
12 16
25 24
17 2
19 3
15 16
7 5
24 11
22 9
1 9
20 21
3 4
3 14
9 16
10 4
26 18
10 1
4 5
20 22
10 25
13 24
23 20
25 2
13
7 10
4 2
8 10
5 6
7 1
3 5
9 5
1 6
11 10
4 13
12 6
7 4
13
11 12
7 9
1 5
8 7
4 12
3 5
7 5
10 13
6 12
10 2
6 10
1 6
13
1 3
9 7
11 2
2 10
5 2
5 3
8 12
1 6
4 2
7 8
8 13
8 5
16
11 16
7 14
12 10
15 12
6 2
3 13
1 8
2 16
10 4
9 3
15 9
13 14
8 7
5 6
4 5
28
20 23
14 16
10 5
3 13
9 10
4 11
10 2
10 1
6 4
24 17
8 10
8 20
24 3
5 4
23 7
8 25
23 18
4 21
19 10
28 3
26 12
15 19
12 16
12 23
27 17
1 3
22 17
13
9 13
9 2
8 12
7 4
3 5
3 2
6 5
8 11
13 11
10 4
1 6
10 12
19
13 3
15 19
2 12
4 15
6 3
17 11
9 10
8 5
19 18
7 8
6 10
1 18
16 2
4 14
13 17
16 11
5 12
7 14
11
3 9
7 8
3 6
7 1
5 9
6 4
10 7
6 2
11 9
1 3
16
2 6
5 12
13 11
9 2
9 15
3 8
6 14
2 1
16 7
6 10
9 4
16 10
10 5
9 3
11 8
19
12 1
1 11
1 17
1 18
5 1
1 3
15 1
10 1
1 2
1 8
6 1
1 7
14 1
1 16
4 1
9 1
13 1
19 1
19
16 15
6 18
17 3
1 5
15 7
12 7
1 6
14 17
16 11
17 5
8 19
9 18
2 18
16 10
15 6
5 19
7 4
13 19
26
20 1
19 1
24 1
21 1
1 2
11 1
4 1
7 1
1 22
1 9
18 1
12 1
15 1
1 23
14 1
17 1
26 1
1 10
1 16
13 1
1 25
1 3
5 1
1 8
1 6
15
1 3
4 1
12 1
1 13
1 14
1 11
1 9
1 6
1 7
8 1
1 10
5 1
2 1
15 1
17
4 16
8 2
15 8
13 7
8 10
12 8
12 17
13 14
17 6
4 13
1 10
9 15
8 13
8 5
13 11
3 1
29
12 1
23 1
24 1
2 1
1 21
1 18
1 16
1 5
1 9
19 1
1 25
29 1
13 1
1 7
1 3
28 1
1 27
26 1
17 1
15 1
1 6
14 1
1 4
20 1
22 1
10 1
11 1
1 8
11
8 6
5 1
5 7
8 11
11 1
3 8
10 11
5 9
4 10
10 2
19
5 12
1 18
8 9
1 2
12 13
12 18
7 18
2 4
15 12
11 9
10 6
7 16
3 4
1 17
9 6
14 3
9 17
19 12
12
5 11
4 5
1 10
6 9
8 10
10 2
12 1
6 7
5 12
12 6
8 3
13
10 7
1 13
2 11
8 6
10 1
12 13
5 2
6 10
9 12
12 3
2 13
6 4
24
9 21
18 1
15 8
22 2
5 19
3 10
8 7
24 14
6 1
2 23
3 16
21 12
8 12
1 10
12 13
4 5
12 11
24 10
21 20
5 2
5 18
18 17
1 21
24
22 1
1 20
1 13
18 1
14 1
9 1
15 1
21 1
1 24
1 19
7 1
6 1
1 5
2 1
1 10
17 1
3 1
8 1
16 1
1 23
1 11
1 4
1 12
24
20 1
21 22
23 4
6 15
16 15
13 3
6 8
8 1
22 11
10 2
15 18
6 17
11 19
20 2
3 8
4 14
20 11
3 4
2 7
17 24
17 5
9 13
12 13
27
23 26
3 19
8 4
14 4
21 24
18 3
12 16
3 23
6 9
19 11
13 25
27 6
12 14
10 6
2 23
17 12
22 13
19 5
13 15
25 10
25 21
14 18
20 21
1 10
18 1
4 7
18
17 13
6 8
14 17
16 6
2 10
9 10
7 15
13 18
10 3
12 7
16 7
9 1
6 5
18 4
16 1
13 9
17 11
16
8 16
4 10
14 11
10 5
8 10
11 9
12 16
16 6
11 2
15 9
3 15
1 8
3 13
9 1
15 7
16
10 7
2 9
9 7
8 5
6 1
15 2
14 16
5 4
13 11
11 14
16 3
12 15
12 6
8 3
10 13
19
16 17
8 6
11 5
12 15
1 18
14 16
4 17
1 3
10 2
8 16
1 16
13 16
2 16
19 9
1 5
14 9
1 12
7 11
23
3 23
9 7
15 12
10 5
14 20
18 23
8 15
4 5
13 23
15 19
20 22
7 3
6 17
11 7
3 16
17 22
5 19
22 1
16 1
19 16
2 20
17 21
29
21 15
1 17
21 23
3 17
15 27
24 22
11 24
24 17
5 18
9 1
6 11
16 17
10 14
4 11
20 10
29 17
1 8
7 28
26 25
1 7
1 10
21 1
3 19
18 1
14 13
24 26
2 23
29 12
19
12 7
2 14
15 18
3 8
17 15
11 19
12 3
10 19
6 9
4 17
10 13
14 16
5 18
16 8
7 4
13 5
2 6
1 11
13
4 7
12 9
13 9
6 8
10 9
4 11
13 3
4 9
1 5
8 4
1 4
8 2
21
1 7
3 18
14 4
13 11
12 13
3 21
1 14
6 5
7 15
6 15
2 9
19 4
14 16
3 9
16 10
20 16
4 17
9 7
8 6
13 15
13
13 10
5 10
13 1
9 1
2 3
7 9
12 10
11 3
3 13
6 4
8 4
9 4
28
24 28
3 21
18 20
7 24
13 9
20 28
8 23
7 3
6 16
17 7
24 2
12 23
22 17
12 19
4 12
24 5
25 20
16 24
4 15
6 13
1 10
26 19
12 28
11 12
27 14
14 1
28 1
27
19 16
17 27
20 26
8 12
24 17
16 25
10 19
23 25
11 1
5 25
6 26
20 19
24 21
24 15
17 14
8 20
4 21
19 27
16 2
22 10
9 11
3 19
7 21
4 13
1 17
17 18
22
22 1
1 12
10 1
7 1
14 1
17 1
15 1
1 11
1 6
1 8
13 1
1 4
19 1
20 1
5 1
21 1
1 18
1 9
1 2
1 16
3 1
29
29 25
21 6
23 19
14 27
3 26
27 21
1 9
22 24
18 20
28 3
10 4
23 5
9 3
23 1
13 25
12 14
20 19
27 9
25 5
15 26
21 2
8 24
11 4
7 14
4 5
16 20
26 17
19 24
12
2 8
7 8
11 4
7 6
5 7
3 8
7 12
1 12
12 11
10 4
10 9
11
1 7
10 1
1 5
6 1
8 1
1 9
1 2
1 11
1 3
1 4
23
7 8
16 10
21 13
6 9
3 21
4 20
3 17
6 8
23 1
23 20
10 12
18 12
22 9
4 14
22 2
14 11
5 19
19 17
5 15
11 18
16 13
15 2
27
9 17
5 21
10 11
2 3
18 13
12 20
7 18
16 10
20 26
25 26
6 13
1 19
7 2
27 14
19 17
5 14
24 4
11 15
8 12
23 4
16 22
25 23
15 6
8 3
27 22
21 9
23
22 21
5 11
4 19
12 16
10 1
2 22
21 14
21 11
21 7
1 3
23 4
2 9
10 19
4 15
6 22
8 3
18 3
17 6
1 12
13 19
22 18
14 20
11
4 6
7 2
1 6
5 9
9 4
3 2
11 10
10 8
8 3
5 7
15
3 1
1 10
13 1
5 1
1 8
7 1
1 4
1 2
1 12
1 9
1 15
1 6
14 1
11 1
28
8 1
1 21
1 19
1 13
18 1
1 28
1 16
1 11
1 6
1 17
24 1
23 1
1 12
1 15
1 20
3 1
26 1
1 2
1 22
27 1
4 1
1 5
1 25
1 9
1 7
14 1
10 1
10
5 1
8 2
4 10
4 6
9 2
1 6
2 6
1 7
3 4
19
8 17
11 8
6 18
4 3
13 15
8 9
11 3
15 18
15 1
12 13
18 2
4 7
1 11
14 13
19 3
10 4
19 5
16 19
23
17 1
20 1
1 9
23 1
11 1
1 14
19 1
1 10
1 4
21 1
18 1
1 13
12 1
2 1
5 1
1 7
15 1
6 1
16 1
1 22
3 1
8 1
13
1 12
1 4
9 1
1 2
1 5
1 13
1 10
1 3
7 1
1 11
1 6
8 1
15
9 14
2 4
14 4
1 15
8 5
1 9
8 15
10 1
10 12
11 14
6 2
1 13
15 3
1 7
12
1 2
1 10
4 11
1 11
7 12
8 9
5 9
3 7
11 7
9 4
11 6
26
9 21
21 24
14 21
15 13
3 18
12 23
22 19
11 21
22 20
17 23
11 18
24 22
2 26
5 6
10 26
26 19
21 6
1 19
24 17
20 8
26 7
4 26
17 25
22 16
11 13
24
16 1
6 5
12 15
15 1
18 8
7 6
24 16
23 17
14 21
9 15
17 2
20 16
3 10
8 14
6 4
15 17
16 13
10 15
9 19
16 7
15 18
22 24
11 14
10
1 5
1 4
6 4
3 7
1 9
10 5
2 6
3 1
8 2
24
20 23
4 16
17 22
2 24
21 11
10 11
21 16
12 19
19 1
8 17
10 5
15 6
3 7
13 14
8 18
13 24
9 14
23 9
12 2
4 20
3 18
6 5
22 15
13
8 7
2 1
9 2
5 2
10 8
11 6
3 12
4 13
11 1
12 13
5 7
8 13
25
12 13
19 12
6 4
5 21
3 24
23 25
19 16
2 17
4 11
13 8
20 11
7 14
15 18
7 25
14 22
2 22
16 10
21 9
10 17
23 20
9 15
18 8
6 3
1 5
18
1 6
1 17
1 18
1 16
1 10
13 1
1 8
9 1
11 1
15 1
1 7
1 4
14 1
1 12
5 1
1 3
1 2
16
8 1
4 1
6 1
5 1
16 1
10 1
1 2
15 1
1 12
14 1
1 11
1 13
7 1
1 3
9 1
10
1 9
8 1
2 1
6 1
1 5
1 10
3 1
1 7
4 1
23
16 6
14 15
16 2
4 18
4 22
12 18
12 14
17 14
15 7
5 8
20 4
6 23
18 5
9 17
2 19
1 12
17 11
16 1
10 2
15 21
6 3
13 5
13
2 9
2 8
6 13
1 4
4 5
2 11
1 9
12 4
7 12
12 3
6 10
9 6
16
1 11
4 12
8 4
1 15
1 12
15 3
15 2
6 11
5 8
13 2
15 7
14 4
9 14
14 16
10 13
11
2 1
4 1
6 10
5 4
8 10
6 7
6 9
3 6
11 1
1 8
23
1 14
18 1
1 7
1 19
1 11
1 20
1 16
1 5
1 2
15 1
23 1
1 22
13 1
6 1
8 1
1 21
1 4
3 1
1 12
1 17
10 1
9 1
13
8 4
4 10
4 9
12 13
3 11
1 10
13 10
6 3
3 5
7 13
6 1
6 2
25
11 15
15 13
3 13
24 19
22 23
1 24
13 10
19 8
16 6
18 12
22 21
24 6
18 19
13 1
22 11
4 5
4 3
11 25
2 9
22 9
19 17
14 20
15 20
15 7
11
8 3
6 7
5 3
8 4
5 7
9 6
2 4
10 11
9 1
10 2
14
6 8
11 5
14 11
13 11
2 7
12 6
2 9
3 10
5 1
10 4
6 5
1 9
10 9
23
1 14
6 1
18 1
3 1
11 1
9 1
13 1
1 8
17 1
1 12
21 1
1 7
15 1
1 22
19 1
1 4
1 10
5 1
1 23
1 2
20 1
16 1
23
15 23
9 2
12 2
4 15
8 16
21 7
14 5
17 5
16 1
10 22
6 4
23 18
7 8
11 17
9 19
3 20
6 22
18 11
3 13
14 21
20 19
13 10
14
1 7
4 1
1 2
13 1
6 1
5 1
14 1
1 9
1 12
1 3
1 8
1 11
1 10
22
2 6
20 10
19 11
4 21
15 3
15 14
16 17
18 13
9 1
5 19
13 22
8 6
7 8
14 22
4 2
16 12
3 10
20 12
17 5
21 11
18 9
17
1 17
6 1
1 11
1 5
1 12
7 1
1 2
10 1
16 1
15 1
1 13
1 8
4 1
1 9
1 3
14 1
28
18 6
5 10
8 16
19 25
14 21
12 9
8 27
24 13
6 24
3 17
27 7
2 13
11 5
19 28
11 21
1 25
4 20
23 15
18 16
26 17
9 4
2 23
20 26
14 3
28 22
15 10
22 7
26
12 1
4 1
5 1
1 23
13 1
16 1
22 1
1 9
1 17
20 1
1 25
2 1
1 6
1 11
14 1
1 18
1 26
8 1
1 7
1 19
1 15
3 1
21 1
10 1
24 1
18
7 1
15 9
11 2
9 13
14 2
6 5
18 7
16 4
10 12
17 10
6 14
3 11
8 15
5 18
16 8
3 13
4 12
12
9 2
1 9
2 12
11 7
11 4
2 5
10 8
6 10
3 4
1 4
9 10
12
1 2
1 9
4 1
1 6
7 1
5 1
1 8
1 11
1 3
10 1
12 1
29
23 2
3 11
20 25
20 6
1 26
7 18
27 3
19 16
21 14
2 15
23 21
23 24
9 3
18 11
9 13
5 2
28 17
3 23
19 15
28 12
23 1
14 10
13 4
1 20
28 1
18 8
29 12
26 22
22
2 4
11 19
6 22
12 14
5 2
7 14
9 3
16 8
13 18
11 5
1 20
7 9
6 3
18 22
10 15
21 17
8 13
19 17
16 20
12 4
10 21
10
1 6
1 2
2 8
9 6
9 10
7 3
3 6
3 5
2 4
26
13 7
16 5
10 1
21 8
24 1
8 20
21 19
17 26
12 3
12 2
25 20
5 14
4 21
13 1
8 3
11 18
26 25
19 6
1 25
22 20
25 15
23 18
5 20
9 12
3 23
16
13 1
16 10
8 1
1 14
14 12
11 4
6 14
7 1
10 7
3 5
2 11
5 14
1 4
4 9
15 7
23
1 5
1 23
1 19
6 1
2 1
1 8
9 1
15 1
21 1
1 18
1 11
1 12
1 3
10 1
7 1
17 1
1 20
1 4
1 14
1 16
1 13
1 22
17
8 2
17 5
11 9
14 15
6 5
7 2
10 1
16 4
17 16
3 10
11 15
9 6
8 12
13 7
4 3
13 14
20
2 1
15 1
13 1
7 1
11 1
1 8
20 1
4 1
16 1
1 10
1 19
14 1
1 12
1 18
1 3
5 1
17 1
6 1
9 1
28
5 15
17 10
15 18
1 2
16 4
3 22
20 4
26 6
24 23
17 6
19 3
7 23
3 20
18 11
13 17
2 18
12 6
10 20
2 23
25 11
27 4
8 13
15 28
1 10
21 13
14 24
9 11
18
18 10
15 3
13 7
7 9
8 11
12 7
14 3
4 14
7 1
1 17
13 11
6 11
5 7
18 2
14 1
18 1
13 16
22
16 18
13 2
21 22
14 6
3 10
2 20
13 19
18 5
11 7
9 11
5 9
4 3
7 8
15 14
12 1
21 16
12 20
15 4
17 10
22 6
19 17
15
6 1
2 1
1 8
1 3
7 1
15 1
1 5
1 11
1 9
1 13
14 1
1 10
12 1
1 4
21
6 10
4 21
16 14
3 2
18 12
20 19
9 6
9 17
14 15
8 20
10 2
19 11
21 17
12 3
4 5
18 13
11 7
1 5
8 16
7 13
17
4 8
16 15
6 1
8 3
8 7
10 6
17 6
9 5
2 6
9 12
1 14
7 6
9 17
15 3
5 13
11 1
12
3 2
10 8
9 3
8 1
6 5
5 10
12 11
4 2
11 9
6 12
7 4
26
1 25
1 17
8 1
10 1
14 1
11 1
12 1
19 1
1 18
23 1
13 1
1 15
21 1
22 1
1 4
1 6
20 1
1 2
7 1
1 5
24 1
1 26
16 1
1 3
1 9
10
1 3
1 4
9 1
7 1
1 10
8 1
5 1
1 6
2 1
19
10 2
19 4
10 4
14 18
7 9
7 5
15 11
8 18
3 16
6 13
13 19
16 6
1 9
17 8
5 12
17 3
15 14
2 12
20
1 15
1 19
1 7
16 1
2 1
1 13
1 14
1 11
5 1
1 6
17 1
9 1
1 20
1 8
10 1
12 1
1 3
18 1
1 4
15
10 2
2 5
1 12
1 11
2 14
4 7
12 8
1 13
9 7
14 3
12 15
9 2
6 14
9 1
26
25 9
2 22
21 23
21 11
8 1
20 4
10 23
15 23
22 26
25 21
22 8
12 1
8 23
7 16
6 14
5 23
3 8
23 17
18 11
11 19
23 13
24 4
8 4
7 8
7 6
25
1 20
5 8
22 6
15 14
19 15
15 1
2 11
16 25
21 9
18 23
17 1
23 13
5 14
24 3
13 25
15 4
6 1
13 12
21 4
6 18
24 8
7 4
11 18
6 10
12
12 6
4 8
2 4
1 9
4 9
9 10
10 3
7 1
7 11
5 10
7 12
20
9 16
4 9
10 17
4 13
20 11
3 18
3 8
14 13
16 8
17 1
19 12
6 10
2 20
15 6
5 14
19 7
2 18
15 7
5 12
20
4 1
12 1
1 2
1 9
1 7
1 13
1 17
5 1
1 6
8 1
1 3
1 20
16 1
18 1
10 1
1 19
11 1
1 15
14 1
15
1 7
12 1
1 5
1 14
1 13
1 8
10 1
11 1
1 9
1 6
1 2
1 3
15 1
1 4
11
2 6
2 1
8 10
10 1
4 11
2 3
10 4
4 5
7 8
9 8
28
15 3
6 13
2 4
4 1
22 8
10 14
21 7
15 7
16 19
23 6
2 24
11 23
22 3
9 17
10 25
24 17
20 12
5 28
20 27
18 9
18 21
27 26
12 11
26 28
5 14
8 16
19 13
22
10 1
3 1
6 1
1 7
15 1
11 1
1 19
22 1
4 1
18 1
1 21
2 1
1 17
9 1
13 1
1 12
1 8
14 1
5 1
1 16
1 20
22
14 3
18 21
18 6
14 5
18 12
6 5
13 2
5 16
5 7
8 16
14 19
20 6
4 6
15 2
11 6
16 9
22 6
17 3
3 2
10 11
14 1
19
13 4
19 1
7 9
9 10
14 19
15 14
12 13
3 19
10 13
11 9
18 11
5 11
17 3
1 10
16 3
8 7
7 2
6 14
15
5 1
12 1
8 1
1 11
3 1
1 10
1 15
9 1
1 13
4 1
14 1
1 6
7 1
2 1
19
13 3
6 5
4 10
1 10
14 2
7 5
15 9
10 16
13 5
6 19
7 8
7 1
18 12
9 2
13 18
9 1
17 14
11 19
11
1 5
10 6
2 4
5 3
8 10
4 11
8 7
3 9
2 9
7 11
18
15 5
3 2
4 11
6 2
16 18
8 12
9 16
8 1
1 14
13 3
6 1
1 17
1 18
5 10
6 5
11 1
7 6
26
17 13
1 26
8 10
20 22
13 11
23 2
3 22
19 3
8 2
23 4
14 7
5 21
25 15
4 20
24 6
6 17
11 10
24 16
21 12
15 9
18 9
16 25
14 18
12 26
5 7
17
2 4
14 4
17 3
7 14
16 10
16 5
12 9
11 4
8 16
7 9
7 13
6 17
5 17
14 1
15 9
5 1
20
4 14
7 15
5 14
20 19
16 8
18 4
18 1
1 9
14 2
12 2
2 11
17 7
18 20
14 13
15 3
17 8
18 17
13 6
10 1
29
8 14
8 27
4 24
7 27
18 20
16 2
13 23
5 28
22 13
26 4
28 9
14 11
25 3
15 10
22 21
1 12
23 17
24 11
19 2
5 6
9 7
16 29
17 19
12 18
6 10
25 26
21 20
3 29
28
5 26
23 21
17 6
21 25
3 9
11 3
3 12
19 12
27 3
15 11
13 9
24 20
24 27
28 18
4 10
12 1
23 14
2 27
25 22
25 6
26 10
5 7
28 3
28 16
6 12
1 5
8 16
29
3 2
26 4
17 1
20 12
6 3
2 29
14 23
7 20
9 29
25 14
4 5
11 8
10 24
11 16
11 24
27 13
21 13
20 15
4 14
28 29
10 19
17 7
13 7
24 17
18 10
3 22
5 1
5 2
15
7 1
8 15
11 13
12 7
11 5
14 10
2 14
14 7
11 8
9 12
15 6
4 15
12 3
8 1
21
13 8
2 14
16 4
6 4
15 9
6 18
19 9
9 7
4 5
13 3
14 1
16 1
11 2
16 15
12 14
12 10
15 13
21 2
17 6
20 12
10
9 2
10 2
7 2
6 4
1 4
9 1
9 8
4 3
5 8
28
25 28
4 9
7 3
8 6
20 22
1 22
24 23
20 5
2 1
13 21
4 27
10 7
9 2
15 17
8 2
23 8
20 28
4 18
7 26
15 14
12 13
6 19
3 22
11 6
16 23
15 3
9 13
29
24 17
4 5
21 16
24 21
27 4
6 29
10 4
8 11
11 18
2 1
12 19
26 28
16 14
24 7
9 28
1 25
21 25
2 19
19 11
3 13
20 2
5 25
16 15
28 20
22 6
5 13
13 23
6 20
22
22 1
1 18
1 5
4 1
19 1
16 1
1 15
11 1
3 1
2 1
1 12
8 1
14 1
7 1
20 1
17 1
1 6
13 1
10 1
21 1
9 1
11
5 4
9 3
11 5
9 7
6 10
6 3
7 11
8 2
4 1
2 10
22
19 1
1 11
2 1
5 1
1 4
20 1
1 18
16 1
1 10
1 15
1 22
3 1
8 1
21 1
1 6
1 7
13 1
1 12
14 1
1 9
1 17
26
8 1
15 1
1 13
7 1
1 26
5 1
18 1
21 1
20 1
24 1
10 1
17 1
14 1
6 1
1 2
9 1
1 19
1 3
1 16
4 1
1 12
11 1
22 1
23 1
1 25
25
13 12
5 8
9 25
23 11
18 2
7 6
8 3
15 7
19 18
16 7
24 25
22 21
5 4
20 18
4 15
5 11
8 17
15 25
1 4
12 14
11 10
1 2
22 12
2 22
22
6 5
12 7
5 13
21 7
17 19
21 22
4 9
19 10
5 8
11 3
14 8
2 22
15 19
9 17
1 14
3 8
16 3
9 20
7 18
14 21
17 1
26
24 1
1 16
18 1
9 1
7 1
19 1
21 1
1 10
14 1
5 1
1 2
11 1
1 23
1 3
6 1
1 4
22 1
8 1
15 1
12 1
17 1
25 1
20 1
26 1
13 1
16
1 15
5 1
1 2
10 1
1 14
3 1
11 1
12 1
7 1
6 1
4 1
1 13
1 8
16 1
1 9
15
14 7
15 5
11 12
10 4
15 6
2 12
14 2
13 3
8 10
13 1
11 4
9 7
9 3
5 8
12
9 1
6 8
3 9
8 2
11 4
7 3
2 5
11 9
10 11
12 3
2 1
23
13 16
7 22
9 11
4 8
22 1
8 14
17 3
15 19
5 21
12 20
13 20
14 18
15 17
4 11
2 3
19 10
21 6
6 10
9 5
23 2
7 16
18 12
11
1 9
8 5
5 11
10 8
3 1
6 1
1 4
2 6
8 1
7 10
24
2 6
18 5
3 18
1 17
24 1
8 1
13 3
11 18
4 13
3 21
2 22
7 1
3 14
19 21
10 19
17 12
16 22
18 17
23 14
9 17
17 2
2 15
20 16
26
1 22
12 19
9 22
4 25
3 11
23 20
6 1
4 23
11 25
14 12
13 19
17 15
13 16
19 2
13 10
19 21
23 7
23 26
24 8
18 5
19 5
8 25
1 25
13 1
13 17
21
9 2
4 2
1 2
9 3
1 20
20 16
17 9
8 18
18 20
18 5
1 15
12 7
13 8
21 14
11 10
1 7
21 19
11 9
21 1
7 6
25
22 1
1 25
3 1
1 21
1 23
2 1
1 11
19 1
14 1
10 1
18 1
20 1
1 9
1 7
12 1
1 16
1 13
6 1
4 1
17 1
1 24
1 15
1 5
1 8
24
8 16
2 16
24 10
8 23
7 23
3 17
15 24
2 13
17 22
18 9
19 8
2 5
16 1
3 10
17 20
6 22
9 10
3 1
24 11
4 22
20 14
20 21
9 12
29
3 1
6 13
22 21
16 1
5 26
26 8
16 23
1 27
20 13
2 28
7 14
14 24
23 11
29 25
13 1
24 26
5 28
27 26
4 15
6 12
17 11
25 14
19 5
4 18
10 24
21 13
1 4
28 9
29
19 4
9 21
9 10
22 26
21 2
25 26
18 7
11 20
10 29
27 24
7 5
24 25
5 14
18 28
12 8
12 29
14 2
16 19
6 15
15 28
17 22
27 4
13 16
23 3
13 6
20 23
3 17
8 1
19
1 16
11 1
14 1
1 2
1 7
19 1
10 1
5 1
18 1
1 12
1 8
13 1
1 9
4 1
17 1
1 3
1 15
1 6
25
12 16
4 21
6 7
19 16
13 7
14 17
24 17
7 3
3 5
2 18
20 11
25 18
15 19
21 6
20 8
16 22
23 10
1 10
2 9
1 18
2 12
25 3
21 14
20 1
29
20 18
24 2
9 14
22 17
6 22
15 19
12 21
11 8
28 27
16 9
5 1
6 18
23 26
24 3
21 15
14 4
5 29
25 26
7 4
13 27
16 29
17 8
19 11
12 7
28 10
20 2
13 3
23 10
29
11 2
21 22
16 1
14 4
26 2
20 3
12 5
25 9
23 29
19 14
24 3
26 23
16 10
8 24
20 13
20 17
9 6
23 18
10 12
14 22
27 12
28 24
7 2
9 10
15 22
26 21
21 1
16 3
28
7 1
18 19
18 11
9 8
23 21
4 6
3 22
6 14
26 2
14 13
20 28
17 11
28 12
15 23
24 8
5 25
12 10
4 7
5 24
20 15
19 22
3 21
9 13
25 17
27 2
16 27
16 10
21
18 14
2 3
8 17
12 4
13 16
3 19
6 21
9 8
18 19
11 20
11 17
14 16
5 15
10 15
1 2
5 7
21 12
6 20
13 10
4 7
22
19 21
15 6
14 17
9 15
16 14
4 15
4 8
19 5
10 16
18 20
18 5
9 1
10 12
7 10
16 9
19 11
2 18
22 6
14 3
1 5
13 4
15
1 5
12 1
8 1
15 1
1 2
10 1
11 1
4 1
9 1
7 1
1 13
1 6
3 1
14 1
11
1 3
1 4
7 1
8 1
9 1
10 1
2 1
1 5
1 6
11 1
27
15 6
2 4
23 20
17 18
13 6
6 14
1 12
12 25
2 8
22 3
19 4
9 21
8 12
22 20
12 22
1 24
8 14
20 5
17 12
27 12
21 1
16 3
6 10
22 7
11 12
16 26
28
5 9
22 4
2 17
3 28
8 5
8 1
21 1
14 5
10 2
21 2
24 6
7 20
15 1
1 24
27 20
28 18
11 24
24 25
22 3
13 12
8 7
23 2
3 19
16 15
6 26
21 3
8 13
11
7 3
10 2
4 11
8 11
9 5
5 1
9 6
4 3
10 7
8 6
27
20 5
15 12
10 9
3 26
7 13
6 25
8 14
14 12
4 26
10 21
17 20
11 22
27 18
25 5
24 15
23 24
2 7
4 13
16 22
27 17
9 16
3 19
8 6
19 1
21 2
11 18
27
7 3
9 11
6 22
7 6
1 20
9 10
14 27
21 10
12 20
16 21
25 12
13 16
24 20
15 12
21 14
23 22
7 19
5 20
4 26
18 7
1 2
14 17
2 21
20 6
20 8
4 20
18
5 6
18 7
4 13
15 5
2 8
8 1
15 14
10 3
6 10
12 9
13 12
9 17
4 3
11 2
11 14
16 7
16 17
20
7 8
20 15
3 5
11 1
2 19
8 20
2 1
16 12
4 1
6 9
18 11
6 13
19 12
8 18
14 2
17 8
18 3
12 6
10 8
11
4 10
1 7
5 7
9 1
6 7
2 8
8 11
4 3
4 9
8 9
23
2 13
3 13
19 16
13 11
21 7
16 8
12 1
23 4
1 23
12 6
20 11
13 5
18 13
13 1
10 23
9 18
14 23
23 8
4 15
17 19
22 20
1 7
18
2 5
7 8
17 7
16 2
9 1
5 11
5 6
9 18
4 17
12 1
4 2
9 13
3 7
2 15
5 10
14 5
4 1
19
10 19
17 7
11 10
16 11
15 3
4 16
8 17
1 15
2 6
18 1
17 5
14 1
15 17
16 2
13 1
10 9
3 2
12 11
18
17 2
8 13
5 4
7 14
7 17
2 12
11 15
13 14
18 12
16 14
10 2
11 6
6 7
11 9
17 3
14 4
7 1
21
1 4
6 1
12 1
11 1
1 15
19 1
1 21
1 14
1 5
1 3
1 2
20 1
13 1
8 1
18 1
9 1
1 7
1 10
16 1
17 1
28
7 27
18 16
16 15
20 4
25 13
2 14
22 7
3 28
25 8
6 3
22 10
17 12
23 20
11 5
21 22
27 8
12 9
26 25
24 3
16 7
1 27
19 28
19 2
8 12
5 2
19 1
28 20
28
5 26
23 4
4 10
24 7
16 15
14 3
18 28
12 17
22 8
21 7
8 9
6 1
21 20
3 19
2 26
24 22
25 6
20 18
11 28
27 10
16 23
13 11
14 13
9 27
12 2
17 19
25 5
11
10 2
7 2
11 3
3 1
2 4
1 9
9 5
3 6
9 8
2 6
15
3 6
9 14
15 2
11 7
14 3
1 5
13 5
7 2
12 4
8 6
10 13
15 8
12 11
10 4
23
23 9
18 23
3 1
18 20
12 10
4 20
19 11
11 2
12 14
10 1
8 7
5 20
1 21
6 18
10 15
6 22
1 19
1 6
11 17
1 7
16 10
15 13
24
6 2
16 12
1 11
1 24
1 7
6 11
22 1
23 14
4 20
10 15
9 11
19 20
21 11
17 24
3 8
17 18
5 1
23 12
8 23
23 6
9 13
11 15
20 11
19
10 3
8 19
2 5
14 13
12 15
16 10
7 11
17 9
15 11
18 8
17 16
6 19
3 4
9 5
6 13
1 14
12 2
7 18
20
6 2
11 1
19 16
1 14
2 18
5 6
12 15
1 5
17 12
5 19
4 9
7 19
9 6
16 20
8 13
18 10
19 12
13 6
3 1
20
15 13
18 9
8 2
17 4
16 1
2 14
15 10
4 9
16 4
7 15
5 16
11 4
9 3
20 9
19 11
4 15
3 6
12 1
15 2
12
3 1
10 1
1 6
1 12
1 7
11 1
8 1
9 1
2 1
1 4
1 5
24
21 1
21 17
3 18
7 20
13 15
1 10
2 14
6 1
12 9
6 4
22 8
23 7
10 8
10 3
11 4
5 24
7 3
23 19
6 2
16 3
24 7
13 23
3 9
25
15 9
25 3
11 20
7 6
19 13
11 22
3 2
16 11
18 13
1 22
6 9
3 21
12 8
9 17
16 14
12 2
22 2
24 12
5 1
5 13
20 23
6 5
20 4
10 16
29
7 2
18 22
5 25
20 10
20 12
18 29
28 6
2 8
18 26
7 23
3 5
13 24
11 2
6 21
7 19
29 17
17 9
27 24
17 15
4 6
29 14
8 1
12 14
8 4
12 24
4 5
20 16
1 14
24
1 18
1 21
1 13
1 19
17 1
1 5
24 1
1 22
6 1
1 9
14 1
7 1
1 3
20 1
23 1
1 8
12 1
1 16
15 1
4 1
2 1
1 11
10 1
22
22 17
8 3
22 20
10 7
18 13
21 20
9 2
11 18
4 9
19 11
15 14
14 6
12 17
1 16
21 4
5 2
16 12
19 15
5 6
10 13
3 7
17
9 2
10 16
4 9
15 17
1 2
1 6
12 5
10 2
14 15
10 15
9 7
8 3
12 6
6 3
13 12
3 11
23
7 10
4 18
14 3
10 23
2 22
1 11
22 13
23 11
16 20
9 14
18 22
9 11
1 18
21 15
4 17
23 16
6 14
9 21
5 16
19 10
4 12
21 8
18
1 12
8 1
1 16
6 1
1 2
17 1
1 5
1 11
4 1
1 7
1 15
9 1
1 13
18 1
1 10
14 1
1 3
16
4 3
1 10
10 5
11 16
9 10
16 7
10 15
1 8
4 12
6 15
14 13
4 15
4 13
1 7
7 2
12
9 8
7 2
1 5
12 3
6 8
11 4
2 5
3 11
6 12
10 4
7 9
20
19 10
6 5
12 3
16 4
20 11
7 19
6 15
13 6
3 5
1 2
7 8
5 1
19 2
17 16
20 9
14 16
4 2
4 20
18 3
28
7 15
4 15
26 10
15 3
27 26
16 27
9 16
11 16
14 12
8 15
23 7
16 19
1 27
7 28
5 18
20 27
1 21
17 22
13 24
15 12
18 24
17 3
18 15
1 7
2 23
3 25
6 14
23
12 1
21 1
1 5
8 1
1 3
18 1
7 1
17 1
14 1
1 23
1 16
22 1
6 1
9 1
1 11
1 20
1 15
1 2
1 13
1 19
1 4
10 1
18
9 13
18 12
6 8
3 1
13 18
3 8
5 11
14 12
15 10
4 2
10 6
2 15
7 5
9 17
16 11
14 7
4 17
28
24 22
27 18
16 10
2 9
15 25
28 8
21 9
16 21
5 6
19 11
15 12
13 3
14 27
23 1
19 26
3 4
14 25
5 10
6 17
20 18
4 8
20 24
28 7
17 13
7 11
12 23
22 26
24
1 19
18 14
3 5
18 1
1 12
1 20
14 6
1 3
20 8
17 2
16 22
20 10
20 23
24 20
7 9
20 4
11 12
7 20
1 17
13 19
22 11
21 10
15 17
11
7 1
4 5
4 1
4 10
9 4
3 1
7 8
6 9
11 9
10 2
18
2 1
10 1
1 11
17 1
14 1
5 1
18 1
7 1
1 4
9 1
15 1
16 1
3 1
13 1
1 12
1 6
1 8
11
8 11
10 3
4 5
8 9
2 11
10 7
9 5
1 6
4 3
6 2
14
1 9
14 1
3 1
1 13
4 1
1 6
1 5
10 1
1 8
1 11
1 12
7 1
1 2
10
1 7
3 1
1 5
1 10
1 2
6 1
9 1
1 8
4 1
27
16 24
7 26
6 23
12 5
7 13
25 23
21 26
6 1
27 12
19 2
14 15
15 5
22 1
19 16
9 2
19 22
5 22
17 21
6 26
23 3
8 16
12 18
11 7
10 15
21 20
4 2
12
1 12
1 3
7 1
10 1
1 8
1 5
1 9
1 4
11 1
1 6
1 2
25
9 18
7 20
4 24
25 16
5 9
19 21
2 24
23 11
17 20
23 7
16 7
2 9
14 10
25 8
14 15
1 9
24 12
10 2
21 3
13 10
2 7
6 4
23 3
22 12
11
7 5
8 2
7 9
1 10
8 5
7 6
8 11
4 10
3 10
5 1
23
10 1
1 18
20 1
1 15
23 1
1 12
16 1
14 1
1 7
1 13
4 1
1 8
1 19
11 1
3 1
21 1
6 1
1 9
1 2
22 1
1 5
17 1
21
3 21
10 8
19 7
8 20
1 16
15 6
9 1
10 18
6 5
13 16
17 11
1 3
17 9
4 19
9 8
6 16
4 14
12 13
19 3
2 17
29
3 9
19 3
21 22
9 10
20 7
7 29
10 15
12 27
9 17
13 7
1 3
16 8
18 10
1 24
20 12
25 24
19 11
26 21
14 12
11 4
2 17
25 21
5 16
19 6
28 11
16 25
23 17
20 24
15
8 10
2 11
8 12
11 9
7 6
13 5
14 4
6 3
2 12
15 1
14 13
3 10
7 4
15 5
17
5 2
8 7
1 6
16 12
10 4
9 13
15 6
9 17
4 12
7 15
16 3
11 5
8 10
14 3
11 17
13 14
13
8 11
9 2
4 3
6 3
1 4
1 9
3 10
13 7
8 12
8 4
7 5
7 9
12
5 1
3 9
10 1
6 2
10 11
7 5
1 3
8 10
1 2
8 12
1 4
22
11 9
4 22
21 13
20 5
3 12
18 11
15 6
19 7
12 17
10 5
14 1
8 9
20 4
19 8
22 2
16 13
3 16
7 21
6 2
10 14
17 15
29
9 8
8 13
10 25
22 5
18 13
11 1
23 28
11 24
7 12
9 17
13 14
10 6
5 28
24 19
15 9
26 28
4 19
27 12
19 29
5 21
10 24
26 16
23 27
20 12
27 2
26 3
1 23
11 8
16
10 16
12 13
2 5
11 8
7 4
10 14
9 1
9 8
2 16
11 13
3 6
12 6
3 14
15 4
7 5
20
1 19
1 10
6 1
2 1
12 1
1 17
1 18
1 15
1 7
20 1
1 9
1 13
14 1
3 1
16 1
5 1
4 1
1 11
1 8
16
1 2
9 1
7 1
1 15
1 6
1 8
14 1
12 1
11 1
16 1
1 13
1 4
1 10
1 5
3 1
14
1 7
5 1
1 6
1 11
4 1
1 9
1 10
8 1
3 1
14 1
13 1
2 1
1 12
11
6 8
9 7
11 10
3 10
5 8
10 5
2 9
1 5
4 8
9 1
14
14 9
14 1
4 6
3 11
2 1
2 6
10 12
10 14
5 10
13 9
8 9
7 6
2 3
26
1 2
26 15
9 12
11 8
19 1
4 3
14 20
10 15
24 23
25 7
6 19
4 13
5 7
23 18
2 3
17 4
7 21
19 21
15 6
12 2
22 11
6 11
21 23
16 12
3 20
10
1 10
8 2
9 8
1 8
2 3
4 5
10 7
1 6
4 10
21
6 14
4 3
4 5
17 6
20 3
10 2
16 8
18 10
9 2
13 7
18 14
12 11
1 19
12 5
13 15
11 17
8 19
9 21
15 16
7 21
16
3 9
9 10
14 4
8 5
6 16
15 14
4 1
11 8
1 10
16 13
14 12
8 4
16 10
2 6
9 7
29
13 7
22 15
4 17
20 14
12 17
24 28
8 18
2 26
3 15
23 21
16 11
29 7
28 10
22 26
24 9
9 27
4 29
27 1
19 21
25 6
6 14
20 19
25 2
10 5
13 18
12 23
11 5
8 16
22
1 17
11 1
1 8
10 1
1 2
18 1
1 9
14 1
22 1
1 21
5 1
16 1
4 1
6 1
7 1
1 12
1 3
1 20
1 13
1 15
19 1
25
19 20
14 18
22 20
11 18
13 11
25 1
6 1
24 5
7 21
19 23
22 10
25 17
3 17
5 16
24 6
22 4
20 6
11 25
19 9
5 15
7 24
12 7
17 2
18 8
28
13 27
18 2
9 1
2 13
26 15
1 6
10 23
24 12
6 5
24 4
8 6
15 27
25 13
20 22
28 21
15 22
9 15
11 9
11 17
21 26
6 3
16 19
5 14
20 24
27 23
23 7
19 6
19
9 1
11 1
1 17
13 1
5 1
8 1
1 15
1 14
2 1
12 1
19 1
1 10
1 4
7 1
6 1
18 1
1 16
1 3
17
4 6
17 13
14 8
17 10
16 6
4 1
15 12
9 16
5 6
1 11
11 17
12 3
4 12
14 11
7 14
2 16
10
2 3
2 8
4 10
6 1
5 10
7 1
8 1
9 8
8 5
15
2 3
8 12
4 13
14 1
6 8
11 4
13 7
9 10
1 8
1 3
15 10
5 8
12 7
15 1
28
13 10
11 19
16 7
15 20
3 27
10 24
23 8
22 20
8 11
5 12
26 9
28 24
6 14
17 22
25 1
2 18
6 21
17 21
12 3
19 28
16 27
5 25
2 23
26 4
4 13
18 7
14 9
11
1 9
1 6
1 8
1 5
1 3
7 1
1 4
10 1
2 1
1 11
23
7 19
20 11
19 6
16 5
9 4
14 11
7 16
23 12
20 3
7 10
7 15
1 14
18 8
21 12
5 17
4 1
22 19
13 16
9 2
21 5
1 5
9 18
23
18 2
22 19
5 3
14 7
12 6
1 18
23 3
8 11
16 17
7 9
9 20
4 8
22 15
21 16
12 5
2 10
4 6
13 11
23 19
10 14
17 20
13 21
15
7 6
1 6
4 13
11 5
9 10
7 15
12 5
8 11
12 14
9 2
2 15
4 10
3 8
3 13
12
9 12
2 9
4 7
6 1
3 10
6 3
5 8
11 10
8 4
2 8
2 6
20
18 16
7 2
20 19
19 1
2 13
15 6
13 4
4 15
17 5
3 10
7 8
17 12
3 9
8 9
5 6
20 11
14 11
16 10
14 12
25
8 24
25 16
14 18
3 25
17 7
11 5
22 14
10 4
2 11
21 8
24 20
23 9
19 20
21 17
15 9
13 1
4 23
15 6
2 12
6 5
18 10
7 12
19 3
16 13
14
3 5
13 7
4 2
13 1
1 6
3 1
8 1
4 9
12 4
1 11
11 10
1 4
14 4
21
10 1
7 1
1 9
1 3
1 8
1 18
1 11
19 1
1 15
1 21
13 1
1 17
1 4
1 12
1 20
1 14
1 2
1 5
1 16
6 1
29
16 17
26 8
20 26
20 23
17 22
3 15
24 15
11 17
28 7
4 11
7 18
14 1
13 2
15 20
8 6
29 14
4 21
3 27
10 8
25 4
13 28
8 1
14 13
10 5
26 9
12 22
19 8
28 17
21
9 12
10 21
6 7
16 1
2 1
12 19
2 20
5 15
16 18
16 17
10 4
18 15
13 20
10 17
3 18
17 7
2 12
14 7
20 11
8 15
21
1 14
21 1
1 17
1 8
1 12
3 1
1 19
16 1
15 1
13 1
1 18
1 11
1 2
1 4
6 1
5 1
20 1
1 9
7 1
10 1
20
1 5
1 13
9 1
1 12
2 1
14 1
1 19
6 1
1 10
1 7
1 15
11 1
17 1
1 18
4 1
1 20
8 1
1 16
3 1
24
8 1
4 1
1 2
1 17
15 1
1 23
18 1
1 6
16 1
1 22
12 1
1 24
3 1
5 1
1 13
14 1
1 20
1 7
1 9
1 10
1 21
11 1
19 1
13
1 4
6 4
5 11
9 10
13 5
12 5
3 10
7 2
2 8
13 1
2 13
4 10
24
11 19
22 12
20 17
19 6
24 6
18 24
2 12
18 7
10 19
8 1
1 24
9 3
7 21
16 9
15 4
23 15
12 8
15 8
17 18
14 4
17 5
13 7
9 6
18
17 12
16 9
2 6
14 7
18 6
5 16
15 5
8 13
3 10
2 13
7 8
9 10
3 11
11 12
14 1
15 4
18 17
20
17 6
6 16
12 2
10 18
1 8
17 15
9 2
13 3
8 11
7 4
5 3
6 8
4 14
19 18
4 19
18 20
3 11
2 11
19 1
10
4 6
5 4
7 2
3 9
2 4
4 10
8 7
10 9
1 10
19
19 14
18 1
8 19
5 8
13 8
2 14
19 1
15 9
9 10
14 16
3 9
11 4
18 11
6 15
7 11
18 15
17 6
12 6
22
21 1
1 17
7 1
1 3
1 2
8 1
1 20
16 1
1 15
1 6
13 1
1 5
1 14
1 10
9 1
22 1
19 1
4 1
11 1
12 1
1 18
21
16 20
13 3
10 4
13 10
18 12
16 19
6 12
5 2
13 1
16 8
9 3
8 2
5 15
17 10
12 8
15 11
5 21
3 14
2 1
15 7
20
1 13
9 1
1 12
14 1
7 1
10 1
4 1
1 19
18 1
1 6
8 1
1 11
1 20
1 3
16 1
1 15
2 1
1 5
17 1
18
13 1
9 12
16 17
16 6
2 14
8 12
1 18
1 6
9 3
7 5
11 13
12 7
10 4
4 7
1 3
13 15
6 14
29
1 6
14 8
17 13
2 7
20 10
29 1
28 22
29 2
9 13
26 9
3 25
25 2
22 16
20 6
16 12
16 6
21 14
18 7
19 13
24 22
14 20
12 5
4 10
11 7
27 10
12 15
25 23
29 9
27
13 12
1 14
13 15
20 21
15 16
18 24
9 19
10 19
14 24
10 2
21 14
1 2
16 7
18 26
4 24
19 3
8 21
18 6
11 4
15 2
5 25
27 4
17 16
10 25
25 22
23 13
13
9 11
4 9
9 13
5 6
1 12
12 8
6 9
1 3
2 4
1 13
3 10
1 7
13
13 8
3 4
12 6
5 1
10 4
5 11
13 6
9 7
3 2
12 10
11 2
8 7
15
14 4
6 1
7 5
12 10
11 4
4 5
12 1
2 4
13 1
5 3
15 12
9 4
4 13
5 8
12
1 5
5 6
4 10
3 8
2 12
7 6
11 9
4 7
12 8
9 3
10 2
22
12 14
17 8
1 22
6 13
15 2
3 10
7 6
11 18
12 16
10 2
12 22
14 20
6 17
4 21
2 5
16 2
9 6
11 1
19 10
17 1
14 21
16
12 7
14 2
2 5
4 3
12 8
15 9
16 11
6 11
6 10
15 1
14 13
3 5
10 7
16 13
8 9
12
1 10
12 5
5 3
2 1
7 9
4 7
4 8
4 1
11 2
1 6
12 4
20
12 1
1 15
8 1
1 7
1 6
1 11
20 1
9 1
18 1
1 2
16 1
3 1
4 1
17 1
13 1
5 1
14 1
1 19
1 10
20
17 9
7 4
4 6
1 13
18 20
2 17
14 5
1 9
1 11
3 1
10 19
8 20
5 15
3 10
11 12
16 14
1 7
5 3
4 8
15
12 11
5 11
13 14
2 14
11 4
8 6
15 14
11 9
3 1
10 5
5 8
3 7
13 10
1 8
17
1 2
1 14
1 9
11 1
16 1
8 1
10 1
13 1
1 5
1 4
7 1
17 1
15 1
6 1
3 1
12 1
19
2 4
4 15
11 19
10 12
19 1
11 5
16 15
5 16
6 14
8 10
7 13
3 12
17 9
8 13
2 3
7 18
18 17
9 14
25
12 9
19 4
23 24
12 11
22 24
17 15
21 19
8 11
1 5
1 12
18 22
24 5
23 16
15 5
25 10
17 3
6 22
11 10
17 14
9 2
19 15
7 10
20 9
23 13
20
5 4
16 15
1 8
12 14
12 19
6 4
13 18
13 11
7 10
15 5
14 17
1 5
20 4
12 8
8 18
9 13
10 18
10 2
15 3
14
9 1
1 8
1 5
10 1
3 1
2 1
1 12
1 14
11 1
4 1
1 7
1 6
1 13
15
12 13
6 7
7 15
3 14
2 13
3 12
10 7
8 13
5 11
1 12
5 9
4 3
15 5
1 15
19
15 13
15 18
1 16
5 3
8 1
14 4
1 2
19 7
15 17
14 6
4 1
2 5
14 12
2 11
10 4
19 15
2 15
14 9
23
6 14
15 22
17 18
5 1
9 6
5 23
16 5
1 4
19 21
8 18
10 13
17 11
6 1
20 6
12 6
15 10
19 4
14 13
18 12
6 7
3 12
2 5
12
12 6
3 5
7 8
1 2
1 7
12 10
11 5
3 4
4 9
12 1
7 9
20
2 18
7 9
12 15
10 19
9 11
20 16
13 6
18 20
17 8
10 4
12 16
4 5
1 14
3 15
19 11
7 8
5 14
17 3
13 2
26
9 1
21 1
1 5
12 1
1 10
1 11
1 3
13 1
1 15
1 7
23 1
22 1
24 1
1 8
1 16
6 1
20 1
1 14
17 1
1 4
25 1
18 1
2 1
1 26
19 1
25
1 10
16 1
1 18
24 1
23 1
12 1
1 5
1 7
14 1
13 1
3 1
20 1
17 1
11 1
19 1
1 25
8 1
15 1
1 22
4 1
1 2
1 9
1 21
6 1
20
12 4
1 20
2 8
1 18
1 10
14 1
11 18
18 15
12 19
10 13
12 1
7 18
18 9
2 5
17 1
6 14
8 6
16 3
16 7
25
8 25
20 17
10 5
14 22
15 11
13 7
23 1
2 9
22 25
19 23
3 11
7 24
16 10
9 6
15 23
20 19
19 7
9 15
1 8
22 21
10 8
12 11
20 4
25 18
28
13 24
6 17
2 13
3 12
14 25
23 17
27 15
20 4
21 20
26 24
23 16
8 28
13 1
20 28
12 17
21 11
21 22
14 2
18 21
5 27
1 27
10 16
16 21
1 7
1 17
11 19
9 23
29
1 8
29 27
17 6
24 25
24 11
28 13
15 20
7 22
16 20
2 14
7 19
6 4
14 22
12 6
20 23
7 10
4 5
18 24
15 13
22 8
29 4
13 9
5 15
21 14
3 29
5 1
8 18
18 26
26
12 1
5 1
1 18
25 1
19 1
13 1
1 16
1 14
1 26
1 23
7 1
2 1
1 9
1 3
17 1
1 20
1 22
1 24
8 1
1 21
1 6
4 1
15 1
1 10
1 11
15
7 1
1 3
1 14
6 1
8 1
10 1
1 13
1 11
1 12
15 1
4 1
1 5
1 9
2 1
17
17 14
3 13
11 3
12 16
1 17
13 10
8 13
1 8
4 1
4 5
4 6
9 11
7 11
15 13
4 12
8 2
12
9 1
11 10
4 1
9 12
6 9
10 4
5 12
8 4
8 2
10 7
3 8
21
12 1
1 14
1 21
13 1
1 7
1 2
1 8
1 16
4 1
1 10
1 15
5 1
3 1
1 17
1 9
18 1
1 20
1 6
11 1
1 19
17
16 2
11 10
6 10
9 14
8 13
15 14
17 16
3 12
2 4
1 15
6 17
7 9
7 5
8 5
3 11
13 12
22
13 15
5 18
21 22
5 9
7 16
2 11
11 21
16 1
7 19
8 17
9 4
4 20
6 14
15 6
18 12
20 14
22 10
13 3
12 10
3 17
19 2
13
13 10
8 5
13 12
1 7
7 9
7 2
9 3
4 13
11 5
9 6
1 4
4 5
19
17 16
7 8
18 6
1 8
2 7
15 3
14 19
4 10
4 11
15 2
12 9
17 13
9 13
19 5
14 3
16 11
6 10
18 5
23
17 1
23 17
9 22
22 18
17 13
1 11
12 5
8 23
8 2
18 1
16 4
17 6
4 11
5 3
1 20
20 14
15 13
17 7
22 5
21 11
5 19
3 10
29
22 10
9 8
9 11
1 15
8 16
24 2
15 6
17 3
20 23
25 29
13 3
4 23
7 9
6 27
14 17
23 17
2 6
14 1
10 12
5 2
14 12
10 26
8 15
25 19
25 12
16 18
28 3
16 21
13
1 11
7 9
3 12
7 5
5 2
11 6
1 9
13 8
7 12
3 4
7 10
7 8
18
18 1
12 1
1 3
1 5
7 1
1 17
1 15
1 8
1 9
1 10
1 6
1 11
4 1
16 1
13 1
1 2
1 14
13
1 10
7 12
8 2
9 4
2 4
5 11
13 8
13 6
10 6
12 5
3 7
3 9
19
13 1
1 9
10 1
11 1
1 12
6 1
1 15
1 7
1 3
1 2
1 16
1 19
14 1
5 1
18 1
1 8
1 4
1 17
28
27 6
6 5
17 23
13 9
1 11
16 14
5 8
24 22
8 20
14 11
14 13
5 23
3 13
21 15
10 20
10 18
7 23
11 12
21 12
20 2
28 6
22 12
16 4
25 21
1 8
26 16
19 22
24
2 15
10 16
14 24
3 20
19 5
6 3
12 9
23 12
22 23
2 8
6 13
17 15
9 4
13 18
16 4
18 10
11 5
7 14
1 17
24 21
7 8
11 20
21 19
29
25 12
7 23
2 22
3 16
28 16
6 9
25 19
21 2
16 11
3 24
25 27
29 23
29 14
29 5
15 2
4 9
13 26
20 1
8 24
17 12
22 13
20 22
10 24
23 17
20 3
9 12
17 1
13 18
21
7 19
21 15
17 19
19 5
13 16
16 21
6 12
8 10
8 16
20 2
3 2
9 14
18 5
5 14
16 14
6 18
1 4
3 10
11 15
14 1
21
8 12
7 21
15 1
18 1
8 5
11 18
21 3
8 18
10 2
20 11
19 7
17 14
7 16
15 21
3 6
17 2
4 3
2 15
13 17
11 9
15
5 9
11 15
13 14
9 1
15 9
13 1
5 10
13 4
5 6
12 14
8 14
3 15
4 2
7 4
26
15 5
24 14
21 24
6 22
12 10
6 15
14 26
24 10
12 23
12 9
7 4
11 15
16 6
7 5
4 18
17 20
7 20
19 21
8 20
11 25
5 1
1 10
3 14
11 13
2 4
29
25 1
1 22
7 6
13 15
10 3
4 13
2 22
29 25
17 16
14 7
11 17
26 16
16 25
26 12
15 5
10 17
4 18
15 7
8 20
21 26
15 25
23 4
8 25
26 28
6 24
19 22
25 27
9 11
10
8 2
5 1
5 2
5 10
6 3
8 4
7 2
5 3
2 9
12
2 11
6 8
1 3
7 2
2 5
2 8
3 10
2 12
2 4
9 8
3 8
27
16 22
20 10
10 18
7 17
23 4
18 2
25 24
27 26
15 12
2 13
3 13
16 14
25 23
12 8
19 9
6 7
17 15
5 27
24 1
6 19
9 4
20 22
3 8
11 5
21 14
21 26
16
10 14
11 3
2 3
6 12
1 11
7 15
14 5
16 8
9 5
4 8
12 16
15 6
9 13
13 7
10 2
19
18 17
16 18
6 14
11 15
1 16
6 10
14 2
8 5
7 13
18 12
6 18
16 9
1 4
17 15
1 5
5 19
13 16
3 14
21
16 10
15 7
13 1
8 19
21 19
18 5
6 21
2 20
12 10
14 9
3 15
7 5
13 3
9 4
6 4
11 12
16 17
14 20
11 8
18 17
11
9 5
2 3
1 4
7 4
2 1
5 1
10 1
10 8
1 6
11 8
17
4 12
8 11
7 6
8 9
10 2
12 15
9 3
14 6
17 7
3 1
4 16
5 11
13 15
2 5
10 13
16 14
23
1 9
21 1
6 1
12 1
1 16
3 1
1 13
4 1
1 20
17 1
10 1
22 1
1 19
14 1
1 5
1 18
1 15
7 1
1 2
11 1
8 1
23 1
24
12 19
1 3
6 24
22 15
13 2
16 24
11 23
22 21
17 11
3 2
4 14
16 23
8 1
4 22
3 21
16 1
7 3
18 24
21 10
16 19
1 9
20 22
5 24
29
1 29
25 1
18 1
1 17
13 1
23 1
24 1
9 1
1 6
4 1
12 1
1 22
2 1
1 14
15 1
21 1
1 8
27 1
11 1
10 1
3 1
28 1
1 7
1 26
16 1
1 19
20 1
1 5
12
12 3
4 3
6 1
9 2
2 5
11 8
11 7
1 4
6 11
10 4
6 2
19
5 14
6 8
12 1
17 15
17 18
15 8
3 10
3 4
2 4
14 11
12 2
9 7
19 6
19 16
10 13
5 18
9 11
13 7
23
14 21
7 2
17 22
11 3
8 18
11 6
12 13
9 16
1 6
4 19
9 20
18 4
15 22
13 23
10 20
16 23
5 2
15 5
17 21
3 14
19 12
7 8
24
4 1
1 13
1 14
15 1
12 1
1 23
10 1
1 3
6 1
20 1
22 1
7 1
1 11
1 17
8 1
5 1
1 18
19 1
24 1
16 1
1 2
1 21
1 9
16
9 15
12 6
16 4
6 16
5 7
11 4
6 14
10 9
8 12
1 2
4 1
11 5
1 15
13 7
3 7
12
10 4
11 5
9 8
6 10
1 3
5 6
2 3
7 12
7 2
8 12
11 9
13
12 1
11 4
12 7
3 11
8 2
5 4
9 13
6 12
13 12
1 3
2 1
10 1
12
12 11
7 8
7 12
9 8
3 4
5 10
1 2
2 5
6 9
4 10
6 3
27
2 1
1 5
6 1
1 23
1 9
8 1
17 1
1 15
4 1
1 24
1 11
13 1
16 1
27 1
1 22
19 1
3 1
21 1
1 20
1 25
12 1
1 26
10 1
1 14
1 7
1 18
21
15 17
19 12
3 17
18 7
15 13
16 1
11 4
14 18
16 10
9 19
5 7
21 11
6 20
5 10
2 9
21 13
6 3
8 12
4 14
20 8
11
6 5
10 1
11 10
4 11
1 8
8 7
2 5
3 11
5 10
8 9
15
15 13
7 5
6 3
3 8
9 10
11 13
4 6
7 11
14 4
12 9
10 2
8 15
2 1
12 14
15
5 1
1 9
13 1
12 1
8 1
1 3
1 7
2 1
1 6
10 1
1 11
1 15
1 14
4 1
13
13 1
4 13
11 13
1 3
9 10
11 2
8 6
9 13
12 1
9 6
7 11
5 6
21
1 21
20 1
1 10
1 14
1 8
1 17
1 11
1 4
1 3
16 1
18 1
6 1
13 1
7 1
1 9
19 1
5 1
1 2
1 15
1 12
24
22 9
5 7
14 24
6 3
3 23
5 10
15 16
19 4
13 8
2 21
18 21
16 3
16 14
1 15
20 14
22 7
8 2
22 4
21 17
11 8
12 5
1 7
15 2
21
15 1
1 16
1 21
1 2
1 3
1 20
19 1
18 1
1 17
1 7
9 1
1 13
10 1
1 11
14 1
1 6
1 4
1 8
1 5
1 12
29
2 29
28 2
7 11
12 17
11 1
19 7
22 6
28 1
8 22
29 16
29 23
7 27
28 22
6 10
24 26
20 15
8 3
24 14
4 8
27 13
15 11
25 17
20 9
17 2
27 5
18 6
24 15
21 20
24
9 6
13 24
3 21
21 23
16 9
18 16
5 20
22 5
11 22
10 15
17 19
18 23
23 15
8 19
16 13
7 13
21 14
12 1
18 1
5 12
15 4
2 9
12 19
19
5 18
2 18
17 3
12 14
1 7
8 16
14 6
9 17
3 4
6 16
8 13
11 7
19 10
4 10
2 15
13 9
11 5
19 15
29
27 20
10 12
12 29
22 19
21 6
7 5
7 8
29 14
15 11
5 19
2 5
23 4
6 27
25 12
9 14
18 19
3 1
10 27
2 1
24 3
2 16
23 3
15 8
27 5
20 28
27 17
5 26
13 17
28
13 24
28 26
17 27
23 25
23 12
16 1
14 20
9 1
21 3
10 25
27 4
1 27
27 19
5 8
27 21
22 18
22 24
16 14
5 16
5 23
17 26
2 22
6 21
23 7
8 15
3 11
22 25
21
1 15
10 21
5 12
3 18
17 21
9 2
11 2
20 8
19 4
18 20
13 11
17 7
5 13
9 14
4 6
15 16
3 12
16 14
6 7
10 8
24
3 9
18 2
19 23
11 14
7 13
3 18
1 13
20 13
19 1
22 15
10 16
11 1
20 6
18 11
21 11
24 13
12 14
15 21
8 22
11 16
14 17
6 5
18 4
27
21 25
7 9
26 17
14 4
22 13
9 10
21 12
14 11
24 22
20 2
27 23
5 6
27 20
18 7
8 16
23 15
10 24
3 19
13 5
6 2
3 26
17 12
25 15
11 19
8 1
18 16
20
1 2
13 1
8 1
1 12
6 1
3 1
10 1
4 1
19 1
7 1
15 1
16 1
20 1
1 5
1 11
1 18
17 1
1 9
14 1
15
3 4
6 10
14 1
10 3
15 11
2 9
7 2
11 6
5 7
14 15
4 12
12 13
13 8
8 5
15
14 9
12 15
7 4
10 8
15 8
1 4
5 6
5 7
9 7
1 2
15 13
1 15
10 3
6 11
26
8 24
25 23
2 24
4 7
11 14
15 6
13 18
14 6
20 2
21 22
1 21
10 11
10 12
7 26
18 16
4 5
3 26
3 20
5 12
17 25
22 8
19 9
13 15
23 9
19 16
12
1 4
1 11
6 11
10 12
5 11
2 12
9 8
5 12
12 7
4 3
9 1
11
2 11
8 9
10 6
2 4
3 4
7 10
1 5
5 9
7 11
3 8
16
5 4
9 12
3 9
11 10
6 7
13 16
11 14
8 7
10 4
3 15
2 12
6 5
8 16
13 15
1 2
27
17 2
21 16
14 26
9 22
8 13
14 25
21 24
12 8
7 21
27 19
9 11
4 7
14 5
18 2
20 8
2 6
26 9
3 1
13 7
1 13
26 3
3 17
23 19
4 15
19 17
10 4
25
11 5
10 3
23 24
20 8
3 17
4 21
18 23
19 2
13 6
12 13
2 8
18 13
4 23
2 25
3 20
10 22
9 17
20 1
11 16
4 15
10 7
8 11
1 18
17 14
10
1 3
1 4
10 1
1 8
7 1
5 1
9 1
6 1
1 2
20
17 1
12 1
1 18
4 1
1 3
1 7
19 1
6 1
9 1
2 1
16 1
20 1
13 1
10 1
1 5
1 8
1 15
1 11
1 14
20
13 8
12 15
16 14
14 1
11 2
11 18
17 19
7 5
20 4
3 6
9 8
10 20
2 4
15 13
3 12
19 10
16 18
6 5
17 7
10
10 3
1 7
2 8
10 4
3 7
9 6
8 5
4 6
5 9
19
9 2
18 13
15 7
3 8
14 3
6 2
5 13
14 18
5 10
1 11
8 7
12 4
12 16
6 19
9 11
17 19
15 16
17 4
25
18 2
18 10
21 2
23 14
17 5
7 18
15 5
1 23
12 13
16 23
16 11
5 14
13 16
7 25
4 6
25 9
14 6
8 2
24 25
1 7
3 11
11 22
13 20
19 6
14
5 8
3 7
10 13
14 2
5 6
4 6
10 14
11 8
13 12
2 9
7 9
1 4
3 11
14
3 14
4 12
13 4
5 12
12 11
2 12
5 7
14 8
6 12
9 1
11 14
10 7
12 1
22
1 19
1 20
1 13
1 10
1 2
1 7
1 21
1 14
18 1
17 1
5 1
1 9
12 1
6 1
1 4
1 8
15 1
1 22
1 3
1 11
1 16
24
1 10
14 1
8 1
21 1
24 1
1 4
1 5
1 22
1 20
1 12
11 1
1 9
1 6
19 1
18 1
1 3
1 23
2 1
1 16
13 1
15 1
7 1
17 1
11
7 2
7 11
3 10
7 8
3 6
5 6
10 4
10 11
11 1
9 11
14
1 2
9 14
11 7
9 10
4 9
9 2
5 9
1 12
8 4
1 6
10 3
13 5
7 8
12
4 1
7 9
10 1
7 5
3 8
1 6
7 8
7 1
11 5
12 1
4 2
21
4 11
10 12
21 11
2 1
15 2
6 10
16 4
13 5
19 6
7 9
7 14
14 18
20 17
21 8
9 16
15 13
3 19
8 5
20 12
18 17
15
6 11
13 3
5 8
11 12
1 8
5 9
14 9
2 7
15 3
4 6
15 14
10 4
7 12
10 13
16
1 12
1 10
1 9
3 1
1 15
1 2
1 13
6 1
1 11
1 4
5 1
1 7
1 14
8 1
1 16
11
1 9
10 8
4 11
1 3
11 7
5 9
8 6
11 3
8 3
2 9
19
18 10
9 5
7 8
17 12
19 9
18 5
19 16
14 11
14 17
6 7
10 1
4 8
16 13
3 2
2 11
12 6
3 15
15 13
28
25 28
19 20
28 8
22 5
9 19
1 11
2 3
26 24
27 28
2 11
16 3
5 11
6 13
12 22
1 9
14 3
25 13
5 17
18 20
9 25
7 20
2 24
4 24
15 23
15 19
21 15
13 10
11
3 11
7 10
6 9
11 4
2 5
5 7
1 2
3 1
2 6
1 8
26
13 16
24 9
15 17
18 26
10 7
7 2
20 8
11 25
18 3
8 14
3 19
14 12
23 11
20 6
23 15
4 21
22 25
12 21
5 6
16 24
26 1
10 19
9 2
5 17
22 13
23
22 1
1 15
19 1
5 1
1 3
1 21
1 20
2 1
1 17
9 1
1 12
23 1
18 1
1 14
1 4
1 6
8 1
7 1
13 1
11 1
10 1
1 16
28
1 6
18 26
6 2
22 28
8 19
5 11
14 5
27 3
1 20
25 13
10 13
12 6
4 16
2 19
17 6
1 4
24 2
27 22
7 3
22 9
3 23
13 2
11 15
27 26
3 15
12 3
21 26
26
1 3
15 1
1 18
1 26
7 1
2 1
1 13
10 1
19 1
1 9
1 8
16 1
4 1
1 22
1 11
1 6
1 21
1 20
1 25
1 17
1 23
1 5
14 1
12 1
24 1
20
12 18
4 1
14 6
11 20
4 5
12 16
20 2
11 9
16 7
17 5
14 8
2 10
18 19
9 15
3 19
17 10
3 8
13 15
7 13
22
3 12
13 15
22 4
3 18
14 16
14 8
19 16
7 2
20 4
11 9
10 22
5 8
17 9
6 10
1 11
13 12
19 17
5 20
2 18
6 21
7 21
28
11 4
10 21
23 8
7 2
14 18
12 4
2 19
21 13
14 4
15 20
15 3
5 13
11 9
15 21
26 25
8 14
4 1
17 16
27 19
15 24
28 23
7 1
23 6
16 1
28 22
11 25
15 11
13
10 8
10 13
13 5
7 9
4 11
1 2
11 5
8 2
3 12
4 3
6 9
12 7
21
13 20
16 6
5 10
14 10
17 9
11 16
4 7
8 9
11 1
15 19
8 3
18 20
17 4
7 21
6 15
2 18
14 12
19 12
3 2
5 21
29
13 1
20 1
1 22
1 5
1 23
1 8
9 1
2 1
6 1
1 24
1 21
14 1
18 1
1 10
1 15
16 1
26 1
28 1
3 1
19 1
1 27
1 4
1 25
11 1
1 12
1 7
17 1
29 1
16
6 16
9 13
9 4
1 3
1 2
12 15
12 6
13 1
2 8
7 5
10 3
1 16
14 11
1 7
11 8
17
5 8
1 12
17 10
12 11
16 1
16 5
11 2
10 16
14 10
13 14
12 15
5 6
3 15
9 14
7 11
15 4
12
1 4
1 9
1 11
1 6
1 5
3 1
8 1
12 1
1 7
1 10
2 1
20
10 2
3 16
8 13
19 10
20 12
15 18
14 1
4 5
1 20
9 8
1 10
3 13
18 7
17 3
20 5
15 13
20 13
11 15
1 6
27
9 5
11 22
19 9
24 10
6 23
24 22
13 8
20 12
26 5
17 27
26 21
6 7
3 12
20 7
2 4
10 8
15 18
14 16
23 16
18 1
27 25
17 2
15 3
19 4
13 25
21 14
28
28 21
11 26
5 7
22 28
14 28
11 23
11 24
12 27
25 1
27 1
2 14
18 10
9 13
6 7
12 4
19 12
16 7
10 15
2 3
14 25
23 27
9 8
20 2
17 4
23 10
5 25
5 9
13
4 6
1 11
2 9
13 8
7 3
8 10
6 12
5 2
3 12
5 4
11 7
9 13
13
4 1
1 8
10 1
7 4
10 12
9 13
13 10
3 4
2 1
4 11
6 5
5 8
25
10 19
18 21
15 7
16 1
8 9
5 4
3 1
3 11
7 8
8 10
4 19
22 3
1 10
18 17
4 2
12 5
6 10
9 18
25 19
24 10
13 1
23 19
8 14
20 8
12
1 11
1 9
1 3
6 1
8 1
1 4
7 1
1 5
2 1
1 10
12 1
23
23 8
16 20
16 19
5 2
9 22
1 19
20 21
7 2
14 13
17 13
1 5
6 22
15 22
18 20
5 10
8 9
19 9
10 3
8 4
10 11
12 2
13 16
18
2 15
17 9
10 18
17 5
2 13
1 14
4 3
12 15
15 11
10 8
1 7
3 17
18 3
18 1
3 16
3 6
2 14
12
5 2
7 12
3 4
11 9
4 8
8 10
5 12
6 10
3 1
2 9
6 7
26
22 1
13 1
12 1
1 8
18 1
1 15
1 21
1 14
3 1
1 10
5 1
20 1
1 23
26 1
6 1
1 11
1 25
17 1
19 1
1 4
16 1
24 1
7 1
2 1
1 9
18
8 14
9 13
11 8
9 16
17 1
7 3
6 18
2 15
10 11
12 18
5 6
7 2
3 10
13 14
4 12
15 5
16 17
15
12 6
15 7
11 2
4 10
13 3
14 2
5 3
1 6
10 9
12 11
8 9
7 13
15 4
5 14
25
21 1
1 10
14 1
18 1
1 3
1 25
1 4
1 8
9 1
1 19
15 1
1 17
2 1
12 1
1 20
1 24
16 1
1 22
1 7
1 6
1 13
11 1
1 5
23 1
23
12 22
9 8
7 22
7 14
18 10
15 16
17 8
20 4
4 19
5 2
13 20
12 21
17 10
23 5
1 18
9 6
13 21
16 19
15 23
11 2
11 3
6 3
21
15 17
6 8
11 4
21 7
1 11
13 4
11 10
11 19
8 2
18 14
20 15
11 17
1 8
17 9
4 21
11 14
9 12
15 3
5 13
11 16
18
1 15
1 11
13 1
1 2
1 5
10 1
7 1
1 18
1 12
1 4
1 6
8 1
9 1
16 1
1 14
1 3
17 1
21
16 11
1 14
4 20
15 7
3 6
18 17
19 20
10 14
21 9
19 8
5 16
6 10
11 4
18 12
13 2
9 3
5 7
13 15
8 12
2 21
21
13 7
7 1
11 13
14 19
12 3
6 20
10 8
9 6
15 2
21 13
2 7
4 1
2 18
16 6
17 10
19 4
3 19
10 20
5 3
4 20
20
8 1
9 1
1 3
1 14
1 17
1 2
6 1
10 1
5 1
11 1
16 1
13 1
18 1
1 12
1 20
1 19
1 15
7 1
4 1
17
4 1
1 13
1 3
1 14
1 11
1 12
15 1
8 1
7 1
1 5
9 1
2 1
10 1
1 16
17 1
1 6
13
3 4
5 1
11 7
11 10
7 13
1 2
7 12
4 8
11 6
1 11
4 11
11 9
20
17 11
16 10
9 14
13 20
7 8
8 1
1 14
2 17
9 20
4 16
7 15
3 9
14 2
19 6
2 6
5 17
18 7
12 6
16 8
21
1 13
14 20
4 2
4 8
11 10
18 19
13 9
17 5
15 10
3 19
18 12
15 21
2 14
6 21
20 6
3 11
5 9
7 17
7 8
16 12
15
5 11
12 15
10 8
2 10
11 8
6 3
1 4
7 11
10 9
15 4
1 8
4 6
6 13
15 14
15
1 4
3 6
14 13
6 7
8 15
11 5
14 10
2 7
12 5
3 4
12 13
9 11
2 15
8 10
17
15 6
17 1
17 12
15 11
10 7
12 9
15 4
1 13
1 16
8 4
16 2
3 15
7 5
1 5
11 14
1 4
22
2 4
4 8
15 9
9 3
6 10
22 6
8 18
5 18
17 12
13 16
22 17
20 19
21 16
11 7
2 7
1 20
21 15
14 13
10 19
11 14
3 12
19
1 11
18 10
9 6
12 1
16 18
4 11
15 7
5 14
19 11
10 5
18 8
16 2
17 8
11 13
18 1
5 3
9 17
1 7
28
3 15
10 5
1 23
6 11
20 25
27 7
22 26
23 22
13 23
4 14
3 23
18 16
25 9
8 10
2 15
14 5
6 17
23 27
12 9
28 13
17 1
9 17
21 17
17 16
19 8
1 24
10 23
19
14 12
13 17
8 17
19 2
4 5
10 18
14 8
6 19
4 15
10 9
16 7
5 16
1 2
11 13
12 3
6 11
7 3
9 15
25
8 1
18 1
1 21
25 1
6 1
2 1
1 3
1 13
1 7
1 23
1 24
1 14
20 1
11 1
1 17
1 12
1 10
4 1
19 1
1 15
5 1
1 16
9 1
22 1
10
9 2
6 1
2 7
9 8
9 10
5 1
3 10
1 10
1 4
22
14 13
3 5
7 13
8 16
4 22
18 10
7 15
8 9
20 4
3 9
11 7
14 22
19 16
22 1
11 17
4 10
22 8
21 19
4 6
2 5
12 9
26
1 22
1 6
13 1
20 1
1 16
1 23
1 17
10 1
1 14
1 7
1 9
1 4
1 24
1 26
8 1
1 2
18 1
1 15
21 1
1 25
1 3
1 5
1 12
11 1
19 1
11
10 1
6 11
11 2
7 9
9 2
10 3
1 2
8 11
9 5
10 4
13
13 10
6 1
5 2
9 4
2 3
8 12
4 10
3 11
9 7
5 7
6 8
13 12
23
1 23
9 6
14 5
15 16
20 14
21 22
23 10
2 10
2 7
4 20
8 20
6 18
17 6
14 23
3 16
21 12
9 16
21 10
2 13
5 11
1 9
19 5
16
5 15
10 1
6 3
9 2
13 12
8 14
12 3
14 10
15 16
8 11
6 5
2 7
11 7
9 4
13 4
22
16 2
13 5
9 18
16 10
15 17
11 6
22 12
1 17
22 2
8 19
21 13
3 6
19 7
20 8
5 12
21 4
14 9
14 4
7 10
20 11
15 3
27
5 6
22 5
16 2
21 25
14 5
12 2
9 2
1 5
9 5
13 17
21 23
8 27
26 2
1 20
7 8
19 7
4 25
7 1
10 19
15 13
5 3
24 22
14 18
13 1
25 1
11 2
10
9 8
10 2
4 2
5 9
3 8
7 5
3 6
1 7
4 6
10
3 5
9 6
7 2
9 7
7 1
8 1
10 1
4 6
7 5
15
14 13
2 11
9 15
15 5
3 8
12 8
2 5
9 10
4 14
7 4
7 12
6 13
10 6
1 11
15
12 1
15 6
2 10
4 2
2 11
9 2
14 7
5 2
1 4
3 13
8 12
4 3
9 14
5 15
14
14 3
5 2
2 1
7 13
11 3
10 12
12 4
11 1
9 3
13 11
8 5
12 2
13 6
23
1 4
18 7
10 14
11 3
19 13
21 15
21 14
6 20
22 9
7 14
6 2
21 17
1 10
4 22
19 16
7 12
3 8
2 10
5 6
22 23
19 4
3 2
12
5 6
3 1
2 1
1 7
4 12
7 11
1 10
7 8
12 10
2 9
7 6
16
15 1
1 14
8 1
16 1
6 1
3 1
12 1
10 1
1 13
1 2
7 1
4 1
1 5
1 11
9 1
14
1 14
1 3
8 1
1 11
9 1
1 7
12 1
10 1
2 1
5 1
13 1
6 1
1 4
24
9 8
21 19
7 10
6 24
10 22
2 20
18 21
3 11
14 15
12 17
12 11
16 8
4 1
6 19
14 9
23 18
13 23
24 22
16 3
13 15
5 4
2 5
7 20
28
18 11
10 14
26 23
8 11
1 14
28 26
11 12
13 15
6 14
22 18
28 3
11 7
26 4
11 13
4 20
2 1
5 20
1 11
23 24
27 23
27 9
19 25
16 26
17 23
1 23
21 4
19 23
17
6 2
1 15
15 17
10 12
14 9
16 12
4 15
17 3
4 8
9 1
12 4
5 2
11 14
13 17
9 2
14 7
22
14 13
22 13
19 21
1 2
5 19
18 7
12 9
6 9
3 20
4 16
3 2
8 17
10 7
15 20
5 11
12 17
18 11
16 10
4 14
15 21
8 22
24
21 12
18 3
14 3
7 16
5 10
21 13
17 8
5 1
15 19
23 3
22 12
2 4
7 2
4 11
10 19
21 14
2 5
8 9
8 10
19 20
6 4
7 24
14 1
14
5 9
11 4
4 9
4 1
12 2
8 6
2 10
13 2
7 8
11 14
3 11
8 12
1 12
13
1 10
7 5
10 7
3 9
12 2
12 13
10 4
12 8
7 6
9 2
11 9
1 2
29
23 4
12 8
26 24
11 10
18 3
19 5
7 26
5 25
3 9
23 29
10 24
16 22
6 9
28 20
8 18
6 17
26 1
23 9
1 3
13 6
21 18
27 8
28 7
22 24
7 5
15 28
14 22
10 2
29
1 8
18 1
1 14
1 24
27 1
1 16
1 15
5 1
1 9
1 7
25 1
20 1
1 17
1 28
2 1
1 3
12 1
1 26
1 22
4 1
1 10
1 6
1 23
11 1
21 1
1 19
29 1
13 1
28
28 14
9 24
28 13
12 6
11 28
6 16
21 7
5 17
14 26
22 4
15 22
13 19
1 12
1 11
25 7
7 18
22 12
16 3
17 18
8 13
20 9
4 23
6 9
2 16
10 17
14 27
11 18
13
9 5
11 8
7 9
12 10
4 10
3 13
2 4
5 8
2 6
12 11
13 6
1 7
23
20 7
12 16
14 3
13 18
8 21
8 1
2 15
12 20
22 23
11 18
3 7
4 17
22 16
5 19
15 10
10 17
5 23
2 14
6 9
11 19
4 6
9 21
19
2 7
14 9
1 4
8 13
10 3
16 17
13 19
13 10
18 3
4 2
9 4
17 12
11 9
5 3
6 7
15 7
1 10
2 17
21
2 4
12 5
9 10
17 7
8 16
9 14
14 1
18 10
21 19
13 5
19 4
3 17
6 20
6 13
15 21
3 15
16 7
18 2
8 20
12 11
17
3 16
4 6
1 11
14 15
12 2
2 9
10 6
13 7
17 11
7 4
9 8
13 15
17 3
10 16
12 5
5 14
16
9 12
12 15
6 8
2 9
14 8
3 9
10 1
12 1
9 16
13 2
8 5
8 4
2 7
10 11
16 8
26
1 21
1 10
12 1
1 23
7 1
1 18
19 1
24 1
1 4
1 26
1 9
20 1
1 16
1 22
1 25
1 8
1 3
1 14
5 1
1 15
1 13
1 11
6 1
1 17
2 1
16
8 7
15 10
3 9
2 16
14 15
5 1
6 11
12 5
9 13
4 14
5 14
16 14
1 7
7 3
9 11
28
23 1
7 1
1 19
16 1
12 1
1 4
1 25
3 1
22 1
15 1
20 1
28 1
1 26
1 6
1 11
18 1
1 17
13 1
24 1
27 1
2 1
8 1
10 1
1 14
21 1
1 9
5 1
16
1 10
8 1
12 1
3 1
4 1
11 1
1 6
7 1
1 14
1 16
1 9
1 5
1 15
13 1
1 2
13
10 13
6 1
13 11
6 10
7 8
5 7
11 5
4 3
12 9
3 9
2 8
2 12
11
1 4
5 7
5 2
4 9
11 6
7 1
8 1
4 10
3 5
1 11
19
6 8
3 13
8 13
14 10
8 10
18 6
19 5
3 15
16 12
1 13
7 5
2 12
4 5
6 11
3 9
17 10
12 19
1 19
26
18 12
23 2
26 24
11 22
7 5
2 18
24 4
4 5
22 9
3 14
1 16
14 16
13 21
26 15
20 19
17 8
23 10
21 25
12 9
25 20
19 10
7 13
6 8
6 11
3 15
26
18 26
12 20
10 24
3 21
8 26
17 3
24 9
9 2
17 23
20 13
7 15
2 5
14 1
5 13
25 19
25 6
18 22
4 11
21 7
23 12
4 8
22 16
16 6
11 14
19 15
27
20 1
5 4
27 24
9 23
21 11
17 10
1 9
23 25
9 13
17 19
18 14
2 18
10 20
4 16
12 21
27 13
13 21
7 8
25 3
4 10
22 17
25 26
27 6
23 18
15 8
20 8
23
16 19
20 21
3 6
12 21
8 13
5 9
22 2
12 4
17 11
23 15
3 13
7 17
18 20
16 18
22 4
10 15
14 10
9 23
14 8
11 5
7 1
19 6
21
3 1
1 18
1 13
1 19
15 1
1 5
7 1
1 17
9 1
6 1
20 1
1 8
1 21
12 1
1 2
4 1
10 1
11 1
1 14
1 16
10
2 8
5 9
4 5
3 10
4 2
3 6
9 7
10 8
7 1
26
6 21
7 20
14 18
23 2
5 9
26 14
19 3
15 20
19 8
12 11
17 9
2 8
9 25
22 1
10 6
16 2
24 11
10 1
11 13
10 8
12 14
20 25
22 25
6 4
12 22
19
19 17
8 10
8 1
9 10
6 15
5 12
7 10
3 18
8 14
17 12
14 11
17 1
14 13
19 18
12 4
6 19
18 16
2 6
20
13 6
4 15
13 7
13 1
7 9
3 8
1 3
20 5
18 11
1 5
2 18
11 12
11 13
13 14
10 13
19 3
17 16
17 20
16 4
20
11 17
4 2
5 17
11 10
1 6
9 16
13 20
3 14
20 18
9 7
19 20
13 9
1 11
12 6
15 8
14 18
1 15
11 19
4 19
18
1 2
1 15
8 1
1 14
1 13
1 6
1 17
5 1
4 1
16 1
1 9
1 7
10 1
12 1
3 1
18 1
11 1
28
10 28
17 21
5 22
25 18
21 15
21 19
20 22
13 6
17 1
14 4
19 7
6 10
24 23
11 25
5 17
2 25
14 3
23 9
28 1
8 5
6 12
27 8
16 22
8 26
14 18
23 10
18 28
15
7 6
4 6
8 6
14 15
9 2
10 2
12 13
1 8
3 2
14 5
3 1
13 11
8 13
14 3
17
1 12
1 9
1 5
3 1
17 1
1 15
1 16
7 1
1 8
1 4
1 2
1 11
1 6
1 14
10 1
1 13
29
14 4
18 8
8 23
27 22
17 27
6 2
21 3
19 9
13 16
2 28
17 25
26 8
25 7
26 5
20 28
23 17
1 20
9 29
9 20
13 23
3 24
12 27
29 10
1 13
15 17
21 11
3 1
4 21
28
2 9
21 1
27 25
28 16
15 28
24 12
19 14
22 16
23 13
4 27
6 24
5 3
10 17
17 16
8 20
27 14
7 20
1 16
26 2
1 3
27 18
7 16
2 17
11 25
6 14
28 27
28 23
25
17 14
15 19
19 12
10 21
22 12
16 20
5 13
24 18
16 14
12 6
11 24
8 13
19 7
9 3
10 17
6 9
2 21
16 4
13 14
1 6
25 21
17 1
9 23
24 10
22
15 20
2 14
12 7
11 10
22 19
21 10
16 5
8 11
17 9
18 3
17 13
6 22
20 6
5 4
2 16
7 8
4 12
21 13
3 9
19 14
15 1
27
23 2
13 11
19 14
21 12
13 6
5 3
26 13
17 5
5 2
5 26
15 14
15 10
16 27
26 12
7 10
8 2
1 15
26 1
27 15
4 1
6 25
19 20
22 5
15 18
24 17
16 9
13
10 6
5 11
6 13
2 7
10 1
5 3
1 5
10 8
1 4
2 8
1 12
5 9
16
14 7
8 15
1 6
13 6
6 4
3 7
8 13
11 10
12 3
9 6
12 9
11 5
2 13
16 10
5 6
27
16 21
2 1
18 20
21 13
8 26
20 22
6 9
20 2
25 4
4 23
11 1
26 11
3 5
6 24
15 18
10 22
13 11
13 3
17 6
12 18
4 9
2 9
26 14
22 7
3 27
21 19
16
12 7
9 2
2 13
6 5
14 3
11 9
3 16
6 4
11 14
5 1
10 7
4 8
15 10
8 12
15 13
10
1 3
1 10
6 1
1 5
4 1
8 1
9 1
1 7
2 1
27
11 1
1 12
1 3
13 1
1 23
17 1
4 1
15 1
1 7
1 22
19 1
1 21
25 1
14 1
6 1
1 2
1 20
1 5
8 1
1 16
26 1
24 1
1 10
1 27
1 18
9 1
27
1 15
1 20
2 1
5 1
1 22
1 18
14 1
3 1
16 1
9 1
1 19
25 1
1 21
12 1
1 10
1 8
13 1
11 1
1 4
1 24
17 1
1 23
1 26
7 1
27 1
1 6
13
9 5
1 6
8 6
13 1
2 3
10 9
7 12
6 11
3 4
5 3
1 3
1 12
10
9 1
8 7
8 4
6 5
5 9
1 3
3 2
9 8
10 3
14
10 4
1 6
3 11
3 13
12 2
10 5
6 3
12 7
14 8
1 7
12 9
14 6
10 7
21
1 17
1 8
1 12
18 1
1 21
4 1
13 1
9 1
1 20
1 5
11 1
16 1
1 14
1 3
1 2
1 10
19 1
1 6
1 7
1 15
24
1 4
1 3
2 1
1 22
11 1
16 1
1 23
18 1
1 24
9 1
1 17
7 1
1 12
1 10
1 6
14 1
1 19
1 21
1 15
5 1
1 13
20 1
8 1
20
7 15
13 16
1 15
12 5
3 13
17 11
6 2
14 20
5 16
18 17
8 7
19 20
4 6
10 8
14 4
10 3
19 9
11 2
18 12
27
1 9
10 1
15 1
25 1
1 8
1 14
1 22
1 11
1 4
5 1
1 20
6 1
1 21
26 1
1 2
7 1
1 12
19 1
13 1
1 18
1 16
23 1
24 1
17 1
1 3
27 1
18
11 18
3 17
4 13
4 14
2 3
8 18
9 12
10 8
7 14
2 16
7 16
9 11
13 5
10 6
1 15
6 5
12 15
29
2 15
4 1
2 17
27 21
10 15
29 15
18 9
16 22
26 25
3 24
26 19
14 17
23 18
11 14
25 22
6 14
17 1
19 7
5 26
12 20
20 2
1 13
8 18
13 3
9 22
1 21
10 28
3 9
23
6 9
13 8
7 5
10 14
8 3
10 19
4 18
2 17
22 11
7 20
4 11
22 14
4 23
6 11
21 6
15 8
16 10
1 22
14 17
17 12
1 15
15 7
24
7 10
9 24
13 20
24 5
10 4
12 19
19 4
2 1
11 15
8 11
22 9
21 7
18 15
23 2
16 6
20 5
13 3
17 23
14 22
3 12
8 6
16 21
18 17
13
2 6
3 4
11 3
8 10
12 11
4 10
6 7
9 7
13 5
5 1
8 2
9 13
16
8 1
10 1
6 16
14 11
14 16
5 16
15 1
7 2
3 8
4 9
9 13
12 3
3 4
2 3
12 16
20
3 10
8 2
18 12
17 14
9 15
9 16
5 20
13 6
19 20
1 8
19 3
14 4
5 11
11 17
2 13
12 16
4 7
18 7
6 15
19
8 1
1 14
9 1
3 1
13 1
15 1
19 1
1 11
2 1
7 1
16 1
1 5
1 18
6 1
1 10
4 1
17 1
1 12
10
8 6
3 9
3 1
6 10
8 5
4 10
3 7
6 1
10 2
28
4 15
11 8
4 10
6 25
1 22
6 3
20 13
14 5
26 5
1 17
2 9
18 16
13 7
2 23
2 3
17 13
2 1
13 28
26 6
24 1
21 4
17 18
26 19
22 27
12 19
17 4
10 11
24
6 1
8 1
13 1
1 4
5 1
21 1
16 1
1 2
1 3
11 1
1 20
14 1
1 18
1 12
7 1
1 9
1 17
19 1
10 1
1 23
1 22
1 15
1 24
13
1 6
13 1
3 1
1 4
2 1
12 1
11 1
9 1
5 1
1 8
1 7
1 10
18
2 13
6 4
5 1
15 12
3 12
16 17
8 9
18 16
4 17
16 11
12 5
1 2
17 2
1 7
5 9
10 5
1 14
24
3 1
18 24
11 14
16 2
19 3
6 20
10 15
21 12
13 4
12 22
5 21
11 13
20 17
9 23
7 10
15 9
23 8
14 2
24 8
5 17
18 6
7 19
22 16
10
10 1
1 4
1 9
2 1
1 8
1 6
1 5
3 1
1 7
10
1 6
10 6
8 4
5 10
6 3
9 2
4 3
1 2
7 6
14
8 12
11 2
9 2
1 14
4 13
9 1
10 2
5 13
8 14
7 3
13 9
14 3
8 6
24
19 14
3 21
10 24
6 21
2 16
9 14
15 17
13 14
17 23
20 7
18 8
9 8
3 12
16 10
5 20
24 9
24 1
4 21
11 16
1 6
20 6
10 17
8 22
14
1 8
1 11
6 1
3 1
4 1
1 12
1 5
13 1
1 14
9 1
10 1
1 2
1 7
18
13 12
11 4
17 14
16 5
3 12
16 18
14 8
2 7
13 7
11 2
15 1
9 6
3 17
18 10
15 6
9 10
5 8
17
1 15
1 17
1 11
6 1
1 3
1 14
9 1
1 13
16 1
12 1
4 1
1 8
2 1
7 1
1 10
1 5
14
6 1
8 1
3 11
13 9
14 5
4 8
2 5
5 1
6 11
7 5
11 12
13 10
5 13
26
18 1
1 4
12 1
1 16
8 1
15 1
13 1
5 1
11 1
20 1
24 1
2 1
1 21
1 17
23 1
26 1
1 7
19 1
3 1
1 10
1 14
6 1
1 25
9 1
22 1
25
1 18
1 11
7 1
1 14
13 1
25 1
6 1
5 1
1 22
1 21
1 19
15 1
1 16
4 1
24 1
2 1
1 8
1 9
1 17
23 1
1 12
1 3
1 10
20 1
16
12 9
14 15
8 12
14 10
6 13
10 3
5 3
16 8
5 7
2 4
11 16
11 6
1 13
9 7
4 15
12
5 2
1 9
4 3
2 8
7 12
12 10
5 12
1 5
5 11
11 6
3 7
12
2 5
1 11
8 6
12 5
3 1
5 10
1 10
1 6
7 10
9 6
4 12
24
8 1
23 1
1 15
3 1
7 1
1 24
1 10
1 6
1 16
1 4
18 1
1 13
9 1
1 17
11 1
19 1
1 2
12 1
22 1
5 1
14 1
20 1
1 21
22
21 4
22 17
7 16
1 5
3 14
14 19
15 2
6 21
19 2
10 11
20 4
3 11
22 16
9 17
5 8
9 12
18 10
8 12
7 6
13 15
20 13
23
18 16
2 18
21 10
9 8
20 15
22 13
9 13
7 23
14 7
13 18
1 7
1 22
21 19
15 19
23 6
22 19
11 15
3 14
14 17
4 9
21 5
12 23
12
6 8
8 12
3 5
11 2
7 3
4 9
10 12
10 5
1 11
9 7
6 2
24
12 1
19 10
4 14
16 11
22 15
7 21
14 2
21 10
2 1
22 3
6 22
13 2
1 7
12 9
11 2
14 17
16 15
16 24
11 18
5 13
4 20
16 23
24 8
11
6 2
1 2
11 6
9 6
4 5
5 1
7 8
8 2
10 8
3 5
21
15 17
12 14
4 12
17 16
19 15
13 10
4 10
19 9
5 14
7 5
6 8
2 9
7 21
21 16
6 1
20 2
20 3
18 11
3 8
18 13
16
7 16
6 8
6 13
12 1
11 16
15 1
16 12
4 3
12 10
9 3
15 3
2 10
15 13
10 14
5 13
10
2 1
5 1
10 1
9 1
4 1
1 3
8 1
1 7
6 1
29
15 1
1 28
1 19
1 25
1 29
1 4
1 21
24 1
11 1
13 1
7 1
1 5
8 1
1 6
1 14
20 1
1 9
23 1
1 18
1 17
1 22
1 16
1 27
1 26
12 1
1 2
1 3
10 1
16
9 13
8 15
7 13
13 3
6 1
2 12
2 1
15 5
3 14
11 16
5 13
6 10
14 1
11 14
6 4
13
1 8
1 5
1 13
1 7
4 1
1 11
6 1
1 12
1 2
3 1
1 10
9 1
17
6 8
8 15
5 13
10 3
1 5
9 13
2 11
16 17
2 7
4 5
14 7
1 2
4 17
9 12
15 1
3 2
11
8 5
2 1
2 7
3 10
3 11
4 11
8 2
11 1
6 1
9 8
17
10 7
17 10
13 8
15 11
4 16
13 14
11 2
1 12
5 6
9 2
9 16
3 6
5 15
17 4
3 12
7 8
17
1 5
6 1
3 1
2 1
1 7
10 1
12 1
1 13
16 1
11 1
1 17
4 1
8 1
1 14
1 15
9 1
14
6 8
14 5
13 10
2 6
12 4
13 3
1 7
5 12
9 3
11 7
12 6
12 13
1 6
25
6 2
3 9
12 17
10 1
10 18
19 4
15 11
25 1
12 5
23 16
21 1
13 15
13 9
10 14
7 24
18 8
15 20
1 12
7 13
4 25
2 15
22 11
23 13
10 15
20
1 3
2 1
4 1
6 1
1 17
15 1
16 1
9 1
1 5
7 1
1 10
1 18
1 8
1 11
12 1
14 1
20 1
1 19
13 1
21
14 17
20 12
3 12
19 3
15 11
1 21
13 10
10 8
17 2
11 1
5 16
5 1
4 1
1 14
3 10
6 5
12 1
9 15
6 18
7 12
11
1 4
11 4
7 1
1 9
6 7
1 10
7 8
5 6
2 9
2 3
18
3 5
17 18
2 7
2 1
8 13
10 4
6 15
8 16
9 14
4 5
16 14
3 12
13 15
7 6
18 11
12 11
17 9
29
17 1
23 1
24 1
1 6
1 14
1 16
26 1
27 1
3 1
9 1
5 1
1 2
1 13
1 10
1 20
1 11
29 1
25 1
1 19
1 21
12 1
1 4
7 1
1 8
18 1
1 22
15 1
1 28
29
12 4
8 25
13 23
29 3
1 27
19 6
17 16
10 1
17 23
8 15
23 3
14 17
6 17
20 17
1 15
12 15
2 29
20 9
4 18
11 1
25 22
16 5
4 21
29 1
11 24
29 26
7 8
28 14
11
4 11
10 9
8 7
8 1
4 3
3 10
6 9
7 6
11 5
5 2
22
18 8
22 17
13 20
1 10
19 5
22 6
19 17
16 3
21 17
14 4
17 1
11 18
20 16
17 20
22 15
4 15
16 2
10 9
8 17
12 8
18 7
19
12 8
6 14
11 14
3 1
13 14
16 1
1 4
4 15
8 13
2 1
10 11
7 15
11 16
2 17
9 11
16 18
5 19
19 14
23
14 17
21 10
19 2
5 8
11 9
4 17
23 3
18 9
7 20
15 6
14 12
2 15
20 22
3 18
5 4
23 12
8 16
13 19
22 21
1 6
11 13
10 16
15
10 7
6 1
7 8
6 14
10 4
13 2
9 1
12 9
6 11
3 1
10 6
5 9
9 15
11 13
14
14 6
10 1
1 4
1 13
3 2
3 10
1 5
3 8
9 6
1 7
14 7
1 12
11 13
15
1 10
15 10
1 8
8 4
10 5
9 1
13 4
15 14
9 6
2 14
7 1
8 12
8 3
3 11
26
3 22
25 14
6 20
4 7
18 17
1 13
19 23
12 23
13 15
17 1
18 8
3 1
13 16
2 16
6 3
22 5
11 15
24 12
13 21
2 14
17 4
24 26
9 1
12 17
10 1
14
8 13
7 4
12 5
11 12
3 12
6 14
10 8
7 9
1 8
9 1
9 14
14 12
1 2
19
1 18
1 17
3 1
9 1
1 2
14 1
1 12
11 1
1 5
10 1
1 16
1 13
15 1
6 1
8 1
1 19
4 1
1 7
28
25 5
19 16
21 9
22 12
1 5
27 15
11 7
16 25
3 20
8 25
15 24
8 23
9 2
28 17
13 17
13 5
12 6
26 16
18 9
8 14
10 2
12 2
1 10
15 13
10 20
20 7
4 17
12
4 3
11 1
12 10
8 12
2 11
7 5
8 6
9 5
10 3
6 9
2 7
28
2 17
1 20
24 27
11 24
5 20
10 23
28 18
1 19
4 12
9 19
18 16
13 1
3 26
6 12
22 26
14 10
17 20
1 21
22 1
10 8
10 1
10 24
25 24
7 21
4 27
15 26
26 28
10
3 1
2 1
9 1
1 8
10 1
1 4
1 5
1 7
1 6
14
13 10
9 11
12 6
14 7
4 7
8 9
11 1
13 11
1 14
12 3
12 14
9 5
2 7
27
24 1
1 26
1 13
4 1
7 1
1 27
12 1
1 18
1 19
1 3
1 25
14 1
5 1
23 1
1 6
10 1
16 1
22 1
1 8
1 9
1 11
1 21
20 1
1 15
1 17
2 1
27
20 17
9 22
16 20
11 8
11 5
14 27
24 10
25 24
4 17
5 2
2 24
5 23
18 19
13 22
15 23
17 14
26 14
4 13
3 20
21 18
7 22
23 12
18 13
6 11
1 2
4 1
26
1 9
8 1
1 18
23 1
1 10
25 1
22 1
16 1
1 11
1 14
1 4
1 3
2 1
1 6
20 1
1 5
13 1
1 12
1 17
1 24
1 15
21 1
1 19
7 1
1 26
11
3 1
5 1
1 8
10 1
1 7
6 1
4 1
1 11
2 1
1 9
17
16 4
8 1
17 16
13 3
14 12
10 5
2 14
10 17
9 7
13 11
6 2
7 12
9 8
3 15
11 4
6 5
15
9 1
7 6
10 8
3 13
11 12
1 8
11 1
5 10
7 14
6 4
15 7
9 13
2 3
6 1
24
10 20
15 10
22 13
23 18
1 20
5 15
22 19
7 17
9 21
6 4
2 16
14 5
4 2
11 19
12 3
12 11
6 8
7 18
14 24
23 13
17 16
8 21
9 24
28
14 1
7 1
1 4
1 10
1 3
1 25
1 16
1 5
21 1
1 15
20 1
17 1
1 19
1 27
2 1
1 26
23 1
1 6
1 18
11 1
1 24
13 1
9 1
1 12
22 1
28 1
1 8
13
2 6
10 12
8 1
4 2
1 6
9 1
1 3
2 13
10 5
11 1
7 1
4 12
17
1 3
1 12
5 1
1 11
1 8
1 4
17 1
13 1
16 1
14 1
2 1
15 1
1 9
1 7
1 10
6 1
29
3 7
16 4
21 11
1 20
4 12
1 10
19 25
22 19
8 20
29 21
6 26
8 7
4 23
7 24
18 20
19 28
25 21
15 26
27 13
18 2
13 9
17 8
13 23
10 25
5 2
18 26
14 2
10 23
27
5 10
13 11
1 16
26 9
15 23
15 24
18 12
7 5
20 25
27 6
27 16
12 25
25 8
9 19
2 18
15 4
17 6
3 6
18 22
9 21
27 5
13 14
1 23
12 23
19 16
19 13
28
2 26
20 27
7 21
7 1
8 16
13 6
12 6
21 26
7 11
4 1
10 4
9 14
8 11
20 18
14 25
22 8
5 3
3 24
19 28
6 17
14 13
10 3
19 10
15 21
13 4
11 20
23 19
28
1 8
3 1
26 1
24 1
1 7
17 1
1 15
1 9
1 13
6 1
2 1
22 1
1 19
1 14
23 1
21 1
1 25
5 1
4 1
1 27
1 16
11 1
1 18
1 20
28 1
1 10
12 1
25
1 13
1 16
7 1
1 12
17 1
5 1
2 1
1 14
1 6
20 1
3 1
1 9
23 1
1 24
18 1
1 25
1 4
1 15
1 10
1 11
1 21
22 1
19 1
8 1
16
1 2
3 7
7 15
16 9
13 14
10 4
3 6
2 4
5 3
2 9
1 5
5 13
12 13
4 8
9 11
23
16 4
2 3
12 23
15 17
5 20
7 22
18 1
4 21
23 7
11 9
10 3
13 6
11 12
8 19
13 10
8 21
6 17
14 2
14 16
5 18
19 20
9 15
19
18 8
17 9
19 15
11 1
14 10
16 6
17 11
3 14
8 13
7 16
12 9
10 2
5 4
4 19
5 7
12 3
13 2
18 15
13
13 3
1 6
4 11
5 9
11 2
8 6
12 3
13 11
7 5
10 3
13 1
6 5
13
6 5
13 8
7 4
5 2
1 12
13 7
11 3
12 10
8 9
11 10
3 4
9 2
18
4 15
4 17
5 16
14 2
8 13
18 11
12 9
7 3
11 10
6 14
8 15
17 3
5 10
7 9
18 6
1 12
16 13
20
11 1
13 2
6 12
2 9
9 15
16 13
3 19
11 17
15 17
4 19
16 18
8 6
5 10
3 14
7 4
18 7
20 10
8 20
12 14
27
19 1
1 20
1 26
1 13
1 12
1 16
24 1
27 1
1 11
15 1
6 1
10 1
8 1
1 14
22 1
18 1
1 25
1 23
1 21
1 7
3 1
4 1
1 5
9 1
1 17
1 2
10
5 1
2 4
10 9
3 2
8 7
6 10
5 2
8 5
1 10
18
4 11
18 8
2 16
15 1
7 3
12 8
8 13
10 15
1 13
11 5
3 9
9 16
11 13
10 6
10 17
14 3
9 15
24
16 6
16 20
13 5
14 10
8 15
20 22
18 24
2 7
14 3
1 24
24 23
20 4
19 5
17 23
10 15
5 16
23 12
1 6
10 6
21 18
15 9
18 7
14 11
22
1 13
15 12
22 20
3 12
4 11
14 17
7 22
7 12
9 13
9 21
9 16
8 11
2 16
13 7
22 6
10 21
4 17
1 4
19 11
16 18
17 5
27
7 3
5 25
15 5
1 19
6 18
16 27
8 17
27 6
22 12
13 2
16 20
18 11
7 14
20 9
4 21
14 11
10 15
23 12
4 19
2 22
9 25
3 8
17 23
24 26
21 24
26 10
19
18 17
7 12
18 15
4 7
16 13
14 1
16 14
9 5
9 8
9 6
11 18
14 15
7 5
10 2
15 2
16 3
19 2
5 1
10
4 8
5 3
10 5
1 4
1 5
7 3
4 2
10 6
3 9
21
2 12
21 17
20 18
6 1
19 3
12 6
5 10
20 19
14 9
12 15
19 4
6 9
8 18
21 16
7 8
18 1
21 8
20 10
11 9
10 13
25
11 21
16 10
7 11
8 15
20 1
25 18
5 9
2 12
23 3
22 24
6 13
9 10
22 17
14 19
7 23
12 14
17 16
24 2
21 4
15 6
19 13
25 20
4 18
3 8
26
6 18
5 3
26 16
9 4
7 8
8 13
23 21
15 20
3 2
4 21
6 20
19 26
22 13
16 9
12 19
17 25
15 7
22 10
5 12
25 10
24 1
14 11
2 11
14 17
23 24
17
8 2
14 15
9 7
13 16
7 5
4 17
13 2
14 16
6 8
12 10
12 11
15 5
11 3
4 10
17 9
1 3
10
9 7
7 1
10 3
5 1
5 4
10 6
7 2
10 5
8 4
22
11 20
13 1
16 18
20 1
1 19
10 5
1 10
14 16
15 1
12 9
1 12
2 7
8 6
12 17
14 4
10 22
7 10
19 14
3 15
21 14
8 14
19
14 19
4 3
4 2
15 1
5 18
4 14
17 14
9 18
8 18
7 12
4 13
18 15
4 16
1 10
6 17
1 4
1 7
11 4
29
27 11
5 28
13 2
27 26
10 18
2 9
4 28
28 22
1 3
14 13
8 20
12 26
1 27
26 15
28 17
21 23
15 7
18 24
1 8
23 29
4 3
2 1
4 23
18 1
25 27
11 16
8 19
6 20
16
14 11
14 15
8 14
6 7
5 16
2 8
9 1
3 2
9 16
10 4
7 4
9 7
2 13
12 16
8 1
11
10 1
1 5
11 1
1 9
1 8
1 7
1 6
1 3
1 4
1 2
18
6 18
17 11
8 5
4 5
3 15
18 16
12 13
9 7
12 4
1 7
2 17
10 11
14 2
14 13
3 10
15 9
8 6
20
18 19
11 12
15 11
4 7
3 8
4 20
10 18
9 16
17 13
17 12
16 13
6 14
20 2
8 19
14 15
5 1
7 5
10 6
2 3
29
1 25
1 21
1 22
1 24
1 26
1 2
1 17
1 6
3 1
9 1
1 19
1 27
8 1
1 23
15 1
1 11
1 16
5 1
12 1
1 7
20 1
18 1
13 1
1 4
1 29
10 1
1 28
14 1
22
18 15
1 19
6 15
17 7
9 4
18 13
14 13
4 19
16 21
12 21
22 10
8 12
17 11
14 2
9 16
8 22
20 7
10 5
3 2
5 6
20 3
14
9 1
7 11
8 2
11 12
4 14
1 7
9 2
3 13
4 5
1 4
3 7
6 10
6 7
26
15 1
11 1
1 14
1 12
22 1
20 1
9 1
1 8
1 25
5 1
21 1
3 1
7 1
1 17
24 1
1 10
13 1
1 19
1 16
6 1
4 1
1 23
2 1
1 18
1 26
28
28 24
21 22
25 12
15 1
28 19
8 3
15 23
12 10
7 24
13 5
8 6
9 2
18 2
14 3
17 11
13 20
22 7
4 9
21 17
19 16
26 5
23 14
27 16
25 18
20 4
11 10
27 6
11
1 8
1 7
3 1
5 1
6 1
9 1
1 11
4 1
10 1
2 1
18
8 7
8 4
13 3
4 17
11 7
16 6
18 15
5 13
12 14
10 9
9 17
11 2
15 3
2 1
12 16
5 6
10 18
22
1 7
1 22
9 1
1 12
1 10
1 21
1 19
1 17
4 1
1 16
13 1
15 1
20 1
2 1
1 3
14 1
11 1
1 5
1 6
1 8
18 1
20
9 1
16 14
17 6
3 16
16 7
18 13
4 2
6 19
12 13
15 10
18 4
9 3
13 11
10 8
20 4
6 3
15 5
1 18
9 10
15
1 6
4 1
1 12
8 1
1 2
3 1
1 13
15 1
1 7
11 1
1 9
14 1
1 5
10 1
23
4 1
12 1
18 1
20 1
7 1
1 21
11 1
1 9
5 1
1 6
1 2
8 1
1 14
1 16
1 10
1 19
1 15
1 17
23 1
1 13
1 22
1 3
27
1 5
1 12
1 6
1 26
1 23
3 1
2 1
9 1
24 1
1 14
17 1
1 18
25 1
1 4
1 7
1 21
1 8
1 13
10 1
1 19
20 1
1 22
1 27
16 1
1 11
1 15
12
11 9
9 5
6 3
8 12
4 6
10 4
7 2
1 12
5 2
3 11
8 7
21
6 20
21 13
7 19
2 14
17 15
10 12
20 21
18 3
5 2
11 15
5 11
16 9
4 9
19 18
17 12
16 8
4 6
8 1
13 3
10 7
21
14 15
16 12
12 20
6 19
21 2
8 11
18 8
20 17
9 5
6 21
7 10
3 13
19 14
17 10
13 5
18 3
4 15
4 1
9 2
11 16
19
1 9
7 1
1 15
1 19
1 2
18 1
1 6
8 1
1 17
1 4
1 5
1 16
10 1
11 1
12 1
1 3
14 1
13 1
23
10 6
1 7
11 5
23 6
20 11
6 2
21 1
1 15
4 16
21 17
20 17
18 13
3 22
12 21
8 16
10 22
21 16
19 6
9 2
14 6
17 13
1 19
17
10 11
9 14
4 3
6 4
9 3
15 16
10 12
2 12
1 8
13 7
7 17
11 13
6 16
8 5
17 14
2 5
12
1 12
8 2
4 7
11 5
2 12
11 12
6 7
3 11
9 6
7 1
2 10
13
1 11
6 1
1 3
1 8
9 1
1 13
1 5
7 1
12 1
2 1
1 4
10 1
21
1 2
3 19
14 1
19 4
21 8
5 19
21 13
9 13
18 19
20 14
16 18
11 4
5 12
8 18
20 17
10 11
6 8
15 11
19 7
1 19
22
16 10
2 13
15 6
21 1
20 22
11 18
10 7
12 11
9 16
14 17
7 13
17 12
4 18
3 5
3 14
6 5
8 2
22 19
9 15
20 4
21 19
23
15 4
16 10
19 17
16 23
1 8
6 13
21 8
5 20
15 22
11 15
3 23
7 23
18 21
13 12
14 20
8 13
9 21
10 1
10 4
2 17
16 17
20 4
17
11 14
3 9
17 6
2 10
13 3
5 6
3 10
4 1
5 10
5 1
16 6
12 7
4 14
14 8
4 12
15 12
15
4 3
10 4
2 6
7 14
15 1
5 8
5 15
9 2
13 4
11 5
7 10
2 15
1 10
12 7
18
17 1
4 1
8 1
7 1
1 3
1 16
2 1
1 13
18 1
14 1
9 1
1 12
5 1
10 1
15 1
1 11
6 1
12
5 10
3 9
10 1
11 12
10 9
7 8
2 5
1 7
4 9
7 12
6 5
27
23 26
24 23
17 24
16 3
18 16
17 4
22 7
5 7
2 11
22 6
8 13
12 8
20 22
10 3
18 21
9 23
24 5
5 1
18 27
1 25
17 14
3 15
19 2
25 2
25 16
7 8
11
9 11
11 5
8 3
10 1
11 6
10 3
7 11
1 11
2 1
4 10
14
14 8
7 14
7 10
11 6
10 5
3 6
13 2
5 9
3 4
11 2
1 12
4 12
13 8
15
8 1
1 6
1 3
1 11
13 1
10 1
1 2
1 5
1 12
1 9
1 7
4 1
14 1
15 1
10
8 10
1 2
10 3
3 1
3 9
9 4
7 2
10 5
2 6
25
1 24
2 1
1 19
1 8
9 1
25 1
1 12
22 1
16 1
1 13
1 21
10 1
14 1
1 3
4 1
1 23
15 1
18 1
6 1
7 1
17 1
1 11
20 1
1 5
14
9 4
1 14
1 5
13 8
10 8
3 7
9 12
7 14
10 1
9 8
8 11
3 2
14 6
18
1 9
7 1
1 6
1 18
1 3
12 1
14 1
1 8
1 17
1 10
1 5
2 1
1 16
13 1
11 1
1 4
15 1
16
12 14
4 7
4 13
1 13
1 12
8 4
16 2
13 16
7 15
10 16
9 11
5 14
12 11
6 14
11 3
10
1 2
1 6
7 1
5 1
10 1
8 1
9 1
3 1
1 4
26
16 13
2 11
15 26
20 25
4 2
21 14
13 17
13 26
17 9
8 24
10 21
22 12
18 12
21 3
17 19
12 7
3 23
23 1
6 8
22 25
1 16
16 8
25 5
23 22
2 3
26
1 26
1 25
1 17
1 23
1 8
1 5
1 10
1 18
24 1
1 2
1 20
1 11
1 14
21 1
1 9
1 12
6 1
1 15
1 13
22 1
16 1
7 1
1 4
3 1
1 19
26
10 2
14 21
18 11
25 19
8 19
4 7
6 13
19 3
19 9
10 14
22 18
24 16
17 2
2 26
10 15
14 12
19 10
23 7
22 5
20 4
13 18
1 2
19 23
1 24
18 1
17
12 13
5 14
5 1
17 15
5 17
7 6
7 8
12 16
3 16
9 14
10 13
2 14
16 4
1 12
17 11
7 13
25
1 6
1 3
2 1
24 1
21 1
14 1
4 1
1 22
1 23
1 17
8 1
11 1
1 15
1 18
19 1
1 5
10 1
20 1
13 1
12 1
25 1
9 1
7 1
1 16
18
1 8
11 1
1 16
15 1
1 10
3 1
7 1
1 14
1 5
1 17
6 1
1 2
13 1
1 12
18 1
9 1
4 1
12
1 2
1 11
10 1
3 1
8 1
1 6
1 9
1 12
1 4
5 1
1 7
15
14 5
4 5
13 7
3 6
15 11
2 15
6 11
2 1
14 13
10 4
9 7
8 12
10 12
8 3
24
7 6
18 2
22 24
10 20
11 17
8 14
5 9
14 18
23 13
7 9
12 22
3 6
19 24
16 11
15 3
23 20
1 21
16 8
21 12
10 15
5 19
2 4
4 13
20
10 9
7 11
3 12
16 14
4 19
12 2
3 8
1 13
6 8
5 17
20 6
19 14
13 18
11 9
16 5
18 15
20 17
2 7
4 15
27
12 1
1 21
1 10
16 1
8 1
1 20
1 6
1 19
27 1
9 1
11 1
4 1
13 1
2 1
22 1
1 14
25 1
23 1
17 1
5 1
26 1
18 1
1 7
15 1
1 3
24 1
14
12 11
5 7
6 10
4 3
9 4
1 13
10 7
14 8
3 2
9 6
2 13
11 5
14 12
12
3 1
9 8
3 4
2 3
4 12
1 8
2 7
6 8
10 6
2 11
4 5
11
1 9
1 11
7 1
1 6
5 1
1 4
1 2
3 1
8 1
1 10
18
1 12
9 1
4 1
8 1
17 1
1 3
1 15
1 5
14 1
11 1
1 2
6 1
18 1
1 10
13 1
1 16
1 7
28
9 26
4 15
22 27
17 15
7 3
20 5
27 25
13 5
11 12
6 10
15 21
16 2
7 27
25 24
5 3
26 28
16 19
14 18
6 17
23 11
7 1
3 14
11 17
14 8
1 6
10 26
16 10
18
4 11
6 1
7 9
11 17
4 5
14 3
17 10
12 16
15 8
16 3
14 13
13 2
18 15
18 7
6 8
12 10
2 9
18
18 1
14 1
1 5
4 1
1 10
1 7
1 13
6 1
16 1
1 11
9 1
3 1
12 1
1 2
17 1
1 8
1 15
17
1 12
17 1
1 16
1 14
8 1
1 10
1 4
2 1
1 11
13 1
3 1
7 1
1 5
15 1
6 1
1 9
29
22 24
9 10
19 4
17 1
6 20
14 13
20 3
2 20
21 8
8 11
28 29
18 23
9 18
26 6
6 17
5 8
19 28
19 1
24 12
21 7
13 7
15 21
25 19
21 16
17 10
19 12
21 10
27 10
21
10 9
6 8
8 21
1 17
13 12
17 6
2 5
14 18
10 18
6 12
3 1
8 11
3 15
18 20
5 3
16 5
19 12
15 7
15 4
10 17
25
25 13
12 1
9 3
21 14
9 12
16 25
25 10
13 4
1 19
4 8
5 23
11 13
6 16
17 23
16 20
10 22
23 25
1 18
21 4
1 2
2 10
7 12
15 25
12 24
20
9 18
19 14
12 17
15 13
10 8
18 14
16 6
15 11
3 8
3 13
6 3
15 12
9 4
7 9
13 1
5 8
1 18
2 14
20 6
21
15 19
13 12
10 8
11 8
15 17
11 6
20 3
16 9
2 19
18 7
2 4
10 5
3 21
12 9
16 1
6 14
14 4
5 13
21 7
20 17
14
1 7
1 10
2 1
1 13
8 1
6 1
1 14
1 5
3 1
9 1
4 1
1 12
11 1
18
7 2
1 17
1 9
18 6
2 14
3 14
12 13
1 14
2 15
8 5
1 12
5 10
16 14
13 8
4 14
6 1
11 6
22
19 1
1 15
1 14
1 10
13 1
1 9
22 1
1 2
20 1
1 16
1 3
7 1
1 4
8 1
18 1
12 1
17 1
1 5
6 1
21 1
11 1
18
1 9
12 13
6 16
4 9
1 14
9 6
17 1
10 18
1 5
3 8
4 12
1 8
7 8
15 12
2 15
10 7
11 6
26
4 11
23 7
6 20
13 2
16 12
18 9
16 24
5 11
3 18
8 7
26 8
13 10
12 10
26 5
21 17
14 19
22 6
21 14
23 2
15 20
3 24
15 9
22 19
25 1
25 17
15
2 10
10 4
12 13
11 15
8 6
2 1
12 14
5 8
7 15
9 10
15 3
12 2
8 7
7 1
11
2 11
1 8
6 8
8 3
10 9
5 1
4 11
11 1
1 9
7 8
18
1 9
7 1
11 1
13 1
1 6
1 10
1 4
1 2
3 1
1 12
8 1
1 15
18 1
16 1
1 5
17 1
1 14
16
14 2
10 2
3 15
15 6
4 5
1 14
9 15
7 13
16 8
11 8
7 2
1 3
12 4
14 8
4 3
23
1 6
16 1
5 1
8 1
1 13
10 1
1 18
14 1
11 1
1 3
1 4
1 2
1 12
9 1
1 22
21 1
17 1
23 1
15 1
19 1
7 1
20 1
28
14 23
8 6
14 20
22 25
9 3
21 27
11 19
28 10
23 1
25 18
16 2
19 22
11 12
5 13
5 20
13 26
7 16
3 4
15 21
17 26
24 7
28 12
6 10
17 8
15 9
2 27
24 18
28
4 20
22 16
6 2
7 8
23 6
21 7
17 20
25 15
14 5
10 11
17 24
28 9
4 27
2 3
25 10
24 21
18 23
19 1
22 28
5 26
13 19
13 9
12 27
8 14
3 15
11 26
18 16
11
6 4
4 10
1 11
7 4
8 6
11 9
8 2
11 5
3 8
1 6
29
8 1
13 11
20 14
5 24
7 22
23 8
2 28
13 23
3 18
18 6
8 5
9 27
17 21
25 13
10 14
19 27
17 27
23 29
7 15
28 4
16 28
5 18
4 7
14 17
26 29
1 21
29 12
21 4
16
15 12
2 14
16 8
6 1
7 8
4 11
2 10
11 1
2 5
12 6
9 13
3 6
13 12
1 8
2 12
12
11 3
8 9
7 5
10 12
6 3
1 6
2 12
8 1
4 3
8 5
6 12
23
12 11
5 1
2 6
18 19
20 11
22 9
17 21
1 2
1 10
3 1
12 15
16 4
8 5
4 5
13 5
17 3
14 15
7 1
5 23
5 18
5 11
9 4
26
25 11
10 24
25 26
18 9
18 2
8 5
24 7
3 16
8 14
19 5
11 12
14 24
23 11
18 26
25 1
8 3
13 23
21 5
6 4
15 23
1 14
22 4
26 4
12 20
17 12
19
2 1
6 10
9 11
16 13
8 10
3 19
2 17
12 5
7 3
18 9
19 1
13 15
13 17
12 19
4 12
9 17
14 3
10 2
18
13 3
18 2
4 15
6 16
5 8
9 8
7 12
17 14
2 12
9 13
5 14
1 10
4 18
7 10
17 11
16 3
6 15
11
8 6
6 10
4 7
11 9
9 2
11 8
3 10
5 1
2 7
3 5
20
1 3
4 1
18 1
15 1
7 1
10 1
1 13
1 16
2 1
1 20
8 1
17 1
1 12
1 11
1 14
1 6
5 1
19 1
1 9
10
3 2
6 2
1 5
7 9
5 4
2 8
10 2
9 1
9 3
24
5 13
19 17
3 16
6 4
16 15
14 7
24 1
20 24
13 1
18 9
2 8
22 15
22 18
19 20
1 22
8 18
20 21
18 12
24 10
12 4
18 14
23 1
23 11
25
1 8
1 10
7 1
1 15
1 12
1 17
1 21
19 1
3 1
11 1
1 13
9 1
1 25
6 1
2 1
1 22
1 5
1 20
24 1
1 4
23 1
1 18
14 1
1 16
22
1 16
2 3
12 4
7 6
7 8
12 6
7 1
9 21
13 16
1 3
12 17
14 11
3 15
7 5
14 3
4 22
10 17
7 18
6 20
7 19
11 9
17
13 9
17 6
8 16
7 6
15 12
8 3
11 15
14 9
13 16
12 4
5 3
17 10
1 5
2 4
7 11
14 10
18
1 6
1 2
1 5
12 1
13 1
9 1
1 3
1 17
1 16
7 1
11 1
14 1
1 18
1 8
1 10
1 15
1 4
20
1 3
10 1
1 14
9 1
1 15
1 11
1 18
6 1
8 1
16 1
1 12
20 1
4 1
1 13
5 1
7 1
17 1
19 1
1 2
11
2 8
10 1
3 2
11 9
4 6
7 10
7 8
11 6
9 5
5 3
19
11 3
18 14
9 16
15 5
1 16
15 16
8 17
9 8
2 14
8 13
14 19
10 3
7 4
19 4
9 3
1 19
12 15
6 4
26
21 6
4 3
13 2
17 11
22 14
24 5
19 8
26 4
20 15
12 18
26 2
24 15
11 1
16 25
19 23
14 10
20 12
7 6
8 5
16 7
25 10
17 3
21 23
13 9
22 9
25
3 16
19 16
8 9
5 2
17 10
7 9
24 19
18 22
4 23
4 15
3 25
10 12
15 12
8 6
13 17
1 11
6 25
24 18
14 13
20 11
22 23
20 21
14 5
21 7
12
9 7
1 7
3 5
6 11
8 3
11 8
4 12
5 10
2 10
4 9
2 12
21
17 9
20 17
21 5
2 7
18 7
21 14
16 4
8 1
9 21
10 16
12 18
15 12
18 1
8 11
5 19
10 6
9 1
13 7
15 4
3 16
16
12 3
8 1
14 5
11 2
14 15
4 13
3 7
6 9
16 7
6 2
16 4
9 15
12 10
8 13
10 5
23
7 1
19 1
6 1
8 1
13 1
1 23
11 1
16 1
1 17
1 2
1 10
1 4
1 5
1 21
3 1
1 22
9 1
1 12
14 1
1 15
1 20
1 18
17
1 11
5 17
4 6
2 14
7 5
12 6
2 17
13 4
10 8
15 16
16 10
9 7
8 14
9 3
15 13
11 3
16
1 2
12 1
14 1
1 6
10 1
13 1
1 15
1 8
3 1
1 4
1 7
1 11
1 5
9 1
1 16
20
10 4
19 14
6 17
4 12
5 2
19 9
20 14
11 7
2 17
8 13
7 9
1 13
18 12
20 10
18 5
3 6
16 3
15 8
15 11
26
25 9
2 19
1 6
15 10
24 6
12 23
26 1
16 22
9 4
17 26
14 21
11 22
22 8
26 19
8 6
18 19
5 20
5 17
8 21
24 23
15 13
17 9
3 23
7 21
15 24
29
14 12
5 6
10 4
7 22
21 2
12 29
26 1
13 6
16 6
28 23
18 21
14 1
10 9
10 5
14 8
20 10
24 27
24 25
17 2
21 5
2 24
15 1
1 3
6 19
14 11
23 3
21 1
21 7
29
29 2
2 15
10 15
10 16
11 7
14 16
6 13
8 12
26 22
12 28
18 6
19 3
20 5
19 18
4 27
17 7
21 3
4 28
25 1
20 21
23 13
5 9
29 27
17 9
8 24
26 25
11 22
23 24
15
1 8
2 1
7 1
11 1
3 1
10 1
1 14
1 4
9 1
1 13
5 1
6 1
12 1
15 1
29
29 19
10 6
20 22
25 5
28 25
11 8
13 3
10 26
28 2
29 4
17 9
23 6
12 7
15 17
11 27
3 14
9 21
21 5
7 15
18 24
1 20
22 23
8 18
24 16
14 4
26 12
19 16
2 13
11
3 5
4 3
6 8
9 4
10 9
8 9
8 11
2 1
8 7
1 6
22
17 4
17 22
13 18
21 22
5 13
13 1
13 20
4 18
2 16
8 19
22 9
1 14
18 11
7 20
1 19
4 6
19 10
21 3
15 12
16 17
15 17
14
6 7
14 13
6 5
8 1
2 9
11 2
2 4
6 8
10 3
11 1
3 12
11 13
3 8
23
13 14
13 18
21 5
15 18
6 20
3 21
19 2
7 12
20 7
10 8
1 3
8 3
13 23
21 22
6 18
4 15
1 6
7 9
17 15
8 11
16 2
20 2
16
4 7
6 3
6 16
9 6
10 5
1 8
12 10
16 1
13 2
8 13
14 12
10 8
16 7
7 11
15 13
27
8 21
17 6
19 7
24 11
25 22
13 18
14 10
1 19
13 26
19 22
7 5
2 27
15 10
9 15
17 14
27 25
1 8
12 15
20 18
15 18
16 6
3 10
7 23
4 9
24 25
1 15
27
15 7
25 13
21 14
26 20
7 16
5 19
6 8
19 2
11 23
19 3
10 26
17 4
7 9
23 12
17 2
23 22
22 26
1 21
1 9
13 14
24 8
8 14
27 13
21 22
18 17
2 9
19
2 16
3 4
14 5
4 9
2 12
11 6
9 1
3 12
19 6
11 16
14 13
10 7
18 15
18 8
8 10
17 19
17 13
5 15
29
8 18
11 6
16 15
6 4
19 17
26 7
16 28
1 22
12 20
14 18
3 28
7 22
17 7
8 20
13 5
17 23
26 9
6 12
10 28
27 18
2 24
5 8
12 24
1 20
26 29
16 22
24 21
25 5
27
22 19
3 13
20 23
27 11
1 19
6 26
19 10
14 4
9 6
10 25
19 6
22 3
8 17
2 18
8 27
1 21
9 15
6 16
20 8
5 8
24 7
12 4
10 18
7 16
8 19
1 12
16
11 5
14 2
16 15
8 7
15 10
11 9
12 8
13 7
5 1
6 9
3 10
3 14
4 6
2 13
12 4
18
14 2
14 3
8 13
2 9
17 7
18 4
11 6
3 4
9 13
7 10
15 18
11 16
12 1
5 8
15 12
17 16
6 5
18
9 11
16 7
3 9
14 3
2 8
5 10
7 6
18 13
12 14
8 4
15 16
4 1
5 18
2 17
15 13
6 12
17 10
21
9 17
1 14
11 8
17 1
20 2
6 12
14 12
14 4
21 15
1 15
3 6
5 16
20 11
20 19
20 15
10 5
18 14
7 4
16 15
15 13
12
5 2
1 3
2 9
4 8
6 12
10 5
7 8
6 11
10 7
9 3
4 12
26
10 20
4 24
6 23
17 13
7 25
26 7
19 18
15 11
19 16
7 2
14 7
13 3
12 13
15 19
6 10
24 8
1 4
7 13
5 1
16 22
6 2
3 21
9 2
16 13
4 2
18
3 1
4 1
15 1
1 18
6 1
1 17
1 10
8 1
1 16
1 7
1 14
9 1
5 1
1 11
13 1
12 1
2 1
20
11 3
5 11
4 16
6 14
7 4
20 4
15 20
18 16
10 11
10 8
14 4
1 12
13 9
4 12
17 1
11 2
19 4
2 4
2 13
14
1 12
3 1
11 1
1 13
1 6
1 7
1 9
1 5
4 1
14 1
1 2
10 1
8 1
29
9 1
8 26
4 26
21 28
5 15
25 22
16 6
26 24
3 8
8 12
15 2
17 10
14 9
3 7
9 11
5 29
17 18
26 1
17 20
29 13
22 26
2 16
15 18
27 8
1 15
21 23
17 28
27 19
15
2 15
11 6
2 13
14 7
4 8
14 12
1 8
4 11
10 5
12 15
7 5
13 6
9 3
10 9
21
14 16
1 6
2 17
1 21
17 3
11 12
1 8
16 20
8 9
1 7
14 1
2 1
14 11
10 11
13 18
4 21
18 21
19 14
14 15
14 5
11
7 10
3 2
1 3
5 8
6 9
4 7
10 5
4 2
8 9
11 6
17
1 9
1 14
8 1
1 15
1 6
1 5
1 2
1 13
1 17
1 7
11 1
1 3
1 4
12 1
1 10
16 1
13
2 4
10 12
7 13
3 1
11 6
8 5
6 4
3 11
8 9
9 2
12 13
10 5
20
10 13
7 9
4 3
14 15
2 6
17 11
18 1
9 3
20 2
13 7
6 11
8 4
5 12
10 15
19 20
18 16
19 16
14 12
8 17
14
12 1
14 1
5 1
1 8
13 6
2 13
6 5
4 11
11 12
6 3
9 6
5 10
3 7
27
9 20
5 2
8 17
10 27
17 14
17 26
1 26
23 5
15 19
24 3
19 2
26 20
27 25
12 13
8 18
2 24
14 7
8 16
14 6
27 23
11 20
22 13
24 21
23 13
1 5
4 19
23
3 6
16 9
23 14
14 13
5 10
22 15
2 19
2 5
10 11
17 3
20 12
23 11
4 19
17 7
21 20
8 13
9 8
15 18
16 12
18 4
21 6
22 1
16
7 15
12 8
10 14
10 12
1 6
12 13
15 6
14 11
6 3
4 3
3 9
15 5
1 10
5 2
16 14
29
8 10
3 27
24 5
8 29
28 16
13 22
4 10
27 6
17 12
9 26
29 28
14 20
16 9
26 15
21 6
19 25
19 11
2 4
7 5
18 13
21 7
1 12
24 25
11 18
15 3
23 14
2 23
17 20
19
3 5
15 9
18 14
19 17
2 7
10 8
8 13
10 15
6 18
13 19
9 12
14 7
1 16
5 2
11 12
3 11
6 4
4 16
22
6 7
17 19
1 16
6 8
16 2
4 5
7 1
8 9
10 22
13 8
15 4
18 2
20 15
2 14
17 3
20 21
6 17
7 15
12 4
10 16
11 10
21
1 5
10 21
17 14
3 14
19 3
6 12
17 12
8 21
4 11
16 18
8 18
2 13
4 6
7 15
15 20
9 19
7 16
13 11
9 20
10 5
22
1 2
15 3
13 20
19 14
5 21
11 4
18 2
1 15
4 1
8 15
21 9
19 2
21 16
4 22
10 1
12 17
17 18
2 7
10 6
20 1
1 9
11
8 10
10 7
3 2
4 10
5 6
1 10
4 5
3 10
9 1
11 1
20
15 18
13 8
10 1
6 7
20 10
14 12
18 14
4 16
9 3
12 16
11 2
6 2
4 9
5 19
19 11
5 15
17 7
13 20
17 8
17
17 7
2 1
8 5
7 10
16 14
5 1
6 3
15 5
7 14
13 6
14 13
9 15
14 1
10 11
4 14
12 13
19
4 3
1 14
6 4
6 2
12 10
17 14
9 11
18 15
5 10
18 5
13 8
7 16
3 12
19 9
15 13
2 11
8 16
19 17
23
22 8
1 2
11 17
1 10
3 23
6 9
15 2
16 13
7 21
12 6
20 2
23 6
10 19
11 13
4 14
9 7
8 11
2 11
4 6
2 6
5 8
18 9
11
1 5
9 2
7 10
5 3
4 10
6 7
8 4
6 2
11 8
3 9
17
13 15
4 15
10 6
3 17
1 3
13 6
12 10
15 11
7 6
5 17
2 9
16 2
14 10
3 2
13 1
8 17
17
9 1
10 1
1 5
2 1
16 1
1 7
1 13
8 1
1 3
6 1
14 1
17 1
1 15
1 4
12 1
1 11
17
15 12
1 14
11 17
4 6
3 13
9 7
17 6
9 5
16 10
14 13
15 3
2 7
4 10
12 16
8 2
8 11
28
7 28
4 5
10 14
26 12
6 14
8 15
7 16
3 13
22 11
26 10
24 1
21 15
19 9
17 13
22 25
23 16
9 20
28 2
12 21
18 23
3 11
8 19
17 20
27 25
27 4
2 6
18 24
25
12 1
19 10
13 1
18 14
9 13
24 22
6 18
3 16
7 22
1 20
7 23
4 13
22 1
5 8
22 15
20 18
17 18
21 1
10 20
5 22
16 13
25 1
13 11
11 2
13
5 6
9 1
10 8
13 5
4 11
2 1
9 7
8 11
13 1
9 3
10 12
9 8
14
8 14
9 6
9 13
13 11
6 8
11 12
7 3
2 5
1 5
4 10
3 2
7 4
10 14
23
20 9
7 19
15 17
2 4
2 18
22 10
21 23
5 19
14 15
6 12
5 10
11 12
21 7
13 22
8 20
3 16
8 18
6 3
16 14
23 11
1 13
17 4
19
9 18
16 8
11 4
14 13
10 5
12 15
3 14
17 9
15 19
9 1
4 18
5 7
19 2
1 5
14 5
8 9
19 3
6 19
20
3 8
16 5
8 12
6 19
9 14
15 1
5 2
18 20
8 2
14 1
8 7
14 17
11 5
1 10
18 1
18 13
6 5
1 2
4 5
24
22 24
19 1
1 17
16 2
1 13
20 1
10 5
3 2
12 13
18 12
14 23
14 7
5 6
13 2
11 7
1 22
19 21
6 9
5 15
19 14
1 5
4 1
5 8
11
4 10
11 4
7 9
9 6
9 2
9 3
1 4
8 1
8 2
4 5
23
20 11
9 22
19 6
23 14
17 4
7 6
10 5
16 12
2 21
11 4
5 22
14 17
13 15
20 18
23 3
21 15
1 19
9 12
8 2
8 3
7 18
13 10
18
16 9
9 17
3 12
16 4
18 13
6 4
14 7
11 3
10 1
7 8
4 15
1 16
10 5
3 5
2 9
5 18
7 10
24
1 13
1 3
1 22
7 1
18 1
8 1
1 21
19 1
1 12
1 14
17 1
1 2
16 1
6 1
15 1
1 5
1 23
20 1
9 1
1 24
1 10
1 4
11 1
27
15 13
2 10
4 1
15 23
25 16
9 8
26 17
15 24
27 4
22 26
16 12
20 9
14 21
25 19
2 7
10 5
23 3
11 16
21 26
9 4
18 3
4 6
10 25
15 10
1 21
15 1
15
1 8
11 12
6 7
6 8
12 14
11 4
9 4
12 10
13 4
3 15
8 3
1 11
5 6
3 2
18
6 9
9 1
4 13
12 17
4 3
1 7
11 10
17 4
9 14
12 1
18 8
2 9
5 18
14 16
18 7
12 15
18 10
10
3 6
5 7
10 1
7 1
9 4
9 10
6 2
10 6
8 7
16
13 2
14 10
6 2
7 12
8 7
8 1
3 1
9 2
1 13
4 15
4 2
16 2
5 3
1 14
8 11
14
1 14
1 11
5 1
1 8
2 1
6 1
1 12
1 7
1 3
1 4
9 1
1 13
10 1
16
1 6
4 1
16 1
13 1
7 1
1 9
15 1
1 14
8 1
10 1
2 1
1 11
1 5
1 12
1 3
25
11 5
1 24
12 24
6 20
19 5
6 3
14 15
10 19
24 23
3 21
7 13
14 13
9 2
16 15
8 2
21 18
3 22
4 23
14 8
25 13
21 8
17 19
2 19
19 1
23
1 4
1 12
17 9
6 23
14 9
6 3
12 16
1 11
13 9
20 9
6 19
21 6
22 5
2 15
10 15
8 1
14 18
7 9
5 18
14 1
10 23
1 6
15
1 4
9 1
8 1
1 3
14 1
2 1
1 10
15 1
1 12
1 5
1 11
13 1
6 1
1 7
19
2 13
17 7
13 7
10 1
5 8
19 7
19 8
16 10
11 16
17 9
16 18
19 1
14 13
8 3
12 15
4 15
6 17
15 10
27
1 27
1 26
1 18
8 1
25 1
1 2
15 1
14 1
1 4
1 20
1 11
1 12
17 1
1 6
16 1
1 13
9 1
1 21
24 1
7 1
3 1
23 1
19 1
1 10
22 1
5 1
20
2 1
1 18
16 1
1 6
10 1
1 12
1 14
9 1
3 1
19 1
15 1
4 1
1 5
1 11
1 8
20 1
1 7
17 1
13 1
25
15 1
22 1
4 1
11 1
1 12
23 1
20 1
1 24
1 6
1 7
1 8
1 9
1 13
5 1
1 16
1 18
19 1
1 10
1 3
1 14
1 17
1 2
1 21
25 1
16
11 14
4 6
7 13
1 16
11 2
14 15
1 14
6 9
13 12
11 3
16 6
5 7
16 7
10 15
8 15
15
2 4
9 12
2 13
8 11
14 11
1 14
13 3
9 14
13 5
2 1
10 9
15 4
4 7
11 6
29
11 1
2 1
1 19
15 1
1 26
1 14
9 1
1 5
1 29
1 13
1 16
1 18
1 4
8 1
3 1
17 1
28 1
21 1
1 24
22 1
23 1
12 1
6 1
25 1
1 10
1 7
27 1
1 20
10
7 10
7 1
8 7
8 3
10 6
9 4
2 8
9 5
1 9
15
1 13
7 1
9 1
6 1
14 1
1 11
1 2
4 1
1 15
8 1
5 1
1 10
1 12
1 3
13
8 7
9 2
2 10
5 6
4 3
12 4
7 10
3 6
11 8
13 12
13 11
1 9
12
2 5
1 5
3 10
12 5
6 2
4 1
8 5
3 5
7 1
8 11
9 8
11
1 9
7 3
10 6
4 8
2 4
11 10
5 7
3 6
5 9
2 11
14
6 3
2 11
14 7
12 9
4 6
5 6
12 13
1 7
8 14
1 4
11 4
10 11
7 12
23
14 11
3 7
6 2
3 19
3 9
18 5
5 1
16 10
20 5
10 14
15 20
6 21
12 22
12 4
17 20
14 8
13 18
23 18
16 1
16 7
6 7
10 12
28
18 7
17 3
8 6
20 2
17 2
23 11
18 3
15 27
26 10
10 2
4 23
28 8
28 21
15 28
4 5
10 12
25 8
13 18
15 24
3 19
19 16
17 1
9 19
4 21
14 20
1 21
20 22
22
13 1
18 1
2 12
17 14
5 1
22 2
7 12
9 12
4 16
8 7
2 20
1 16
1 2
21 15
10 16
6 19
17 7
19 9
4 3
7 15
16 11
18
14 17
5 12
9 3
15 16
9 1
3 13
6 18
6 14
18 5
16 9
10 7
18 7
6 1
11 14
3 4
8 16
5 2
24
5 20
6 14
21 18
9 23
15 2
22 5
7 1
11 16
16 18
12 2
19 21
4 24
15 13
23 10
11 3
24 14
4 22
12 20
8 7
3 13
19 8
9 17
10 6
19
9 18
14 19
10 6
1 11
13 12
5 4
12 2
7 18
17 10
16 2
8 6
13 8
15 5
15 11
7 3
14 3
19 17
4 9
21
6 13
6 21
7 19
5 16
10 1
21 1
5 6
17 2
4 18
13 8
18 10
13 12
20 7
7 3
5 15
9 18
14 19
21 19
11 17
10 17
27
3 16
19 6
9 23
24 17
20 10
4 27
12 26
2 16
6 10
15 17
20 14
21 23
22 17
13 26
10 22
26 16
12 7
13 21
27 8
21 27
1 13
18 23
12 25
20 5
11 6
1 22
13
8 3
1 9
10 5
1 2
4 7
1 8
4 10
6 8
10 12
12 13
11 1
1 4
20
12 20
10 15
13 11
14 3
17 16
14 19
16 18
5 15
12 7
19 6
17 8
11 5
8 20
2 3
1 7
9 10
18 4
4 13
2 9
22
13 9
5 3
8 2
22 7
21 13
14 1
6 12
13 20
10 1
8 11
7 12
14 8
19 1
7 3
15 9
1 17
16 12
9 1
12 17
17 18
13 4
11
11 6
3 11
11 10
6 2
1 4
4 8
4 7
1 9
1 10
9 5
15
2 1
3 14
6 15
5 1
9 1
12 2
12 13
10 14
8 13
5 14
2 11
2 4
15 7
2 7
22
16 6
8 4
21 22
7 6
6 1
3 9
19 7
22 2
15 21
12 15
15 14
10 21
13 9
16 11
8 2
2 9
17 7
18 10
16 5
22 1
20 10
10
1 6
2 5
5 8
4 2
7 10
8 1
7 1
8 9
8 3
11
7 9
1 6
1 7
10 8
11 3
3 1
2 1
4 6
11 5
2 8
22
7 17
17 15
20 18
11 8
11 2
4 3
13 4
16 3
8 15
22 14
2 19
20 9
5 16
6 1
10 6
12 10
19 22
5 21
14 18
21 7
12 9
24
20 16
9 19
22 20
15 20
21 12
5 16
24 17
11 17
3 11
13 19
21 11
4 19
10 18
8 5
18 4
18 6
3 1
21 7
16 1
23 8
17 2
14 5
4 3
21
13 8
16 8
15 5
2 19
10 2
13 11
5 16
17 7
4 3
12 21
15 6
9 20
4 18
1 19
18 6
21 14
12 7
14 3
20 11
10 17
29
4 21
13 15
6 7
23 25
24 3
9 13
25 17
21 20
2 29
3 28
12 2
4 26
10 15
14 7
7 2
3 16
11 7
1 5
7 21
17 22
2 27
5 15
4 1
4 16
11 18
2 19
17 8
15 25
16
13 1
5 3
10 6
7 16
13 11
16 2
3 4
2 9
15 6
5 8
14 7
15 12
10 14
11 4
12 8
24
1 3
6 5
13 22
9 6
1 6
18 4
10 7
16 23
6 13
7 8
20 12
8 22
20 14
14 11
9 2
14 23
20 6
15 12
24 7
17 9
1 19
21 19
1 18
29
19 1
1 5
8 1
24 1
1 7
29 1
20 1
1 18
1 28
1 12
1 27
1 9
1 2
1 4
23 1
17 1
1 3
21 1
1 10
1 22
6 1
1 26
13 1
1 15
16 1
11 1
14 1
1 25
10
8 2
8 4
1 6
7 10
4 7
2 5
5 9
6 10
9 3
17
9 12
11 4
12 7
8 3
4 7
14 15
9 2
16 15
10 17
2 6
5 6
1 16
17 5
14 13
11 13
8 10
27
2 26
1 18
22 12
15 21
19 10
13 16
1 7
2 7
9 24
4 17
19 25
20 8
8 1
4 23
7 16
12 4
21 13
16 14
17 8
3 16
1 5
4 19
13 11
15 6
27 8
9 16
24
1 8
10 17
19 15
21 9
14 23
8 11
9 14
23 4
17 7
23 17
19 2
20 24
6 3
14 22
1 24
23 5
18 6
13 3
23 15
16 2
14 1
3 17
12 21
21
17 18
17 11
19 18
6 3
8 10
15 14
2 18
14 9
1 15
6 10
11 6
5 3
4 15
11 1
13 14
20 17
4 7
21 10
3 12
16 4
16
9 1
13 5
13 15
11 2
15 16
2 1
15 14
4 7
12 4
9 15
2 10
7 14
8 13
3 15
14 6
12
5 9
4 11
8 9
8 3
7 12
4 1
10 2
11 7
6 12
3 2
10 6
11
11 10
10 5
1 9
6 9
5 8
7 6
4 3
3 2
7 4
8 2
14
1 8
1 11
1 6
9 1
10 1
13 1
1 2
1 14
1 7
4 1
1 3
5 1
1 12
28
23 4
13 14
11 25
6 21
27 26
21 24
5 12
10 22
16 1
6 17
27 18
22 3
28 13
17 8
7 19
15 9
8 10
15 25
12 11
14 24
18 5
9 16
26 3
2 20
23 28
4 2
20 7
19
6 18
14 1
2 3
13 19
2 14
16 13
8 9
8 5
1 5
6 14
4 6
15 8
5 13
10 2
15 12
9 11
17 15
7 9
23
4 1
1 22
2 1
19 1
1 18
13 1
20 1
1 5
1 16
1 15
11 1
1 23
21 1
1 7
1 17
3 1
10 1
1 14
1 8
12 1
9 1
1 6
12
3 10
12 7
3 7
7 1
7 2
6 7
5 4
11 1
9 10
2 4
2 8
13
13 10
9 5
6 8
6 1
9 2
4 9
6 11
4 10
10 7
12 11
3 11
1 4
25
21 8
19 13
18 23
10 2
9 25
11 21
12 17
23 22
20 24
16 9
4 3
19 14
14 20
22 15
15 16
1 8
11 7
2 6
17 24
18 7
12 10
4 5
25 13
6 3
22
2 1
12 1
8 1
1 7
1 6
9 1
1 14
20 1
5 1
11 1
1 17
13 1
3 1
1 18
1 19
22 1
21 1
1 10
1 16
4 1
15 1
17
1 7
8 1
9 1
1 4
10 1
1 3
1 11
1 15
6 1
16 1
1 13
1 5
1 2
1 12
17 1
1 14
13
7 1
8 4
10 9
6 2
7 3
1 13
1 10
2 11
2 4
12 6
11 1
10 5
16
10 3
8 4
6 10
8 15
2 14
3 2
1 3
6 12
11 5
4 11
8 16
1 4
7 11
9 10
2 13
14
13 3
9 1
3 8
7 6
4 3
10 8
10 11
5 9
5 14
9 7
1 8
7 2
12 10
11
1 7
10 1
8 1
1 9
1 3
4 1
1 6
1 11
1 5
2 1
23
18 16
1 10
20 4
15 13
14 16
11 15
9 7
4 23
20 6
8 19
2 12
17 22
21 22
5 12
18 21
23 17
5 11
8 3
10 14
13 19
6 3
9 2
13
7 5
3 8
1 11
2 12
4 5
3 10
5 2
3 11
13 12
1 2
12 9
6 11
11
3 11
6 7
7 2
1 3
9 1
10 9
4 9
7 3
11 8
5 11
20
20 1
15 10
4 17
14 11
20 14
15 17
13 18
8 20
6 20
14 18
7 2
16 3
9 20
7 20
5 16
10 3
12 10
10 1
19 13
28
1 17
1 27
28 1
1 14
18 1
1 7
1 6
19 1
1 22
1 9
1 3
1 8
12 1
23 1
4 1
11 1
20 1
1 24
1 15
25 1
1 13
1 10
1 16
5 1
26 1
2 1
1 21
29
1 18
1 22
1 19
1 3
1 27
6 1
13 1
21 1
12 1
1 17
14 1
1 10
23 1
1 20
26 1
1 28
1 15
2 1
5 1
29 1
1 11
16 1
1 8
1 9
1 4
7 1
1 24
25 1
23
17 15
4 15
11 18
20 21
22 23
8 22
1 14
16 21
1 3
14 21
9 13
2 10
23 2
22 19
23 3
13 17
17 3
2 7
6 11
12 15
11 14
5 13
23
1 3
22 1
1 20
19 1
16 1
1 17
1 11
1 2
1 13
1 8
21 1
4 1
23 1
14 1
5 1
9 1
1 10
18 1
6 1
1 12
1 7
15 1
19
7 1
3 1
2 1
1 16
19 1
8 1
1 13
18 1
1 12
9 1
1 17
4 1
1 15
1 6
10 1
5 1
11 1
1 14
24
1 24
1 7
1 2
1 12
5 1
1 8
23 1
22 1
11 1
1 6
1 21
13 1
1 17
1 16
3 1
1 14
1 18
15 1
10 1
9 1
1 20
1 19
4 1
16
7 10
8 9
16 1
13 6
4 7
10 16
15 1
9 15
5 13
14 12
15 12
16 13
11 9
12 3
10 2
12
7 10
2 5
11 12
7 8
1 8
7 4
12 8
6 12
2 9
9 3
9 1
17
11 12
9 11
10 12
15 8
1 6
15 16
8 1
12 13
9 17
10 5
2 15
7 15
4 9
1 13
11 3
14 3
28
12 8
13 19
12 21
19 17
26 5
15 28
28 24
2 26
6 27
22 7
23 20
11 10
21 22
1 3
20 18
9 27
17 6
16 25
24 3
25 10
7 5
4 16
13 23
14 4
14 18
15 9
11 2
28
5 13
23 20
19 23
13 16
12 2
12 15
25 17
21 16
18 20
28 8
24 17
1 22
11 4
19 27
26 2
8 26
4 28
25 9
27 9
14 11
18 7
3 10
10 22
6 15
3 24
21 14
7 5
29
27 18
12 28
13 1
11 24
19 6
23 12
5 2
28 16
24 4
24 3
7 8
8 17
25 14
6 21
14 22
8 22
13 22
18 4
10 28
2 15
9 18
15 13
16 1
26 12
2 29
20 14
6 15
16 4
23
2 3
14 8
10 9
22 12
19 2
19 18
5 13
3 4
7 5
16 1
12 18
21 7
9 11
16 6
14 20
17 20
15 17
10 8
13 23
22 6
15 23
4 21
17
5 15
12 14
17 10
14 3
10 11
12 1
2 6
6 8
3 9
8 17
11 16
2 13
5 4
4 7
16 15
9 7
23
8 1
1 16
21 1
1 17
9 1
1 13
7 1
1 5
2 1
1 20
1 18
19 1
1 4
1 15
3 1
23 1
1 11
1 14
1 22
12 1
10 1
6 1
20
7 1
1 5
17 1
1 6
1 11
4 1
15 1
1 2
16 1
1 18
3 1
19 1
8 1
1 10
20 1
1 9
12 1
1 14
13 1
29
1 10
7 1
1 5
18 1
9 1
2 1
14 1
1 26
1 16
27 1
1 25
1 4
1 29
20 1
6 1
12 1
1 15
1 21
1 3
22 1
1 19
1 8
13 1
1 24
28 1
23 1
17 1
11 1
18
8 2
17 10
11 16
6 9
11 8
7 4
5 13
2 18
15 17
5 12
9 16
4 3
13 18
1 15
10 14
14 6
3 12
20
8 14
11 3
5 13
5 4
13 17
6 9
11 14
6 18
4 16
7 18
19 12
3 15
7 10
15 1
20 16
20 8
17 9
2 19
10 2
19
11 1
3 1
1 13
17 1
15 1
1 4
1 7
1 2
1 18
1 8
1 10
12 1
5 1
1 19
1 16
1 6
1 9
1 14
21
16 1
1 2
7 1
3 1
1 4
1 19
15 1
10 1
5 1
1 11
13 1
14 1
1 12
8 1
1 9
21 1
20 1
18 1
1 17
6 1
29
26 1
20 1
27 1
1 11
1 9
1 16
3 1
1 28
1 17
1 7
15 1
1 23
1 24
1 10
6 1
21 1
5 1
12 1
1 8
25 1
14 1
1 4
1 2
1 18
1 19
29 1
22 1
13 1
11
8 7
2 6
2 9
6 3
11 1
7 5
10 2
10 1
11 7
4 8
12
5 1
1 4
10 1
11 1
1 7
6 1
1 8
1 9
3 1
1 2
1 12
23
9 12
15 18
8 4
23 9
11 4
20 8
20 7
16 21
16 13
7 23
15 14
5 21
22 17
10 3
2 1
10 19
11 14
13 17
19 22
6 12
3 6
2 18
26
1 11
1 12
1 6
1 18
5 1
22 1
26 1
1 4
24 1
23 1
25 1
1 7
3 1
1 15
1 10
19 1
1 13
1 16
1 17
14 1
1 21
8 1
1 20
1 9
2 1
22
11 12
16 5
3 22
6 21
7 21
22 10
20 4
15 8
3 1
14 9
18 2
19 10
13 17
5 13
17 6
14 8
9 18
20 15
4 19
16 11
12 2
28
8 9
16 6
8 14
22 23
14 3
15 14
9 18
21 5
25 21
1 24
17 28
26 27
20 23
23 24
2 19
11 18
23 17
5 10
12 20
9 16
13 5
3 27
2 13
24 7
10 24
9 10
4 8
19
2 9
16 2
19 14
15 10
1 5
12 13
12 10
15 6
8 14
15 7
4 18
12 3
5 4
10 5
14 16
4 11
16 1
2 17
18
10 18
16 12
13 7
8 15
18 15
2 7
12 4
17 11
3 11
13 1
7 5
10 1
18 11
6 9
6 14
13 6
10 12
28
18 16
9 18
25 6
28 4
28 20
2 8
14 12
3 26
11 10
27 24
5 6
11 16
8 19
3 10
23 22
27 21
17 7
4 13
21 12
25 9
20 2
13 5
23 15
7 22
1 15
26 24
14 17
12
4 11
3 5
8 3
8 1
3 10
2 3
1 12
7 6
9 1
8 7
3 11
26
6 1
25 1
1 18
1 24
11 1
1 16
1 14
23 1
1 3
5 1
1 19
1 17
1 7
9 1
1 12
1 20
21 1
26 1
4 1
1 22
1 8
1 13
15 1
10 1
1 2
23
20 14
18 23
23 11
4 17
17 1
21 12
22 9
8 5
21 2
13 1
23 1
19 5
10 23
14 5
2 5
15 3
6 1
1 7
23 22
3 6
17 5
21 16
25
20 15
19 17
8 22
18 9
7 6
12 20
4 5
17 22
1 2
15 13
3 24
10 13
5 11
9 23
8 14
24 16
6 23
19 7
25 21
4 25
12 16
2 14
21 18
10 11
20
4 9
5 2
15 9
10 8
5 3
19 12
12 18
1 6
7 8
17 16
6 15
7 13
4 19
20 3
14 11
18 14
11 16
17 20
2 13
20
10 1
2 1
1 11
7 1
1 6
1 19
1 8
1 17
16 1
1 15
20 1
12 1
1 9
1 5
18 1
3 1
1 4
14 1
13 1
14
2 1
11 1
1 14
3 1
1 9
7 1
1 6
1 12
1 13
1 4
1 8
10 1
1 5
28
7 2
12 11
17 28
22 5
6 24
9 14
24 19
21 12
3 21
9 23
18 28
10 1
13 26
8 4
2 18
4 20
17 4
12 10
25 26
13 10
13 24
9 18
27 2
1 28
16 22
15 26
22 17
11
4 1
8 4
10 9
11 10
5 3
3 11
4 7
3 6
2 10
11 1
14
3 1
13 1
5 1
1 10
8 1
1 11
1 9
4 1
2 1
7 1
14 1
12 1
1 6
28
5 14
1 20
1 15
2 13
9 11
27 10
28 12
5 15
12 11
14 19
17 3
18 26
4 28
6 20
7 15
28 25
22 13
7 27
17 6
17 16
5 13
8 14
12 20
24 11
7 23
6 26
26 21
25
24 14
25 19
23 10
4 13
13 22
16 6
24 9
8 12
2 20
5 4
11 17
12 3
21 6
7 21
22 20
11 23
2 3
25 5
15 10
17 14
16 9
18 7
15 8
18 1
14
10 1
3 11
13 9
9 11
10 8
5 4
8 6
4 14
12 2
3 7
5 2
6 14
12 7
11
6 8
3 9
6 10
2 3
1 3
8 11
8 5
4 10
6 1
7 10
19
18 11
13 5
13 12
14 5
2 5
19 13
15 6
17 8
4 6
3 12
10 8
8 19
11 16
18 6
19 1
18 1
11 9
7 12
26
18 11
1 8
15 21
11 10
14 8
5 16
6 5
19 23
13 2
12 21
24 1
13 26
14 13
7 25
24 7
22 5
14 20
7 17
21 6
4 11
3 20
9 20
19 18
24 18
6 8
25
3 1
19 1
1 11
1 20
1 17
1 14
1 16
1 22
1 5
9 1
1 6
1 7
15 1
18 1
12 1
1 10
1 2
1 23
1 8
1 21
1 4
25 1
1 24
1 13
23
5 19
4 7
17 2
8 21
12 19
4 3
6 20
22 8
15 19
10 20
13 2
18 16
4 14
7 2
9 1
16 23
15 8
1 18
15 9
7 9
20 18
11 16
28
1 28
27 1
14 1
1 25
1 4
1 22
1 20
1 8
1 10
1 2
1 3
1 21
16 1
19 1
9 1
1 12
17 1
1 15
5 1
11 1
26 1
1 6
1 24
1 7
1 13
1 18
1 23
21
1 9
2 1
7 1
1 4
1 13
19 1
1 18
14 1
15 1
3 1
8 1
1 12
1 5
1 20
11 1
1 16
6 1
1 21
1 10
1 17
25
15 21
7 3
18 7
7 25
21 7
24 21
17 19
11 13
1 2
9 23
5 1
12 19
6 14
10 6
8 12
17 1
17 9
7 22
11 20
21 13
16 14
4 21
7 5
7 6
23
1 5
1 13
10 1
1 22
1 4
1 8
17 1
11 1
15 1
1 19
9 1
6 1
1 14
1 18
1 23
12 1
1 2
1 7
3 1
21 1
1 20
1 16
15
8 4
11 6
4 6
13 12
7 2
9 11
5 4
2 10
2 12
1 6
1 12
13 3
11 15
14 13
19
12 4
5 7
12 11
11 15
14 2
10 14
6 14
7 10
17 15
9 2
1 10
6 13
11 1
8 2
16 7
19 12
3 15
6 18
18
12 6
16 17
10 9
4 13
8 16
5 12
8 7
6 13
5 11
17 18
15 13
5 2
3 8
1 12
6 9
14 17
1 16
26
9 20
12 2
3 9
5 20
9 4
5 10
21 25
4 17
3 16
10 26
19 15
14 18
24 3
11 4
23 22
15 23
14 6
10 13
1 20
15 12
12 8
1 19
19 21
7 21
5 14
29
1 14
7 1
29 1
1 5
1 3
22 1
16 1
19 1
18 1
1 11
1 12
1 24
15 1
21 1
10 1
1 23
26 1
1 2
6 1
1 13
1 17
8 1
20 1
27 1
1 4
9 1
1 25
28 1
28
16 18
16 10
10 23
25 3
14 23
7 9
1 22
13 7
17 18
28 12
26 14
24 2
2 19
15 24
3 27
21 6
26 21
28 27
15 8
20 4
13 4
6 5
11 5
11 9
17 8
20 25
12 22
21
1 21
3 1
1 5
14 1
1 15
1 7
1 16
8 1
1 13
1 18
10 1
1 11
1 6
20 1
1 12
1 9
1 4
2 1
1 19
17 1
18
17 1
13 1
1 16
15 1
1 5
3 1
12 1
1 8
7 1
1 11
4 1
1 2
1 9
1 14
1 6
1 18
1 10
18
8 2
3 11
12 1
17 7
9 8
15 16
8 7
6 12
18 1
11 7
1 8
15 1
13 8
10 1
5 10
4 1
14 1
24
24 6
17 9
9 16
7 5
10 5
24 11
1 20
17 20
2 18
3 21
10 18
22 12
7 12
16 11
13 19
14 21
4 15
14 23
22 8
19 8
2 4
23 13
6 3
13
1 13
12 1
8 1
1 7
11 1
1 5
1 3
10 1
1 2
1 9
1 6
1 4
16
11 2
2 9
12 5
3 13
8 16
1 9
15 14
15 5
1 7
9 8
1 10
13 5
5 1
12 4
6 1
23
5 1
3 1
1 4
15 1
1 19
16 1
23 1
1 11
12 1
22 1
2 1
1 9
20 1
1 7
1 18
6 1
1 17
10 1
8 1
1 21
14 1
13 1
15
8 1
1 4
11 1
1 7
10 1
13 1
3 1
1 6
1 2
1 14
1 15
5 1
1 9
12 1
25
9 15
20 12
22 5
15 11
18 3
17 21
12 15
4 3
23 18
8 25
16 14
8 16
8 1
1 12
10 20
16 6
8 2
8 24
1 3
7 3
14 17
8 13
1 5
19 17
13
3 10
6 11
8 3
9 6
4 2
7 10
4 8
5 13
9 5
12 7
2 1
11 12
14
13 2
12 7
14 5
6 3
10 11
4 10
1 4
13 8
2 3
7 6
12 9
9 5
8 11
27
11 9
20 17
25 26
4 24
7 21
3 6
22 6
14 9
25 13
18 14
19 26
10 4
7 12
19 27
27 22
2 15
20 2
5 24
23 12
23 18
11 17
21 16
10 8
15 3
5 13
1 16
20
4 10
6 2
18 9
16 18
10 7
2 12
1 20
1 5
1 15
10 8
10 15
19 18
17 16
5 13
7 14
16 11
3 11
1 16
2 15
13
6 4
4 8
12 8
13 9
3 12
9 5
13 2
7 10
11 5
1 2
7 3
11 6
28
1 27
25 1
17 1
1 13
1 9
18 1
2 1
1 19
22 1
14 1
1 21
12 1
1 10
1 4
23 1
1 5
1 20
1 16
1 6
1 11
28 1
1 26
1 3
1 8
24 1
1 15
7 1
23
8 13
15 22
17 18
19 13
22 8
10 16
20 3
1 7
3 6
11 4
3 15
2 18
9 14
11 23
12 14
5 10
18 7
21 13
15 14
8 11
1 22
10 7
10
5 1
3 8
2 6
1 10
3 1
9 8
6 9
10 7
3 4
23
23 1
12 2
16 11
18 23
15 14
18 8
9 3
19 4
17 14
20 13
13 7
11 22
6 9
8 19
5 17
15 3
21 10
4 10
5 22
16 21
12 7
2 6
23
5 21
11 15
10 7
22 13
1 19
7 14
21 2
11 16
1 13
12 5
5 14
9 2
8 13
19 11
23 20
3 17
4 5
5 18
6 14
17 1
18 1
20 3
15
9 11
5 8
5 4
3 1
6 3
12 14
1 2
14 7
6 10
9 13
15 6
3 14
9 2
2 5
10
5 7
2 1
10 2
4 5
9 3
2 9
5 1
10 8
6 9
13
8 10
13 5
6 10
4 2
9 10
5 11
4 9
1 13
7 4
12 13
1 9
5 3
13
13 1
11 1
4 1
1 5
6 1
7 1
1 9
8 1
1 3
1 10
1 2
1 12
17
1 5
6 1
1 7
1 12
1 9
1 15
1 2
1 13
1 16
1 4
1 10
1 8
1 17
3 1
14 1
1 11
10
1 4
1 3
1 6
2 1
7 1
1 10
5 1
8 1
1 9
28
4 1
28 1
6 1
10 1
1 3
1 7
2 1
17 1
1 9
11 1
1 15
19 1
8 1
1 16
1 18
26 1
1 13
1 21
20 1
1 24
1 14
1 22
23 1
1 5
1 25
1 27
12 1
13
9 12
13 12
8 1
6 5
11 2
3 9
12 4
2 10
5 8
5 7
9 1
2 8
14
6 8
10 7
12 11
13 6
1 3
2 9
6 3
14 12
2 1
12 2
5 9
3 10
9 4
29
4 17
28 10
22 14
7 2
5 16
20 18
2 12
6 12
21 1
25 7
20 24
11 17
13 5
3 13
22 24
19 23
9 28
15 8
16 27
26 27
6 10
19 14
18 4
23 15
25 3
26 21
9 29
11 29
14
10 1
2 9
12 11
7 13
6 14
6 1
6 12
8 6
12 4
2 10
3 8
12 5
13 4
17
1 6
16 1
16 17
4 8
13 1
1 14
14 7
13 5
10 7
12 14
13 9
4 11
1 11
13 2
15 12
1 3
15
1 2
15 7
9 3
5 4
15 13
6 10
10 9
8 14
11 5
6 12
2 4
12 14
7 3
11 8
26
25 8
18 3
7 20
11 1
12 8
22 19
9 20
16 14
17 18
17 2
5 15
26 24
16 6
14 4
13 2
5 23
23 19
6 10
21 13
22 25
12 21
9 4
24 10
3 11
7 15
26
20 2
10 14
13 11
13 25
6 23
12 22
9 5
8 19
18 9
15 1
8 14
20 18
3 12
10 23
17 4
4 19
24 6
24 16
7 26
2 11
17 21
25 26
22 15
21 5
16 3
19
1 3
1 14
1 5
1 7
16 1
8 1
1 13
17 1
12 1
1 4
1 2
1 19
10 1
18 1
1 9
6 1
11 1
15 1
26
12 8
19 15
8 2
9 22
10 14
11 7
6 4
19 1
20 23
9 15
3 2
21 7
11 23
25 13
12 21
16 4
20 5
18 26
10 26
16 24
17 24
13 22
14 17
3 18
25 5
20
2 9
6 20
8 1
11 9
8 14
1 18
19 18
20 7
15 16
19 10
18 9
19 5
6 8
12 4
4 14
4 17
3 6
15 14
15 13
24
1 16
20 1
18 1
1 23
1 13
1 6
17 1
1 21
19 1
1 15
1 22
1 12
1 11
1 9
1 3
10 1
14 1
1 4
7 1
1 5
1 2
8 1
1 24
18
18 1
1 2
9 1
16 1
10 1
5 1
12 1
17 1
15 1
11 1
7 1
1 6
4 1
13 1
1 8
3 1
14 1
15
4 10
11 8
4 8
12 7
11 13
14 5
5 6
9 13
9 2
7 10
3 12
6 1
2 14
3 15
17
8 15
15 14
5 9
11 2
7 4
8 1
11 4
10 16
13 17
6 9
12 14
17 12
16 6
3 7
2 5
13 3
12
8 2
11 8
1 7
1 3
4 6
7 10
1 12
11 5
9 1
3 2
8 6
28
17 2
5 6
13 10
23 15
3 19
8 23
15 14
9 2
18 21
6 7
9 13
27 12
26 5
4 22
18 16
3 4
11 17
28 12
19 24
8 16
14 10
25 26
20 28
27 22
24 25
20 11
1 7
16
15 1
1 4
1 6
14 7
6 14
4 9
11 9
15 16
15 2
9 12
3 11
5 1
14 8
8 13
9 10
29
4 13
17 25
9 17
6 15
28 25
19 18
12 14
1 9
4 3
24 5
14 19
10 2
26 10
24 3
27 12
29 22
16 21
11 8
27 28
7 23
22 16
13 26
8 15
2 20
18 11
29 20
5 23
7 6
16
4 11
13 11
7 12
13 9
2 16
5 7
15 1
12 14
1 6
11 12
7 2
12 1
15 3
2 8
10 14
21
1 9
12 1
1 3
1 13
1 11
1 7
1 18
6 1
1 2
17 1
8 1
1 16
14 1
5 1
15 1
21 1
1 19
4 1
1 10
20 1
12
2 1
11 1
9 1
1 12
10 1
1 8
3 1
7 1
6 1
1 4
1 5
29
12 1
15 1
1 14
10 1
1 8
1 11
1 16
24 1
9 1
1 4
1 29
13 1
28 1
17 1
21 1
3 1
26 1
1 22
18 1
1 7
1 23
5 1
1 19
1 6
1 27
20 1
2 1
25 1
22
1 16
1 22
1 19
1 5
1 10
1 21
2 1
1 3
1 11
1 9
1 6
1 17
20 1
15 1
8 1
1 13
4 1
1 7
1 18
12 1
14 1
15
15 1
7 1
4 1
1 14
3 1
1 11
1 6
1 9
1 5
1 13
2 1
1 8
10 1
1 12
17
1 7
16 2
8 3
4 9
4 14
9 15
10 15
14 5
2 10
6 13
8 17
12 6
3 5
11 7
16 11
12 17
25
1 16
1 24
1 18
21 1
1 19
7 1
1 15
6 1
22 1
1 12
2 1
1 25
23 1
14 1
1 3
13 1
4 1
1 5
9 1
10 1
11 1
8 1
17 1
1 20
12
12 2
8 11
3 10
6 7
6 9
3 1
2 10
8 4
7 4
11 5
5 12
17
2 17
7 1
3 10
14 11
3 8
16 15
14 12
10 6
13 4
5 9
9 16
11 7
5 2
12 4
8 15
17 13
19
10 8
13 5
1 15
4 15
18 11
9 11
12 19
5 7
4 6
19 15
5 16
3 7
19 2
8 3
11 7
4 14
1 3
17 8
26
20 3
7 24
12 22
15 8
9 24
15 24
3 1
11 24
8 18
23 9
9 1
14 6
3 19
4 22
15 13
3 21
1 16
17 5
2 24
26 12
17 1
25 16
10 22
1 22
6 25
25
18 7
11 14
11 3
8 4
10 23
8 9
16 19
24 6
16 11
2 17
15 1
10 5
2 15
9 21
24 9
2 25
12 8
23 18
10 13
16 15
21 1
24 20
22 18
23 21
15
1 12
5 15
13 15
7 6
12 9
4 10
14 8
9 6
5 7
3 2
10 8
11 2
13 14
11 4
22
14 6
5 1
9 17
7 21
8 4
10 12
12 15
17 3
20 7
16 22
8 21
15 5
16 3
2 19
10 6
20 9
19 18
4 14
22 18
13 2
11 13
11
1 7
6 3
8 10
2 7
10 2
6 8
5 4
5 11
9 3
4 9
24
10 5
8 21
17 23
7 6
14 21
24 18
1 20
18 8
16 19
10 13
11 10
8 20
9 6
6 19
15 16
21 2
20 19
4 5
17 13
12 17
13 1
22 18
3 16
26
19 23
12 3
23 14
24 20
23 17
7 22
25 7
7 10
8 4
11 10
6 7
20 16
5 13
1 6
13 9
8 1
2 15
18 26
11 15
5 6
16 11
23 18
21 3
3 10
19 6
27
3 1
15 1
18 1
1 14
1 5
9 1
4 1
19 1
2 1
1 11
1 6
20 1
1 10
22 1
1 12
8 1
27 1
1 23
1 13
7 1
17 1
1 21
1 24
1 26
1 16
1 25
21
5 18
2 20
13 5
4 11
6 18
7 8
21 16
19 16
10 14
17 1
21 3
20 15
9 13
8 12
7 14
4 19
3 17
12 6
9 15
11 2
15
10 14
7 15
13 5
11 8
4 14
12 1
1 10
13 10
12 15
12 11
11 3
2 13
6 15
14 9
27
17 13
26 1
8 22
27 8
20 16
4 2
8 11
21 9
6 24
25 9
13 26
10 7
12 20
19 17
7 6
18 23
6 14
18 26
7 9
5 17
4 27
15 4
10 1
10 27
13 20
3 18
19
14 13
3 16
6 4
18 5
13 3
15 14
9 5
9 4
3 12
2 4
1 13
7 8
19 9
5 10
14 17
1 19
7 19
7 11
18
8 3
11 17
1 3
3 9
8 15
7 2
13 10
9 4
7 12
1 12
5 13
8 13
14 9
12 11
7 16
11 6
15 18
15
13 2
9 4
12 7
15 3
4 5
1 9
14 13
4 11
15 6
9 12
15 8
10 12
13 6
6 1
25
25 14
14 23
8 25
15 6
5 6
11 16
13 8
16 20
3 8
9 21
5 1
5 21
7 9
25 22
4 1
12 1
24 1
10 20
21 2
24 16
25 5
18 14
19 20
25 17
20
10 6
2 1
1 15
9 3
9 16
15 8
17 3
15 20
3 15
7 16
20 14
11 15
3 4
6 5
20 13
20 5
12 4
6 18
19 5
13
13 3
10 4
7 9
4 12
6 13
6 7
10 3
2 1
5 11
11 12
8 5
8 2
16
1 8
16 1
1 13
6 1
3 1
7 1
1 14
15 1
1 2
1 10
9 1
1 11
1 12
5 1
4 1
23
6 8
9 7
16 3
8 1
19 10
5 13
14 19
11 12
9 16
15 23
18 22
20 12
13 3
15 20
23 2
5 18
21 22
4 17
14 17
10 2
11 21
6 7
14
9 1
11 10
2 5
4 12
8 10
1 3
8 5
13 6
6 4
8 7
8 13
14 1
7 1
25
11 1
1 7
12 1
25 1
1 10
21 1
1 2
1 16
13 1
1 5
1 20
4 1
1 22
1 18
14 1
8 1
15 1
1 19
6 1
1 9
1 24
23 1
1 3
17 1
16
11 1
16 1
3 1
1 14
10 1
1 2
1 9
1 12
8 1
1 7
15 1
6 1
13 1
1 5
1 4
16
6 2
5 11
16 6
9 12
14 10
5 3
8 9
10 3
13 4
16 13
7 2
15 7
12 11
8 15
4 1
15
1 15
9 1
1 11
12 1
7 1
1 13
1 5
3 1
1 14
1 4
8 1
1 2
6 1
10 1
14
13 4
11 9
11 2
7 6
3 10
14 5
10 1
12 9
13 6
8 12
4 3
14 2
7 8
11
11 3
6 2
1 8
3 4
8 5
4 2
6 10
9 7
9 10
5 11
26
1 13
1 3
23 3
15 23
23 6
12 13
6 18
7 20
16 2
3 20
15 26
21 11
5 10
5 9
20 8
17 2
25 13
6 19
22 24
12 2
24 4
21 14
25 5
24 12
25 21
20
4 9
5 12
4 14
2 6
10 7
12 7
2 18
16 1
13 16
20 8
5 14
17 19
9 11
6 20
17 11
15 10
19 3
3 8
13 15
22
7 22
1 3
20 13
16 4
2 5
17 11
17 20
18 14
15 7
12 9
21 14
20 10
11 6
2 16
19 16
8 12
2 12
14 3
17 5
1 5
7 3
19
13 6
12 16
19 9
7 8
10 9
1 8
13 16
17 6
15 9
16 5
19 8
19 3
14 7
18 6
4 3
7 11
13 1
2 3
12
8 5
4 2
9 8
5 11
12 2
7 11
6 4
9 12
7 10
3 10
1 6
23
6 13
4 13
22 2
7 21
8 1
15 5
20 5
2 9
7 5
1 11
23 2
3 16
12 5
4 10
5 8
5 3
19 6
1 14
11 6
2 17
2 18
23 5
19
1 7
4 3
13 18
12 11
15 17
14 15
8 1
3 7
19 1
19 14
6 1
7 16
2 16
15 5
12 1
10 7
19 9
18 7
27
1 26
3 1
1 7
18 1
1 16
10 1
1 27
19 1
1 6
1 17
4 1
1 21
1 11
25 1
5 1
1 20
1 22
1 9
1 15
23 1
8 1
1 2
13 1
14 1
12 1
1 24
27
14 22
10 6
18 25
11 12
18 17
4 11
19 3
1 24
3 4
27 2
3 13
11 21
18 7
9 24
9 8
23 26
1 2
24 17
15 22
20 23
27 10
27 22
2 4
5 10
16 9
23 17
12
1 9
12 1
5 1
10 1
6 1
1 3
1 2
8 1
11 1
4 1
1 7
28
19 6
20 14
5 22
19 23
4 12
24 8
16 25
28 15
22 13
17 5
7 26
6 15
10 17
3 2
16 1
4 9
12 27
20 11
8 27
28 3
24 25
2 21
26 13
18 7
9 23
10 21
11 18
11
5 8
2 11
9 8
8 4
4 11
7 6
10 8
6 8
6 1
3 7
11
1 9
1 7
1 4
1 5
1 10
1 11
1 6
1 3
1 8
1 2
18
3 9
10 16
11 4
8 12
6 7
7 10
18 3
10 2
2 11
3 17
2 15
1 7
8 7
1 5
14 8
6 13
1 17
29
16 15
28 21
25 4
16 11
24 2
6 29
28 10
7 12
25 23
19 6
18 19
22 17
27 4
8 13
20 13
8 14
29 23
17 15
21 5
9 7
24 1
3 9
5 11
26 18
26 10
22 3
20 2
14 12
17
4 9
12 5
7 5
12 2
4 13
8 3
1 6
16 10
9 6
10 11
15 16
13 3
17 7
14 17
8 14
2 15
24
13 23
9 17
17 18
19 1
22 3
1 5
5 24
2 12
9 14
1 9
11 1
16 6
9 3
5 8
13 11
20 21
1 15
10 16
10 15
9 4
18 21
12 17
7 24
10
7 1
5 1
1 10
1 9
6 1
1 2
1 4
1 3
1 8
11
2 6
9 10
1 10
7 2
11 5
4 2
6 1
5 3
10 8
5 6
26
4 12
15 24
9 5
4 14
10 3
14 7
8 7
11 26
22 24
23 21
25 11
5 21
26 9
17 20
17 2
19 13
6 15
18 12
16 20
1 13
22 3
16 18
6 23
25 19
10 2
21
19 16
6 13
18 2
4 13
12 6
4 1
19 13
2 4
2 15
6 7
5 21
18 11
17 10
18 9
17 20
3 21
1 5
14 19
21 8
5 17
16
13 1
10 1
6 3
9 7
15 1
16 1
12 4
3 8
11 13
5 2
1 12
7 2
2 8
14 6
3 1
24
4 13
24 9
7 1
21 3
24 3
5 17
11 14
2 8
4 19
17 9
10 7
9 4
11 7
1 24
22 6
6 10
15 17
18 11
23 10
16 21
20 21
2 12
2 3
17
1 9
1 8
1 13
12 1
11 1
1 10
1 16
2 1
6 1
1 17
4 1
15 1
14 1
1 5
7 1
1 3
17
14 4
7 2
8 5
4 8
11 1
13 6
3 13
11 13
7 1
10 17
2 12
8 16
15 10
4 11
9 2
10 7
11
3 1
8 1
11 1
4 1
1 9
1 6
1 7
1 5
10 1
1 2
12
6 5
4 2
5 11
3 7
8 9
10 5
5 1
8 11
12 11
7 4
7 5
17
3 8
17 6
2 12
7 14
15 5
11 4
15 11
17 9
14 1
6 12
2 10
16 10
13 9
4 16
5 3
13 7
15
10 7
2 1
3 15
12 8
13 10
2 10
3 14
12 5
4 6
1 11
11 12
3 11
4 9
2 4
22
11 1
22 1
5 1
1 17
2 1
12 1
1 15
1 14
16 1
6 1
1 4
1 3
1 20
1 13
1 10
19 1
1 9
21 1
18 1
8 1
7 1
11
2 1
3 1
7 1
1 11
6 1
1 8
10 1
9 1
1 4
5 1
16
2 15
8 12
8 4
10 6
11 9
1 5
16 7
13 9
4 15
13 12
3 11
5 16
3 10
14 6
7 2
19
14 19
10 18
9 15
1 11
19 7
16 10
6 4
12 2
12 5
13 9
8 19
14 1
4 17
11 12
10 14
11 15
3 9
4 15
19
4 13
18 9
1 10
6 18
19 3
1 12
3 14
14 17
4 16
1 9
6 13
9 3
7 11
15 3
9 5
8 19
7 18
1 2
24
16 1
1 10
9 1
1 17
19 1
20 1
1 18
1 24
7 1
4 1
2 1
1 11
1 23
21 1
1 8
1 5
1 13
14 1
22 1
12 1
3 1
1 6
15 1
13
4 3
1 4
1 9
12 11
3 7
4 12
9 10
6 8
2 12
8 13
5 3
9 8
16
14 8
2 14
4 14
12 11
3 1
15 16
14 1
12 9
7 12
5 6
2 10
5 3
2 15
12 14
1 13
26
10 3
11 6
23 7
26 25
2 26
3 24
20 6
10 22
24 16
16 19
5 18
13 14
9 14
25 22
20 4
5 12
23 8
21 17
15 2
17 1
8 15
18 7
12 21
4 19
9 11
17
8 1
6 1
3 1
1 15
13 1
2 1
7 1
4 1
1 17
14 1
1 5
16 1
1 11
1 10
1 12
9 1
12
8 9
4 2
7 11
12 1
10 6
4 5
9 5
6 2
10 11
3 7
3 12
11
1 11
10 11
10 9
7 6
6 1
9 5
10 8
2 1
3 11
4 1
18
6 10
4 12
4 1
4 18
14 13
7 12
6 11
16 15
1 14
5 9
1 9
10 17
9 8
10 1
2 15
1 15
17 3
17
9 11
13 5
7 16
4 5
10 3
17 9
16 14
13 11
7 10
2 6
6 15
14 1
8 15
4 2
12 3
12 17
13
2 7
6 13
1 7
10 12
4 8
12 3
12 9
6 11
1 5
13 12
1 8
1 12
24
16 3
1 4
24 5
24 14
3 23
6 9
24 7
10 18
18 4
17 16
16 21
13 15
8 23
4 13
20 23
5 3
14 11
5 1
14 2
22 18
6 13
12 7
19 7
10
10 5
3 4
2 9
3 1
7 9
10 8
10 3
4 6
9 1
13
12 3
13 8
11 2
4 8
9 7
12 6
10 9
3 5
13 6
5 2
7 4
1 10
11
11 1
10 1
8 1
2 1
1 9
3 1
1 6
1 5
4 1
7 1
19
1 11
1 9
8 10
12 16
18 17
19 5
10 15
9 18
3 10
9 15
11 19
15 6
16 13
6 14
11 16
19 7
4 6
18 2
24
13 4
18 20
3 2
14 19
12 17
7 2
20 19
13 17
23 8
1 12
8 5
11 16
13 9
2 21
17 16
18 24
6 18
10 19
22 16
7 1
12 20
21 15
8 7
24
19 3
11 15
10 13
3 2
13 2
20 4
9 15
17 12
9 20
5 11
23 16
19 21
8 14
8 12
18 6
17 6
10 14
16 24
18 1
4 23
5 21
22 7
7 24
25
3 25
1 11
20 10
19 1
15 16
5 24
23 12
4 10
9 17
15 19
13 23
23 15
11 24
17 21
5 6
14 5
11 9
3 22
2 18
2 19
7 2
8 17
3 9
24 10
25
12 14
11 3
23 1
2 18
25 7
10 17
6 4
5 22
22 21
23 20
16 4
21 11
10 9
19 13
5 8
20 25
15 9
14 15
16 17
18 6
19 8
24 7
13 2
3 24
10
9 6
1 10
4 2
2 7
5 9
8 1
7 8
3 7
9 8
11
4 7
2 11
3 10
6 9
5 6
2 3
4 11
8 10
5 7
1 8
10
1 10
1 7
4 9
3 1
1 6
5 2
1 4
5 8
4 8
20
18 10
4 8
1 7
9 7
11 18
19 7
17 3
5 12
6 2
20 16
11 14
16 12
11 4
1 3
20 18
13 6
6 1
6 4
15 1
25
5 9
3 20
15 9
17 24
13 1
17 21
2 12
7 6
15 25
18 19
14 16
16 22
3 10
4 20
2 11
23 11
8 22
10 13
19 24
4 21
6 14
5 18
23 8
25 12
16
9 2
4 2
1 11
1 9
13 9
14 2
7 16
6 7
2 6
2 15
4 10
13 5
3 5
4 12
8 1
21
5 8
21 20
14 1
5 3
11 12
9 1
7 16
2 20
7 15
3 13
16 5
6 4
11 17
18 6
1 16
5 19
11 4
10 14
20 5
9 11
11
2 4
7 2
5 3
6 11
10 6
8 2
7 5
5 9
1 6
7 1
22
6 15
18 20
19 10
8 20
17 5
17 11
7 13
13 14
5 4
16 4
19 22
2 3
6 9
1 3
2 14
18 12
8 21
22 21
11 10
15 16
9 7
17
17 16
7 8
9 10
10 13
9 4
6 2
8 14
3 5
5 14
1 7
17 12
11 4
3 15
11 2
16 15
6 12
18
5 17
11 18
5 18
16 9
9 2
14 6
8 15
17 10
10 6
7 3
11 13
16 7
2 12
14 4
1 4
3 13
15 12
23
4 20
19 8
17 21
17 3
15 10
15 22
22 18
3 2
13 4
1 13
6 8
1 18
23 13
7 2
14 23
17 5
8 22
16 4
12 2
15 11
23 9
3 18
10
8 9
10 3
4 7
7 6
4 5
1 5
3 2
9 10
6 2
11
9 3
1 9
10 2
11 1
11 7
4 3
2 9
6 2
3 8
5 11
16
5 16
7 5
14 11
8 15
15 16
12 2
2 1
13 6
11 13
10 4
7 12
3 10
3 9
6 9
8 4
20
15 13
15 18
1 2
18 16
2 8
20 11
7 14
11 8
2 17
16 10
7 2
16 9
5 1
11 12
4 9
6 8
19 10
5 3
5 16
13
13 6
1 4
9 5
11 7
8 6
9 12
4 7
10 2
3 13
2 3
10 11
8 12
29
20 4
25 13
7 28
14 25
3 11
25 10
6 24
16 19
2 25
28 17
5 28
22 15
10 27
21 15
14 4
23 16
1 9
26 21
23 8
25 3
17 12
6 16
1 25
8 29
28 1
16 18
1 23
15 7
20
17 14
19 11
4 16
17 16
19 9
7 11
6 2
3 5
4 3
20 1
12 7
9 13
6 15
8 5
15 20
12 18
10 13
18 2
10 8
28
18 15
17 25
22 10
11 25
22 12
28 18
26 13
4 13
20 3
16 9
21 2
9 15
27 17
27 14
8 16
23 1
5 24
6 19
6 8
7 28
10 7
19 2
21 5
12 14
23 24
11 20
4 3
26
12 10
14 7
1 8
4 23
15 24
3 5
22 17
2 11
1 26
8 12
18 20
21 17
16 3
10 9
7 17
25 13
13 17
24 17
7 1
4 7
11 20
6 1
10 19
1 20
3 13
10
1 2
5 7
6 10
7 8
1 8
10 1
2 4
8 3
9 2
13
8 1
5 1
1 4
1 2
1 6
9 1
1 11
1 12
10 1
1 13
1 3
1 7
18
14 8
13 6
4 15
5 14
15 9
6 3
6 18
17 2
8 13
7 15
1 4
2 11
12 8
16 12
4 2
1 13
12 10
18
14 9
11 14
7 14
4 18
13 3
1 9
13 2
5 6
3 1
8 9
12 13
17 10
8 17
3 6
8 18
6 16
17 15
26
8 9
3 5
8 2
8 1
24 23
1 6
19 20
18 23
3 11
15 16
14 15
21 10
10 20
25 15
23 1
15 20
14 12
17 3
1 3
26 7
17 7
13 10
19 1
4 8
22 25
19
17 2
8 16
11 2
4 16
11 7
15 7
14 18
5 3
10 12
19 8
8 13
7 6
12 2
8 1
19 3
8 18
2 1
8 9
15
14 1
11 7
7 10
6 3
12 9
13 12
15 10
8 6
9 14
15 2
13 4
5 4
5 3
8 11
14
1 3
1 12
1 10
9 1
1 4
1 8
1 7
2 1
14 1
1 11
1 5
13 1
6 1
12
8 4
12 11
4 6
10 6
9 3
7 5
2 3
7 8
5 1
11 9
10 2
25
5 2
6 16
15 6
8 11
10 18
17 2
20 8
17 24
9 19
12 25
11 4
23 18
15 13
1 24
19 14
14 12
3 21
25 5
4 23
22 7
13 7
16 20
3 10
22 9
25
11 12
20 1
10 18
1 9
4 21
11 18
24 7
17 1
1 12
5 10
20 2
13 16
3 17
23 4
22 21
23 25
13 8
9 6
11 15
19 12
13 1
14 23
1 4
7 9
10
8 1
8 4
9 7
8 5
8 6
1 2
8 3
10 5
7 1
25
1 5
1 13
16 1
1 9
8 1
1 15
19 1
1 18
1 6
1 20
4 1
22 1
24 1
14 1
1 3
1 2
1 23
1 12
25 1
17 1
1 21
1 10
1 11
1 7
18
1 18
17 1
1 9
1 2
7 1
1 13
1 15
1 16
1 8
1 14
4 1
5 1
1 6
1 12
1 11
10 1
3 1
14
1 5
8 9
6 2
5 9
1 7
11 13
2 4
4 11
1 4
10 4
4 3
14 7
4 12
21
17 13
11 19
12 7
11 10
20 15
13 1
6 3
8 6
14 20
20 4
19 18
16 13
1 14
7 20
10 13
2 7
9 10
19 5
10 3
4 21
15
8 13
9 8
4 7
3 14
7 12
9 1
2 1
11 6
9 11
5 8
2 3
10 3
7 2
15 11
24
19 1
24 1
13 1
1 12
8 1
1 3
23 1
1 16
6 1
1 17
5 1
1 2
7 1
4 1
15 1
1 21
11 1
20 1
22 1
1 10
1 18
14 1
9 1
16
10 15
5 16
11 2
16 8
2 12
6 13
3 8
7 15
14 13
3 9
10 1
9 7
5 4
6 11
4 14
17
16 15
6 17
3 7
8 6
15 13
10 7
4 13
3 14
5 1
17 5
4 9
8 14
12 11
9 11
16 2
2 10
27
19 21
21 1
16 26
27 10
19 17
1 13
22 27
24 14
24 25
9 16
27 3
8 15
13 4
24 22
12 2
23 20
9 13
12 4
8 18
21 22
11 16
9 8
7 12
20 4
20 5
6 19
19
2 1
11 1
6 1
16 1
1 14
1 5
1 10
1 3
17 1
1 18
1 8
1 15
9 1
4 1
1 12
19 1
1 13
7 1
14
5 12
8 9
14 7
10 4
10 6
10 2
5 1
14 4
9 5
12 11
1 4
12 13
3 9
16
11 12
10 16
7 12
8 7
13 4
14 8
16 2
6 13
11 15
5 12
3 8
9 13
7 1
16 9
9 1
24
23 17
15 20
15 1
16 17
7 20
22 17
8 18
9 22
18 14
11 2
19 6
24 12
11 13
5 14
3 23
21 4
11 20
10 1
11 12
15 4
17 15
11 18
20 6
14
9 8
10 4
7 2
6 14
2 13
3 14
5 12
1 11
3 4
8 10
13 11
5 9
12 7
10
7 4
4 5
9 3
5 10
7 1
8 1
1 9
3 2
3 6
18
5 7
8 6
13 1
4 2
4 7
9 7
14 9
16 12
16 15
4 1
11 4
17 1
2 3
18 3
8 10
18 15
1 8
12
1 2
1 12
3 1
1 8
1 10
4 1
1 5
1 7
6 1
11 1
9 1
14
8 9
5 2
3 2
6 1
12 4
11 2
3 1
9 6
14 7
10 12
12 3
9 13
6 14
26
21 4
9 22
17 1
4 1
10 8
6 1
16 25
20 4
2 9
7 4
17 25
8 23
20 23
24 10
14 13
11 24
19 12
12 17
13 1
18 3
25 3
26 4
5 1
15 17
9 15
11
1 2
11 1
10 1
1 9
1 7
1 8
1 3
1 5
6 1
1 4
11
2 1
1 10
11 1
1 9
1 3
6 1
5 1
1 8
1 4
7 1
22
17 21
13 18
10 5
3 6
12 21
8 22
1 15
1 2
6 1
18 17
7 16
1 16
9 1
4 6
18 16
19 18
14 6
16 8
5 16
11 19
15 20
14
11 14
13 12
9 2
7 8
6 1
10 6
10 2
8 9
11 5
7 3
5 4
13 3
4 12
24
10 5
16 5
15 14
2 13
24 20
4 12
17 14
7 21
1 10
24 3
12 9
11 2
18 3
19 16
15 6
20 11
19 17
8 22
4 13
21 23
8 7
18 22
9 6
17
1 3
1 6
16 1
1 4
10 1
1 9
7 1
1 14
1 5
2 1
1 17
12 1
13 1
1 8
1 11
15 1
11
6 7
6 3
2 5
11 2
9 10
4 8
10 3
1 7
8 5
9 4
19
7 15
5 17
19 7
8 13
6 14
4 3
2 17
11 3
11 10
18 1
5 12
15 18
13 4
8 9
2 16
10 16
14 12
19 9
27
25 16
2 6
22 19
9 15
17 18
16 3
11 1
23 16
15 27
1 22
6 11
17 5
7 17
25 14
8 1
20 14
22 9
21 24
1 16
16 21
17 12
10 26
10 23
4 11
13 15
17 22
17
15 6
5 8
7 15
11 9
17 5
11 15
14 5
4 10
11 2
3 17
12 3
1 17
10 16
13 3
1 6
10 6
23
4 6
1 18
13 10
17 6
17 10
12 4
15 18
20 3
11 21
16 6
16 5
1 17
10 20
18 21
23 4
15 7
22 15
16 14
20 8
13 2
9 13
19 21
26
5 24
11 1
21 2
14 16
11 17
20 24
6 3
17 2
15 5
4 15
6 18
17 13
14 10
16 6
26 1
24 25
22 12
13 8
11 22
22 7
23 14
2 19
26 5
16 26
15 9
12
1 10
6 1
1 11
1 9
1 7
1 8
5 1
12 1
1 3
4 1
1 2
17
8 1
12 1
1 17
16 1
1 5
7 1
1 14
2 1
1 15
10 1
6 1
1 9
1 3
1 4
1 13
11 1
24
13 4
21 17
16 21
20 10
8 19
14 5
24 7
23 13
22 11
24 11
20 7
23 6
18 1
5 22
8 17
15 2
3 12
10 9
14 19
18 2
9 4
3 15
6 12
10
1 6
1 3
1 9
1 5
1 8
2 1
1 7
1 4
1 10
10
8 1
1 2
6 1
7 1
4 1
5 1
10 1
9 1
1 3
12
3 12
3 10
2 8
11 8
2 12
4 6
7 9
6 7
9 11
10 1
5 4
22
19 13
20 13
9 18
2 9
11 15
17 3
1 15
13 22
15 8
13 15
12 17
8 12
19 10
21 12
12 7
1 5
2 15
8 14
16 8
6 13
6 4
11
4 8
9 4
5 7
6 1
1 4
9 5
3 7
10 8
11 1
8 2
21
17 11
2 11
5 19
15 6
5 21
16 3
20 15
4 12
9 10
8 14
20 8
10 2
17 7
6 12
18 1
3 18
16 14
21 4
13 7
9 19
17
8 7
2 9
15 5
14 10
9 4
10 12
15 6
3 4
13 12
14 8
16 17
11 7
1 2
6 17
16 11
5 3
10
3 6
3 8
7 2
5 3
4 8
7 10
4 9
1 7
1 8
20
1 10
1 14
1 16
8 1
1 6
13 1
11 1
1 18
17 1
2 1
1 20
1 19
1 15
3 1
7 1
12 1
1 4
5 1
1 9
21
9 1
17 1
1 4
18 1
1 20
15 1
2 1
14 1
7 1
1 10
3 1
12 1
1 11
8 1
1 19
21 1
16 1
1 6
1 5
1 13
16
11 10
4 1
14 5
8 16
5 3
1 13
7 1
12 11
6 3
9 1
8 1
14 1
15 5
11 2
12 7
16
5 8
3 14
16 10
16 8
9 16
4 7
7 15
8 1
13 3
7 6
13 12
5 2
11 5
13 15
1 15
23
5 22
10 17
16 12
22 9
8 6
13 10
7 21
21 17
1 15
8 2
9 4
12 18
3 7
13 14
3 11
6 23
18 15
16 14
20 19
11 23
20 5
4 2
14
4 1
1 8
1 11
14 1
1 3
13 1
1 9
7 1
5 1
6 1
1 2
10 1
12 1
12
2 12
9 1
3 10
11 6
7 4
4 9
2 6
11 5
8 10
8 7
3 12
14
2 11
5 14
13 4
10 4
7 11
5 8
9 7
3 10
12 9
3 14
13 1
8 6
6 2
12
10 5
10 7
7 12
12 8
12 11
6 2
4 2
9 10
3 6
1 7
1 2
18
7 18
13 14
12 9
12 15
5 18
4 11
16 14
11 10
2 17
4 8
8 3
15 7
6 3
1 2
16 17
9 13
10 5
16
1 5
1 16
8 1
13 1
10 1
1 14
6 1
1 9
1 15
1 4
12 1
11 1
1 3
1 2
7 1
24
3 13
20 14
11 13
10 23
2 6
2 21
24 17
5 21
9 19
16 12
20 1
12 19
22 7
4 15
6 15
22 10
8 24
17 14
18 7
23 9
8 11
5 3
4 16
19
2 12
11 19
3 8
10 17
3 16
1 7
8 14
14 5
9 10
13 12
18 15
9 2
4 13
16 6
17 6
4 11
18 19
15 7
20
8 16
5 13
19 17
3 5
17 8
11 12
12 7
18 16
7 20
10 9
13 15
2 3
20 10
14 4
4 18
2 6
11 1
6 9
15 19
21
16 8
13 4
18 4
11 7
17 5
13 7
12 5
1 13
1 3
20 21
6 18
14 11
18 15
4 21
8 9
5 3
3 8
7 10
19 21
2 11
19
1 5
15 1
9 1
1 19
1 16
1 2
1 17
13 1
1 7
1 11
1 14
12 1
1 8
1 18
3 1
10 1
1 4
6 1
12
12 7
11 10
7 10
2 6
7 4
7 5
3 1
2 12
8 3
9 12
4 1
10
10 1
6 3
9 1
7 10
9 6
4 5
8 10
5 9
6 2
15
8 12
10 11
15 1
3 2
14 7
1 5
7 6
14 1
11 13
6 9
4 14
15 3
1 8
11 1
18
10 18
9 12
17 5
9 13
17 3
8 14
6 1
2 13
9 4
14 1
1 15
1 16
13 1
18 17
17 14
6 7
11 6
20
20 14
5 10
14 16
8 20
6 7
16 15
9 13
4 19
11 4
16 1
10 15
15 4
3 1
13 3
10 18
3 7
17 13
7 12
2 14
11
11 3
6 7
5 2
2 11
4 10
6 4
5 1
10 9
3 8
8 7
23
11 9
3 1
14 1
3 2
8 14
3 19
9 12
21 11
16 13
14 4
7 18
14 11
23 10
15 5
17 5
20 1
13 4
22 6
21 18
17 20
23 4
3 22
18
13 7
10 7
5 15
6 12
15 12
9 14
17 5
2 5
11 15
8 14
6 16
18 6
3 11
1 12
10 1
10 14
7 4
16
7 1
7 8
3 2
13 11
9 12
2 10
3 1
7 12
3 11
6 8
4 11
5 12
15 2
14 6
16 8
27
1 2
3 1
1 17
1 25
1 13
11 1
1 8
7 1
1 5
1 15
22 1
1 18
1 20
1 12
21 1
1 14
1 26
1 9
16 1
27 1
1 4
1 6
23 1
24 1
10 1
19 1
12
9 8
12 6
5 8
7 6
7 1
8 1
3 2
1 2
8 4
10 11
11 8
12
6 8
12 9
12 1
4 6
10 3
11 3
5 2
1 6
2 9
9 11
9 7
13
4 6
3 6
4 11
9 5
11 12
9 12
2 13
2 8
10 5
3 1
7 8
7 10
20
1 14
11 13
13 5
14 15
17 19
12 16
10 8
9 3
16 4
4 2
5 6
12 17
20 19
10 7
20 11
8 2
18 15
6 3
18 9
11
8 1
6 1
9 1
7 1
1 4
10 1
1 5
3 1
1 2
1 11
24
11 16
15 1
22 1
13 23
6 19
6 8
16 17
5 6
15 7
19 24
11 4
18 2
1 20
14 5
15 18
15 13
12 22
3 21
10 9
21 13
22 16
1 10
20 6
13
2 1
1 11
10 5
1 8
8 3
8 4
1 13
7 9
13 10
6 12
13 12
1 9
21
15 1
12 1
2 7
10 3
3 4
9 11
19 11
12 10
9 12
15 16
14 15
16 18
16 21
2 9
2 13
8 11
17 10
20 3
5 14
14 6
28
12 6
1 12
3 7
9 14
26 25
4 10
15 19
21 11
17 3
24 14
14 11
26 27
19 3
3 14
16 3
14 1
19 2
23 22
9 8
3 18
5 2
2 28
23 20
8 26
13 2
10 8
9 20
17
9 1
3 9
10 9
4 10
17 11
1 7
15 1
1 17
13 4
14 6
2 4
12 15
16 1
5 6
5 8
6 9
17
10 1
7 15
17 10
1 6
9 10
2 5
6 8
6 12
4 15
3 1
4 14
12 16
11 6
1 4
1 5
17 13
20
1 3
1 14
6 1
1 10
1 4
7 1
1 2
1 20
1 9
1 12
13 1
1 18
17 1
11 1
16 1
1 15
19 1
8 1
1 5
11
11 6
2 7
2 11
6 8
1 3
6 9
3 10
4 2
11 1
3 5
10
4 2
5 1
3 9
10 3
7 8
5 6
8 2
7 9
10 6
28
1 8
24 1
1 6
1 9
1 27
1 21
4 1
13 1
20 1
2 1
1 15
25 1
1 17
23 1
26 1
22 1
7 1
1 18
3 1
14 1
1 16
1 10
1 19
11 1
1 12
5 1
1 28
20
1 18
3 1
14 1
1 16
1 13
1 7
1 8
1 17
1 19
1 6
4 1
10 1
5 1
1 11
1 9
1 15
12 1
20 1
1 2
25
24 7
17 12
1 2
20 7
8 9
23 6
11 10
1 23
3 7
7 4
4 16
22 2
12 25
13 24
7 12
9 20
19 1
10 15
1 7
18 14
10 23
20 5
21 19
18 1
14
1 10
1 9
8 1
1 6
1 14
7 1
1 4
1 11
3 1
1 5
1 2
1 12
13 1
12
8 9
3 11
4 10
9 12
1 10
2 5
7 6
12 11
8 6
7 5
2 4
12
4 6
5 4
1 4
11 1
9 2
8 5
7 10
12 7
9 3
7 11
9 11
18
1 6
3 1
7 1
1 14
1 2
1 8
1 11
1 9
5 1
1 18
4 1
10 1
1 13
16 1
1 17
1 15
12 1
11
1 10
9 1
8 1
1 2
6 1
1 11
1 3
1 7
5 1
4 1
15
1 6
1 4
13 1
14 1
9 1
1 10
11 1
5 1
7 1
3 1
8 1
1 2
12 1
15 1
12
11 2
5 8
9 4
1 8
2 3
10 7
6 3
2 7
5 9
2 1
12 1
28
5 1
11 1
28 1
15 1
4 1
1 18
14 1
1 22
17 1
16 1
21 1
1 3
1 12
8 1
1 23
1 27
24 1
1 10
1 13
1 19
1 6
1 7
1 9
1 20
26 1
1 2
1 25
17
1 13
3 1
12 1
1 2
1 4
14 1
1 5
15 1
17 1
8 1
1 16
9 1
10 1
1 7
6 1
1 11
26
1 7
1 2
1 15
1 6
8 1
1 26
20 1
21 1
1 10
1 3
12 1
24 1
4 1
23 1
17 1
1 22
1 9
1 13
1 11
14 1
18 1
1 25
19 1
16 1
1 5
10
2 9
6 1
5 1
7 2
9 10
10 3
5 10
8 2
4 5
17
16 9
1 14
6 7
10 15
8 13
9 13
15 4
5 17
6 2
5 3
14 11
7 12
3 11
4 12
2 16
17 10
29
3 27
25 20
21 19
12 1
9 27
2 25
28 1
27 1
11 14
13 23
25 27
7 9
9 14
22 25
17 26
24 23
5 12
1 17
9 19
15 25
6 22
8 16
11 8
4 27
18 9
1 29
13 10
23 25
27
16 1
11 1
27 1
14 1
6 1
1 10
15 1
1 13
1 3
12 1
18 1
21 1
25 1
1 24
17 1
19 1
1 20
9 1
22 1
23 1
1 2
1 4
26 1
7 1
8 1
1 5
27
22 1
11 1
1 18
1 25
1 2
5 1
10 1
13 1
24 1
1 14
12 1
1 9
7 1
6 1
1 23
3 1
20 1
1 21
1 17
1 4
1 19
1 8
15 1
1 27
1 26
1 16
27
12 22
18 27
8 13
15 20
26 17
8 25
6 17
10 19
6 8
16 5
19 24
9 11
27 2
12 19
12 11
3 15
14 16
22 27
15 4
23 1
21 11
7 17
23 3
1 22
6 23
3 16
23
16 5
15 14
16 14
19 8
6 2
9 11
21 15
12 13
12 23
3 18
4 20
11 2
20 10
17 10
21 17
6 5
19 9
22 23
4 7
8 3
13 18
1 7
28
2 27
11 4
23 14
26 7
28 3
12 23
27 9
10 7
15 22
24 18
21 5
17 12
10 28
13 17
4 6
5 15
21 19
20 8
9 16
26 1
2 25
18 11
13 6
3 20
14 16
24 8
25 19
23
6 13
19 7
6 10
3 4
8 15
4 20
18 21
11 5
23 3
8 14
22 23
17 9
11 12
21 7
13 14
16 12
10 16
17 2
5 9
18 20
19 15
1 22
11
11 1
7 1
8 1
1 9
4 1
1 5
1 6
2 1
10 1
1 3
29
9 4
24 5
21 7
15 11
4 10
23 2
3 27
23 29
2 22
28 5
25 18
6 1
6 26
19 25
11 18
12 17
9 16
28 29
17 21
20 14
26 22
15 27
12 20
24 10
14 8
7 3
13 19
16 8
17
12 1
1 10
3 1
8 1
2 1
7 1
1 16
1 9
1 4
1 13
14 1
1 6
1 15
17 1
5 1
1 11
25
1 24
1 20
1 10
1 14
16 1
21 1
2 1
3 1
1 23
1 8
1 17
1 12
6 1
9 1
1 15
25 1
13 1
1 18
1 19
5 1
1 11
1 22
1 7
1 4
25
6 3
10 2
12 2
12 25
7 21
13 22
16 9
1 19
17 8
23 13
11 20
20 15
19 18
15 24
18 25
10 9
6 14
23 5
24 7
4 17
5 21
14 16
3 22
4 11
24
14 9
19 15
11 21
1 24
23 1
16 20
16 10
23 5
7 21
7 6
13 24
4 14
8 21
3 14
1 19
4 22
1 3
16 21
19 2
17 23
8 1
12 3
5 18
15
11 2
3 8
8 14
7 4
14 5
6 4
14 1
10 15
13 9
5 6
9 5
12 1
2 15
15 1
21
8 16
1 12
12 17
5 16
11 1
2 5
2 1
15 4
2 7
4 2
13 18
14 8
6 2
19 12
11 9
2 18
1 20
2 3
14 10
21 2
18
1 2
1 6
1 12
1 9
1 14
17 1
10 1
1 15
1 4
18 1
7 1
5 1
1 16
3 1
1 13
1 11
1 8
26
22 4
22 3
24 9
21 11
18 26
17 15
17 6
23 25
16 7
9 4
8 12
14 7
24 21
11 6
10 12
19 13
20 18
8 16
10 19
2 23
20 1
15 5
5 2
13 3
14 26
21
21 6
18 13
14 1
5 14
6 15
15 5
18 9
19 16
3 11
8 20
5 9
11 1
4 12
1 8
1 10
7 5
6 2
17 18
16 10
16 12
19
2 14
17 4
9 1
2 11
13 9
12 15
8 10
7 3
5 10
13 3
15 9
18 3
6 10
4 13
15 19
16 4
8 1
2 8
10
10 5
7 9
5 4
8 1
4 3
3 2
6 8
10 9
2 6
14
9 1
2 9
9 10
3 1
3 12
8 9
3 4
7 5
14 3
13 1
6 14
11 13
5 13
27
27 1
1 11
1 8
1 20
3 1
1 25
1 23
1 5
26 1
19 1
1 22
6 1
1 15
1 24
12 1
1 2
1 17
1 9
7 1
16 1
18 1
13 1
1 10
1 14
4 1
21 1
26
1 24
1 18
1 17
1 23
1 15
5 1
14 1
3 1
6 1
1 10
1 7
1 21
1 26
25 1
1 20
1 16
1 9
22 1
11 1
1 2
1 13
12 1
1 19
4 1
1 8
23
12 23
12 8
9 11
11 2
18 4
15 13
16 1
14 5
13 8
6 10
18 22
18 7
7 1
6 19
5 17
16 2
21 12
8 16
20 13
7 5
11 3
2 6
11
7 10
7 2
1 7
4 8
11 8
5 10
9 10
8 1
6 2
2 3
20
20 1
11 13
11 4
20 13
12 19
9 11
6 3
18 6
19 13
17 5
14 20
17 1
7 2
15 14
5 10
17 6
8 5
19 16
2 14
19
2 13
12 5
17 8
10 8
2 3
7 6
3 16
17 6
14 17
11 1
8 12
8 19
12 1
11 4
11 3
9 18
9 15
12 9
16
6 12
2 9
10 7
7 16
6 3
9 8
5 1
3 14
13 8
4 11
4 15
5 2
12 15
10 11
16 13
13
13 3
13 5
1 5
11 13
6 10
7 8
4 5
2 10
7 2
9 10
2 1
7 12
14
1 7
13 12
4 2
11 9
6 9
9 7
10 12
4 5
3 14
8 3
3 2
12 7
2 1
16
1 8
2 8
15 11
9 6
15 12
3 16
16 8
4 2
9 12
6 7
16 10
14 2
5 9
13 15
1 12
13
13 1
13 5
2 13
7 11
12 3
11 8
5 4
11 6
10 3
9 5
6 1
6 3
17
10 7
1 6
13 2
10 14
3 12
5 16
8 15
3 4
17 9
6 17
5 11
8 4
7 12
14 11
16 13
9 2
13
1 11
13 7
3 11
9 1
5 9
9 10
13 11
6 3
12 13
10 2
4 3
8 10
21
20 6
9 21
1 4
16 17
15 18
15 10
3 14
11 7
9 20
19 11
14 8
4 20
4 8
13 16
8 16
10 1
11 10
14 2
12 15
9 5
23
21 9
5 19
3 12
16 18
7 11
1 7
21 6
17 6
16 13
8 15
12 11
2 14
4 20
15 22
17 23
22 14
5 8
2 23
20 10
13 4
18 19
3 10
21
8 5
11 8
18 16
7 10
7 11
17 1
12 8
4 21
13 1
18 7
14 2
9 11
1 9
11 2
13 3
9 21
1 20
15 10
11 19
6 9
28
1 17
20 9
7 18
8 27
15 27
18 14
2 25
16 12
15 28
5 2
7 19
17 11
3 24
8 6
23 26
21 4
14 28
24 12
25 10
9 5
11 4
20 6
13 26
22 21
3 22
19 16
13 10
18
13 1
11 8
6 3
15 10
18 2
9 10
17 4
4 6
8 2
5 12
5 14
18 16
16 7
17 13
7 9
14 11
3 12
21
5 3
9 13
7 5
10 6
2 17
11 10
18 21
17 3
3 1
10 13
4 11
17 8
11 15
9 21
21 20
13 1
9 16
16 19
16 14
5 12
18
16 8
9 8
12 7
6 18
13 10
15 5
6 5
18 17
13 4
16 4
14 2
11 10
2 7
15 3
17 14
1 3
12 11
16
6 1
1 14
9 1
1 15
12 1
11 1
1 2
1 16
1 10
1 8
4 1
3 1
1 7
1 5
1 13
22
21 18
17 14
13 16
5 3
11 2
4 14
8 12
6 20
8 1
20 15
18 19
11 10
13 15
21 6
7 12
10 17
22 5
4 22
7 9
16 2
9 19
29
27 1
13 1
9 1
1 24
6 1
1 3
8 1
1 17
14 1
29 1
25 1
1 21
1 16
1 19
15 1
10 1
22 1
1 12
1 20
5 1
1 23
2 1
1 26
7 1
11 1
4 1
28 1
18 1
27
10 4
23 19
3 4
21 8
19 1
27 7
4 15
26 23
21 5
1 4
15 11
8 20
17 3
16 5
25 24
1 6
10 7
9 4
21 10
14 4
13 3
17 18
22 19
12 5
10 24
10 2
12
7 6
12 2
3 8
3 9
1 2
8 10
7 5
1 8
2 7
12 4
11 12
16
5 11
12 7
14 10
8 14
4 5
4 1
11 3
2 15
8 9
6 13
12 16
9 3
13 16
7 15
6 10
12
4 9
4 12
2 3
6 2
12 7
11 5
4 11
1 2
8 3
4 2
11 10
19
1 2
6 12
10 4
14 13
19 10
16 2
5 15
17 1
9 11
16 9
17 6
9 8
2 14
14 18
6 7
17 10
15 16
15 3
23
6 3
17 10
21 19
20 17
4 8
4 9
7 5
14 9
18 2
18 22
22 23
11 6
11 5
1 14
2 13
12 10
16 23
15 7
13 3
12 16
20 21
19 8
18
1 5
8 1
2 9
2 13
10 8
1 4
11 15
16 11
15 8
18 7
1 2
16 6
17 18
3 15
7 15
14 8
2 12
27
22 2
27 18
7 25
11 17
8 10
19 20
12 11
3 15
9 23
13 27
23 16
16 4
2 10
21 6
20 7
14 22
26 17
13 25
12 24
1 4
21 14
15 18
9 19
26 5
24 6
3 8
14
1 12
1 8
1 14
1 3
1 5
10 1
7 1
4 1
2 1
1 6
11 1
1 9
13 1
10
4 1
1 8
3 1
1 5
2 1
1 6
1 7
10 1
9 1
15
7 6
8 6
14 6
15 9
10 9
13 2
12 3
13 11
8 1
8 9
11 1
13 4
5 12
11 12
11
4 1
7 1
3 1
1 11
5 1
1 6
1 2
8 1
10 1
9 1
22
11 7
12 16
3 7
18 3
6 21
2 17
15 6
16 20
6 19
13 22
11 12
13 12
11 1
14 8
13 9
21 8
7 17
4 16
10 8
21 1
5 3
25
16 7
14 18
6 3
10 17
20 1
19 6
1 3
16 13
16 20
11 23
18 5
11 5
15 24
3 15
18 2
6 10
10 25
21 13
5 20
8 7
22 7
15 4
12 13
11 9
26
2 25
1 23
14 26
21 19
16 11
5 10
13 18
19 1
23 15
11 18
12 5
11 2
19 7
1 26
1 22
5 16
24 21
9 2
5 17
26 20
22 6
2 4
8 19
1 16
17 3
21
20 11
11 13
17 15
10 7
6 2
3 1
10 6
15 3
17 21
14 18
12 19
16 9
7 16
18 8
20 19
9 21
4 5
14 4
12 2
13 5
13
13 9
9 1
11 5
10 13
8 1
11 6
2 8
8 11
12 3
9 12
4 12
7 13
25
3 1
22 1
1 19
1 15
1 2
1 14
25 1
7 1
1 18
12 1
1 20
1 11
1 17
1 8
21 1
4 1
1 13
24 1
23 1
1 9
10 1
1 16
1 5
6 1
23
13 17
1 2
1 18
18 20
16 3
17 8
22 7
18 11
19 3
19 18
11 9
15 13
4 1
2 5
18 10
11 7
23 20
19 21
5 14
12 16
6 2
15 10
29
9 22
17 9
19 15
19 26
4 21
19 20
8 29
25 13
28 12
1 22
10 17
25 9
29 5
21 1
11 2
20 18
14 18
3 22
4 29
7 25
24 18
17 16
12 4
21 20
3 27
12 6
2 3
23 2
14
11 14
10 11
8 12
2 7
4 13
14 9
12 1
3 6
2 13
9 4
6 5
7 3
5 8
18
10 2
8 11
1 11
18 7
11 4
1 2
9 10
14 6
12 7
17 5
8 16
6 15
17 4
4 6
2 7
13 8
3 10
13
2 13
9 10
5 11
6 5
9 4
7 10
5 13
13 1
3 13
10 1
12 10
8 2
14
9 1
1 14
7 1
1 8
13 1
1 11
12 1
5 1
4 1
10 1
1 6
1 3
1 2
25
1 15
14 1
16 1
1 19
1 13
1 4
1 22
10 1
1 6
21 1
1 23
17 1
9 1
25 1
8 1
7 1
1 2
20 1
3 1
1 12
1 5
1 24
11 1
1 18
12
7 3
2 6
11 1
12 9
1 3
3 10
8 12
11 12
11 6
7 4
6 5
25
6 11
3 23
14 9
4 15
7 3
24 12
16 12
10 7
20 19
9 2
25 20
11 21
22 13
17 2
22 8
23 8
4 19
1 13
17 24
25 16
18 6
21 5
5 15
18 10
13
3 12
10 7
3 4
8 10
5 13
11 13
12 1
12 6
2 3
10 9
7 1
7 13
15
9 1
1 8
1 10
11 1
1 12
1 2
1 5
3 1
1 14
1 4
6 1
1 13
1 7
15 1
14
7 11
5 14
3 9
9 6
3 12
4 6
13 8
14 10
12 7
5 8
13 2
2 1
10 4
12
4 1
6 4
1 10
2 8
12 6
2 11
9 5
2 6
10 7
4 9
12 3
16
1 15
1 13
5 1
1 16
1 14
6 1
1 8
9 1
1 2
11 1
1 4
1 7
3 1
1 10
12 1
15
1 11
13 12
11 4
3 5
9 8
8 7
12 1
12 3
14 6
12 8
6 13
5 15
1 10
3 2
26
13 1
22 1
8 1
1 21
1 15
3 1
1 11
4 1
1 10
25 1
1 20
17 1
6 1
1 9
1 18
12 1
1 16
7 1
23 1
1 14
19 1
1 24
1 26
5 1
1 2
15
5 2
1 10
6 13
15 9
6 8
11 1
6 11
12 15
10 2
7 2
4 14
15 11
14 3
14 10
21
4 1
17 9
14 12
18 6
3 1
5 16
9 13
12 15
5 2
19 7
11 1
10 9
1 7
3 15
3 16
20 6
9 8
1 20
16 9
3 21
13
4 5
2 8
4 13
13 2
12 5
3 10
11 7
9 6
8 10
1 11
12 7
9 3
20
1 3
6 1
1 2
1 14
1 18
11 1
16 1
1 10
1 17
7 1
1 4
8 1
19 1
9 1
12 1
1 13
1 5
1 15
20 1
12
1 10
4 3
12 2
12 10
7 1
10 8
7 9
11 9
11 4
6 7
5 11
28
11 17
21 19
18 3
13 1
7 15
25 26
1 14
4 21
18 28
3 26
3 13
3 6
14 9
21 12
1 22
10 19
2 1
5 1
13 20
16 27
23 13
19 13
27 3
15 2
13 11
23 8
24 23
22
5 18
3 22
1 9
2 15
12 2
15 13
20 19
10 11
14 15
21 20
22 8
12 18
18 4
9 20
4 16
11 9
11 6
17 4
1 12
2 22
7 5
21
1 3
8 1
1 21
16 1
1 20
1 18
1 10
1 17
1 15
1 4
6 1
1 5
14 1
1 13
1 12
7 1
1 11
1 19
2 1
1 9
24
3 18
16 8
9 19
22 24
11 20
2 4
15 18
20 23
14 12
10 14
17 5
19 21
23 13
6 5
21 22
3 4
1 6
7 24
16 12
15 11
17 8
9 13
10 2
15
9 14
13 12
4 7
6 13
10 11
14 7
6 1
7 1
5 4
14 8
3 10
15 13
2 4
10 6
28
6 14
17 24
20 13
17 16
4 13
23 27
16 9
2 20
15 25
10 25
15 23
19 13
17 22
3 8
14 5
19 16
19 1
15 7
9 18
25 26
1 7
23 28
11 9
12 8
3 14
7 3
8 21
17
1 13
11 1
1 5
1 4
3 1
1 2
14 1
1 15
7 1
1 12
16 1
8 1
1 10
9 1
1 17
1 6
17
11 4
5 12
17 7
7 13
14 12
1 9
6 15
11 10
11 16
3 2
7 15
9 15
10 12
10 1
3 9
8 3
25
25 1
9 1
1 15
1 19
1 8
1 12
1 22
1 5
1 10
14 1
18 1
24 1
1 16
13 1
3 1
4 1
1 23
11 1
7 1
1 21
1 2
1 6
1 17
20 1
10
8 1
4 5
2 9
8 7
3 9
3 7
5 10
4 6
6 2
16
3 15
6 8
12 14
16 7
4 1
6 5
10 3
15 12
3 9
4 6
7 4
12 13
15 1
7 2
11 8
19
12 5
7 1
19 7
17 13
13 3
11 16
18 16
12 6
4 13
12 8
9 7
14 2
7 3
16 10
6 15
12 1
2 1
10 1
19
18 1
15 17
17 3
17 13
6 11
7 5
12 10
9 2
1 10
8 10
2 17
4 16
14 11
7 17
3 14
15 19
16 18
17 1
12
11 4
9 2
6 1
8 12
10 7
4 10
5 7
9 5
2 6
12 3
11 8
28
7 1
1 27
1 17
1 16
6 1
1 8
1 4
20 1
1 26
3 1
5 1
25 1
13 1
1 21
12 1
1 14
1 18
1 11
24 1
1 22
1 23
1 28
9 1
1 15
10 1
1 2
1 19
22
18 2
9 5
14 15
3 10
22 21
20 8
12 2
16 7
17 8
11 6
13 11
10 14
22 1
17 9
12 7
15 5
19 21
16 4
4 13
20 18
19 3
16
1 16
9 1
1 4
15 1
12 1
14 1
6 1
1 5
1 3
11 1
1 7
1 2
1 13
1 8
1 10
26
1 8
1 23
10 1
13 1
1 6
9 1
1 24
18 1
1 16
14 1
5 1
2 1
25 1
21 1
1 22
17 1
4 1
1 12
1 15
1 11
1 3
26 1
19 1
7 1
1 20
21
18 5
15 20
9 19
11 7
20 18
5 17
9 4
9 1
3 11
18 13
8 2
14 16
16 9
11 10
10 2
6 1
12 5
18 11
5 21
1 3
21
2 6
21 7
15 13
14 8
11 1
5 4
15 16
5 18
19 20
19 15
3 8
5 12
1 12
8 12
19 11
10 20
20 9
7 11
6 17
7 6
20
11 10
4 3
5 13
16 20
14 20
17 2
14 6
11 9
7 14
17 15
12 15
1 12
18 12
19 10
11 4
20 1
5 3
8 9
20 11
22
7 15
8 19
19 7
11 2
12 14
22 16
18 22
10 5
21 9
20 13
15 17
14 17
21 1
13 4
12 10
2 6
3 18
16 5
3 4
8 11
6 9
12
1 4
11 1
9 1
1 12
2 6
1 10
6 9
10 3
7 9
10 8
6 5
26
17 2
23 8
15 19
20 10
6 13
12 18
5 7
2 7
10 24
11 16
22 1
14 12
18 21
4 25
19 17
25 23
3 5
22 9
26 13
3 11
6 4
26 14
16 24
9 8
21 20
17
5 9
12 10
15 9
3 7
2 17
16 6
8 11
14 7
3 10
5 8
14 11
17 13
4 1
12 13
2 6
16 4
26
15 1
1 20
1 10
11 1
1 14
8 1
9 1
6 1
1 21
1 3
18 1
1 12
16 1
26 1
1 24
1 25
4 1
1 2
1 5
1 19
1 13
23 1
22 1
7 1
17 1
23
8 11
20 15
4 22
12 2
6 19
21 20
12 18
17 2
16 1
9 15
5 7
18 10
17 3
21 10
7 13
22 5
8 19
23 14
23 16
9 4
3 11
13 14
13
3 8
11 7
6 8
13 1
9 12
13 5
11 5
3 10
4 2
10 4
12 7
9 6
27
1 27
1 25
7 1
2 1
12 1
23 1
1 15
1 19
26 1
8 1
14 1
1 5
4 1
24 1
1 3
10 1
20 1
17 1
1 11
16 1
9 1
22 1
1 21
13 1
1 18
1 6
12
3 5
10 8
11 2
6 7
8 7
9 2
5 10
3 12
9 6
12 4
1 11
24
14 1
22 1
1 20
1 11
1 18
5 1
9 1
19 1
7 1
6 1
1 15
8 1
1 3
1 23
4 1
24 1
16 1
12 1
10 1
21 1
2 1
1 13
17 1
15
8 1
1 11
2 1
1 13
1 9
6 1
10 1
7 1
5 1
4 1
1 12
3 1
1 15
1 14
29
6 16
22 9
7 29
11 1
3 5
8 7
15 5
23 28
20 24
18 29
4 26
3 28
25 1
4 19
6 19
1 3
29 1
1 2
3 20
21 4
25 22
3 14
13 16
20 6
28 17
1 12
3 10
27 28
23
21 4
12 2
3 6
22 3
8 17
2 11
20 15
21 11
21 1
19 17
7 4
21 3
10 21
20 11
18 12
18 5
9 4
3 19
16 19
11 14
8 23
13 3
16
11 12
14 7
4 14
6 15
3 12
12 6
14 1
7 10
2 1
16 5
12 14
8 5
6 13
14 9
5 6
17
15 9
15 3
5 10
9 2
8 4
6 14
14 17
14 3
8 1
9 12
3 1
16 5
8 5
11 4
15 7
13 4
20
14 1
10 13
15 2
10 16
12 3
17 9
20 7
5 12
13 15
8 6
19 2
3 4
19 4
9 11
16 6
11 18
5 14
17 20
7 8
24
18 1
1 12
23 1
1 14
1 19
1 17
1 3
1 6
1 5
20 1
11 1
16 1
2 1
1 4
1 24
22 1
10 1
1 21
15 1
1 13
9 1
8 1
7 1
15
1 12
8 1
1 5
13 1
1 4
1 2
1 6
1 10
11 1
7 1
15 1
1 9
1 3
14 1
14
9 12
1 4
9 8
2 14
2 13
4 11
10 5
10 13
6 8
14 6
11 3
12 3
7 5
13
6 11
13 10
2 4
13 12
8 13
2 5
7 12
1 4
1 13
11 2
9 5
3 11
13
8 1
10 1
1 12
1 3
9 1
1 4
11 1
2 1
13 1
1 7
6 1
1 5
24
8 12
17 11
20 23
15 4
13 5
19 3
6 23
17 2
7 12
3 22
1 19
21 12
15 17
24 16
18 22
13 14
10 22
2 1
24 9
8 19
2 23
8 13
24 3
12
1 9
1 7
6 1
12 1
3 1
1 2
11 1
10 1
1 5
8 1
1 4
10
7 4
3 8
10 2
6 10
7 1
6 9
5 4
9 3
5 8
16
9 1
10 1
1 7
1 4
2 1
1 12
1 15
6 1
1 11
5 1
8 1
1 16
14 1
1 13
3 1
10
7 6
7 3
9 5
6 1
4 10
1 5
7 2
8 5
10 6
10
5 7
8 1
3 2
7 8
4 1
9 1
6 2
10 2
2 7
14
12 1
2 13
5 4
2 4
6 2
11 8
2 3
9 4
3 11
4 1
1 10
8 7
6 14
26
18 2
20 21
24 22
23 14
22 2
17 16
16 23
9 3
13 5
6 8
9 12
26 23
18 13
18 1
26 11
15 13
20 17
8 25
26 19
14 4
2 9
17 8
1 16
20 10
7 14
22
18 9
16 14
8 9
7 22
5 2
11 15
3 8
7 11
6 15
6 1
22 12
17 21
3 4
2 14
10 18
10 17
4 19
20 13
13 12
5 19
21 20
21
8 19
14 4
18 16
13 9
7 12
6 3
19 5
18 14
11 21
10 13
5 13
1 16
12 18
20 19
11 3
3 15
17 12
11 16
2 14
5 1
14
14 8
13 7
4 11
11 2
6 4
3 10
10 12
5 2
9 8
12 7
9 1
14 3
6 13
27
27 21
23 9
1 7
14 26
10 8
14 3
21 5
3 24
6 25
22 6
17 2
18 20
11 4
22 27
12 16
13 19
16 19
26 5
2 7
24 12
25 10
17 9
15 20
11 13
18 4
23 8
15
5 7
15 2
11 5
3 1
9 12
2 3
7 10
9 6
8 11
3 9
5 1
2 4
11 13
14 7
26
7 2
20 9
7 18
18 21
9 4
11 2
9 1
5 26
11 14
19 16
19 4
3 17
25 23
26 8
3 7
12 20
1 2
6 12
23 20
26 4
18 10
12 24
11 15
19 13
23 22
16
1 5
14 6
2 4
16 5
10 12
14 15
2 12
13 4
10 7
3 9
3 15
8 16
11 9
11 13
8 6
15
5 1
1 3
1 2
15 1
1 4
1 6
12 1
7 1
8 1
11 1
1 14
10 1
1 9
13 1
16
14 13
15 8
11 1
2 3
15 11
9 13
6 16
5 3
6 7
2 11
1 9
13 10
12 2
15 4
6 9
29
12 28
26 19
19 6
10 20
23 9
15 25
29 4
14 16
6 2
7 24
3 17
5 7
23 22
16 8
27 5
26 13
3 25
27 14
29 21
1 18
10 11
4 8
13 21
12 11
17 9
24 20
18 22
15 2
10
1 9
7 1
1 10
8 1
1 3
6 1
1 5
1 4
2 1
11
3 2
6 3
4 1
5 10
6 7
9 8
9 11
8 5
4 2
7 10
22
20 13
1 20
11 18
6 15
21 1
2 9
7 1
17 21
18 22
4 2
6 1
21 5
18 20
11 19
12 14
3 22
18 8
10 1
14 11
2 16
2 21
28
5 8
6 14
3 2
14 27
12 9
11 4
1 13
21 12
23 11
20 7
13 19
5 19
12 28
11 9
16 14
5 26
13 9
20 22
2 25
15 6
7 17
24 18
6 2
18 10
7 15
1 15
18 19
10
5 4
2 3
9 3
7 8
5 6
4 3
8 10
8 1
1 4
28
28 16
15 14
17 15
11 20
4 20
27 7
8 1
6 24
11 26
2 4
3 18
24 9
13 21
26 8
25 22
12 5
25 21
17 16
9 14
10 18
28 19
19 12
23 10
7 22
6 3
5 13
27 2
19
17 2
7 9
8 11
13 1
4 6
17 14
7 17
5 3
4 9
10 4
1 9
13 3
7 15
15 16
8 12
13 8
19 15
18 3
13
8 1
6 1
4 1
9 1
5 1
1 2
1 11
12 1
1 3
7 1
13 1
1 10
28
2 1
5 1
1 20
23 1
24 1
27 1
1 19
9 1
1 25
15 1
22 1
12 1
1 17
3 1
1 11
1 21
1 18
4 1
1 7
1 16
28 1
26 1
1 8
14 1
6 1
1 13
10 1
25
16 9
16 10
16 6
18 17
10 13
9 15
12 10
6 24
18 8
7 3
15 3
6 25
4 2
9 1
23 2
22 21
8 1
14 18
11 23
3 20
19 21
21 15
2 8
5 23
12
3 5
11 1
7 1
2 5
9 12
6 4
9 5
5 8
1 5
10 4
10 1
15
15 1
3 15
13 10
13 9
6 15
3 4
2 11
12 6
1 14
2 8
5 3
6 7
14 2
13 14
21
7 3
5 8
2 4
11 18
1 6
16 5
15 14
6 9
1 12
1 11
10 21
1 20
15 18
15 17
19 3
13 1
17 2
6 3
8 3
20 10
19
12 1
1 9
8 1
1 17
10 1
1 11
1 16
1 2
1 13
6 1
19 1
4 1
18 1
14 1
7 1
5 1
3 1
1 15
15
9 14
3 10
15 8
13 9
11 15
1 12
1 8
6 7
3 5
2 15
3 12
6 8
4 6
12 9
16
16 15
1 4
11 9
1 6
8 3
13 6
6 14
9 4
7 6
6 16
5 6
2 12
10 6
3 16
6 2
22
14 2
15 21
13 5
11 2
21 16
9 13
20 13
5 1
22 16
17 7
5 2
17 12
4 15
8 17
15 18
6 8
21 7
3 12
1 7
19 16
10 12
22
1 20
9 1
1 19
1 8
1 16
1 14
1 21
10 1
18 1
1 4
5 1
1 3
15 1
12 1
7 1
17 1
1 6
11 1
13 1
1 2
1 22
19
5 4
3 9
1 18
3 8
19 15
18 6
11 6
18 4
12 15
4 14
2 13
10 15
10 3
17 2
10 13
7 6
13 1
2 16
13
2 6
6 9
1 2
10 1
7 2
13 2
12 10
4 6
13 3
8 4
10 11
6 5
21
1 17
19 5
20 3
19 14
14 8
1 9
4 12
10 19
14 12
21 17
1 20
12 1
8 13
11 15
11 14
17 18
7 12
16 4
2 5
6 19
10
1 8
1 6
7 1
1 9
1 10
1 2
4 1
1 5
3 1
10
7 1
8 7
2 1
9 2
2 3
5 10
4 10
7 10
8 6
23
6 1
1 15
19 1
18 1
16 1
1 3
1 21
23 1
9 1
5 1
8 1
1 13
1 17
7 1
4 1
1 2
11 1
1 22
14 1
1 12
1 10
1 20
15
6 4
13 14
9 15
7 14
8 5
12 4
11 2
7 12
1 5
15 1
11 1
8 3
10 1
5 12
14
8 12
1 11
5 12
7 1
4 12
10 1
10 14
11 6
11 13
11 9
3 6
2 1
1 12
11
1 7
1 10
11 1
4 1
1 8
3 1
1 6
1 5
2 1
9 1
27
18 1
22 20
3 23
26 8
20 11
12 16
19 24
12 9
25 17
2 21
9 23
6 22
4 15
5 17
18 11
10 3
13 8
14 5
14 2
25 19
10 26
6 13
4 16
27 7
15 24
7 21
17
7 3
12 16
14 1
15 6
17 7
1 11
9 8
7 1
17 2
1 13
16 9
5 11
13 15
12 7
4 12
9 10
10
3 2
7 4
8 2
9 10
6 5
8 5
4 9
7 1
3 10
18
7 5
9 6
18 10
14 4
8 14
12 3
8 16
11 12
2 4
17 13
18 9
15 5
6 16
10 13
1 2
7 17
15 11
28
11 28
16 23
28 23
6 20
28 15
4 13
22 2
22 8
19 2
7 28
1 14
3 27
9 21
15 18
28 10
21 4
28 24
22 12
22 28
28 1
14 17
12 21
26 6
19 5
27 12
6 24
25 10
27
20 12
6 11
3 17
10 26
20 7
24 11
6 9
23 8
23 27
1 5
21 23
15 26
7 14
23 22
1 13
26 1
19 24
1 4
21 25
8 6
16 9
26 2
4 23
18 17
20 6
4 17
20
13 20
6 13
18 14
10 1
8 13
13 12
3 15
16 3
19 7
1 19
6 1
19 9
3 19
2 19
17 18
10 5
9 18
7 4
7 11
16
3 7
12 10
13 16
1 5
6 8
12 6
14 4
4 9
9 8
10 2
3 2
7 5
15 14
15 16
13 11
27
7 19
27 26
24 1
8 26
7 15
20 24
14 18
9 8
21 4
11 16
10 5
27 21
23 14
2 15
25 23
6 13
12 13
25 11
22 16
5 12
10 17
2 3
17 20
3 6
19 9
4 18
11
6 1
5 1
11 1
3 1
2 1
7 1
8 1
1 4
10 1
1 9
27
25 8
12 2
24 15
25 13
26 12
23 12
24 9
27 18
16 21
6 10
18 19
6 20
1 3
6 19
11 9
7 24
14 4
14 5
16 9
1 11
18 17
3 25
14 2
16 22
19 11
3 2
26
3 13
15 4
17 15
4 22
10 2
1 17
3 8
5 18
13 12
9 16
26 11
16 20
18 15
20 21
19 4
20 17
12 1
16 24
6 26
21 14
25 2
2 12
21 7
13 26
23 18
21
3 7
2 4
9 10
15 11
5 10
8 7
16 19
13 1
12 16
21 17
14 13
17 3
19 15
9 12
6 20
2 18
5 4
6 11
8 18
14 20
20
13 2
10 5
9 18
4 15
13 7
10 9
14 1
20 6
5 6
12 19
18 19
20 8
16 14
8 3
3 11
4 17
15 11
2 16
7 17
22
10 13
12 1
6 7
12 14
9 14
5 4
6 9
13 4
19 1
12 16
13 1
17 13
14 21
8 11
15 6
16 22
20 13
8 14
18 12
3 12
13 2
20
16 8
3 4
18 16
5 11
12 8
7 13
4 20
5 14
19 2
1 19
20 13
17 3
14 15
6 15
6 17
12 9
7 10
18 11
9 2
26
1 14
24 1
19 1
1 16
1 9
1 3
8 1
1 26
4 1
1 17
13 1
1 21
1 7
11 1
2 1
1 18
20 1
6 1
1 12
15 1
23 1
1 5
1 22
1 25
10 1
15
15 10
14 9
11 15
6 7
1 3
12 8
12 3
6 4
2 13
14 2
8 4
10 13
9 5
5 7
22
2 5
15 20
16 3
14 17
21 10
19 10
12 8
7 9
3 6
14 9
4 11
20 7
18 4
5 13
6 19
13 21
2 8
17 11
18 1
16 22
15 12
18
6 1
1 7
1 3
1 18
1 10
17 1
1 13
14 1
1 12
1 11
1 15
16 1
9 1
1 8
4 1
1 2
1 5
23
4 3
2 3
12 3
13 19
7 4
23 3
17 23
10 18
16 7
6 1
4 9
13 15
13 21
5 10
22 3
10 1
19 4
10 11
3 1
22 20
8 4
14 19
11
1 4
10 1
1 3
1 5
7 1
1 8
1 11
1 2
9 1
1 6
17
1 10
7 1
17 11
10 8
1 6
14 3
3 13
9 6
10 12
1 3
1 2
17 16
15 17
2 5
17 7
4 1
21
19 5
20 1
13 16
12 17
8 17
6 5
2 15
3 6
4 9
20 10
8 16
4 12
15 11
10 21
7 13
19 18
3 7
11 14
9 14
21 18
14
3 10
7 6
13 1
4 9
12 7
5 8
3 2
3 13
6 1
9 14
11 8
13 8
9 6
24
8 3
22 23
15 4
16 9
22 5
19 1
6 23
2 20
11 19
19 22
22 18
9 14
8 19
10 18
17 8
22 15
23 20
22 7
12 16
9 13
11 24
23 9
21 19
29
17 10
17 7
17 29
23 15
5 25
4 2
16 26
9 6
8 1
1 25
5 28
14 3
25 9
4 29
13 28
22 27
5 22
26 20
9 14
24 28
22 18
23 8
23 26
21 14
4 19
11 15
12 15
8 29
27
20 8
25 27
19 27
5 15
25 18
11 4
17 21
21 15
2 5
26 14
14 13
3 17
8 6
12 24
11 2
26 20
13 16
22 1
23 4
16 9
7 18
19 6
24 22
3 12
23 10
10 9
28
26 20
22 4
19 21
5 4
14 13
13 27
14 15
10 22
12 3
16 25
5 24
25 23
6 8
11 19
23 7
26 3
1 17
10 15
11 12
18 27
2 18
16 9
8 7
28 17
21 2
6 28
24 9
16
16 12
7 3
8 1
14 5
11 6
9 10
8 6
5 13
4 1
12 4
10 15
5 8
2 6
3 12
4 10
16
1 5
6 1
12 1
1 9
1 13
16 1
4 1
7 1
1 14
11 1
1 3
1 8
2 1
15 1
1 10
15
3 4
12 7
14 4
2 13
6 4
5 3
5 9
2 10
15 12
1 3
12 11
8 5
2 15
1 15
18
3 4
12 2
4 9
12 9
17 6
13 5
18 2
10 13
16 18
8 17
7 15
5 1
11 7
14 11
15 8
3 10
14 16
22
1 22
1 15
1 11
1 19
17 1
1 2
6 1
1 12
16 1
14 1
13 1
1 5
1 21
1 20
7 1
4 1
1 10
9 1
3 1
1 18
1 8
17
15 12
7 12
3 9
14 2
10 11
1 5
1 2
9 6
13 17
8 4
4 9
11 5
16 7
4 11
1 12
17 5
12
11 12
9 6
1 10
10 2
2 11
4 3
8 7
12 6
4 7
3 9
8 5
28
15 25
11 18
7 6
8 23
4 5
22 23
14 15
17 18
25 1
28 26
8 6
13 21
4 28
6 27
16 11
9 3
18 13
28 12
10 13
23 19
1 17
9 15
4 25
5 24
2 5
17 8
11 20
20
17 1
11 1
12 1
1 3
1 9
1 2
1 8
10 1
15 1
1 18
1 20
13 1
1 6
1 7
4 1
1 5
1 14
16 1
1 19
24
1 19
20 7
5 21
12 6
23 9
8 9
3 16
16 22
3 15
19 6
13 3
6 14
17 4
9 20
6 16
19 9
4 9
10 4
2 9
16 5
7 24
14 11
6 18
26
2 20
18 14
3 1
24 19
15 21
21 20
3 6
9 14
13 21
8 4
10 4
7 21
12 7
17 1
1 15
2 5
21 23
15 16
15 14
25 1
22 12
26 16
6 19
11 18
4 6
17
1 14
12 2
10 4
10 8
8 7
5 3
9 11
16 14
11 6
4 13
16 9
7 17
12 5
6 2
13 3
17 15
25
13 16
4 18
21 11
20 14
8 18
17 23
10 21
16 24
14 16
1 5
6 19
25 6
6 2
18 7
17 3
15 20
5 2
22 21
11 8
5 14
12 8
11 1
2 17
20 9
16
7 16
12 8
1 15
6 1
12 14
10 11
7 8
6 7
3 6
13 15
15 4
5 12
11 9
7 9
5 2
13
2 8
13 7
6 8
5 7
1 2
12 11
13 9
5 3
4 10
11 6
4 3
9 12
20
1 4
16 1
1 6
10 1
1 17
19 1
1 9
14 1
1 15
1 3
1 5
1 8
1 20
1 13
18 1
1 12
2 1
1 7
1 11
24
2 1
1 9
16 1
1 13
20 1
7 1
8 1
11 1
1 18
1 12
22 1
23 1
5 1
1 15
1 4
1 10
1 21
17 1
19 1
6 1
3 1
1 14
24 1
25
8 7
11 16
22 23
2 19
16 2
2 13
17 12
5 14
1 19
6 16
12 9
14 25
15 8
21 15
12 21
18 21
3 13
14 20
15 1
8 10
24 23
19 20
4 13
20 23
27
17 11
13 2
4 27
12 2
9 22
11 15
5 2
15 1
19 21
18 5
23 9
11 10
25 9
13 6
18 21
16 13
26 12
24 20
15 25
20 25
14 21
18 27
12 8
5 1
3 27
20 7
13
3 1
1 5
13 8
7 1
4 12
5 13
11 5
5 10
6 11
9 10
7 4
2 5
24
5 22
10 2
14 23
15 2
18 20
7 11
7 9
24 13
16 8
12 23
19 22
18 17
13 10
17 1
6 9
20 16
14 4
11 8
21 24
3 6
3 15
12 5
4 21
23
4 19
18 20
15 21
4 8
6 3
22 13
4 10
10 5
14 17
15 9
13 15
14 12
18 1
16 22
2 22
23 5
10 1
11 6
13 18
7 5
20 14
6 20
25
18 6
5 8
13 12
14 17
15 24
22 15
1 17
2 10
20 3
12 6
11 8
1 15
19 21
25 12
9 23
2 14
16 19
8 3
1 23
19 23
17 6
7 15
3 17
4 6
11
9 2
6 11
7 5
10 2
8 1
10 3
7 4
3 11
6 5
8 9
28
17 9
14 16
4 11
9 15
19 8
21 22
14 19
1 27
15 21
25 10
15 20
7 27
12 17
18 25
26 5
24 13
19 10
19 1
23 2
1 22
23 4
1 24
6 15
3 16
1 28
26 1
1 11
28
9 1
1 26
18 1
12 1
27 1
1 10
4 1
14 1
24 1
1 16
22 1
7 1
17 1
1 3
11 1
1 28
23 1
1 6
1 25
15 1
21 1
1 8
1 2
1 20
19 1
5 1
1 13
18
11 12
11 17
5 18
10 15
18 3
12 9
16 10
2 17
11 13
8 11
10 7
6 16
1 18
18 4
11 7
1 14
7 1
12
3 1
1 4
1 5
1 8
1 10
2 1
1 12
9 1
11 1
6 1
1 7
20
6 16
17 5
18 13
16 7
18 6
1 6
18 12
1 9
15 18
2 15
17 6
20 3
1 19
1 8
16 11
20 17
14 10
14 18
4 20
19
5 12
4 11
7 19
1 8
11 19
13 15
15 4
16 14
2 14
4 5
8 3
11 1
9 15
17 19
8 14
18 3
3 10
6 5
11
9 4
7 9
10 6
1 2
10 5
3 4
2 11
3 6
11 5
8 7
23
3 21
7 15
12 18
14 8
16 18
23 17
2 20
3 5
13 5
1 19
20 17
7 9
11 9
22 13
14 6
11 4
19 21
8 15
4 23
16 10
22 6
2 12
20
4 6
16 20
10 19
5 11
9 11
19 3
14 9
18 17
15 17
16 2
8 9
1 14
17 10
2 4
4 13
1 2
7 19
16 12
10 14
14
9 8
6 1
7 13
12 7
10 4
2 8
14 11
6 10
4 9
13 5
3 5
3 14
12 2
21
17 2
5 21
18 12
12 20
15 18
18 19
16 6
1 20
16 8
21 11
7 1
9 13
7 16
4 2
7 2
3 14
10 13
14 20
13 12
21 14
24
23 6
18 9
10 8
13 3
8 17
3 1
24 3
6 16
2 3
4 19
17 1
15 8
1 14
21 12
20 24
19 2
17 7
22 13
5 1
18 1
12 4
1 23
11 21
19
10 4
14 15
6 19
5 14
17 3
19 1
10 8
3 1
13 12
6 10
12 11
9 2
19 14
18 9
16 17
3 9
7 17
6 12
19
19 3
12 1
5 19
1 6
17 6
18 14
16 10
15 16
16 12
16 18
13 4
1 11
7 10
16 13
16 8
3 6
9 11
2 8
29
1 2
4 1
1 12
20 1
8 1
1 11
1 26
24 1
9 1
1 23
13 1
7 1
1 16
6 1
1 3
1 29
1 18
1 19
15 1
1 14
25 1
17 1
1 21
10 1
5 1
1 28
22 1
1 27
25
7 21
24 25
20 12
3 8
8 2
1 5
10 5
6 25
12 23
17 11
17 16
13 22
21 19
23 18
16 15
15 9
9 24
10 22
7 13
19 4
6 3
2 14
14 4
11 20
26
25 11
25 2
1 12
6 25
4 5
19 3
15 4
26 23
17 18
19 9
10 17
21 15
16 23
12 6
12 15
8 22
6 23
22 20
4 24
13 17
18 9
14 21
7 21
1 18
22 9
25
22 15
2 20
3 14
22 8
3 8
17 4
18 17
13 14
18 7
10 19
5 7
7 11
16 21
20 13
24 7
7 12
1 8
10 24
6 7
21 23
23 18
23 9
25 19
18 1
18
7 15
8 6
10 11
13 2
14 9
18 1
16 6
1 17
7 17
14 18
18 10
14 4
3 10
2 8
5 2
12 7
17 8
25
10 6
3 25
3 1
3 8
1 16
10 11
14 4
2 13
23 19
24 3
6 21
11 1
9 21
17 16
8 23
11 18
15 23
22 1
2 1
11 7
10 20
24 14
5 2
12 16
19
1 16
1 10
9 1
1 14
1 15
1 7
1 12
6 1
1 5
8 1
1 18
1 13
1 11
4 1
1 19
2 1
3 1
1 17
10
1 2
6 1
1 10
1 5
4 1
3 1
7 1
8 1
9 1
14
13 4
13 14
14 9
2 8
10 12
8 10
7 2
11 14
1 8
5 4
6 4
1 13
3 10
24
1 12
1 3
14 1
6 1
1 24
1 22
5 1
1 13
1 4
1 20
15 1
16 1
1 11
1 19
1 23
18 1
9 1
7 1
1 8
1 10
2 1
1 17
1 21
25
19 9
14 23
25 17
3 16
10 15
17 7
2 22
22 4
25 15
20 12
14 4
16 10
5 9
24 5
20 13
7 6
8 18
21 13
6 12
24 3
19 18
21 1
11 8
23 11
11
11 9
4 5
2 6
6 10
8 5
10 7
9 8
3 11
2 1
7 3
17
10 14
12 2
9 8
2 7
11 12
5 16
5 1
3 10
9 4
13 16
1 14
9 14
17 12
15 16
5 2
10 6
22
6 1
18 7
11 19
9 17
21 7
5 22
8 4
16 7
14 17
16 15
11 6
20 17
12 3
10 11
1 15
15 9
2 8
9 5
6 12
12 13
8 16
27
6 1
5 1
1 22
1 12
1 21
7 1
13 1
1 20
19 1
26 1
17 1
1 4
1 18
1 16
25 1
2 1
1 9
1 27
1 10
1 14
1 3
23 1
15 1
8 1
1 11
24 1
25
20 17
20 25
10 3
16 14
8 11
6 5
18 1
2 23
11 19
24 2
21 23
14 13
11 22
18 19
7 14
21 9
23 1
21 4
7 20
19 5
12 5
7 18
2 3
3 15
18
8 16
4 3
12 1
5 10
1 6
4 13
15 18
13 14
13 1
8 18
2 11
1 2
17 4
8 5
18 13
9 5
9 7
27
25 1
10 6
1 7
21 11
14 12
4 18
25 22
15 16
27 13
10 11
21 9
24 16
18 23
3 9
14 19
16 25
2 10
8 16
10 20
24 5
11 18
17 22
26 17
12 16
1 21
13 2
26
2 17
8 4
11 23
3 14
6 9
17 11
23 25
19 26
10 12
3 1
16 3
13 12
6 19
3 19
14 20
18 5
1 7
3 22
11 15
24 13
17 21
18 14
8 24
13 1
17 1
15
11 12
1 3
2 10
13 4
15 8
5 14
4 5
12 9
15 7
6 10
7 3
11 2
14 9
8 6
20
4 2
3 18
4 7
8 19
9 14
9 6
20 3
15 19
3 16
18 17
6 8
11 19
18 1
10 19
12 6
4 13
18 4
5 15
1 19
13
1 5
13 11
3 4
10 2
9 7
7 4
12 6
3 2
5 8
9 11
12 8
13 6
25
17 15
5 16
11 7
25 17
18 12
4 9
24 21
3 12
1 22
14 20
18 8
5 24
19 8
20 21
9 6
23 11
6 13
3 2
10 19
10 13
15 23
14 25
4 7
22 2
16
5 1
1 13
1 2
1 4
1 7
10 1
1 14
1 3
8 1
15 1
1 12
1 6
1 9
16 1
1 11
17
6 16
3 2
1 11
14 8
16 14
12 13
3 10
17 11
9 5
17 5
10 4
7 2
6 7
8 15
4 9
12 15
28
18 25
6 12
22 10
21 7
11 13
1 3
28 9
10 17
12 16
1 4
15 7
9 18
3 2
19 13
14 17
19 26
16 24
12 19
20 3
7 27
23 6
28 4
7 5
19 7
1 14
3 8
12 14
27
16 11
3 13
24 14
14 26
18 19
6 14
25 15
16 26
1 16
1 9
10 17
20 4
17 21
18 23
11 27
3 26
3 12
8 27
7 15
23 17
2 18
9 15
23 9
20 11
20 22
5 27
11
3 5
3 2
1 3
10 7
1 10
10 8
5 4
2 6
2 11
9 5
16
7 10
5 10
4 12
5 14
13 6
6 11
9 12
15 3
13 8
7 3
16 1
11 15
16 9
14 4
8 2
27
23 14
2 5
2 12
11 19
2 15
27 26
23 22
1 23
1 11
11 3
17 23
6 7
10 1
23 4
17 25
21 3
24 20
18 2
2 11
26 13
6 11
9 6
26 6
12 16
8 10
24 6
13
12 5
12 2
12 6
8 3
1 13
4 13
7 12
3 9
10 5
1 5
10 9
3 11
18
4 7
2 3
15 5
17 14
13 12
2 7
17 13
18 4
11 8
1 10
16 6
15 9
8 6
12 11
5 16
10 18
14 3
27
10 11
9 20
13 6
27 1
19 16
7 5
8 15
8 10
17 7
25 21
1 24
1 7
12 26
21 2
4 14
12 3
18 21
14 1
4 9
3 21
3 1
16 24
22 12
23 5
6 7
15 21
15
3 9
15 8
13 8
7 3
5 4
14 13
6 12
2 8
5 2
8 1
11 1
12 11
8 3
10 11
22
16 13
20 3
1 11
15 21
18 17
20 5
13 14
20 8
21 22
7 19
4 1
22 14
22 19
6 9
13 12
14 18
22 6
22 2
1 18
10 22
4 5
23
20 15
11 16
4 5
2 17
22 5
10 8
9 18
7 10
15 16
23 11
21 12
13 23
17 6
18 8
12 9
19 22
14 19
20 21
7 4
3 1
3 13
6 14
21
2 9
17 5
21 20
16 17
19 15
8 19
12 21
8 1
12 2
13 11
3 18
19 13
4 13
2 10
16 8
1 12
16 3
7 21
3 6
14 17
26
18 24
10 7
5 10
19 1
13 9
22 17
21 6
6 15
20 9
24 11
8 25
12 3
14 22
20 19
22 19
3 16
4 16
23 6
23 8
2 8
1 12
3 24
16 26
20 10
12 23
23
1 4
2 4
13 20
19 3
23 16
23 18
23 9
17 23
5 3
6 3
23 7
21 20
11 3
3 22
8 23
23 19
1 19
10 15
19 10
19 12
1 20
22 14
21
4 21
12 15
10 3
4 3
14 13
8 19
3 20
14 9
7 19
6 17
1 7
18 8
13 1
5 17
13 17
8 11
7 4
15 16
14 2
19 15
13
2 9
8 3
9 6
8 1
6 7
11 13
10 6
8 5
4 13
8 13
8 12
1 9
16
2 1
1 8
1 6
1 3
1 10
16 1
12 1
5 1
7 1
1 9
13 1
15 1
11 1
1 4
14 1
19
3 11
14 9
5 12
18 9
19 3
7 1
2 10
11 15
8 15
12 6
17 7
19 4
13 4
18 17
16 14
8 6
10 16
5 2
15
7 10
6 15
8 2
12 11
12 4
10 4
8 15
2 7
13 14
1 13
3 5
5 9
6 3
9 14
26
1 23
1 10
17 1
21 1
1 4
11 1
19 1
8 1
5 1
24 1
7 1
14 1
1 15
1 6
1 3
25 1
1 22
1 13
26 1
12 1
1 18
2 1
1 16
1 20
9 1
10
6 8
9 3
5 10
4 8
7 8
4 9
1 4
10 2
1 10
17
14 12
10 16
7 9
1 15
2 13
3 11
2 17
3 5
6 14
4 7
15 3
2 8
7 16
1 13
15 14
16 13
27
13 12
10 7
25 9
10 22
17 3
23 6
11 8
2 1
21 7
2 11
9 14
12 4
5 13
18 16
24 26
17 15
27 14
25 5
19 15
24 20
20 4
6 22
26 23
3 8
19 21
27 18
21
1 10
14 1
21 1
8 1
1 4
1 6
17 1
1 15
1 11
2 1
1 9
1 12
13 1
1 16
7 1
1 20
5 1
3 1
18 1
19 1
28
23 1
17 1
11 16
14 21
28 11
3 6
27 28
20 11
11 1
5 1
12 1
10 1
28 9
16 26
2 19
6 16
2 16
16 18
13 17
1 25
14 22
18 21
4 1
20 7
11 24
12 15
8 1
26
5 25
17 15
1 6
4 22
26 18
16 26
10 14
19 24
18 11
11 3
21 26
4 6
10 24
20 11
18 14
2 22
1 14
12 15
8 9
10 15
9 13
25 23
24 7
25 6
9 4
20
18 4
10 12
20 8
17 15
7 13
14 1
18 5
16 12
16 3
7 15
20 19
11 10
2 19
3 2
6 4
13 9
9 8
17 6
14 11
25
15 5
1 18
9 1
13 11
18 15
9 8
17 13
13 9
7 9
20 18
12 25
14 1
16 3
25 18
9 21
11 22
8 10
2 25
25 16
18 19
23 18
24 17
6 23
15 4
16
3 15
12 14
14 1
1 5
14 6
11 8
4 8
13 3
11 13
11 1
11 10
16 14
2 11
7 8
9 8
19
11 19
7 1
11 7
16 17
6 8
14 5
6 4
2 8
9 19
15 9
18 5
18 13
14 12
3 17
12 10
15 4
16 13
10 2
12
1 5
1 11
10 1
1 7
1 4
3 1
6 1
12 1
8 1
1 9
2 1
18
8 12
17 6
7 16
18 11
11 7
3 4
9 2
9 15
4 16
8 14
12 17
18 2
14 15
5 13
3 13
1 10
5 10
29
16 18
17 11
19 24
14 22
19 8
3 20
27 5
28 12
5 23
12 29
2 3
11 7
7 22
23 21
14 2
4 20
16 21
13 4
9 10
6 18
25 26
27 29
9 8
26 15
13 1
10 6
17 15
24 25
18
10 14
9 2
8 3
13 10
11 1
7 17
6 16
4 3
9 8
7 12
3 15
18 10
11 7
1 13
8 13
6 11
5 6
20
12 3
4 1
8 3
11 14
3 2
9 18
11 20
15 12
18 6
13 3
13 5
10 20
15 16
19 13
13 17
13 1
11 1
7 12
11 18
22
18 15
21 12
19 11
6 1
14 17
16 21
3 4
20 1
9 7
16 8
5 1
20 7
20 15
14 19
22 14
4 12
18 12
10 7
2 16
19 18
13 16
19
1 7
18 1
13 1
5 1
1 14
3 1
1 9
1 11
12 1
1 17
1 8
1 16
10 1
1 15
1 2
4 1
6 1
19 1
28
1 18
3 1
1 12
1 8
1 19
1 7
4 1
23 1
28 1
25 1
1 16
1 22
1 13
1 26
1 15
24 1
20 1
1 10
1 9
1 14
27 1
11 1
1 17
5 1
6 1
1 2
1 21
29
11 9
12 22
1 5
6 26
16 29
2 6
24 4
15 6
4 14
18 21
19 23
28 21
4 16
10 15
16 1
1 13
25 3
13 23
19 7
15 25
4 20
12 2
18 9
13 2
8 25
9 2
1 27
9 17
27
25 23
9 27
20 15
4 10
16 11
15 7
27 16
13 23
11 1
25 15
2 16
6 2
14 13
22 26
26 17
8 4
26 18
25 5
27 12
18 4
5 19
13 24
23 1
11 18
21 5
2 3
22
11 1
20 5
19 10
6 22
7 18
11 8
9 16
9 12
6 3
13 21
22 18
8 15
5 11
5 14
8 2
13 1
13 22
21 10
9 21
10 4
18 17
16
11 4
1 3
15 5
11 1
13 2
10 4
12 3
13 3
16 12
11 5
6 4
9 5
12 8
13 14
7 2
28
1 16
1 2
1 19
1 13
1 17
1 11
1 15
1 14
1 12
6 1
3 1
1 25
1 20
1 27
1 22
1 7
24 1
4 1
1 18
1 8
10 1
1 23
21 1
26 1
1 5
28 1
1 9
21
13 21
12 10
3 5
6 10
1 12
8 18
19 5
14 1
11 17
12 21
15 7
8 14
20 21
2 10
7 16
14 3
5 9
17 4
7 3
17 8
29
3 25
15 4
11 26
23 29
24 5
7 10
9 25
21 9
20 19
24 25
14 15
16 8
1 6
22 17
13 22
12 13
6 11
13 6
27 18
18 6
15 6
8 19
5 2
28 20
23 18
10 9
15 3
19 6
28
23 1
15 1
1 14
9 1
1 5
1 3
28 1
1 13
18 1
24 1
21 1
1 20
10 1
1 16
1 22
11 1
7 1
8 1
12 1
27 1
2 1
6 1
1 17
4 1
1 26
1 19
1 25
21
20 8
6 9
5 3
12 15
13 2
7 1
18 14
20 15
2 19
18 7
5 9
4 16
11 21
12 13
17 10
21 3
14 8
6 4
10 11
19 17
27
22 19
3 4
2 17
6 19
21 17
21 10
24 1
24 15
9 18
11 16
7 18
27 26
12 25
14 5
20 10
14 8
5 12
15 13
23 2
16 7
27 23
13 4
3 8
22 26
25 6
20 11
18
2 16
3 14
6 17
13 18
15 18
10 15
12 11
15 5
12 13
1 9
2 9
17 13
3 8
3 9
7 2
18 1
4 12
13
13 5
1 7
3 2
7 9
13 9
9 12
7 10
11 6
7 11
3 9
8 9
9 4
11
8 5
2 8
10 6
3 10
7 3
2 7
4 6
5 11
11 1
9 4
28
6 1
1 24
1 16
1 15
1 8
1 3
9 1
22 1
1 5
1 20
2 1
12 1
1 7
1 17
4 1
1 13
26 1
1 25
18 1
1 23
27 1
1 21
10 1
1 28
1 19
1 14
1 11
26
22 1
1 3
26 1
1 20
2 1
13 1
15 1
24 1
1 7
1 23
9 1
1 10
21 1
1 6
1 8
1 4
12 1
1 25
1 14
11 1
18 1
5 1
1 16
1 19
17 1
22
21 14
11 20
9 19
18 12
6 20
8 7
1 13
6 15
2 4
7 2
16 3
15 5
19 11
10 5
13 21
3 22
16 18
10 17
8 14
22 4
17 12
11
10 11
3 9
2 6
2 5
3 8
7 9
5 8
1 4
11 6
4 7
14
12 7
6 7
9 1
7 11
2 4
3 9
9 5
9 10
13 7
1 14
2 10
7 1
8 6
18
13 5
6 11
5 12
17 8
12 18
10 2
14 11
16 7
7 2
5 3
9 10
2 1
4 7
1 18
12 8
18 11
15 10
15
14 8
9 11
6 3
1 14
3 15
2 1
14 6
9 4
4 7
5 6
12 4
14 9
10 6
6 13
29
11 1
20 1
1 4
18 1
10 1
1 27
1 7
1 13
1 15
3 1
21 1
1 16
17 1
1 6
1 23
1 28
1 29
1 2
1 14
1 25
1 24
9 1
1 19
8 1
22 1
1 5
12 1
26 1
14
13 7
3 2
8 5
13 14
9 10
2 8
3 14
6 5
4 12
5 9
12 14
1 5
11 6
26
1 4
18 1
13 1
22 1
17 1
1 20
1 6
21 1
16 1
23 1
1 10
24 1
1 14
1 2
19 1
1 7
26 1
12 1
1 8
3 1
25 1
1 5
11 1
9 1
15 1
16
11 13
14 8
16 15
12 5
14 5
11 10
9 2
6 13
2 4
1 3
15 12
6 9
16 7
7 10
3 8
25
13 1
8 1
4 1
1 5
1 20
25 1
1 2
1 6
16 1
17 1
1 22
1 11
19 1
21 1
9 1
10 1
1 3
14 1
1 15
1 23
1 7
1 18
24 1
12 1
21
13 1
19 12
2 6
20 5
9 4
17 19
14 1
13 6
6 4
1 5
8 2
7 10
11 7
15 20
12 16
20 10
1 12
3 1
1 18
18 21
20
1 17
3 11
9 6
20 12
12 13
1 8
2 17
5 19
12 9
10 12
12 1
15 14
4 13
16 1
15 1
7 9
18 12
11 17
1 19
24
1 18
14 1
1 16
1 2
1 15
19 1
1 3
1 11
1 8
1 9
1 6
1 22
1 12
1 7
1 13
1 23
1 20
10 1
1 24
1 17
4 1
1 21
5 1
25
5 1
11 20
4 19
10 12
3 7
15 6
10 2
6 22
6 14
11 22
21 13
5 21
1 22
16 13
24 13
4 25
8 20
11 18
17 10
4 21
17 3
5 17
23 20
9 3
22
17 21
15 8
6 22
1 9
18 7
11 18
16 19
8 17
13 22
9 3
21 2
19 20
16 13
6 12
10 4
5 3
10 14
12 15
2 14
20 5
4 11
11
10 1
4 11
3 2
9 11
5 8
5 7
9 3
6 8
7 2
10 4
11
2 5
1 11
2 10
5 6
3 11
6 9
4 9
3 4
10 7
7 8
26
8 20
25 1
9 17
3 19
8 25
14 1
14 16
19 26
13 10
25 10
16 9
18 23
15 16
8 5
4 12
7 15
15 22
21 19
9 24
4 6
13 11
13 2
3 4
10 23
14 3
15
13 1
10 4
11 14
5 13
7 15
11 6
4 7
9 8
9 10
5 12
6 15
14 2
12 3
8 3
11
4 11
1 10
10 8
7 10
5 2
6 7
11 8
1 9
1 3
9 2
16
7 4
16 9
10 11
3 8
11 14
4 8
9 10
12 6
3 5
2 7
16 13
15 5
13 12
15 1
14 2
23
5 8
11 19
8 23
20 17
15 23
5 11
2 10
4 2
13 4
21 9
15 12
13 21
17 22
7 1
20 16
16 3
10 7
6 9
18 14
6 12
22 18
14 19
10
8 1
1 2
1 6
10 6
5 2
2 9
3 9
4 3
9 7
14
9 13
6 10
9 7
10 3
4 12
3 8
12 2
6 13
2 11
5 8
7 11
5 14
4 1
18
1 4
1 13
17 1
1 3
14 1
1 9
1 8
1 16
1 7
1 11
2 1
15 1
1 6
1 18
1 10
5 1
1 12
11
4 1
1 3
6 1
1 7
2 1
11 1
5 1
1 8
1 9
1 10
28
8 13
17 24
19 12
26 2
20 25
7 21
7 1
3 1
25 15
17 3
3 13
11 13
23 1
20 3
18 12
16 4
16 14
10 16
13 5
28 6
4 9
6 3
11 9
6 12
16 27
22 9
26 6
23
12 9
5 3
8 22
18 17
2 13
8 19
11 4
13 15
21 14
7 8
10 21
7 6
8 3
20 15
21 9
17 23
1 23
8 15
23 15
7 11
8 16
23 21
25
7 4
10 1
22 17
24 5
23 2
3 17
15 18
1 2
8 11
9 24
10 18
5 20
11 1
14 4
22 12
5 13
20 25
1 6
21 9
24 16
20 4
6 25
22 1
3 19
18
4 1
5 1
1 12
17 1
2 1
7 1
6 1
15 1
11 1
13 1
10 1
1 3
1 9
1 8
1 18
16 1
14 1
29
10 4
21 9
8 9
7 16
20 6
2 13
16 28
6 25
27 20
24 21
1 7
17 29
3 27
12 5
3 22
18 26
11 4
15 28
24 25
18 14
23 22
10 19
12 23
2 29
5 26
13 14
15 8
11 17
16
16 12
2 8
13 6
12 14
9 3
13 4
5 2
1 8
12 15
16 9
14 11
2 7
8 13
9 10
1 16
23
13 9
20 7
23 15
19 13
18 13
7 14
17 4
21 1
21 5
10 1
4 12
9 10
10 6
5 8
9 7
23 2
6 4
22 5
3 21
16 3
6 23
11 3
13
5 10
1 12
1 10
3 8
9 3
3 12
6 10
12 13
5 7
11 6
6 2
5 4
16
13 4
3 2
12 13
1 7
4 14
7 9
15 3
13 6
9 16
1 4
14 5
9 11
14 8
7 3
6 10
11
10 5
6 9
1 7
5 2
1 8
6 7
10 7
11 7
5 3
1 4
14
9 6
9 1
11 1
5 7
3 14
12 7
14 2
4 13
8 13
7 1
9 13
6 10
6 3
19
18 4
16 19
6 14
9 16
19 3
7 16
15 11
10 15
11 2
17 4
15 13
6 10
17 16
7 12
17 8
1 17
5 19
15 17
26
9 24
18 10
3 15
13 1
16 19
7 22
6 11
11 17
8 1
4 20
11 1
26 14
1 3
14 4
11 2
13 7
25 15
21 23
13 14
9 12
5 16
1 24
11 10
22 16
6 21
28
1 8
15 1
25 1
7 1
19 1
9 1
1 2
20 1
26 1
1 4
1 3
12 1
23 1
18 1
1 5
24 1
1 6
22 1
13 1
1 28
14 1
16 1
1 10
11 1
17 1
1 21
27 1
28
5 16
24 11
21 14
14 9
12 22
22 19
7 4
17 12
8 20
23 26
3 6
9 23
18 16
10 26
27 13
28 25
13 6
20 21
18 15
1 19
17 25
28 7
15 8
4 10
3 11
2 24
5 27
27
11 27
7 25
2 21
15 10
14 20
7 26
8 5
12 6
4 27
27 3
6 1
21 22
17 21
7 12
15 9
12 15
14 17
16 19
6 16
13 5
23 14
11 18
24 16
5 11
17 18
18 1
26
12 3
18 8
11 2
17 13
23 12
24 17
4 2
5 13
8 26
22 16
13 15
20 25
19 7
6 26
26 10
24 26
13 12
22 24
13 19
20 1
22 14
1 12
2 20
16 21
18 9
28
28 20
2 22
9 10
4 7
17 14
24 3
7 24
18 6
12 21
4 5
15 23
9 6
25 8
28 16
19 8
13 10
19 26
13 15
18 27
5 12
3 17
25 2
14 20
23 22
11 16
1 21
27 11
25
13 5
12 25
20 14
17 1
6 2
5 3
19 9
7 12
9 20
23 6
4 22
15 11
18 15
23 16
13 17
10 7
25 14
16 3
11 21
4 8
21 2
18 24
24 22
8 10
25
9 11
25 5
4 2
14 5
16 6
22 11
23 13
1 11
8 1
15 1
3 22
12 8
10 18
1 21
13 5
5 6
7 21
10 17
20 17
5 10
19 14
1 20
2 20
24 1
16
6 2
5 14
12 7
10 9
8 15
11 14
3 9
4 1
13 15
3 5
7 8
6 13
2 11
10 16
4 16
25
6 17
18 20
14 20
1 17
11 10
3 20
7 11
12 24
3 23
25 9
17 25
15 7
1 16
11 13
6 19
8 12
22 15
15 4
2 23
5 23
7 16
12 25
3 16
6 21
29
10 1
1 18
21 1
1 2
23 1
7 1
11 1
1 6
25 1
1 13
14 1
1 20
1 16
5 1
1 27
17 1
1 24
1 22
8 1
1 15
29 1
26 1
19 1
1 12
28 1
4 1
1 9
3 1
15
2 12
14 15
3 6
9 13
1 12
12 7
9 1
14 7
4 12
5 8
4 10
3 14
11 8
8 9
23
20 3
6 18
5 12
6 21
23 14
7 13
23 17
19 8
9 1
19 20
22 4
12 7
2 14
5 21
10 13
15 9
10 2
16 11
4 18
3 15
17 11
8 16
26
7 4
6 1
14 26
8 16
10 11
4 1
7 8
17 4
19 9
10 6
2 22
25 6
19 17
26 25
5 23
20 25
22 17
20 15
20 21
5 24
18 10
5 7
12 19
13 22
8 3
28
16 1
22 1
13 1
14 1
1 11
15 1
1 20
9 1
1 24
1 4
1 7
1 17
12 1
1 21
8 1
1 2
25 1
1 5
1 10
1 18
1 28
23 1
1 27
19 1
1 26
1 6
1 3
24
23 1
1 9
10 1
4 1
21 1
16 1
11 1
1 17
6 1
1 5
1 7
1 18
1 3
1 22
20 1
1 24
14 1
1 2
12 1
8 1
13 1
15 1
1 19
24
18 21
14 8
1 21
2 4
3 5
16 17
23 16
17 9
24 11
17 10
15 17
21 17
20 3
9 6
8 7
3 1
12 18
1 8
22 7
7 13
22 11
4 23
16 19
14
14 8
6 5
13 3
7 12
4 8
2 7
14 1
11 8
10 7
9 13
14 13
1 2
5 2
13
7 1
3 1
1 13
1 10
12 1
1 8
9 1
11 1
1 2
4 1
1 5
6 1
18
18 7
8 18
4 16
12 6
10 4
11 1
4 11
5 9
17 1
6 5
13 17
14 13
6 11
17 18
12 15
3 13
2 12
24
7 6
1 17
8 22
8 16
20 24
21 19
24 14
21 12
24 3
11 19
10 15
17 23
23 18
19 4
6 2
20 6
21 10
12 1
5 23
8 17
13 5
9 10
12 20
24
7 17
22 21
14 18
3 12
17 19
9 7
15 3
20 8
4 20
16 19
16 10
18 15
22 9
10 24
5 11
6 14
5 21
13 2
8 23
6 4
11 23
13 24
1 2
15
2 7
4 12
6 12
13 1
13 3
11 13
10 7
9 6
11 15
3 5
7 4
14 3
1 10
8 1
20
1 12
1 20
16 1
1 11
17 1
3 1
14 1
10 1
1 2
7 1
1 19
1 15
13 1
1 18
1 5
1 6
1 8
9 1
1 4
15
14 1
1 5
1 13
2 1
8 1
1 12
7 1
4 1
1 9
1 10
11 1
15 1
1 6
3 1
22
13 8
10 2
18 6
9 7
6 11
16 3
15 12
20 19
16 10
8 1
20 21
5 19
14 15
14 18
2 22
3 17
4 7
12 5
22 13
21 9
17 4
12
1 12
1 10
3 1
4 9
12 7
2 10
2 5
10 6
1 4
8 4
12 11
20
4 7
5 10
5 3
18 4
19 6
9 18
10 14
8 11
7 12
15 16
2 6
3 19
13 16
20 11
13 8
2 1
17 20
17 14
15 9
10
10 5
10 8
7 4
8 2
10 1
9 5
3 4
1 4
6 8
29
24 29
24 23
4 22
1 15
4 18
28 17
27 26
5 8
20 25
3 16
19 25
14 10
23 1
28 26
25 3
21 10
2 26
26 16
1 21
6 13
16 15
8 22
21 13
9 7
11 19
12 26
9 3
16 8
18
1 14
1 10
1 17
3 1
1 6
8 1
1 4
1 11
1 13
9 1
2 1
1 12
1 5
1 18
7 1
15 1
1 16
17
8 15
4 12
16 2
7 13
10 14
10 9
16 12
11 9
3 17
1 2
17 13
8 5
14 6
7 4
3 5
15 11
28
25 1
1 3
1 5
11 1
1 24
1 20
1 26
17 1
1 21
1 10
15 1
19 1
1 13
4 1
23 1
1 8
12 1
1 18
1 2
1 22
6 1
1 27
1 7
1 14
16 1
1 28
1 9
27
1 11
1 27
23 1
1 16
1 25
1 24
1 14
3 1
12 1
21 1
8 1
9 1
26 1
10 1
1 19
1 18
5 1
1 13
1 7
1 22
4 1
2 1
15 1
20 1
6 1
17 1
27
25 6
14 1
20 26
5 1
13 19
7 1
1 3
19 6
16 11
26 21
5 18
2 14
14 23
24 21
17 24
24 5
15 25
21 4
9 7
15 7
12 14
11 14
27 7
8 2
15 10
24 22
16
16 13
10 12
11 6
10 5
6 8
1 14
2 14
10 14
8 1
11 3
9 2
7 6
15 2
4 13
8 13
15
7 11
5 1
15 13
7 1
4 5
3 11
9 12
10 9
6 4
15 5
2 4
7 9
11 8
14 15
21
6 14
5 19
4 5
4 9
16 13
10 5
17 1
11 3
7 11
18 13
8 15
13 20
2 8
17 4
9 21
9 12
6 11
20 8
6 17
20 1
27
11 12
2 10
5 16
8 12
27 10
18 26
6 5
25 22
22 17
3 1
19 9
21 25
8 16
7 18
23 24
13 20
24 14
11 4
9 27
6 15
4 2
3 14
15 26
23 19
13 17
20 7
12
10 3
3 1
1 8
11 12
8 6
7 2
5 1
4 12
2 5
1 9
5 12
16
13 1
3 11
14 10
7 2
14 1
15 7
10 9
13 6
8 5
6 15
4 6
6 5
4 11
4 12
11 16
17
15 10
15 7
4 6
9 10
2 7
4 11
5 10
16 17
12 17
17 14
7 13
16 4
6 3
1 16
1 15
8 6
23
2 1
1 10
1 6
7 1
15 1
1 23
11 1
1 20
1 16
22 1
1 3
21 1
18 1
13 1
9 1
12 1
4 1
14 1
1 17
1 5
8 1
19 1
22
22 14
21 1
15 13
11 6
6 16
6 18
14 8
13 19
9 7
4 21
11 1
11 5
14 4
12 5
4 7
3 17
15 21
2 5
13 10
20 17
15 17
13
12 3
11 4
12 9
8 5
8 12
7 1
6 8
11 2
8 1
11 1
7 10
13 1
28
13 1
1 10
8 1
19 1
5 1
2 1
1 20
1 11
1 6
4 1
16 1
15 1
1 25
1 28
14 1
1 7
27 1
3 1
1 17
1 18
21 1
9 1
26 1
24 1
23 1
12 1
1 22
26
1 3
22 1
1 7
8 1
1 5
1 2
1 15
1 24
1 19
26 1
13 1
1 16
25 1
4 1
1 21
1 18
1 6
14 1
11 1
1 23
12 1
9 1
20 1
17 1
1 10
18
5 2
7 18
7 17
15 5
7 8
1 8
2 14
10 12
5 1
10 11
9 4
15 16
9 15
2 6
3 16
16 13
8 10
15
9 15
11 2
11 14
10 14
12 3
8 11
4 3
9 6
10 7
1 4
5 3
10 13
9 4
1 14
16
9 16
2 13
11 12
8 15
16 12
13 4
6 11
7 12
14 9
15 5
4 15
1 16
9 3
4 1
13 10
17
10 13
10 11
17 3
4 10
15 1
3 5
17 1
9 16
3 12
17 16
8 7
2 7
15 7
14 13
13 15
16 6
21
14 2
7 20
16 9
7 6
7 3
19 11
15 8
2 10
2 18
17 16
17 1
13 11
20 17
16 5
10 11
1 10
21 5
15 20
4 5
15 12
24
6 8
4 6
7 11
10 20
9 15
13 14
4 2
17 12
16 19
14 17
23 22
13 3
16 11
18 15
18 10
21 9
2 3
24 1
24 23
12 5
19 5
22 20
8 21
23
6 21
12 4
23 10
21 2
15 6
18 5
8 7
14 8
3 17
1 23
11 16
9 22
16 12
19 7
10 2
18 14
17 20
20 4
11 5
19 15
9 13
3 22
21
9 20
19 18
12 2
15 1
10 21
13 7
4 1
17 18
5 14
6 12
13 11
15 21
16 13
20 4
12 21
18 7
4 14
7 15
3 20
8 14
17
1 13
7 1
1 3
1 15
1 8
1 4
11 1
1 2
1 9
1 6
16 1
1 10
1 12
1 5
1 17
1 14
28
6 1
1 20
13 1
1 10
1 26
1 4
1 7
1 23
1 15
3 1
18 1
1 25
1 11
1 2
1 19
14 1
1 22
8 1
16 1
9 1
1 28
5 1
12 1
21 1
1 24
17 1
27 1
17
8 16
11 7
13 12
12 17
16 3
2 5
11 6
5 9
10 2
16 14
1 8
11 10
12 8
1 10
15 5
4 2
17
13 1
6 1
6 2
16 17
15 7
9 6
9 15
4 1
16 14
3 2
5 9
6 11
6 16
8 13
15 10
9 12
24
6 9
24 20
15 4
3 19
11 24
1 16
18 10
18 22
19 2
3 23
21 14
6 5
4 22
17 12
16 15
21 10
11 5
8 12
17 7
20 2
14 13
9 8
7 13
28
15 20
3 5
15 24
12 6
23 21
19 23
28 13
14 26
18 16
22 7
11 26
25 2
21 18
14 5
22 13
6 4
19 17
7 16
4 3
10 27
24 10
9 12
25 8
28 1
17 9
11 2
20 8
23
13 1
11 1
21 1
17 1
1 22
1 20
1 12
1 3
19 1
1 15
2 1
1 18
14 1
9 1
1 7
4 1
1 16
1 23
8 1
1 6
10 1
5 1
17
14 15
15 3
4 7
15 7
12 1
14 13
14 1
6 10
6 2
7 17
12 5
6 16
14 2
9 11
8 16
5 9
18
1 16
5 1
15 1
17 1
12 1
10 1
2 1
9 1
3 1
7 1
1 8
1 18
11 1
1 13
6 1
1 4
1 14
24
2 3
10 19
23 8
10 5
21 5
11 1
12 7
21 13
24 7
16 23
20 9
12 4
15 18
3 16
18 2
17 9
8 22
19 24
6 22
6 13
11 14
4 20
15 14
23
1 3
14 6
12 15
7 11
4 20
12 7
1 13
14 9
5 11
10 18
18 23
7 3
20 13
11 2
22 12
3 10
18 17
14 13
21 16
19 20
8 16
10 16
27
17 7
16 3
20 23
21 6
17 5
1 10
3 12
22 13
8 4
4 6
12 19
20 22
7 24
27 13
18 26
15 11
15 10
26 21
16 11
2 8
19 14
9 23
2 25
18 5
27 14
25 9
14
2 1
10 1
5 1
12 1
4 1
11 1
1 8
1 6
1 14
1 13
1 3
1 9
1 7
12
1 7
1 12
9 1
1 3
1 11
10 1
8 1
1 2
1 6
5 1
1 4
16
1 14
15 1
9 1
11 1
1 2
4 1
1 5
1 6
8 1
1 3
10 1
1 7
13 1
1 16
12 1
27
1 7
1 11
14 1
1 27
1 5
1 22
13 1
20 1
1 8
1 25
4 1
1 16
17 1
1 10
1 9
2 1
24 1
1 18
1 12
1 3
15 1
1 21
1 19
1 26
1 6
23 1
10
5 2
1 10
1 5
9 6
7 5
1 9
8 1
6 4
6 3
14
12 2
14 10
4 6
3 1
10 3
8 6
13 2
8 5
7 5
8 1
5 11
3 2
6 9
18
4 14
3 17
2 6
2 10
1 13
9 12
11 12
5 16
7 15
8 13
8 6
18 15
9 14
17 5
18 10
7 16
11 3
21
18 20
21 7
13 16
11 15
7 10
6 2
8 19
21 4
3 1
6 19
19 17
15 5
16 19
9 8
7 20
1 19
5 17
7 1
3 14
12 17
12
8 1
9 1
6 1
1 4
1 5
1 10
1 7
1 3
12 1
11 1
2 1
18
6 13
7 11
6 14
8 3
7 16
3 17
5 7
6 10
4 2
2 18
12 15
2 9
1 18
11 1
13 18
11 3
12 13
28
9 26
18 11
16 6
23 24
21 13
12 16
14 5
19 20
3 9
2 24
27 2
10 25
12 21
28 20
3 4
28 10
5 1
15 26
25 7
6 17
11 14
18 7
8 17
22 15
13 19
8 4
27 22
23
1 12
2 3
21 15
8 18
17 21
23 18
2 10
8 16
16 4
10 22
11 21
2 6
3 21
8 9
2 19
8 5
15 14
1 8
22 7
20 21
13 15
1 17
25
1 17
1 14
1 19
13 1
1 8
1 5
1 21
15 1
24 1
18 1
4 1
1 10
9 1
1 22
12 1
1 11
1 23
1 6
1 3
1 16
1 2
7 1
1 25
20 1
16
12 14
10 6
4 6
7 2
5 12
1 9
15 14
5 7
8 13
9 6
5 1
16 7
12 11
8 3
8 9
21
7 4
14 19
18 9
18 10
15 17
8 13
5 6
16 9
16 7
20 21
11 15
14 9
6 3
12 2
17 6
8 17
6 18
9 20
1 9
18 12
18
6 12
18 1
6 2
5 15
14 9
14 18
5 17
12 3
8 6
14 4
8 13
10 11
7 8
1 2
5 18
10 16
10 2
28
2 23
15 22
1 5
1 27
17 8
21 16
20 22
28 6
16 12
19 11
25 2
12 10
9 24
23 9
11 14
23 27
22 14
9 26
4 2
5 28
28 8
13 11
12 5
8 3
14 27
7 6
18 6
10
1 4
8 1
1 2
1 10
9 1
1 6
1 3
1 7
5 1
24
18 1
13 1
1 11
15 1
3 1
1 24
19 1
1 20
1 9
14 1
1 6
10 1
1 23
1 2
1 12
8 1
1 16
4 1
1 21
1 22
7 1
17 1
5 1
27
12 17
15 20
16 21
5 24
23 4
7 17
27 3
14 20
19 11
2 26
10 2
9 14
3 21
7 18
23 27
1 25
19 6
16 5
8 26
13 4
6 22
15 11
22 10
24 25
13 9
18 8
23
19 16
6 20
8 15
19 7
21 5
2 14
7 18
3 23
13 4
8 12
5 22
22 14
11 15
11 6
23 4
12 18
16 2
17 3
10 17
10 9
21 9
20 1
29
1 14
1 8
1 2
1 9
29 1
26 1
18 1
3 1
5 1
1 27
21 1
23 1
28 1
16 1
10 1
1 12
6 1
4 1
1 17
1 25
1 22
24 1
13 1
1 15
11 1
1 19
20 1
7 1
26
17 14
20 4
3 9
7 21
11 4
24 5
15 14
13 26
18 22
3 2
12 15
21 10
2 12
10 16
1 20
11 23
17 24
6 18
25 8
19 25
26 8
5 22
7 9
23 13
19 16
14
12 10
13 14
11 3
3 10
4 10
14 5
8 11
5 9
13 6
7 11
2 5
3 1
1 14
27
1 13
16 20
15 6
10 27
15 23
11 22
16 10
25 19
27 12
19 2
24 19
10 18
16 11
7 5
10 3
23 16
17 15
26 11
2 1
15 2
14 2
9 8
1 4
15 21
8 10
5 24
27
4 25
18 20
5 3
3 8
9 10
22 12
18 19
11 17
11 2
15 12
15 1
12 10
21 3
13 23
22 27
6 22
4 14
10 24
20 15
16 11
26 13
18 7
13 20
21 1
16 21
16 4
26
14 22
11 26
21 24
24 8
20 7
18 13
17 19
25 26
3 12
1 21
4 19
9 5
16 23
6 11
15 23
10 16
4 6
22 13
5 14
2 20
10 17
18 12
15 7
8 9
25 3
11
7 6
8 9
2 3
5 7
7 1
2 4
10 8
2 9
9 1
11 8
11
7 10
5 3
5 11
6 2
6 9
6 11
11 1
4 10
5 8
10 1
26
3 1
10 1
20 1
17 1
1 21
14 1
26 1
12 1
1 5
23 1
1 15
13 1
22 1
1 4
1 8
18 1
1 24
1 16
1 11
2 1
25 1
1 19
1 9
1 7
1 6
15
1 4
5 4
9 8
7 9
11 4
6 13
13 12
11 10
5 2
7 13
7 1
5 3
15 11
14 9
13
11 1
6 1
5 1
13 1
1 12
1 10
1 3
1 2
9 1
1 7
1 8
4 1
25
1 25
13 1
21 3
8 15
22 23
10 12
21 1
23 17
4 23
12 18
8 5
5 16
11 23
24 10
13 23
9 15
14 5
1 12
1 6
5 2
1 8
16 20
19 7
6 19
24
20 22
7 10
23 2
13 18
16 3
4 8
22 2
8 18
10 24
13 3
21 20
21 7
5 24
12 9
15 11
17 23
14 9
5 16
6 11
6 12
17 14
19 1
19 15
24
2 5
11 10
9 14
2 22
1 22
20 15
19 9
3 19
16 3
6 7
2 8
12 15
9 21
18 13
4 24
13 19
15 18
17 7
22 10
13 1
23 3
4 10
7 18
21
1 20
15 19
4 3
11 15
16 7
18 21
10 6
21 17
3 14
7 5
10 11
2 20
6 9
12 13
8 17
13 4
12 8
9 5
14 2
18 19
14
2 4
12 9
7 8
9 14
13 3
5 14
10 12
11 6
11 8
7 13
1 10
3 2
4 5
12
8 12
6 12
11 2
4 12
3 1
10 7
11 12
9 11
8 5
11 1
7 12
19
10 17
12 1
16 4
8 14
4 13
8 5
6 19
18 2
13 11
15 7
9 6
3 16
14 18
3 5
10 15
11 19
7 9
2 12
12
1 11
1 7
2 1
8 1
1 10
1 4
1 12
1 9
1 5
6 1
3 1
20
20 4
3 6
8 19
17 13
20 19
4 15
17 11
7 1
13 10
9 11
7 3
8 2
18 12
14 16
6 10
5 14
9 5
16 2
15 12
21
15 13
6 10
3 6
12 16
18 21
15 11
21 12
7 16
9 13
11 14
19 11
4 1
4 15
5 13
2 3
1 12
20 16
6 17
21 8
4 3
26
1 22
1 6
1 17
21 1
23 1
24 1
11 1
18 1
1 12
1 19
20 1
1 9
1 2
1 15
1 14
25 1
1 13
1 3
16 1
1 10
5 1
4 1
8 1
1 26
7 1
10
1 7
1 5
1 9
1 8
1 2
1 3
1 10
1 6
4 1
14
13 8
14 7
14 4
11 4
9 12
9 5
3 7
8 11
1 10
13 6
5 2
10 2
12 3
24
8 9
4 5
13 4
18 1
19 2
18 12
16 21
18 15
8 20
9 3
8 21
13 20
22 11
20 1
22 12
9 14
15 10
4 24
23 2
13 2
12 17
21 6
15 7
11
11 9
7 6
4 3
2 4
7 4
11 1
1 3
10 11
3 8
5 11
24
1 24
11 1
1 17
1 8
9 1
1 7
1 15
1 14
1 4
1 3
23 1
21 1
1 18
2 1
1 5
1 20
1 19
1 12
13 1
22 1
1 16
10 1
6 1
11
9 10
5 9
11 4
1 4
6 8
5 2
7 3
11 2
10 7
6 3
27
12 13
9 21
10 23
5 14
25 21
1 10
2 5
6 12
6 22
4 15
5 27
10 21
15 10
16 27
10 3
26 1
18 20
8 1
26 19
12 17
2 18
7 1
10 24
2 11
5 17
5 10
12
6 7
5 10
4 7
1 10
9 10
2 12
12 4
5 3
1 4
11 12
8 7
22
22 2
16 15
9 17
20 2
13 6
14 1
9 12
8 19
4 1
5 8
14 8
11 5
9 4
4 16
19 21
5 10
14 22
22 6
6 7
16 3
18 19
14
12 1
1 4
1 8
1 11
14 1
10 1
13 1
5 1
1 7
1 2
1 6
9 1
1 3
22
10 15
10 14
16 3
2 1
13 9
12 8
11 3
20 22
2 11
12 14
5 13
17 21
4 7
17 19
5 20
6 9
8 16
7 22
6 19
18 15
18 21
19
6 1
2 12
10 17
19 1
7 5
11 8
18 10
4 3
8 14
11 6
4 16
6 4
7 9
13 2
19 10
19 2
15 8
11 7
20
16 12
20 18
4 16
8 18
13 18
20 19
2 3
10 18
6 19
7 20
18 1
9 2
17 15
14 1
4 11
12 15
10 3
4 18
3 5
15
1 13
6 1
15 1
4 1
8 1
2 1
12 1
1 10
5 1
7 1
1 3
11 1
1 9
14 1
25
11 14
13 15
16 4
14 25
3 9
8 3
10 25
7 3
7 1
23 5
12 1
4 15
24 20
16 5
17 25
1 19
15 14
18 6
1 4
22 1
2 1
18 9
17 20
23 21
28
7 27
5 13
26 20
3 4
28 16
26 15
15 23
28 1
12 3
11 16
4 25
7 22
17 15
18 11
23 9
5 22
5 21
7 8
24 19
17 1
16 24
22 17
6 11
14 24
2 26
3 28
23 10
27
1 22
1 7
24 1
25 1
9 1
1 20
4 1
12 1
19 1
15 1
1 5
16 1
1 3
1 10
27 1
21 1
1 6
1 26
2 1
1 14
1 13
1 23
1 11
1 18
17 1
8 1
25
1 17
1 13
2 14
8 1
21 22
3 16
1 5
10 2
20 9
16 18
2 15
13 2
18 24
5 22
18 15
23 24
2 4
12 9
8 19
9 1
10 25
1 11
8 7
6 3
16
12 13
4 16
2 10
8 12
7 5
12 16
6 4
7 3
10 9
4 11
2 15
1 16
14 10
7 9
1 9
21
19 18
11 8
21 11
1 16
19 12
11 16
3 14
2 10
17 20
3 18
13 18
7 10
7 6
13 10
7 5
1 13
3 15
4 17
9 19
16 17
28
24 10
6 26
1 27
23 28
17 26
2 16
28 25
8 9
27 22
16 19
19 21
15 14
5 11
10 11
18 4
25 21
15 6
5 12
17 4
24 14
3 22
13 8
18 2
9 12
3 7
7 23
13 20
17
6 16
11 13
5 6
10 12
2 3
13 1
4 1
5 9
16 12
16 17
1 7
14 11
7 2
15 16
6 1
8 13
10
1 9
5 6
10 9
4 9
10 8
3 6
7 4
6 1
2 4
28
8 1
20 1
4 1
19 1
1 26
17 1
1 25
12 1
1 9
13 1
1 21
10 1
7 1
5 1
1 18
1 16
14 1
1 28
6 1
15 1
23 1
3 1
1 2
1 24
1 11
22 1
27 1
19
10 11
19 5
14 10
1 17
2 5
1 16
10 16
17 6
12 8
6 7
13 18
17 12
18 12
18 3
6 9
5 16
15 8
8 4
24
5 1
23 1
1 14
1 2
10 1
1 16
1 13
1 15
1 6
12 1
1 19
21 1
24 1
1 4
1 22
9 1
7 1
18 1
1 8
3 1
1 20
1 17
11 1
22
17 13
4 13
10 1
9 6
11 1
7 3
19 10
2 10
15 19
13 22
3 22
6 20
14 11
16 18
22 11
21 19
18 8
6 14
18 14
12 2
5 2
11
1 9
2 1
1 4
1 3
8 1
1 11
7 1
1 6
1 10
1 5
21
12 10
10 2
18 14
1 10
14 1
3 10
9 19
10 11
10 5
13 6
20 21
15 17
11 8
11 21
18 4
17 11
16 12
7 1
6 7
14 9
29
13 4
9 27
11 15
28 22
26 24
16 12
27 10
6 3
25 2
13 17
3 18
29 25
4 23
22 24
28 16
8 1
23 12
5 6
18 7
8 15
21 20
26 14
11 2
17 20
7 10
19 5
29 19
14 9
27
18 17
5 18
23 16
14 26
20 22
24 5
4 27
20 15
12 15
16 6
25 13
8 3
14 17
7 25
21 27
7 24
8 4
19 2
6 21
23 11
22 26
11 12
10 9
13 1
9 2
3 19
24
1 11
1 19
1 12
23 1
4 1
1 24
6 1
1 13
1 17
3 1
7 1
1 18
15 1
1 9
1 21
22 1
1 5
1 14
10 1
1 2
1 16
1 20
8 1
14
14 12
4 10
4 13
6 8
2 5
12 3
8 13
12 7
1 3
9 8
2 3
11 4
1 13
15
1 11
1 5
7 1
1 6
1 3
1 13
1 12
2 1
9 1
1 15
10 1
1 14
8 1
1 4
28
11 28
3 7
25 7
9 8
11 27
20 2
27 23
9 6
21 14
14 13
22 15
16 19
4 1
26 5
18 19
14 19
21 2
4 13
10 22
12 28
9 4
14 15
17 14
24 21
27 26
25 4
4 28
18
4 11
17 16
3 8
5 6
18 3
14 9
6 16
14 5
10 17
2 15
12 7
18 7
13 8
11 13
15 12
1 10
2 9
12
6 9
10 4
1 5
6 11
3 11
10 3
8 5
10 7
1 11
4 2
12 5
25
1 25
1 2
3 1
1 22
14 1
1 20
1 18
1 13
12 1
6 1
24 1
1 17
1 7
8 1
1 10
21 1
23 1
19 1
1 16
11 1
1 4
1 9
5 1
15 1
11
5 8
1 8
3 1
2 4
6 9
7 1
11 8
9 7
2 10
8 10
21
20 1
1 21
1 3
1 19
1 6
1 9
1 11
18 1
1 2
1 15
4 1
8 1
1 12
1 10
17 1
16 1
7 1
13 1
14 1
5 1
15
1 9
12 1
5 1
1 7
10 1
1 4
1 2
1 14
1 15
1 6
1 11
3 1
1 13
8 1
22
3 11
7 9
5 21
20 16
8 18
4 12
10 14
17 5
6 5
15 10
13 10
14 12
9 17
12 22
16 19
17 16
1 14
7 11
11 2
7 18
9 1
17
16 3
8 1
14 12
9 2
6 7
2 8
1 12
4 13
7 14
10 4
2 15
11 16
16 8
4 12
17 14
5 7
18
17 15
7 13
11 1
17 2
6 8
5 2
14 13
4 8
18 8
17 1
9 13
12 11
8 3
10 13
13 1
1 8
16 8
24
10 9
21 17
4 15
20 7
13 21
13 9
8 15
12 2
14 22
4 11
12 19
14 20
5 1
3 6
11 19
23 16
22 24
10 6
8 24
23 5
3 7
17 16
2 18
10
1 4
1 9
5 1
10 1
1 2
7 1
8 1
1 3
6 1
19
17 1
5 1
2 1
1 11
1 3
18 1
1 19
9 1
1 10
1 8
1 14
15 1
4 1
1 6
1 13
1 7
12 1
1 16
11
4 8
9 7
2 11
11 8
6 9
3 6
9 5
6 11
10 5
1 6
28
1 3
7 21
25 27
3 14
4 13
1 20
15 17
11 5
18 24
2 13
5 21
3 13
20 25
12 13
2 22
4 16
23 26
13 15
26 8
26 9
9 2
20 5
24 20
28 4
19 1
10 19
6 25
28
9 26
16 7
28 4
18 14
14 21
1 14
27 28
5 9
8 1
17 24
19 8
3 6
4 3
3 12
28 25
15 6
28 8
25 11
6 20
22 26
28 13
7 6
10 1
21 23
7 2
1 5
25 24
25
25 7
6 7
24 20
1 18
9 4
12 23
19 16
8 12
3 17
13 5
14 3
21 16
15 10
4 11
5 24
9 18
2 21
20 22
17 8
19 13
11 23
22 25
15 6
14 10
27
9 22
11 25
18 8
25 1
5 26
26 16
12 24
4 20
13 5
6 19
10 14
18 23
19 25
21 25
15 25
5 2
14 3
17 25
1 5
11 27
1 8
13 9
6 7
5 24
1 4
2 10
17
17 12
13 6
9 5
3 4
16 17
7 10
10 12
15 1
14 4
8 9
7 2
11 3
5 11
6 2
16 8
15 13
28
12 22
28 9
21 14
12 4
24 26
12 24
28 21
3 16
8 7
2 4
7 25
17 2
20 1
12 7
1 6
13 12
7 3
1 10
5 8
12 19
12 1
25 18
27 3
19 21
19 15
1 11
3 23
26
1 8
16 1
2 1
1 22
17 1
1 25
26 1
1 10
13 1
1 19
4 1
20 1
3 1
5 1
1 11
1 24
1 12
1 14
9 1
1 15
23 1
18 1
1 7
1 21
6 1
26
1 4
1 5
16 1
1 22
3 1
1 11
26 1
9 1
1 24
15 1
2 1
17 1
19 1
1 12
25 1
1 13
23 1
1 7
1 10
1 18
21 1
1 20
1 14
1 8
6 1
22
13 2
9 12
8 1
3 15
18 5
11 10
21 16
12 8
14 21
17 3
11 4
13 19
4 7
22 12
7 1
5 20
6 5
3 8
4 21
7 6
6 13
18
6 5
8 11
14 8
7 11
12 7
1 16
3 14
2 1
12 10
7 13
2 4
15 4
18 1
17 4
14 9
5 16
12 16
23
2 23
12 7
10 21
23 4
16 15
14 5
18 1
18 12
11 3
3 21
14 11
22 12
3 16
17 20
16 8
21 6
13 5
20 18
11 1
20 9
19 5
14 23
10
5 1
9 1
1 6
1 2
10 1
1 7
4 1
3 1
8 1
11
4 1
5 1
1 8
1 10
9 1
2 1
11 1
1 3
7 1
6 1
15
13 14
10 11
3 8
5 1
4 6
10 1
1 4
2 14
4 15
1 7
11 9
15 12
8 10
14 7
17
4 16
5 13
5 12
11 17
1 14
5 8
10 16
17 2
3 12
15 9
15 6
6 16
15 7
6 1
14 17
14 12
20
1 15
20 18
13 12
1 18
5 11
17 12
5 17
7 5
5 2
14 19
6 3
8 3
19 12
11 16
1 17
17 3
4 2
10 17
9 15
28
1 23
19 1
1 18
3 1
26 1
1 6
1 17
1 8
24 1
15 1
1 5
7 1
10 1
22 1
1 25
1 4
9 1
16 1
14 1
11 1
1 12
28 1
1 13
27 1
1 21
1 20
2 1
20
18 8
4 8
5 16
12 13
7 19
1 18
10 1
10 11
20 6
11 16
15 19
3 6
11 14
12 19
13 17
18 6
2 8
13 9
12 10
17
6 4
14 1
13 4
4 2
12 9
13 1
15 11
11 17
3 1
7 6
8 15
12 8
1 16
1 15
10 16
4 5
20
1 12
1 17
1 14
1 8
7 1
1 10
9 1
11 1
1 2
1 15
1 18
1 19
1 3
5 1
1 20
6 1
1 4
13 1
1 16
19
8 1
1 13
15 1
1 18
14 1
12 1
1 5
10 1
16 1
1 19
2 1
1 4
1 11
1 9
7 1
17 1
1 3
6 1
10
10 9
3 10
4 2
7 2
3 5
8 7
5 1
4 6
8 9
27
11 2
1 24
23 22
4 8
8 13
19 5
27 2
23 19
24 2
26 1
9 6
19 26
10 27
18 6
4 24
23 20
15 5
25 5
17 11
7 8
26 3
27 21
3 16
11 12
4 6
3 14
17
1 2
1 5
4 1
1 9
3 1
13 1
1 17
14 1
1 15
6 1
1 8
16 1
7 1
10 1
11 1
1 12
23
17 5
15 5
3 14
7 10
12 23
23 8
4 22
13 15
16 20
10 2
13 8
21 6
4 7
6 17
18 21
3 12
9 16
19 18
9 19
14 11
22 11
1 2
27
1 11
1 17
1 8
9 1
26 1
23 1
1 22
4 1
1 16
6 1
27 1
1 19
1 15
3 1
1 12
24 1
1 13
14 1
20 1
2 1
25 1
1 7
1 10
18 1
1 5
1 21
23
1 3
6 1
1 22
1 17
1 2
1 15
21 1
1 18
11 1
14 1
13 1
1 10
1 4
1 12
1 8
1 20
1 19
1 16
23 1
7 1
5 1
9 1
28
7 13
10 18
20 21
6 26
20 19
27 20
17 25
17 24
17 14
17 2
9 11
28 22
1 20
23 15
28 27
27 17
1 16
11 8
23 28
4 24
12 1
9 5
11 1
6 21
3 5
13 11
24 18
10
10 5
5 6
3 1
9 3
7 5
1 8
5 1
4 8
2 5
12
5 6
9 8
1 9
12 1
3 7
2 12
12 5
7 4
9 7
8 11
10 8
19
12 1
8 7
5 7
19 2
2 11
3 15
1 19
19 15
9 17
2 13
5 18
4 19
7 17
16 19
5 1
7 6
10 1
4 14
14
6 1
11 1
1 2
1 4
1 14
5 1
1 13
1 12
1 3
9 1
1 7
1 10
8 1
14
8 6
4 2
3 10
1 5
14 4
10 11
6 5
13 12
9 12
13 1
7 12
13 10
4 5
20
15 2
11 17
3 4
20 12
13 2
1 2
10 17
14 9
2 14
12 5
13 18
1 19
11 1
19 6
16 19
20 19
8 11
2 3
19 7
11
9 6
1 2
8 2
5 10
7 10
1 5
6 5
10 3
2 4
6 11
13
10 3
6 8
10 6
13 7
12 7
1 11
11 9
6 1
9 2
10 4
11 7
5 9
13
10 3
3 2
11 7
7 1
2 1
9 7
12 5
6 9
9 13
2 12
12 4
8 3
15
7 2
2 13
14 2
3 1
2 15
6 3
9 4
1 13
14 8
1 11
5 7
10 7
14 4
3 12
15
11 1
1 6
7 1
4 1
1 8
1 10
14 1
15 1
2 1
1 9
1 3
1 13
1 5
12 1
18
4 1
1 10
5 1
1 9
17 1
7 1
1 2
18 1
13 1
1 6
14 1
1 11
1 3
1 12
16 1
15 1
1 8
19
17 12
4 16
9 3
4 1
11 16
10 18
2 11
13 8
5 6
17 15
1 12
1 6
1 8
19 14
1 10
14 8
8 9
5 7
27
1 22
13 1
21 1
1 4
1 2
16 1
19 1
6 1
15 1
23 1
1 10
1 26
17 1
1 20
7 1
18 1
1 8
1 3
11 1
1 24
1 12
1 5
1 27
1 14
25 1
1 9
18
3 18
16 15
16 1
6 10
16 9
9 14
18 6
11 5
4 12
13 14
9 2
11 1
17 2
5 6
5 7
12 5
11 8
11
1 3
1 11
1 4
1 10
2 1
7 1
1 6
1 5
1 8
1 9
14
1 12
1 9
1 6
1 5
1 4
8 1
2 1
13 1
10 1
3 1
1 7
14 1
11 1
24
10 4
14 20
6 7
17 12
3 9
18 24
20 5
12 13
6 11
4 24
21 19
16 5
17 10
9 17
9 23
1 20
19 5
22 24
2 12
6 4
10 1
8 14
15 14
13
3 2
3 7
12 1
7 1
5 8
5 6
12 10
3 13
11 4
12 11
7 5
9 11
25
17 18
22 7
4 13
25 19
22 18
2 6
2 12
23 22
25 14
16 9
1 11
11 25
3 20
7 16
3 11
18 10
4 8
9 5
1 7
9 24
15 23
2 3
16 4
21 23
20
18 1
1 2
12 1
1 8
1 5
1 17
1 4
1 6
10 1
1 3
1 9
13 1
7 1
1 14
1 15
1 16
1 11
20 1
19 1
10
6 1
1 7
1 4
5 1
1 8
1 10
1 2
9 1
3 1
20
11 4
2 17
20 10
6 3
13 6
7 15
14 1
5 8
18 9
18 15
4 12
10 3
19 13
16 9
19 11
16 17
8 20
2 12
14 7
27
14 9
19 17
11 10
19 8
6 2
22 2
26 23
22 5
9 25
2 1
19 13
21 12
9 23
27 20
24 21
24 4
10 9
10 18
7 24
15 3
4 3
21 5
22 9
5 13
22 20
25 16
26
24 2
10 9
23 7
2 22
19 18
15 17
16 24
21 11
1 20
8 25
15 8
20 14
14 18
13 19
13 17
4 7
21 23
22 12
10 5
26 25
16 9
12 3
6 4
5 26
11 3
15
2 8
1 15
8 15
9 5
10 5
13 10
11 14
2 14
4 11
13 7
3 6
12 4
6 12
7 3
11
1 3
8 5
7 9
4 11
9 3
2 9
10 11
11 3
5 6
1 5
22
10 11
9 21
6 21
9 12
4 13
5 10
16 10
3 1
8 11
1 11
7 8
1 9
17 15
20 1
1 22
13 9
14 15
11 15
15 18
20 19
2 11
28
23 1
3 1
24 1
1 5
19 1
1 17
1 26
1 13
18 1
1 25
27 1
7 1
1 9
1 12
16 1
22 1
28 1
20 1
1 11
21 1
1 15
1 6
4 1
1 14
1 10
8 1
1 2
14
12 1
6 10
6 12
5 4
4 2
8 10
14 13
8 3
5 7
11 3
2 13
9 7
14 11
17
7 14
9 6
16 3
2 5
13 14
15 3
5 12
17 1
1 11
11 4
1 5
17 10
7 8
15 7
15 1
5 6
23
23 1
1 8
1 4
2 1
1 10
21 1
1 13
1 11
15 1
18 1
19 1
20 1
1 16
17 1
1 14
9 1
1 6
22 1
1 3
12 1
1 7
1 5
15
9 15
6 7
4 12
2 10
3 13
4 1
1 11
12 5
10 7
13 14
8 1
12 7
4 9
12 3
16
15 1
5 1
8 1
11 1
3 1
12 1
1 14
9 1
1 4
1 16
2 1
13 1
6 1
10 1
1 7
24
2 24
23 20
3 17
5 21
5 4
9 7
18 19
19 2
11 6
10 15
21 16
7 1
24 3
6 23
13 15
22 9
11 14
22 13
12 17
4 14
18 8
8 10
20 12
29
20 22
28 10
5 4
6 27
6 20
1 5
23 16
26 4
23 27
23 15
29 24
6 4
12 21
6 14
1 28
13 12
28 13
4 11
19 4
28 24
9 16
17 2
8 4
3 26
17 18
11 25
26 18
19 7
27
6 1
1 24
1 19
1 2
22 1
13 1
12 1
1 27
18 1
1 3
1 7
21 1
1 20
9 1
1 23
15 1
1 11
16 1
10 1
1 25
17 1
8 1
1 4
1 14
1 5
26 1
13
1 13
6 1
5 1
1 2
1 10
8 1
7 1
1 3
1 11
1 4
9 1
1 12
23
14 17
22 9
14 8
7 11
8 15
12 23
10 2
1 5
13 12
1 15
1 2
7 6
21 9
3 15
19 22
4 14
20 7
12 3
3 7
20 9
14 18
23 16
27
2 1
1 9
24 1
1 4
12 1
1 11
1 15
26 1
17 1
8 1
1 18
14 1
13 1
10 1
1 20
5 1
1 3
6 1
1 16
25 1
23 1
1 27
1 19
7 1
1 22
1 21
18
1 17
3 17
15 4
2 13
12 8
4 3
2 18
16 10
16 8
9 12
13 5
11 6
9 14
7 15
7 10
11 14
5 6
13
1 3
1 8
10 1
13 1
9 1
4 11
11 1
1 5
12 5
2 1
5 6
7 2
24
6 1
1 5
24 1
14 1
13 1
1 10
3 1
17 1
15 1
16 1
1 18
8 1
1 19
12 1
1 22
1 4
21 1
2 1
11 1
23 1
1 7
1 20
9 1
28
17 22
24 25
11 19
28 16
13 28
15 11
10 16
7 15
22 20
2 20
12 3
9 3
8 27
27 14
4 23
19 4
18 12
8 26
5 13
25 1
26 21
7 5
6 14
21 23
6 17
18 10
2 24
22
6 1
3 14
6 16
4 21
1 19
8 19
15 16
9 18
7 6
13 22
13 7
12 13
16 3
7 9
9 2
20 3
11 21
10 15
8 5
19 21
17 8
17
13 15
4 17
5 15
9 15
16 1
14 12
8 14
3 2
10 6
3 11
6 13
1 13
16 17
7 6
17 14
16 3
15
7 12
2 15
9 11
14 9
4 5
3 14
15 6
10 8
5 13
7 10
8 6
12 3
11 1
2 13
19
13 18
1 15
19 1
8 15
3 1
13 4
9 18
7 15
10 17
10 12
15 6
11 13
8 5
18 15
1 10
17 2
14 1
16 15
14
13 10
3 5
14 6
9 2
6 9
4 14
2 8
4 11
7 11
13 12
1 7
10 5
8 3
25
10 22
17 10
10 16
12 11
17 20
4 17
21 6
25 6
3 7
4 23
11 1
10 12
13 19
1 14
2 1
9 7
18 11
25 12
5 11
23 19
10 15
23 24
7 25
2 8
25
8 23
14 19
10 15
17 25
18 6
4 5
16 20
22 17
16 18
4 11
25 9
8 21
15 9
2 23
13 6
2 3
7 20
5 13
14 21
3 12
10 19
12 24
7 1
22 11
23
18 1
11 1
1 20
1 16
1 4
1 22
1 13
1 3
15 1
1 12
1 7
21 1
1 6
1 8
23 1
1 9
1 14
2 1
10 1
17 1
5 1
1 19
16
8 2
8 7
12 11
14 8
3 1
7 4
13 8
5 13
9 4
7 1
1 6
11 10
15 13
16 6
6 10
22
2 4
14 10
5 8
10 22
17 9
10 6
2 13
2 5
20 5
15 17
14 16
18 17
7 2
3 9
2 18
19 18
22 18
1 2
14 11
21 1
12 22
13
10 2
6 12
9 1
2 4
3 9
11 13
7 11
8 7
12 10
6 5
5 8
3 13
18
3 9
7 17
18 1
7 15
17 13
4 11
12 6
8 2
2 14
14 13
10 4
9 11
12 16
6 5
16 15
5 3
18 8
12
1 11
1 5
1 6
4 1
1 9
1 12
3 1
1 7
1 8
1 2
1 10
20
13 2
11 16
4 8
15 13
12 7
14 4
3 19
9 1
16 6
11 18
10 5
7 19
17 15
14 9
18 20
2 8
20 12
17 3
5 6
18
7 4
15 16
13 12
2 9
3 7
8 14
9 4
6 5
12 4
17 4
11 4
1 18
7 10
16 1
16 12
4 5
14 7
21
8 19
12 15
18 1
6 17
21 16
21 5
15 7
7 8
9 10
2 3
4 14
5 10
11 16
20 6
19 13
12 17
3 13
2 9
4 20
18 11
11
8 1
1 6
4 1
5 1
9 1
1 2
11 1
3 1
10 1
7 1
25
11 1
1 15
1 17
1 21
1 5
9 1
19 1
24 1
1 16
1 7
1 2
14 1
12 1
1 13
18 1
4 1
1 23
1 8
22 1
10 1
20 1
25 1
1 6
3 1
26
8 9
26 3
4 7
24 1
8 12
1 21
14 8
20 19
1 13
24 4
24 25
4 18
2 3
21 11
15 25
6 4
23 11
10 17
11 5
24 19
22 11
24 8
13 16
1 17
6 3
14
1 13
2 1
8 1
9 1
4 1
14 1
1 3
1 6
1 12
11 1
1 5
10 1
1 7
22
8 16
14 20
21 19
3 1
8 19
16 18
4 13
22 12
15 11
7 5
1 20
9 13
22 6
8 20
2 5
19 10
14 5
11 3
3 22
17 11
13 14
29
12 18
27 15
26 1
26 12
6 26
8 14
8 5
17 24
18 19
1 21
3 9
10 2
11 2
21 15
13 9
2 6
7 27
23 25
3 22
25 29
4 17
17 6
8 15
25 12
28 18
16 27
3 20
21 9
24
2 1
18 1
1 3
1 10
9 1
1 16
7 1
1 12
1 21
11 1
8 1
13 1
4 1
23 1
22 1
1 20
19 1
24 1
1 15
6 1
1 17
1 14
1 5
29
26 12
25 18
21 23
24 4
11 6
14 15
2 13
24 14
17 11
16 5
5 10
3 19
12 8
27 28
25 10
16 29
6 21
18 3
7 27
28 8
15 9
9 2
1 22
20 26
22 13
17 29
7 23
4 19
29
2 4
16 22
10 28
20 10
25 9
20 1
29 2
14 15
19 13
20 23
24 26
24 3
19 15
18 21
24 13
8 23
23 16
27 8
12 18
7 28
10 2
19 1
6 8
11 28
18 13
5 16
25 15
17 25
10
3 8
5 4
2 3
1 4
8 6
9 5
2 9
7 10
10 6
21
9 13
2 4
21 8
4 10
7 16
21 20
3 6
18 11
2 5
14 9
3 19
14 15
5 8
17 16
19 13
18 12
1 10
20 15
7 11
6 17
23
22 5
2 3
1 19
13 15
4 14
3 15
12 20
10 12
16 3
23 9
23 1
14 12
3 17
11 4
1 3
22 7
6 2
1 21
9 18
8 23
22 3
20 21
26
11 17
18 23
4 2
8 22
21 3
15 26
16 7
9 11
16 23
1 8
24 6
3 12
12 14
6 15
20 14
13 26
22 25
7 19
10 18
2 21
13 25
4 9
5 19
20 5
10 24
26
23 7
1 20
4 26
12 1
19 10
9 26
14 15
8 18
20 9
16 1
25 10
13 24
14 1
22 4
21 4
18 11
11 6
18 20
24 20
17 2
1 10
17 16
1 5
23 10
3 25
12
10 7
12 8
4 2
12 11
3 9
1 11
5 7
4 9
12 6
11 7
1 9
12
7 8
6 3
4 11
2 4
11 8
3 9
5 12
9 5
1 2
6 7
12 10
26
1 25
1 23
7 1
1 16
5 1
13 1
1 10
9 1
1 3
26 1
1 17
1 22
21 1
1 2
6 1
1 19
1 18
12 1
1 4
15 1
1 8
1 14
11 1
1 24
20 1
19
9 6
6 2
12 11
9 16
18 11
4 6
1 10
11 10
14 13
15 19
13 5
15 10
15 3
13 7
16 8
16 17
14 1
9 14
28
12 25
12 6
23 24
13 27
20 10
6 3
10 11
19 18
3 9
21 22
22 14
7 16
5 23
23 10
4 3
1 13
10 26
28 9
18 8
23 1
2 4
6 13
18 22
9 16
14 6
5 17
15 28
25
23 13
23 9
15 12
13 7
6 19
4 14
22 9
15 16
5 17
24 22
12 5
14 8
16 14
22 11
13 3
6 16
2 18
6 20
1 9
12 18
15 1
18 10
25 23
21 5
28
15 24
13 7
9 27
20 21
23 28
5 9
3 20
11 28
6 13
13 24
8 16
23 25
1 21
12 18
1 15
15 5
23 21
24 12
5 4
3 2
17 12
9 14
8 20
8 10
4 26
19 3
22 4
24
1 18
1 9
10 1
4 1
21 1
1 22
7 1
2 1
1 14
11 1
1 5
19 1
24 1
16 1
1 17
13 1
6 1
1 23
1 20
12 1
8 1
3 1
15 1
14
14 13
4 11
5 3
13 12
8 5
1 10
6 8
2 6
4 10
7 2
14 9
11 7
9 3
29
28 17
23 3
18 1
2 8
1 9
13 17
14 5
9 29
27 1
5 1
28 20
10 7
2 13
5 23
27 2
26 22
26 13
16 15
9 25
1 21
1 6
24 13
6 11
4 10
15 19
12 10
12 5
1 15
15
2 13
4 6
7 13
4 7
3 6
1 10
14 9
12 9
15 11
15 8
12 2
10 14
5 8
11 3
18
11 18
9 18
7 2
6 18
10 1
2 11
9 1
4 8
14 15
13 11
6 15
12 1
1 16
3 4
4 1
2 5
8 17
14
8 4
11 2
14 10
10 12
3 4
6 13
7 11
3 12
14 13
1 9
6 7
8 9
2 5
17
11 12
13 6
11 4
17 2
1 9
8 9
16 5
5 3
10 13
7 8
17 9
14 8
15 11
1 12
13 17
12 5
17
1 15
15 5
1 14
6 17
11 5
3 14
9 14
4 6
7 13
5 16
8 7
9 7
3 2
6 15
3 10
12 9
11
3 4
6 1
9 4
5 8
8 10
1 11
9 1
2 5
8 1
8 7
27
14 1
1 26
20 1
1 18
1 8
24 1
22 1
13 1
16 1
19 1
1 25
1 21
6 1
1 3
23 1
17 1
1 7
27 1
5 1
1 9
4 1
1 11
1 15
1 12
1 10
2 1
19
2 9
11 16
2 8
12 5
8 1
2 13
18 14
18 7
8 5
6 15
1 11
15 17
7 1
4 10
3 9
15 12
4 11
1 19
17
8 11
16 9
14 2
13 6
2 10
15 9
13 5
7 12
11 3
6 10
12 16
17 8
5 1
4 17
14 7
4 15
23
12 3
16 15
10 1
21 8
8 7
1 3
2 16
21 1
19 20
3 13
16 5
22 1
17 22
4 6
1 11
9 8
8 16
14 2
18 9
4 1
22 20
23 16
22
9 15
19 9
5 16
20 21
4 13
13 1
3 19
18 22
10 14
17 16
2 20
4 5
12 6
22 12
7 3
10 8
18 7
15 11
6 14
17 2
8 21
17
15 17
8 2
1 5
7 15
14 13
15 5
6 14
3 10
14 1
12 6
4 6
13 16
2 10
5 10
13 9
11 2
12
3 10
7 1
9 2
3 11
6 7
8 2
4 2
1 4
4 11
6 5
5 12
17
9 1
1 10
1 17
1 14
1 2
5 1
7 1
1 11
6 1
1 4
16 1
3 1
8 1
1 15
1 13
1 12
13
6 3
1 12
4 5
7 3
8 13
7 11
3 1
7 10
2 12
11 5
3 9
13 3
14
2 6
7 5
8 12
13 12
4 9
3 6
12 9
9 1
14 7
4 10
6 14
1 14
11 7
21
7 6
12 4
4 19
6 15
15 13
11 1
2 9
14 10
8 2
4 8
8 6
4 20
6 16
21 16
10 6
15 18
11 15
5 11
9 3
17 10
15
11 4
15 9
13 10
14 1
11 1
8 7
11 2
1 3
7 11
9 14
10 7
5 11
12 11
3 6
11
7 3
6 1
5 9
7 8
2 8
4 2
6 11
3 11
10 5
4 9
11
1 6
1 11
2 1
3 1
7 1
9 1
5 1
8 1
10 1
4 1
20
8 1
1 5
15 1
16 1
1 10
1 12
6 1
1 9
14 1
7 1
1 4
1 17
3 1
1 11
1 19
1 20
2 1
1 18
1 13
12
3 12
5 7
5 1
10 2
3 4
11 10
1 4
10 4
9 8
6 3
5 8
14
1 7
1 6
1 4
1 12
1 3
1 5
1 9
1 10
1 13
1 2
14 1
1 11
8 1
28
2 3
25 16
24 22
10 17
26 5
16 12
9 3
25 18
6 4
16 20
22 23
6 26
7 4
15 3
22 9
27 10
4 19
21 17
1 27
28 25
8 20
12 9
14 20
1 12
26 13
27 6
10 11
24
3 5
19 22
15 12
24 19
16 19
21 14
4 15
14 10
3 20
24 10
2 9
11 10
9 13
17 20
15 23
18 6
5 1
3 6
6 7
12 5
20 8
24 1
12 9
21
10 1
1 21
1 13
14 1
1 2
18 1
19 1
5 1
1 7
11 1
1 20
12 1
3 1
15 1
1 8
1 16
9 1
4 1
6 1
17 1
26
1 17
1 11
9 1
24 1
3 1
1 13
1 22
7 1
1 15
21 1
1 16
26 1
23 1
25 1
1 6
19 1
1 20
1 2
1 12
18 1
1 14
1 4
8 1
10 1
5 1
14
13 12
9 2
6 7
3 7
6 5
10 11
12 1
4 13
11 14
5 8
14 2
4 3
8 9
23
1 5
1 10
6 1
12 1
1 18
20 1
9 1
7 1
1 15
14 1
8 1
1 17
1 2
23 1
1 13
3 1
19 1
11 1
1 4
21 1
1 22
16 1
20
1 6
18 1
1 15
10 1
17 1
14 1
1 19
8 1
1 4
11 1
20 1
1 7
3 1
1 13
2 1
9 1
1 16
12 1
5 1
12
8 12
1 6
2 4
1 4
11 3
2 9
10 9
4 12
1 7
5 9
3 1
14
12 14
3 9
11 6
8 1
8 6
2 8
13 12
9 10
9 5
5 12
7 6
2 4
1 5
23
14 1
1 21
18 1
2 1
1 10
4 1
1 7
9 1
1 15
17 1
1 8
1 13
1 12
1 19
6 1
22 1
11 1
23 1
1 16
1 20
1 3
1 5
18
16 7
3 1
1 7
10 11
6 8
6 11
9 17
17 3
12 15
13 10
9 5
16 14
1 4
18 4
3 11
2 18
15 3
26
21 20
12 7
8 2
4 3
26 4
8 5
16 13
13 23
12 2
23 1
10 23
1 9
9 19
4 19
9 2
24 19
15 24
6 24
10 25
14 8
10 21
22 12
13 18
11 25
17 21
12
12 1
1 10
1 4
7 1
8 1
1 11
6 1
1 9
5 1
2 1
3 1
26
6 20
11 12
4 25
19 8
16 5
22 2
14 26
22 3
7 17
16 9
19 21
18 21
24 20
4 26
2 23
7 10
11 14
18 6
3 17
24 9
15 13
25 13
1 23
12 10
15 5
22
13 22
14 11
6 2
11 21
6 17
22 4
10 18
1 5
14 10
20 22
14 7
14 17
3 5
12 2
14 19
10 9
9 8
17 1
1 16
15 4
4 1
19
16 17
9 10
3 5
8 14
15 14
19 15
10 13
18 2
17 19
7 6
11 9
1 2
7 4
5 11
4 3
16 18
12 13
12 8
20
5 19
9 15
4 3
2 19
4 1
12 3
19 13
10 20
1 13
6 16
17 6
8 15
7 3
16 15
18 5
20 11
13 16
4 20
6 14
15
12 8
3 13
15 13
15 4
2 12
5 11
6 3
7 6
8 9
2 5
14 10
9 4
10 7
1 11
21
15 14
13 6
4 14
12 14
1 14
14 9
3 5
3 19
4 3
11 7
15 17
3 8
11 16
14 10
20 18
20 12
12 6
16 14
21 11
11 2
16
3 10
16 4
10 9
6 4
13 15
7 5
14 11
14 9
12 1
15 11
2 6
7 2
8 16
13 5
8 12
12
1 10
1 3
9 1
7 1
1 2
1 8
4 1
1 12
5 1
1 11
6 1
25
11 15
2 20
24 23
17 4
5 7
6 23
5 18
9 16
8 13
2 18
22 23
21 24
16 12
11 24
9 17
1 9
11 19
8 17
18 21
14 16
21 1
3 8
5 10
2 25
26
9 20
16 3
1 8
21 2
7 25
17 4
13 14
24 8
24 18
12 13
15 2
16 25
17 20
10 19
18 5
9 3
11 4
7 22
5 22
15 11
26 10
21 14
6 19
23 12
6 23
15
5 2
4 11
10 14
6 13
8 15
5 13
12 11
10 8
1 3
6 4
12 9
14 7
3 7
15 2
24
20 13
3 20
23 4
5 16
15 24
7 9
22 23
1 4
14 21
8 24
17 6
21 24
2 16
11 6
21 16
14 1
10 18
4 9
14 17
20 17
23 10
12 6
19 9
16
7 16
9 2
4 6
15 10
6 7
3 5
2 14
8 13
14 12
9 10
5 13
16 3
11 15
8 12
1 11
11
9 8
3 10
10 8
7 6
11 8
4 3
2 3
1 6
5 6
10 1
21
9 19
16 3
15 20
16 1
20 17
1 4
1 13
19 12
21 17
16 11
19 7
8 10
10 4
16 2
6 1
9 18
2 5
9 3
9 14
4 20
25
19 13
15 13
6 5
22 18
16 4
8 6
4 11
1 3
2 8
25 7
12 10
9 11
21 24
21 5
22 12
2 25
17 10
14 20
7 3
23 24
23 20
19 9
15 14
17 16
13
7 9
13 6
4 13
11 12
1 13
3 13
10 13
1 7
5 9
2 9
10 8
11 13
26
10 14
22 4
6 26
22 18
22 11
14 23
2 11
17 23
12 1
24 25
23 26
7 16
1 22
16 1
15 26
20 14
7 13
21 8
5 21
9 22
8 14
25 11
22 23
3 22
19 26
24
22 8
16 5
13 17
8 23
11 4
17 19
18 13
1 20
10 20
2 5
10 24
21 15
19 6
9 3
7 2
15 4
3 24
21 14
7 6
22 12
9 18
12 11
16 23
13
3 1
6 1
11 1
1 10
1 13
1 7
12 1
9 1
2 1
1 4
1 8
1 5
26
1 6
10 2
14 12
1 10
9 26
19 17
26 7
14 2
26 13
18 25
9 10
23 19
14 4
16 5
2 18
6 17
17 24
19 15
6 22
11 18
5 3
22 21
22 8
24 20
9 5
16
1 16
5 12
3 4
14 1
6 4
7 8
13 14
11 2
16 4
16 2
12 14
13 8
15 13
9 2
10 12
12
9 1
1 4
1 2
7 1
3 1
1 5
12 1
1 6
1 11
1 10
8 1
15
8 7
6 9
12 3
15 1
7 5
7 12
4 6
14 13
6 14
10 9
1 9
1 8
11 4
13 2
17
14 15
6 8
4 11
9 16
1 5
17 12
5 2
2 9
3 13
11 3
4 8
12 16
14 6
7 10
15 17
10 13
28
18 1
4 1
1 16
3 1
1 22
1 25
27 1
1 28
8 1
21 1
1 17
20 1
1 7
1 10
1 11
24 1
1 26
14 1
1 12
5 1
1 23
1 15
1 13
19 1
1 2
1 9
6 1
10
5 7
7 1
7 9
8 4
3 6
2 6
10 4
1 4
2 7
16
4 8
2 6
9 16
1 8
14 16
13 4
9 1
5 2
8 12
12 15
11 12
7 3
4 7
2 9
16 10
11
10 6
10 9
3 11
11 5
5 2
9 1
4 7
1 8
1 7
1 11
19
5 17
5 2
19 3
15 5
7 10
19 16
15 11
9 15
13 5
17 1
10 4
13 4
19 14
6 8
19 1
13 8
5 18
12 13
19
15 7
5 17
15 5
6 18
12 3
13 15
12 6
1 17
12 1
9 4
2 3
9 17
11 14
3 10
16 9
11 5
11 19
6 8
10
3 2
2 8
7 10
6 10
9 5
8 4
1 7
9 6
5 4
20
13 1
9 1
2 1
1 3
12 1
1 14
1 4
1 7
1 15
20 1
1 19
18 1
1 16
1 8
10 1
1 17
1 6
1 11
5 1
25
15 7
8 22
17 25
10 9
15 23
22 11
1 21
6 24
7 4
10 12
20 13
23 25
3 24
10 19
9 2
24 14
5 8
1 6
15 20
8 25
2 16
1 9
17 18
25 1
23
1 8
1 9
1 4
15 1
22 1
23 1
2 1
11 1
1 18
5 1
17 1
1 16
6 1
1 19
21 1
1 12
3 1
1 20
1 14
13 1
7 1
10 1
23
4 21
1 21
3 15
6 9
19 8
10 18
20 4
12 10
18 14
19 4
16 20
13 9
20 2
12 5
1 10
15 7
21 7
18 22
19 17
9 7
12 23
15 11
11
9 10
10 3
5 4
7 2
6 9
2 5
11 6
11 4
1 3
8 7
13
2 10
6 3
2 1
1 12
3 7
3 1
4 6
5 9
13 2
11 13
9 3
8 7
11
6 1
9 2
1 3
3 7
11 2
10 5
2 4
9 1
10 1
8 3
20
1 15
11 1
1 9
4 1
1 13
7 1
1 20
19 1
1 5
3 1
14 1
1 12
1 2
1 18
1 10
1 6
16 1
8 1
1 17
11
2 8
10 9
7 3
6 11
10 1
11 8
4 5
3 4
9 6
7 2
25
14 1
1 23
1 16
21 1
3 1
1 19
1 22
1 5
1 2
1 25
1 6
1 11
7 1
1 13
1 10
1 8
18 1
1 4
24 1
20 1
1 12
1 17
1 9
15 1
12
1 7
10 9
11 10
1 6
8 6
1 3
7 2
12 5
10 12
10 1
10 4
22
1 22
1 15
1 19
1 2
16 1
7 1
1 10
9 1
1 11
3 1
18 1
14 1
5 1
1 20
8 1
1 12
21 1
1 17
1 4
1 13
1 6
29
12 27
4 26
8 26
1 27
6 20
2 11
28 16
7 21
22 1
6 23
9 11
3 25
18 10
15 25
2 20
15 5
29 19
27 4
13 1
1 10
20 1
12 15
19 10
24 12
1 7
17 1
28 11
20 14
25
19 21
16 23
3 17
5 15
14 24
24 1
23 1
21 6
4 11
1 25
19 24
21 18
4 20
1 20
23 2
13 25
10 21
9 25
2 5
1 8
24 3
19 22
7 17
16 12
27
27 4
4 1
3 7
1 26
22 21
2 1
2 15
14 12
7 23
20 21
6 12
2 5
1 3
3 11
13 12
10 17
8 16
21 8
25 19
1 13
18 15
2 19
24 5
10 6
2 9
8 3
15
6 4
6 15
9 11
15 13
10 11
12 2
11 15
15 14
2 6
8 6
1 15
2 5
13 3
7 9
11
5 1
1 7
8 1
1 4
1 6
1 11
1 10
3 1
9 1
2 1
12
12 1
1 11
9 1
1 3
5 1
1 8
4 1
2 1
7 1
1 10
1 6
10
1 2
10 6
3 4
10 8
8 9
3 2
9 7
5 4
5 6
17
8 1
5 1
1 9
12 1
17 1
2 1
1 4
1 14
10 1
1 16
1 13
15 1
1 11
1 6
3 1
7 1
29
19 1
6 1
1 26
27 1
1 9
23 1
8 1
7 1
1 22
1 4
1 10
2 1
1 21
1 5
29 1
16 1
13 1
1 25
1 17
15 1
18 1
28 1
20 1
14 1
12 1
3 1
1 24
11 1
21
21 13
3 6
7 19
10 14
21 20
9 12
4 7
5 11
7 6
10 8
13 1
17 16
18 11
1 11
16 21
21 2
7 15
10 21
6 9
7 5
27
15 9
17 7
14 21
27 1
18 16
13 22
23 6
3 10
2 16
5 2
15 6
1 23
27 2
16 24
26 27
21 12
6 21
23 17
22 20
19 5
15 4
26 3
8 3
11 5
22 26
17 25
22
1 18
16 8
7 9
19 9
16 9
4 8
22 6
14 12
2 11
12 16
12 1
10 5
3 21
8 15
14 2
18 21
17 21
5 20
18 5
13 2
14 6
20
16 5
12 1
20 3
1 2
18 5
4 19
16 9
16 14
11 15
3 2
10 8
1 10
13 17
9 10
6 3
7 15
15 9
9 13
19 9
27
1 6
2 1
19 1
18 1
1 17
10 1
1 4
8 1
1 25
1 5
12 1
24 1
14 1
13 1
7 1
1 26
20 1
1 11
9 1
27 1
21 1
22 1
16 1
1 23
1 3
1 15
24
3 10
17 1
23 16
8 6
13 16
7 6
24 2
8 10
20 15
4 22
24 12
5 19
16 3
18 15
4 3
10 1
6 14
9 4
17 12
11 19
21 12
19 8
15 17
18
18 1
1 4
15 1
5 1
1 13
12 1
1 14
11 1
1 16
6 1
10 1
17 1
7 1
1 3
9 1
2 1
1 8
20
13 1
12 11
12 9
17 1
19 14
9 17
18 5
16 8
18 13
3 16
6 2
7 14
13 14
20 9
2 15
16 4
3 2
18 10
17 3
27
4 22
26 17
20 3
17 16
9 13
19 26
15 7
19 6
7 12
15 1
9 14
6 12
2 18
25 14
21 10
18 27
8 24
8 23
23 16
22 25
5 27
5 3
24 4
11 2
20 10
13 21
20
18 1
13 1
2 1
3 1
5 1
1 16
1 8
1 6
1 19
1 12
20 1
1 10
15 1
1 7
11 1
14 1
9 1
1 4
1 17
17
13 1
5 1
1 6
9 1
1 3
12 1
1 14
1 7
1 8
17 1
15 1
11 1
1 10
1 16
1 2
4 1
17
4 8
16 15
13 3
9 13
3 7
5 10
15 6
14 5
6 1
14 11
16 12
4 2
10 8
7 17
12 2
11 17
20
13 17
9 2
6 3
4 10
1 2
20 5
17 14
3 16
10 15
7 18
10 19
20 17
13 19
9 12
7 19
1 13
9 8
3 2
7 11
18
7 15
17 2
11 14
2 8
17 16
7 2
5 6
8 4
15 12
1 7
5 11
11 1
15 13
10 14
5 9
3 17
14 18
17
13 4
10 8
10 14
15 9
4 9
10 4
15 3
16 14
10 1
7 11
15 6
6 17
7 3
5 10
2 14
9 12
27
4 14
13 22
9 26
6 3
1 3
11 8
20 26
4 21
10 27
18 24
7 14
4 17
18 1
6 2
5 10
25 11
13 20
11 24
10 24
15 6
16 7
26 23
3 20
14 18
19 7
13 12
26
16 14
8 1
9 16
18 2
18 11
19 20
20 25
5 4
8 11
15 24
10 26
7 20
3 18
5 12
25 10
1 12
15 11
8 25
15 6
14 17
13 16
14 12
22 5
23 17
21 10
20
1 16
17 1
19 1
3 1
1 2
12 1
1 20
14 1
1 6
7 1
1 9
15 1
10 1
1 13
5 1
8 1
1 18
1 4
1 11
18
6 17
1 11
13 1
15 1
6 18
8 13
1 9
13 14
13 5
18 2
18 12
3 7
18 13
5 16
18 7
7 10
4 11
15
6 2
10 6
15 11
4 13
8 3
15 2
8 1
10 13
11 5
14 3
12 5
7 4
9 7
9 14
13
6 9
6 1
1 7
10 6
3 13
7 11
2 1
13 6
5 12
5 8
4 5
1 5
11
9 2
6 5
1 9
10 9
11 2
2 7
1 6
10 4
8 10
6 3
10
6 5
7 5
2 6
3 1
3 9
5 1
10 7
8 3
4 7
20
8 17
4 12
7 11
10 18
17 6
2 1
9 8
2 17
14 4
3 13
19 4
12 13
15 7
20 13
12 2
10 5
10 11
11 1
16 7
28
23 24
21 17
6 1
20 21
23 2
27 21
21 23
1 20
1 16
25 3
19 14
8 13
22 26
5 11
28 14
9 25
15 11
3 22
3 20
18 13
6 13
6 11
4 16
12 25
6 14
22 7
10 20
18
15 2
4 9
14 7
5 17
18 15
9 10
12 7
15 11
13 5
16 9
12 4
1 4
3 1
11 1
6 15
8 14
5 11
21
16 12
9 7
7 21
14 3
4 18
1 19
13 11
5 16
13 10
19 15
4 7
12 17
12 20
7 1
8 6
14 11
6 1
16 1
19 2
13 16
15
11 8
15 8
5 4
14 15
4 2
8 1
11 13
4 10
3 2
12 15
3 7
3 9
6 11
2 1
17
13 8
17 6
3 16
2 11
7 10
6 1
13 10
2 8
3 17
5 4
15 14
11 12
7 5
16 15
4 9
14 9
17
5 12
8 15
13 16
3 1
7 11
2 10
6 15
13 9
11 5
4 10
1 5
3 13
10 12
15 3
11 14
17 12
18
8 3
2 16
13 5
17 12
5 14
6 11
2 11
16 4
12 10
15 16
14 12
2 9
1 9
9 8
1 14
5 7
8 18
20
14 4
6 5
15 3
18 1
20 14
17 12
11 20
5 2
19 20
1 9
10 3
5 18
18 12
8 4
10 13
14 9
3 9
7 4
16 12
18
5 10
15 13
8 5
11 2
18 16
13 14
18 9
13 1
18 14
10 1
11 10
17 15
11 3
12 5
6 14
15 4
6 7
14
12 2
8 4
14 5
10 14
11 9
5 3
7 2
4 6
10 9
7 13
1 3
11 6
8 13
17
16 11
17 5
7 10
3 8
17 9
12 3
17 15
1 10
14 10
13 10
9 1
8 1
2 16
6 8
2 10
16 4
21
1 2
8 1
6 1
1 9
11 1
5 1
1 12
14 1
1 15
1 7
18 1
16 1
10 1
1 17
21 1
1 19
20 1
3 1
1 13
1 4
25
24 1
1 2
25 1
19 1
13 1
22 1
1 16
1 9
18 1
1 7
5 1
12 1
4 1
1 3
6 1
1 20
1 14
1 21
11 1
10 1
8 1
23 1
1 15
17 1
18
8 9
11 10
12 17
4 1
3 6
10 5
15 18
9 2
13 12
1 16
9 13
18 14
4 13
16 18
16 10
3 7
3 4
13
1 12
1 6
1 4
3 1
10 1
13 1
9 1
2 1
1 8
1 7
1 11
5 1
24
18 21
4 23
2 8
23 2
18 9
6 14
1 2
9 7
11 9
20 10
24 3
17 24
9 16
20 19
14 1
5 12
5 13
10 3
1 24
7 22
21 15
18 2
12 1
29
26 14
2 15
17 8
21 16
20 10
13 22
7 25
1 27
7 1
5 1
1 10
6 4
11 10
20 4
16 7
13 9
28 5
29 11
24 5
4 2
16 14
18 10
2 8
22 1
12 1
7 3
19 21
23 10
18
7 10
8 15
18 16
6 14
11 3
7 12
4 5
10 18
2 4
13 17
1 9
8 16
13 2
14 5
17 3
9 12
6 15
17
12 9
11 4
11 3
1 12
2 9
16 4
10 6
14 16
15 11
4 1
16 13
6 17
8 17
6 12
5 17
7 9
20
7 1
18 1
1 3
1 6
1 11
4 1
12 1
2 1
19 1
1 20
1 16
1 5
1 14
1 17
1 9
8 1
1 15
13 1
1 10
21
17 1
8 5
10 8
14 17
5 6
9 11
16 12
12 21
6 9
3 14
18 4
3 20
15 2
11 20
2 19
16 4
10 13
7 19
13 18
21 7
17
17 10
15 2
8 7
15 9
14 16
15 10
1 9
14 7
3 10
4 7
16 6
1 14
16 11
13 9
13 12
5 13
14
10 2
5 11
14 10
14 8
3 4
8 11
2 7
13 9
12 3
6 7
5 4
12 1
9 6
11
6 8
1 2
8 10
11 3
7 4
2 4
11 1
11 6
4 9
5 11
20
1 11
7 13
12 3
4 20
18 7
6 2
14 16
6 3
10 12
15 9
4 17
5 11
8 13
10 17
19 16
18 14
5 15
9 20
8 2
11
11 1
10 2
3 4
2 1
1 6
3 9
3 7
2 3
8 5
8 4
23
2 9
17 21
10 14
9 23
8 20
18 3
6 1
6 16
12 14
19 11
5 19
7 15
1 23
22 19
20 1
4 15
3 19
1 17
23 10
3 7
1 3
20 13
11
5 11
5 1
10 5
6 5
2 5
9 1
6 3
6 4
7 8
5 7
27
19 18
13 22
5 19
8 3
20 6
21 25
9 5
11 15
16 12
7 10
12 4
20 25
23 14
4 27
17 2
23 11
6 13
24 17
26 1
22 26
14 24
2 9
21 16
18 27
3 10
8 15
16
14 1
1 4
10 1
12 1
3 1
1 5
6 1
1 15
7 1
1 16
1 13
8 1
1 9
11 1
2 1
11
1 5
9 1
10 1
1 2
1 7
8 1
4 1
11 1
1 3
1 6
29
21 5
3 5
26 17
2 25
26 14
22 8
9 19
10 1
20 7
10 6
27 17
6 12
18 29
21 24
4 1
25 1
22 19
23 20
15 18
1 23
16 17
19 5
11 22
13 5
5 18
16 25
1 28
1 5
13
5 7
12 11
1 7
4 13
4 6
9 12
9 13
8 3
2 10
2 5
8 6
11 10
20
18 5
15 7
1 19
19 11
19 7
17 12
14 2
14 16
16 3
9 7
10 5
8 10
11 4
17 6
16 13
11 20
1 2
2 5
17 14
12
6 9
9 3
10 12
4 7
5 10
6 2
3 12
5 11
8 1
11 8
4 2
13
5 8
2 7
9 6
2 1
10 13
13 5
3 4
11 3
2 9
1 5
12 2
3 9
16
1 2
10 3
12 7
11 15
13 14
9 16
16 8
3 6
8 2
7 5
4 10
15 5
13 6
4 12
9 14
27
10 7
13 14
24 27
2 7
22 23
21 4
21 19
4 9
22 21
4 15
26 3
17 11
27 26
12 5
5 26
1 19
22 20
14 18
25 17
8 5
1 3
17 16
3 14
11 7
19 11
6 27
27
25 19
19 7
14 4
4 6
9 1
7 13
17 25
22 5
1 21
15 8
18 11
20 12
19 9
15 24
18 12
21 6
5 6
12 10
5 26
3 25
21 18
7 16
27 4
2 11
11 23
15 9
10
1 6
1 3
1 8
10 1
1 5
2 1
1 7
1 9
1 4
20
14 4
13 17
3 10
20 19
15 19
16 14
18 2
12 9
8 11
11 6
2 15
10 17
7 13
1 7
12 18
16 9
5 6
3 4
20 8
29
19 26
21 1
5 8
10 27
4 1
17 15
20 18
13 4
28 2
27 12
8 6
20 25
29 4
8 3
29 28
17 29
23 22
13 11
13 27
20 14
28 16
24 22
22 18
17 9
19 5
19 7
18 21
5 21
17
8 14
13 9
13 12
6 11
5 15
16 2
10 14
1 7
17 4
6 16
9 3
8 17
10 12
3 7
2 4
15 11
13
1 3
1 4
1 6
8 1
7 1
1 2
5 1
10 1
12 1
11 1
1 13
9 1
17
13 1
1 14
1 6
2 1
1 5
9 1
1 17
1 4
1 12
1 16
1 3
11 1
1 7
1 10
1 15
8 1
28
11 1
1 9
1 15
1 2
1 14
23 1
1 19
16 1
5 1
1 12
26 1
27 1
1 25
6 1
1 28
13 1
10 1
1 21
1 20
24 1
1 3
7 1
1 4
22 1
1 17
8 1
1 18
26
10 9
1 24
3 21
25 16
2 5
11 22
13 15
11 25
14 19
20 6
20 26
3 5
4 14
17 16
2 13
24 12
10 7
8 9
21 18
18 8
26 22
7 4
12 15
19 6
23 17
26
8 7
24 2
18 4
7 17
20 19
7 11
12 5
21 1
8 26
12 10
1 9
2 8
22 17
15 13
4 20
14 26
7 1
11 3
7 16
6 11
23 4
9 12
9 25
13 7
26 19
16
1 4
11 1
1 6
2 1
15 1
1 8
1 5
13 1
1 16
7 1
14 1
1 12
1 9
1 10
1 3
11
1 5
6 1
1 7
3 1
4 1
2 1
1 9
11 1
8 1
10 1
25
18 9
20 16
17 18
17 11
13 14
3 5
4 15
6 7
4 21
2 13
10 20
25 19
22 24
8 23
8 12
10 15
2 16
7 22
21 12
11 14
25 3
5 1
19 6
24 9
16
10 13
15 9
15 10
6 11
6 1
16 5
4 14
12 3
12 16
4 7
14 8
8 11
13 2
7 9
3 2
19
17 1
1 8
13 18
2 17
5 7
1 5
14 10
4 18
18 14
16 18
15 10
12 4
19 13
2 3
14 1
8 9
6 10
11 5
27
26 1
1 22
1 16
1 17
1 10
13 1
1 6
24 1
1 8
18 1
2 1
1 4
1 20
5 1
1 25
3 1
1 21
1 27
19 1
1 14
1 9
15 1
7 1
1 11
1 23
12 1
13
9 11
4 9
8 13
9 1
12 1
7 5
9 5
13 1
1 6
9 10
2 10
3 8
13
1 3
1 12
1 2
11 1
9 1
1 13
1 7
10 1
5 1
6 1
4 1
1 8
25
10 17
17 15
9 7
18 10
13 6
23 15
11 13
18 5
18 2
24 9
12 24
22 9
8 15
20 7
1 7
4 16
10 19
25 22
21 16
17 1
22 14
16 20
24 3
13 20
19
7 1
1 18
1 5
4 1
3 1
1 19
6 1
2 1
14 1
12 1
11 1
1 9
1 17
15 1
1 10
1 13
1 8
16 1
24
7 16
9 15
12 4
5 6
12 8
20 12
9 20
21 18
13 24
7 6
22 19
13 2
10 9
17 6
18 23
23 22
22 3
18 11
7 13
16 1
23 16
20 1
4 14
29
22 24
25 2
19 2
1 17
1 10
11 16
15 1
29 4
5 14
22 1
15 12
13 24
6 21
1 21
20 10
4 1
9 1
18 10
19 10
1 23
2 26
10 27
7 1
3 15
11 15
9 14
1 8
9 28
24
21 15
24 18
24 13
10 5
6 24
12 19
14 15
13 23
2 17
5 12
3 2
16 3
20 12
4 10
1 16
11 8
18 1
22 2
7 11
16 5
9 10
15 3
11 18
11
11 10
3 9
5 6
2 3
7 6
4 8
1 6
8 7
11 9
3 1
12
7 10
7 5
2 11
3 10
8 12
8 4
5 1
9 3
4 11
9 6
12 6
22
17 14
17 21
9 4
13 21
1 20
1 9
15 9
7 4
8 21
11 22
16 4
5 21
6 9
3 6
8 4
18 6
19 22
2 16
12 6
10 1
9 22
28
28 11
7 9
17 3
24 11
2 5
23 15
13 16
20 13
19 4
14 23
1 25
12 19
8 24
27 2
9 23
18 2
9 25
22 13
5 17
1 8
22 8
17 10
21 7
22 19
5 25
26 7
24 6
18
18 12
11 18
3 11
17 12
1 2
13 7
15 6
6 16
2 13
9 4
18 1
14 17
4 8
4 2
10 13
11 5
6 12
25
24 15
16 25
15 1
25 5
9 23
13 23
23 16
11 4
19 17
8 6
8 4
4 23
18 10
14 23
17 10
12 18
5 20
4 7
2 18
18 23
3 8
9 21
4 1
21 22
28
1 3
4 1
1 7
1 25
1 22
14 1
1 5
1 21
1 16
26 1
8 1
1 10
1 12
1 27
28 1
13 1
1 6
2 1
1 17
1 11
24 1
19 1
1 15
1 23
1 18
1 20
9 1
22
3 8
12 5
22 14
1 6
2 22
11 5
17 7
4 10
14 10
18 21
16 2
7 6
20 9
15 16
3 11
9 18
13 15
12 17
19 20
19 4
8 13
26
19 12
16 24
3 9
17 23
3 22
1 21
15 18
2 25
2 16
6 19
4 7
13 8
8 7
17 18
11 5
22 20
10 23
20 14
12 15
13 11
21 10
26 24
6 25
14 26
9 5
29
16 14
29 22
18 2
24 13
21 20
9 11
19 17
29 28
27 1
18 15
3 20
29 1
28 17
7 5
23 18
13 27
27 2
2 20
13 11
22 25
10 7
24 26
12 14
17 8
4 24
11 6
7 22
28 14
14
4 11
5 2
1 13
11 6
4 7
2 3
10 3
4 13
12 5
5 1
9 2
12 8
5 14
11
8 1
7 1
6 1
1 3
2 1
1 11
4 1
1 10
9 1
5 1
25
20 14
2 17
6 7
17 19
24 6
16 14
19 7
12 10
8 10
17 13
13 15
10 21
4 13
8 9
11 8
5 18
7 5
25 2
22 5
1 19
2 3
14 21
1 21
23 6
19
1 7
3 1
2 1
1 4
10 1
1 5
1 16
9 1
6 1
1 11
12 1
1 8
1 15
13 1
1 18
14 1
19 1
17 1
18
4 11
16 5
11 2
15 2
5 12
8 10
12 7
3 9
16 6
4 14
13 7
15 8
17 18
3 10
9 6
18 14
1 13
10
1 2
1 4
1 3
7 1
8 1
9 1
1 5
1 10
1 6
24
18 1
8 24
1 9
20 9
7 23
24 20
23 14
21 17
17 7
3 19
3 10
6 8
4 13
7 19
10 16
5 23
12 17
19 4
11 22
1 15
24 2
19 1
24 11
24
20 15
20 11
23 14
12 17
22 1
13 10
12 5
21 2
1 18
23 20
11 16
23 12
1 24
11 8
6 2
8 3
9 21
4 20
1 21
18 23
4 19
3 13
7 15
21
10 16
13 5
10 20
16 7
15 8
3 20
9 3
6 12
2 15
19 5
13 2
21 11
11 4
21 17
19 14
7 6
17 1
18 4
14 9
18 12
16
11 5
11 4
12 15
12 9
6 3
13 10
8 7
1 15
7 4
12 6
10 2
10 15
11 14
7 16
4 1
29
24 27
25 1
21 8
1 3
8 15
23 20
29 4
16 19
26 13
4 5
15 26
2 17
18 19
17 7
27 29
3 15
20 6
27 14
19 25
25 29
28 26
22 18
3 9
10 4
17 9
18 12
8 11
9 20
15
6 14
1 8
1 6
3 5
7 13
12 11
2 14
1 13
6 15
11 1
1 10
4 13
3 8
11 9
18
7 14
14 1
15 18
18 1
7 16
15 10
7 17
11 2
11 14
15 4
11 5
12 13
12 8
9 6
9 18
9 12
6 3
26
1 11
13 19
15 14
10 6
12 19
23 21
12 24
18 10
18 3
17 24
15 4
16 26
5 7
22 26
25 2
25 3
9 17
2 11
22 6
23 8
13 20
16 9
20 4
21 7
8 14
25
8 2
24 19
19 3
21 14
1 3
12 15
20 6
8 16
16 13
1 8
18 11
22 15
18 9
5 24
8 11
3 4
2 20
12 8
21 17
21 25
4 14
10 19
21 7
11 23
24
7 4
11 2
21 24
24 11
14 22
6 7
8 5
14 9
17 13
6 18
20 23
16 21
10 20
10 22
15 5
18 15
12 19
12 8
3 17
4 13
19 23
2 9
1 3
22
21 2
18 2
20 4
4 7
1 3
4 9
6 15
17 15
8 19
15 10
19 13
13 1
13 22
16 12
11 22
7 3
16 6
14 19
5 22
3 6
2 7
14
10 6
6 2
10 14
7 5
9 13
1 4
12 2
11 8
8 7
11 14
12 13
3 9
4 5
13
8 1
2 1
10 1
1 11
7 1
1 12
4 1
1 3
5 1
6 1
1 9
13 1
12
12 2
5 7
11 10
8 11
4 1
5 3
9 6
10 9
4 7
8 3
6 12
17
12 6
11 17
11 7
11 3
6 10
1 14
16 2
14 5
11 15
10 1
10 4
9 8
2 8
6 13
3 1
14 2
27
7 2
4 20
17 18
15 26
27 11
9 5
25 22
3 10
23 20
12 21
8 10
2 24
19 4
6 22
18 26
25 13
24 13
12 6
1 7
8 14
19 15
17 16
27 5
11 3
16 9
14 21
23
17 4
8 17
12 14
3 23
16 23
22 21
15 17
1 21
12 11
22 6
19 8
1 4
13 14
5 13
15 20
15 9
12 2
10 8
18 22
7 13
21 23
14 4
23
1 14
1 18
1 21
7 1
1 9
4 1
1 10
1 8
1 15
1 5
19 1
1 11
20 1
1 22
1 3
1 23
16 1
1 17
12 1
1 13
2 1
1 6
24
18 24
17 11
3 15
14 21
2 19
19 20
22 3
7 9
6 21
17 8
15 16
13 5
4 24
12 18
20 23
10 12
2 8
7 16
13 23
5 10
22 14
1 11
4 9
25
12 1
1 7
1 21
6 1
19 1
1 4
1 15
1 24
1 22
1 2
1 5
1 13
1 10
9 1
1 14
1 11
1 16
8 1
18 1
1 20
1 3
1 17
1 25
1 23
10
2 1
9 1
1 4
3 1
7 1
1 10
1 5
1 8
6 1
18
6 10
18 16
7 3
16 9
17 12
7 11
3 15
13 10
11 4
5 9
14 6
2 4
2 5
13 17
8 14
1 15
18 12
20
1 6
1 3
16 1
2 1
1 8
1 19
11 1
1 5
1 4
1 7
9 1
13 1
1 20
1 17
1 15
18 1
1 14
12 1
1 10
17
1 15
10 1
1 13
1 11
1 14
7 1
4 1
1 3
1 5
9 1
16 1
8 1
1 6
2 1
1 17
12 1
11
10 8
3 5
1 7
5 11
1 10
7 9
2 9
5 7
10 6
4 9
10
1 3
5 1
2 1
1 8
1 4
1 7
10 1
6 1
9 1
29
1 4
1 16
1 11
10 1
1 20
22 1
12 1
7 1
1 6
1 29
1 24
1 28
1 25
19 1
1 15
21 1
1 3
1 27
1 14
1 18
1 13
5 1
17 1
1 23
2 1
9 1
1 8
26 1
20
7 16
12 4
9 10
5 13
19 15
16 20
6 3
17 11
19 13
10 2
9 5
17 8
7 18
11 14
12 14
3 8
4 15
18 2
1 20
12
6 1
4 1
5 1
2 1
1 3
8 1
12 1
11 1
10 1
1 7
9 1
14
6 7
9 4
13 3
3 4
2 4
1 2
14 10
1 6
12 11
11 7
14 8
5 1
10 1
26
17 10
23 13
24 15
14 25
16 15
5 7
26 2
12 11
2 25
19 6
14 9
18 23
10 4
26 3
6 20
24 18
9 12
8 22
13 1
22 16
11 19
21 17
7 20
3 4
21 8
11
1 9
5 1
11 1
4 1
1 6
1 10
1 3
7 1
1 8
2 1
15
2 8
2 10
13 4
13 14
4 3
12 4
1 3
6 3
5 1
11 1
15 9
5 7
9 4
2 6
17
2 17
10 7
14 8
17 10
14 3
14 6
4 5
12 10
6 5
13 15
1 9
16 5
11 13
9 17
13 9
1 6
27
1 16
3 25
24 10
15 12
26 9
13 5
9 8
7 24
19 25
20 24
19 12
22 27
1 17
1 23
5 9
20 5
18 14
11 26
7 25
20 21
18 6
5 1
16 27
19 2
23 4
1 18
14
11 8
4 7
1 14
5 13
10 14
14 4
4 3
5 12
1 6
14 8
2 13
9 10
13 1
21
19 6
3 8
16 9
13 9
14 5
15 14
6 17
10 18
20 3
17 7
3 21
13 21
3 11
3 19
12 18
18 4
9 2
17 12
14 1
1 21
10
10 1
1 2
1 7
5 1
1 3
1 9
8 1
1 6
1 4
19
12 16
11 19
19 14
13 10
6 7
15 8
1 17
14 4
2 18
7 8
9 1
3 10
18 1
1 10
19 5
7 9
17 16
1 19
20
15 20
2 3
5 17
3 13
20 2
8 10
4 20
10 16
1 11
11 5
19 18
10 6
7 17
11 2
5 9
18 12
16 1
18 16
3 14
22
3 18
22 15
9 18
18 1
4 1
16 20
15 3
10 13
15 12
5 12
14 9
8 13
2 6
8 1
4 2
18 11
16 2
19 6
7 1
21 7
17 6
29
1 19
9 1
17 1
1 5
22 1
15 1
1 18
1 13
1 6
1 7
1 14
4 1
2 1
1 28
20 1
21 1
26 1
25 1
1 10
3 1
1 8
1 23
16 1
11 1
1 12
29 1
24 1
27 1
27
12 9
8 25
12 11
12 13
9 23
1 5
21 24
15 4
21 22
24 4
20 14
16 3
26 20
21 8
17 24
7 19
21 5
2 13
4 16
19 4
18 5
12 1
10 13
22 6
14 1
27 23
13
8 1
6 1
13 1
2 1
1 9
3 1
1 11
7 1
1 12
10 1
4 1
1 5
16
3 1
1 12
9 1
1 2
1 5
4 1
8 1
10 1
7 1
13 1
14 1
6 1
16 1
11 1
1 15
10
7 9
9 4
2 5
8 7
6 8
10 6
10 2
5 3
3 1
26
23 25
15 24
5 11
25 1
16 13
8 7
19 14
8 4
16 2
3 17
20 8
9 5
22 26
23 19
24 6
19 12
18 3
22 16
21 13
2 1
3 4
5 23
25 4
13 10
24 2
17
3 2
3 16
10 12
3 8
17 8
9 4
6 8
4 6
13 11
4 14
5 11
12 7
12 5
6 1
1 5
11 15
12
12 7
3 4
12 3
10 9
4 6
7 2
5 2
11 6
9 8
11 8
1 5
19
19 9
12 1
11 15
3 13
7 16
15 9
14 8
3 17
10 7
11 4
6 16
17 14
18 4
13 5
12 8
2 6
18 5
2 19
19
1 9
4 1
10 1
14 1
1 2
17 1
1 15
1 6
1 13
1 12
18 1
19 1
1 5
1 11
1 8
16 1
3 1
1 7
19
18 9
19 11
17 9
13 10
7 5
3 15
16 19
6 2
15 12
5 2
18 14
10 12
8 4
4 11
8 7
6 3
1 13
14 16
26
17 1
1 6
20 1
1 25
1 18
8 1
4 1
23 1
1 22
26 1
1 2
1 3
14 1
1 15
1 21
13 1
1 19
11 1
12 1
1 7
1 24
1 10
16 1
1 9
5 1
28
8 27
7 14
5 20
25 15
24 21
2 7
18 10
26 19
14 11
9 26
8 19
21 6
2 4
7 6
14 3
17 19
22 24
27 10
6 1
12 25
27 25
5 21
5 16
23 2
13 24
1 8
28 10
14
9 3
12 8
11 8
9 2
7 6
6 2
2 1
10 8
14 5
1 10
13 9
14 4
14 10
20
10 1
1 7
15 1
19 1
8 1
4 1
1 3
9 1
5 1
1 18
1 11
2 1
1 14
12 1
20 1
13 1
1 16
1 6
1 17
27
1 22
16 1
1 17
18 1
12 1
25 1
1 23
8 1
26 1
1 5
14 1
10 1
11 1
1 19
6 1
1 20
1 27
21 1
9 1
15 1
24 1
1 2
13 1
1 3
1 4
7 1
29
7 6
23 2
22 19
14 10
1 3
15 9
24 16
23 8
11 17
4 25
7 4
20 4
3 27
24 9
14 12
26 23
29 24
18 19
12 28
21 19
1 10
1 7
6 5
23 4
20 13
4 15
19 15
27 17
18
11 5
16 15
14 17
10 15
8 3
3 2
3 13
13 5
7 14
15 7
12 8
13 1
8 18
6 2
9 14
4 5
7 1
11
1 5
1 2
1 10
1 11
4 1
7 1
1 8
3 1
6 1
1 9
27
6 1
17 1
4 1
1 22
1 14
15 1
3 1
1 24
1 20
1 19
1 12
18 1
11 1
1 8
1 16
23 1
7 1
1 5
1 2
1 9
1 26
1 10
27 1
1 13
25 1
1 21
12
7 12
6 2
5 8
12 2
2 11
2 3
5 9
2 4
1 2
8 10
1 8
11
8 2
10 11
8 5
6 2
10 3
9 1
2 1
7 10
2 10
4 1
22
1 21
1 7
5 1
12 1
19 1
13 1
8 1
1 15
1 18
9 1
14 1
1 6
4 1
17 1
1 16
22 1
1 3
20 1
10 1
2 1
1 11
18
15 5
10 14
13 18
2 18
5 3
17 16
3 1
13 17
9 16
10 17
16 6
3 11
11 4
13 1
8 5
11 7
18 12
14
10 3
4 11
9 1
12 13
14 8
12 7
1 14
14 4
3 1
13 5
6 2
1 13
13 6
14
7 1
13 8
9 4
5 14
14 12
11 4
12 8
12 1
7 6
2 14
4 7
3 6
6 10
22
15 17
16 22
19 21
5 10
10 8
1 18
13 7
22 2
20 11
14 12
13 5
9 8
4 15
11 14
6 19
2 4
18 20
16 9
3 6
21 17
12 7
16
12 1
2 1
6 1
1 15
10 1
1 9
16 1
5 1
3 1
1 7
1 8
14 1
13 1
11 1
1 4
20
1 2
1 13
12 1
8 1
1 19
16 1
11 1
5 1
14 1
7 1
17 1
20 1
1 9
3 1
6 1
1 15
18 1
10 1
1 4
14
1 3
5 7
10 4
5 8
1 5
14 9
2 9
10 9
6 11
12 13
11 9
11 1
5 12
10
2 3
5 6
9 5
7 2
4 8
8 6
3 10
1 7
10 4
13
11 1
13 1
4 1
6 1
1 10
1 7
8 1
1 2
9 1
1 12
5 1
3 1
28
10 1
1 25
23 1
1 5
1 20
11 1
4 1
1 9
1 16
1 14
1 27
6 1
1 2
1 21
1 26
1 22
24 1
15 1
1 28
3 1
1 19
13 1
1 8
7 1
18 1
1 12
17 1
11
4 7
10 6
2 8
9 5
4 6
9 2
8 3
10 11
3 1
5 7
15
2 1
1 8
14 1
1 6
1 15
5 1
1 9
11 1
7 1
10 1
1 12
1 3
1 4
1 13
13
4 11
6 3
5 6
7 8
3 10
7 13
11 10
9 5
12 13
8 4
9 2
12 1
17
14 4
7 1
16 2
8 7
6 9
11 10
16 13
10 15
3 2
6 13
4 15
8 17
12 5
9 12
5 11
3 17
27
9 13
25 5
8 26
7 16
19 27
17 14
5 10
1 19
21 11
8 19
17 16
5 9
26 12
3 10
6 27
27 23
14 15
8 21
21 20
1 25
22 26
24 9
2 16
17 25
10 4
18 14
23
1 19
1 20
1 5
9 1
3 1
16 1
1 7
18 1
1 14
1 4
13 1
1 6
10 1
11 1
1 12
23 1
1 17
8 1
15 1
1 2
1 22
21 1
26
13 24
20 19
15 5
9 23
17 10
9 1
8 13
13 17
15 17
18 6
3 17
9 22
1 2
25 4
7 17
4 17
17 1
6 26
13 6
16 5
14 1
12 5
11 7
21 12
19 16
15
4 8
14 13
12 2
3 1
4 1
9 8
14 1
6 1
2 5
7 15
10 4
11 4
2 14
15 14
23
1 22
1 20
1 3
13 1
1 2
7 1
1 21
1 8
11 1
1 5
9 1
1 4
23 1
12 1
1 10
18 1
1 19
17 1
1 14
15 1
1 6
1 16
27
1 26
13 1
1 5
23 1
18 1
1 17
1 12
1 6
1 2
10 1
1 8
19 1
1 9
1 20
1 25
24 1
4 1
1 7
1 3
14 1
1 27
22 1
11 1
16 1
21 1
15 1
17
16 3
6 13
12 2
5 10
8 10
1 11
7 4
4 5
14 9
13 17
3 14
7 11
2 15
16 6
12 9
15 8
29
6 23
4 28
24 10
16 20
26 13
1 11
5 17
21 27
22 8
26 14
27 18
13 24
5 25
3 10
4 29
8 17
18 19
14 9
15 11
2 7
6 20
16 22
21 29
12 3
7 23
28 15
19 2
12 25
19
1 9
5 1
1 10
4 1
6 1
1 8
13 1
15 1
7 1
11 1
16 1
2 1
17 1
1 18
1 19
12 1
14 1
1 3
25
20 5
13 3
5 12
13 7
1 3
24 18
1 21
25 1
23 19
22 8
25 23
15 5
22 3
21 2
6 13
15 23
4 15
24 21
1 16
9 14
11 1
21 17
22 10
14 19
23
6 14
18 4
23 12
21 3
8 19
15 10
4 3
15 21
16 18
22 6
15 5
4 12
6 1
14 9
13 22
1 3
22 11
2 18
14 17
21 19
7 19
20 12
10
3 5
10 8
9 2
1 6
10 4
6 8
7 9
7 5
4 3
20
18 10
1 12
7 19
2 13
3 2
6 12
10 8
2 5
20 11
14 4
17 20
19 16
1 17
6 10
4 1
1 7
15 9
7 9
3 6
23
23 4
7 4
12 3
6 23
15 2
15 13
1 14
5 16
8 1
14 23
21 15
17 6
18 3
8 11
3 8
20 4
16 21
9 11
14 21
10 16
22 11
6 19
11
1 2
8 11
8 9
7 6
10 8
4 2
5 10
8 1
7 11
3 8
23
13 10
3 1
19 21
3 13
22 13
16 8
10 6
11 19
19 20
9 22
16 18
12 13
17 13
5 10
1 16
5 19
9 7
16 14
22 15
3 4
13 2
23 17
14
11 1
13 1
14 11
13 9
13 8
3 10
10 11
2 11
10 5
9 4
10 12
3 6
7 14
21
20 11
4 7
6 7
20 5
16 15
9 3
9 11
17 10
16 2
19 21
15 18
2 6
8 18
4 21
12 14
1 10
8 17
3 14
5 13
13 19
27
7 1
10 1
14 1
3 1
21 1
18 1
1 6
4 1
5 1
9 1
8 1
1 12
1 23
25 1
1 13
1 24
1 15
22 1
1 17
1 2
19 1
20 1
1 27
1 11
16 1
1 26
20
5 3
16 14
4 16
15 4
5 9
13 19
1 4
13 2
3 11
20 6
18 6
16 17
5 6
1 9
15 10
3 7
12 19
15 8
9 19
10
1 5
9 1
10 1
4 1
1 3
1 2
1 6
1 7
1 8
29
25 6
14 1
4 21
14 16
28 23
16 20
13 10
27 20
21 8
17 4
25 12
18 28
15 2
7 28
13 19
16 2
3 18
18 22
9 2
4 26
24 8
23 1
5 8
11 20
13 29
19 25
14 21
19 23
18
4 11
9 6
1 12
18 1
12 13
3 11
11 14
11 5
11 6
16 8
3 8
17 12
7 8
11 1
2 3
15 1
10 1
10
9 3
2 8
8 1
5 4
1 9
3 7
9 5
6 8
10 3
26
20 1
1 2
1 19
1 24
1 17
25 1
3 1
1 12
1 18
1 5
14 1
15 1
1 11
4 1
23 1
9 1
1 26
1 16
1 6
1 10
1 13
1 21
22 1
7 1
8 1
14
3 1
11 1
1 2
4 1
9 1
1 13
6 1
1 10
5 1
12 1
7 1
8 1
14 1
29
3 19
27 6
11 23
5 13
22 6
7 17
26 18
7 20
22 15
14 24
18 17
24 8
16 27
1 27
1 7
24 17
18 12
3 6
20 23
25 16
21 10
21 20
13 9
4 3
16 13
2 21
29 23
28 22
26
4 21
16 9
13 8
14 8
10 25
5 20
6 26
24 10
23 26
1 19
2 3
4 18
22 7
23 20
24 22
11 5
18 19
17 15
16 3
17 6
13 15
12 14
2 7
12 21
11 25
22
11 19
17 4
4 8
6 2
3 11
16 12
3 14
12 1
15 13
16 10
21 7
21 5
10 22
9 22
17 9
19 18
14 13
7 18
8 2
20 6
20 5
24
24 23
13 4
18 6
14 20
14 5
7 16
22 19
8 23
14 1
5 12
4 1
4 6
21 12
2 13
23 5
17 12
9 11
7 13
19 10
20 11
3 11
6 15
19 20
21
13 7
15 4
5 15
8 1
15 19
1 5
9 10
13 17
8 14
14 11
12 20
5 7
9 3
13 2
4 18
9 7
6 14
4 16
20 21
8 20
27
22 15
18 11
14 9
2 6
27 4
10 19
21 14
6 8
26 22
24 7
13 12
23 25
17 8
23 4
16 20
27 20
24 12
10 3
16 26
15 19
11 1
13 25
21 7
5 3
18 9
17 5
17
8 12
9 2
12 10
13 14
12 16
9 6
12 13
12 9
1 12
15 6
6 17
14 11
4 2
8 5
3 12
7 1
26
22 12
14 8
24 9
23 13
17 18
5 3
19 16
21 20
23 8
1 6
10 25
2 26
4 16
18 25
22 15
12 11
6 7
13 4
14 3
24 19
5 7
11 26
21 15
20 10
9 17
15
13 3
1 5
4 1
2 7
13 11
1 11
1 8
4 10
15 7
11 6
12 15
8 9
11 2
15 14
10
10 3
9 7
6 7
1 7
8 7
1 4
10 1
5 6
2 8
29
29 27
15 27
28 14
2 20
29 13
6 8
1 19
12 21
16 5
3 9
12 25
11 5
19 18
10 22
22 23
18 26
28 11
25 10
7 17
2 13
4 7
17 23
24 21
3 8
14 20
9 26
16 24
4 6
24
4 8
22 17
3 2
17 21
6 16
20 15
9 5
12 3
1 8
12 10
16 2
19 18
5 11
14 23
23 15
13 7
19 10
18 21
24 6
11 14
7 4
22 20
9 13
12
12 5
11 3
12 11
2 4
3 2
5 8
7 10
6 10
4 9
1 8
7 9
28
11 1
1 17
5 1
1 8
24 1
1 16
1 9
14 1
1 2
1 21
6 1
10 1
1 13
1 19
27 1
1 7
1 4
1 15
1 28
1 3
12 1
1 18
25 1
22 1
1 20
26 1
1 23
12
8 7
2 4
4 12
12 5
3 1
10 5
7 10
9 8
9 11
2 6
11 3
10
1 3
1 4
4 6
7 4
10 1
2 5
8 3
2 3
1 9
21
1 11
1 2
1 14
1 16
21 1
1 6
5 1
1 3
1 19
12 1
18 1
7 1
9 1
1 20
1 4
1 13
17 1
15 1
8 1
1 10
12
9 2
11 3
1 11
3 10
5 12
8 2
8 4
7 6
10 6
12 7
5 9
16
8 14
10 16
4 9
6 3
9 13
11 15
3 1
12 10
15 9
3 5
16 6
4 14
7 3
3 9
9 2
20
1 2
1 18
16 1
1 20
14 1
11 1
1 13
19 1
6 1
3 1
8 1
10 1
1 15
1 5
1 9
1 7
1 12
1 4
17 1
25
20 7
23 2
14 1
18 15
9 16
6 21
25 9
17 7
6 12
4 24
17 13
25 3
5 14
19 10
20 22
11 2
3 15
19 23
8 13
4 11
10 12
5 21
24 16
8 18
14
4 6
5 4
3 12
6 9
3 1
13 6
9 7
4 10
8 3
14 4
4 2
6 1
6 11
28
18 17
24 25
24 9
4 13
12 22
5 10
28 23
18 20
6 21
11 8
5 9
19 11
17 15
28 20
5 1
1 18
9 21
20 4
2 14
28 7
14 17
22 10
4 16
22 27
24 3
11 10
21 26
27
23 19
27 18
8 5
25 1
24 2
2 11
3 25
20 12
22 27
18 9
20 6
8 17
14 10
4 12
4 3
6 15
22 16
21 19
13 9
26 15
16 23
5 21
11 7
7 14
10 26
13 24
22
21 4
18 14
7 2
22 9
6 2
3 12
5 4
15 10
1 19
16 11
19 20
17 21
3 7
20 14
22 18
9 10
5 6
13 17
13 15
11 12
8 16
15
8 11
8 4
14 9
13 5
8 15
2 10
11 1
3 10
13 7
13 6
11 10
6 14
14 12
1 6
26
9 19
26 18
11 16
6 24
17 9
10 23
2 25
7 8
17 10
19 4
6 26
16 2
21 7
14 4
25 3
14 12
18 5
22 11
20 8
3 12
13 5
20 24
22 1
23 15
15 13
22
4 22
12 5
2 13
14 20
9 1
4 10
19 13
18 17
15 21
15 6
7 19
14 22
13 1
16 22
3 6
22 1
9 21
11 16
1 17
5 15
8 16
19
8 13
2 9
10 5
6 3
6 12
18 16
13 9
2 1
14 3
10 9
3 1
15 14
7 6
2 16
19 16
11 13
14 17
10 4
14
13 1
1 7
8 1
12 1
1 5
14 1
10 1
6 1
1 9
1 4
1 3
11 1
2 1
19
12 6
4 10
2 17
5 18
8 19
3 9
7 5
14 11
18 19
10 3
9 7
16 1
16 17
15 14
4 15
8 13
2 12
11 6
17
1 9
8 1
15 1
1 11
7 1
6 1
1 2
10 1
3 1
14 1
17 1
1 4
1 16
1 5
12 1
13 1
24
1 22
9 13
20 4
6 9
21 8
4 24
22 13
8 22
14 24
5 11
19 10
11 23
11 15
16 21
17 10
10 13
7 9
23 24
12 18
18 2
21 3
18 8
1 23
17
10 3
8 6
17 15
11 7
9 13
12 9
1 5
2 8
4 7
17 13
3 2
15 16
16 6
4 12
14 10
5 11
16
7 10
14 16
16 2
3 5
4 9
10 3
4 11
9 2
16 15
1 3
6 5
9 8
10 12
1 2
13 5
17
13 1
1 3
2 1
11 1
1 7
17 1
5 1
8 1
1 15
9 1
10 1
1 14
4 1
16 1
1 12
1 6
27
16 17
22 13
23 19
21 20
1 2
3 10
27 8
4 11
27 21
20 14
7 9
26 15
26 17
9 24
23 8
2 5
13 16
10 18
25 18
5 24
12 6
3 4
12 22
7 6
11 15
14 25
22
4 10
8 12
7 8
6 22
19 8
17 16
14 9
22 5
11 7
17 6
13 9
15 9
7 2
19 6
18 4
14 4
1 19
14 1
21 22
3 12
17 20
13
10 11
2 10
2 7
7 8
12 1
1 10
3 4
13 11
6 12
1 5
9 1
4 9
15
11 1
12 1
10 1
9 1
2 1
1 13
1 8
1 4
1 5
1 7
3 1
6 1
15 1
1 14
29
6 4
25 18
18 17
27 16
7 4
18 21
12 20
12 13
11 8
6 23
5 4
8 24
22 26
9 15
29 25
14 16
6 10
3 9
29 2
15 12
16 15
1 9
25 5
5 1
19 22
8 3
22 3
28 29
19
1 18
12 1
3 1
1 9
1 15
17 1
6 1
5 1
8 1
1 7
1 16
1 11
1 10
1 13
1 2
14 1
4 1
19 1
11
1 11
5 3
11 7
11 2
10 7
4 7
8 11
9 7
3 6
5 1
26
1 21
19 1
1 12
1 10
15 1
1 3
25 1
1 7
9 1
20 1
1 24
1 4
1 14
17 1
1 23
8 1
1 5
13 1
1 11
18 1
2 1
1 26
16 1
1 22
1 6
23
16 1
9 13
20 14
11 12
5 2
9 22
22 15
15 11
10 12
14 11
18 12
15 1
22 8
21 3
8 17
23 8
4 2
6 14
3 19
2 16
7 9
16 3
26
11 17
12 13
6 24
4 23
22 7
23 2
24 8
22 9
21 15
21 25
19 3
16 7
17 10
18 14
12 14
19 26
1 18
15 16
9 6
5 3
26 20
25 11
4 20
8 2
13 5
17
12 13
3 10
2 15
13 8
1 16
6 15
5 11
4 15
1 17
15 13
1 12
14 16
12 9
3 17
7 14
12 11
20
1 9
1 4
7 1
10 1
1 16
1 3
11 1
1 12
13 1
19 1
17 1
14 1
8 1
1 15
18 1
1 20
1 2
5 1
1 6
28
1 3
1 18
1 10
1 24
1 23
1 13
1 14
21 1
1 8
20 1
6 1
4 1
15 1
1 26
7 1
1 9
19 1
1 16
2 1
28 1
22 1
1 5
27 1
11 1
1 25
1 12
1 17
10
9 4
9 7
10 8
2 6
3 5
1 4
2 10
7 3
5 8
25
16 19
16 6
12 15
22 8
18 9
11 6
25 14
20 5
11 17
20 16
4 12
7 25
13 9
4 13
13 25
24 20
4 1
1 6
22 12
15 2
3 9
22 23
10 11
21 15
12
1 9
12 1
6 1
7 1
8 1
1 2
1 11
4 1
3 1
1 5
10 1
18
1 3
1 4
1 18
8 1
5 1
1 12
7 1
2 1
6 1
17 1
10 1
1 9
1 13
1 11
1 15
14 1
1 16
19
5 11
1 6
1 2
17 7
16 7
14 2
19 10
12 13
2 7
2 19
14 18
3 18
7 8
6 11
15 12
12 1
4 8
9 6
14
11 6
12 1
10 13
5 7
8 10
11 9
7 4
2 7
12 14
12 11
5 10
1 5
14 3
15
7 9
15 4
2 6
10 1
13 12
2 15
13 1
5 1
11 15
14 3
5 9
1 8
2 14
1 15
21
21 11
17 14
13 1
1 4
4 16
6 19
16 18
20 15
11 3
15 16
13 10
12 16
13 7
5 2
16 14
14 9
12 19
7 8
11 1
13 5
23
9 1
16 1
1 22
1 21
1 7
1 15
1 17
1 20
1 3
1 13
1 18
1 4
12 1
1 14
2 1
1 10
11 1
6 1
5 1
1 19
23 1
8 1
23
4 1
18 1
20 1
1 14
1 11
1 5
7 1
9 1
8 1
13 1
21 1
1 6
17 1
23 1
1 22
10 1
1 16
2 1
19 1
1 3
1 12
1 15
28
10 12
8 18
14 15
15 4
19 5
19 20
9 23
4 22
4 18
3 24
1 22
6 20
11 19
26 5
17 9
15 13
17 3
12 21
18 2
3 16
7 21
22 17
11 1
11 21
5 28
27 20
9 25
22
18 17
12 5
13 16
9 3
9 17
5 3
21 9
12 10
16 15
19 5
21 22
21 14
20 4
4 6
19 8
1 6
7 4
6 16
12 11
1 3
17 2
12
9 2
8 7
10 1
11 1
11 5
11 7
7 6
5 3
2 10
5 12
4 10
15
2 7
14 3
13 5
7 1
7 15
5 1
15 4
12 11
2 8
12 7
9 14
8 6
8 10
12 14
20
6 17
10 3
13 4
9 2
11 6
7 4
11 20
8 2
12 1
5 12
7 15
14 8
17 16
19 13
15 9
18 16
19 5
18 3
14 20
18
4 1
6 1
1 11
1 15
1 7
1 10
1 5
1 12
1 17
1 16
1 13
18 1
1 2
8 1
3 1
1 9
1 14
18
5 12
11 9
11 16
2 4
7 14
13 1
12 8
10 7
15 7
18 10
2 13
12 17
1 8
8 10
3 18
11 13
6 2
21
11 1
18 1
8 1
20 1
17 1
1 21
4 1
1 7
6 1
1 14
16 1
12 1
1 3
15 1
19 1
2 1
9 1
1 13
1 5
10 1
11
11 2
7 5
8 5
1 3
9 2
5 3
10 4
4 3
1 2
4 6
15
4 2
3 12
5 7
1 13
10 9
10 13
15 12
5 15
6 7
3 14
8 11
6 4
8 9
11 14
13
7 1
12 3
8 3
9 11
4 2
4 9
11 10
10 5
6 7
13 12
6 8
5 13
21
1 12
1 19
1 7
1 21
1 6
4 1
20 1
1 8
1 9
1 18
1 3
1 17
1 15
1 5
1 10
11 1
16 1
14 1
1 13
1 2
20
1 8
10 1
1 9
1 17
1 7
1 14
1 3
16 1
11 1
18 1
13 1
12 1
19 1
1 5
1 20
6 1
1 2
1 15
1 4
22
19 10
14 5
9 16
14 3
7 11
12 4
9 6
22 8
15 13
21 8
18 4
17 15
22 20
13 6
1 20
5 10
2 19
16 7
12 21
17 18
2 11
14
10 6
1 4
14 8
1 3
11 1
12 3
3 6
3 9
5 1
6 8
1 13
3 2
14 7
23
4 1
19 22
13 18
9 23
2 17
23 14
21 3
15 22
2 22
4 5
21 4
5 10
8 9
6 5
16 19
1 22
1 20
4 9
15 18
5 12
11 18
9 7
11
11 1
10 1
1 6
1 4
1 5
1 8
2 1
9 1
1 7
1 3
26
8 3
21 11
9 25
10 4
19 21
1 22
18 16
12 5
9 14
9 1
26 20
1 11
12 15
1 10
4 17
16 1
20 9
22 6
12 7
3 9
20 23
17 2
13 11
24 18
15 9
28
27 1
8 11
20 12
22 2
22 19
11 17
16 8
16 28
13 21
7 15
3 20
15 2
24 26
26 4
10 5
3 14
25 18
6 18
4 10
5 23
27 19
25 9
28 23
21 12
17 14
9 24
7 13
19
9 14
14 6
11 13
14 18
7 15
18 13
8 18
16 1
5 1
19 8
14 7
1 4
15 3
17 10
1 14
17 7
12 14
2 15
27
9 8
7 3
27 2
12 6
2 8
18 25
21 20
20 24
5 23
16 26
25 17
22 14
15 3
12 16
23 14
26 18
4 11
13 1
9 21
19 22
4 7
10 24
17 15
19 6
13 5
10 11
13
2 6
4 2
3 11
10 8
7 8
6 13
12 9
7 1
5 9
5 11
12 4
3 10
23
14 17
22 17
13 4
5 8
23 12
10 13
9 17
14 3
2 11
21 8
7 19
3 1
15 19
1 18
14 8
16 2
10 23
10 3
23 20
18 2
13 6
18 19
28
2 3
21 13
23 4
8 1
11 7
7 26
24 12
2 15
9 6
2 12
8 19
14 25
7 28
22 27
25 24
12 1
10 23
22 11
21 24
19 6
25 20
17 3
18 22
5 21
23 19
6 16
8 11
28
21 1
1 17
2 1
1 6
1 14
23 1
1 13
18 1
1 22
1 24
1 27
10 1
1 3
4 1
1 9
25 1
1 20
1 28
16 1
1 11
7 1
1 19
1 5
1 26
1 12
15 1
1 8
25
12 19
16 20
9 19
11 6
7 10
5 1
18 21
22 3
22 17
24 4
2 3
6 13
7 14
5 23
16 23
9 24
4 10
11 20
15 2
25 8
25 17
12 8
18 13
21 15
10
8 1
10 9
2 1
7 10
8 10
5 3
2 6
4 2
8 3
13
5 1
8 1
6 1
1 3
1 2
10 1
1 4
7 1
13 1
1 12
1 11
9 1
15
11 6
9 8
4 12
1 2
4 10
3 14
11 9
3 1
4 15
15 5
4 1
9 3
14 7
2 13
11
1 6
1 11
4 1
8 1
7 1
1 9
10 1
2 1
3 1
1 5
21
16 11
16 15
10 13
10 2
2 9
1 8
12 3
5 20
17 12
21 5
3 16
8 6
10 8
5 6
14 13
13 7
1 3
2 19
18 12
6 4
16
9 15
1 5
12 8
7 10
15 3
5 10
16 4
13 1
14 8
4 13
10 11
8 13
16 6
5 15
2 4
16
12 11
13 5
1 9
14 3
5 9
11 15
1 4
9 14
2 4
10 8
7 14
8 12
12 1
16 12
5 6
25
24 14
21 9
3 6
2 16
19 23
4 10
3 11
1 24
1 20
14 8
15 16
17 9
14 7
25 3
20 11
10 24
20 13
13 9
16 13
12 18
18 5
18 10
22 19
11 19
17
4 16
2 13
9 6
15 9
8 17
11 4
14 16
12 7
2 12
17 5
14 15
5 11
1 6
3 13
10 7
10 8
24
17 10
13 7
2 11
11 1
19 11
18 14
9 5
11 24
15 19
3 9
1 14
11 6
21 19
13 20
2 4
9 11
15 8
7 14
14 17
1 16
22 21
23 13
23 12
27
10 21
18 17
3 16
1 5
12 23
21 6
20 8
17 7
10 19
8 3
5 26
6 1
21 17
15 20
2 25
20 4
14 13
2 26
9 2
23 22
3 11
5 8
13 24
27 10
6 13
23 26
19
15 18
5 16
16 1
3 5
7 8
18 14
9 4
19 8
3 13
7 5
11 9
18 17
16 2
6 12
6 7
1 10
15 4
16 15
18
8 4
16 15
18 4
4 7
18 11
2 5
2 13
12 9
9 10
17 18
3 2
6 16
5 9
11 1
16 11
1 5
14 17
20
17 5
9 7
5 1
4 13
2 4
9 3
11 10
13 6
4 5
16 2
3 12
18 4
19 8
14 17
8 17
1 9
6 15
18 20
10 1
22
8 15
22 1
9 13
19 3
6 16
7 10
12 4
4 2
17 19
6 10
5 8
12 20
17 18
18 11
21 9
22 3
2 14
20 11
21 16
15 7
14 13
24
16 11
24 15
9 4
5 2
10 15
12 14
7 8
17 12
16 8
22 24
12 20
8 10
19 1
3 6
13 18
24 3
21 5
4 15
8 13
8 1
23 7
12 5
14 16
15
11 5
13 4
10 7
15 8
6 3
12 7
4 3
14 5
2 9
13 9
10 8
14 12
6 11
1 2
19
8 17
9 18
10 6
8 4
9 19
15 10
17 18
16 9
15 5
3 6
13 12
8 11
14 12
2 15
1 10
1 17
6 7
18 12
19
1 14
1 3
19 1
1 2
1 17
1 9
1 8
1 11
10 1
13 1
1 12
18 1
5 1
6 1
16 1
4 1
1 15
7 1
20
5 16
9 4
10 19
1 15
18 3
3 12
12 7
18 5
5 1
8 4
10 1
5 11
17 2
17 18
3 6
20 18
13 15
9 11
14 2
19
4 8
7 19
10 5
6 18
15 14
13 3
15 1
3 12
18 19
5 7
15 19
16 2
8 11
19 3
4 1
2 17
9 3
2 11
21
7 13
21 20
20 18
12 9
1 19
9 14
21 12
5 20
17 19
13 11
13 3
1 9
8 14
6 10
15 1
6 13
4 6
2 16
13 1
13 2
16
8 11
12 8
9 12
15 1
2 6
7 12
13 7
5 4
3 14
15 16
13 10
2 7
1 3
4 13
13 1
24
18 14
4 19
2 11
1 21
15 10
24 12
17 23
18 15
22 5
24 1
13 1
15 5
23 24
16 3
24 16
3 6
7 23
15 8
3 2
3 9
13 19
15 24
19 20
22
13 9
13 8
18 20
3 12
16 2
10 15
5 12
21 2
18 4
1 11
1 2
6 16
7 5
22 8
11 3
19 11
18 17
1 15
7 14
15 20
15 8
12
8 5
2 1
9 10
3 7
12 2
3 12
4 6
5 7
4 9
6 11
8 11
20
12 11
9 6
2 20
8 10
6 15
3 1
4 7
8 17
14 20
14 10
16 5
3 13
4 19
18 7
13 16
17 12
5 2
11 18
19 9
12
7 5
11 3
1 6
1 2
4 10
9 2
11 1
4 3
1 12
7 11
12 8
18
3 17
11 16
12 6
4 6
12 15
10 14
9 18
17 13
1 3
7 15
2 16
8 5
18 10
11 7
13 5
8 2
9 4
29
7 1
10 23
10 27
4 1
14 28
1 24
28 19
21 3
6 25
3 15
20 1
13 5
23 1
28 1
25 3
5 22
12 1
17 12
11 22
6 16
13 26
13 3
27 8
18 2
29 19
18 1
9 12
1 25
16
1 12
1 6
8 1
16 1
1 13
1 5
1 9
1 4
1 2
14 1
1 3
1 11
10 1
7 1
15 1
10
1 6
1 4
1 9
3 1
7 1
10 1
5 1
1 2
8 1
16
1 13
3 16
9 8
12 14
13 15
5 14
2 1
6 14
1 16
8 7
1 9
10 15
13 4
1 6
3 11
23
7 17
5 16
14 3
6 13
16 9
6 15
12 19
9 3
18 23
8 7
22 20
21 10
4 8
4 12
1 22
14 17
15 5
21 18
13 23
19 11
11 20
2 10
21
1 18
15 1
14 1
21 1
17 1
1 11
1 7
19 1
1 13
9 1
1 16
5 1
4 1
10 1
1 6
1 2
1 8
12 1
1 3
1 20
20
13 16
5 3
2 14
16 11
8 10
15 14
13 1
19 4
18 16
12 7
15 12
6 1
20 12
4 6
15 6
5 13
4 10
14 9
5 17
16
15 1
1 11
1 10
4 1
13 1
2 1
1 6
14 1
8 1
16 1
7 1
1 12
9 1
5 1
1 3
25
2 8
19 1
3 15
10 9
1 14
2 4
20 16
11 15
9 1
6 18
10 4
17 3
9 7
12 4
9 13
23 10
24 13
18 25
21 23
5 14
12 3
3 20
9 6
12 22
24
19 1
4 11
3 14
20 6
15 7
24 9
13 22
20 5
15 22
16 13
19 5
24 13
12 24
4 18
8 22
2 14
19 22
3 1
8 10
16 21
4 3
23 10
17 3
23
18 6
8 9
10 6
5 21
9 15
6 17
17 20
22 1
14 16
10 9
10 1
2 13
8 23
14 1
14 21
14 19
17 11
3 10
16 13
7 16
12 4
4 15
23
23 15
14 22
12 2
10 21
7 6
3 15
19 21
3 9
2 10
12 13
5 17
4 17
5 16
13 23
8 11
7 18
1 19
8 22
9 20
14 6
18 20
16 11
27
21 3
5 17
19 4
22 26
20 25
25 14
11 14
13 10
18 23
24 22
10 19
22 7
20 2
13 1
5 8
6 19
12 20
24 25
14 16
1 24
5 15
13 17
17 3
18 10
27 18
9 3
19
8 5
4 2
17 14
18 13
9 17
18 10
5 18
15 5
13 3
7 17
19 16
12 13
19 14
10 1
10 2
6 19
11 2
1 14
17
5 11
15 2
3 4
10 11
6 17
3 1
8 3
11 16
13 4
14 5
2 9
1 7
17 1
12 9
11 7
2 3
13
9 7
13 10
10 2
8 7
2 1
1 12
11 9
6 3
3 1
4 13
5 8
1 9
23
1 2
3 1
23 1
1 12
7 1
1 10
4 1
6 1
14 1
5 1
1 15
13 1
22 1
16 1
1 20
11 1
21 1
1 19
8 1
18 1
17 1
1 9
18
17 8
13 17
3 16
4 14
9 14
4 15
5 16
10 18
1 13
17 12
7 16
14 3
11 9
18 13
2 4
3 1
18 6
28
14 21
4 24
9 2
5 3
20 18
18 11
7 5
7 22
23 1
11 22
1 21
23 25
7 16
24 26
12 24
2 22
10 19
13 22
26 22
1 22
24 10
26 28
26 27
15 27
8 2
17 28
6 8
19
18 9
4 11
15 16
5 17
12 10
10 13
14 16
6 8
17 14
6 18
7 9
3 2
19 15
19 2
11 12
1 7
8 3
4 5
14
3 14
14 1
8 4
14 6
11 9
2 10
8 7
10 5
11 4
14 12
1 10
8 1
13 8
27
6 1
15 1
22 1
2 1
17 1
1 9
11 1
26 1
1 7
1 12
19 1
23 1
4 1
1 20
18 1
1 14
1 27
24 1
1 16
5 1
1 10
1 8
1 13
1 21
1 25
3 1
12
8 5
9 10
7 9
6 7
11 12
11 2
1 4
6 2
10 3
4 5
3 8
13
3 10
9 3
13 7
8 5
9 1
7 11
2 7
2 1
4 5
6 3
5 2
9 12
18
7 15
3 4
18 14
4 2
14 15
10 9
13 10
11 17
12 16
3 6
17 1
11 18
13 12
5 2
9 7
16 8
6 8
23
16 1
1 18
9 1
2 1
11 1
1 5
1 23
1 6
15 1
12 1
1 3
20 1
1 8
7 1
14 1
1 17
1 22
10 1
4 1
1 13
1 21
19 1
14
5 11
11 1
11 2
9 5
6 11
7 12
12 10
12 13
8 7
4 6
2 3
1 12
9 14
28
16 10
23 28
26 24
16 13
3 21
14 11
13 20
7 25
24 21
7 3
5 24
20 23
12 16
17 15
1 3
13 11
28 9
1 20
8 28
19 4
19 23
22 11
7 6
25 2
18 17
17 21
19 27
20
10 8
13 5
12 2
16 10
20 15
5 3
8 9
19 1
19 3
17 6
4 2
7 6
19 10
18 20
11 20
5 14
18 2
6 3
1 18
19
12 13
17 3
5 1
12 14
6 11
13 17
5 13
11 3
17 18
9 4
16 2
7 14
4 12
15 8
13 19
1 10
1 16
3 15
16
5 4
14 7
5 12
3 10
11 12
15 16
14 13
10 13
1 9
4 6
6 7
2 8
11 8
2 9
3 15
28
14 19
6 7
19 16
6 13
17 5
21 22
26 17
5 28
24 18
11 27
20 9
28 1
4 3
1 11
12 17
10 3
27 8
28 9
11 23
23 3
5 6
19 27
25 8
2 22
15 8
22 23
24 9
19
6 8
14 13
16 10
18 17
4 9
11 5
7 15
1 5
14 2
4 17
12 8
15 18
7 19
11 16
3 2
3 19
6 9
12 10
24
1 8
11 9
15 4
21 1
20 17
1 6
22 13
14 1
11 23
23 13
21 24
11 15
1 19
18 15
7 1
23 1
16 20
5 13
20 10
21 2
12 19
17 21
3 18
16
4 3
14 8
15 3
7 2
8 1
7 3
7 8
15 16
8 10
8 5
1 13
7 6
15 12
9 7
14 11
25
18 20
7 22
11 14
23 15
5 15
9 8
25 7
6 1
19 2
21 8
22 4
5 19
10 24
6 12
14 10
23 9
16 17
16 25
12 17
11 20
3 4
13 2
24 3
13 18
25
15 5
10 16
12 19
15 24
11 18
20 14
17 23
9 7
3 17
24 2
20 9
10 6
21 6
4 21
5 4
3 13
16 8
25 22
8 22
13 19
23 25
18 14
1 11
12 7
28
1 6
11 1
1 3
1 17
12 1
1 15
22 1
26 1
19 1
1 13
1 9
1 16
7 1
14 1
1 10
28 1
1 27
1 18
1 8
1 21
1 24
1 5
20 1
1 2
1 4
1 25
23 1
14
7 14
9 12
10 2
8 6
8 7
8 4
10 6
10 9
10 13
3 1
7 11
13 5
1 14
12
3 1
9 1
11 1
6 1
1 12
7 1
1 2
1 5
1 4
8 1
1 10
18
3 1
1 14
5 1
18 1
1 12
1 15
7 1
10 1
1 17
2 1
6 1
8 1
1 4
1 13
9 1
1 11
1 16
18
16 3
15 1
11 14
5 4
1 13
7 9
11 3
5 3
7 17
3 10
15 6
1 3
18 9
8 5
12 3
3 7
18 2
14
7 6
5 2
4 1
9 11
3 4
13 6
6 4
11 14
14 5
10 3
1 14
5 8
12 11
14
1 6
1 7
4 1
5 1
1 14
12 1
1 8
13 1
2 1
3 1
1 9
11 1
1 10
12
9 2
11 6
10 11
10 3
12 5
2 5
8 7
8 4
12 1
3 9
7 6
23
11 9
13 16
20 12
16 9
14 19
17 19
15 13
7 10
23 4
11 6
2 15
14 3
21 10
20 18
3 5
7 2
17 8
22 18
22 21
23 6
5 1
8 4
24
2 1
5 1
1 6
1 10
13 1
21 1
1 22
1 24
16 1
18 1
1 11
1 23
1 4
12 1
9 1
1 15
3 1
1 19
14 1
1 7
1 20
17 1
1 8
24
22 14
1 2
14 16
6 1
13 6
17 8
17 24
18 8
9 5
20 5
22 1
21 1
21 7
10 14
24 4
22 3
5 23
12 1
1 15
11 19
1 19
5 22
18 12
12
7 1
1 3
1 10
1 9
12 1
11 1
1 2
6 1
1 4
5 1
1 8
18
6 1
16 1
11 10
4 9
1 2
18 3
13 5
4 1
18 13
10 8
15 13
8 18
16 18
14 12
6 14
6 17
15 7
28
16 4
25 5
28 6
19 21
11 26
2 6
23 13
21 6
24 1
14 8
12 19
3 1
10 17
13 16
15 13
21 3
20 24
1 18
1 15
22 24
5 16
8 21
25 10
11 13
21 9
10 27
23 7
11
8 4
4 11
5 6
5 1
8 9
9 2
7 2
3 10
3 11
6 10
28
6 10
12 26
19 27
20 23
11 24
1 5
10 3
4 26
22 7
5 21
26 2
27 7
9 28
15 27
22 8
10 5
5 27
11 25
5 13
28 19
27 16
5 26
1 17
14 24
18 27
22 11
7 23
10
6 2
10 4
1 9
1 4
10 8
7 3
7 1
1 5
2 8
29
20 7
29 26
12 5
7 14
19 4
8 14
1 25
4 11
6 18
24 28
6 19
23 16
8 19
2 1
13 1
6 26
15 19
9 5
15 5
5 24
18 23
1 19
22 18
27 1
17 29
1 3
21 16
10 8
16
12 13
15 1
8 6
7 11
6 4
4 16
4 12
1 12
4 10
7 1
14 8
9 5
10 5
2 6
12 3
19
11 16
12 15
5 14
10 9
10 1
14 12
8 4
7 9
2 16
3 1
18 4
9 19
15 6
3 16
3 4
15 13
12 10
17 14
29
16 21
8 21
4 9
11 19
17 22
5 20
25 12
11 3
11 26
3 9
28 24
10 17
5 29
28 18
10 15
13 17
29 25
13 3
9 2
12 21
29 28
5 27
1 25
23 6
23 12
13 1
14 23
7 10
25
1 14
1 6
1 13
1 25
17 1
1 2
1 11
12 1
1 9
5 1
1 3
16 1
1 20
21 1
8 1
7 1
22 1
4 1
24 1
19 1
1 18
1 23
1 15
1 10
11
8 9
10 7
2 6
6 1
10 5
3 11
2 4
3 9
5 11
4 7
20
3 10
3 4
19 12
14 15
1 8
16 13
11 1
12 6
11 16
9 5
9 11
16 12
17 5
20 12
20 2
16 10
14 7
14 1
19 18
27
20 26
5 6
19 7
18 25
11 1
2 10
13 21
19 22
19 17
25 3
24 14
12 16
2 23
13 24
11 26
6 9
8 6
13 2
21 1
7 21
12 9
4 24
12 27
7 25
9 11
26 15
28
2 1
6 13
24 14
19 21
3 5
6 16
8 20
21 23
4 16
28 22
22 8
7 10
23 4
27 12
9 14
7 11
5 18
17 25
17 19
25 20
26 15
10 13
15 18
9 26
3 12
2 27
28 24
19
14 6
1 13
1 2
4 1
3 18
15 11
5 14
10 8
2 14
18 8
16 11
7 9
8 17
11 18
12 1
8 7
11 2
11 19
28
25 1
6 1
1 16
27 1
17 1
1 2
1 22
8 1
1 13
1 19
21 1
1 7
20 1
1 14
10 1
5 1
1 28
26 1
1 23
24 1
1 9
11 1
3 1
4 1
1 18
15 1
1 12
24
14 17
4 18
21 24
20 3
24 3
8 21
4 6
2 12
23 19
9 11
15 8
13 6
10 9
17 22
10 15
13 22
12 18
19 7
14 16
23 11
5 16
5 20
2 1
25
23 20
22 14
24 25
1 19
9 20
6 5
13 10
7 15
25 17
24 8
21 5
3 10
11 18
14 4
17 2
21 18
2 3
12 23
6 4
11 12
15 22
9 19
16 7
16 13
23
1 6
2 1
1 17
8 1
1 10
16 1
20 1
1 4
1 7
1 13
1 12
23 1
19 1
18 1
21 1
5 1
11 1
1 9
22 1
15 1
1 3
14 1
23
11 1
1 17
1 13
1 20
14 1
6 1
12 1
1 10
15 1
2 1
1 22
16 1
8 1
1 5
9 1
1 19
7 1
3 1
1 4
21 1
1 18
1 23
28
23 7
9 16
27 2
15 12
14 22
19 12
18 10
13 15
4 11
10 21
8 21
18 2
14 9
5 25
26 24
5 28
25 3
3 16
23 27
20 13
17 4
20 8
7 17
24 22
19 1
28 6
11 6
18
18 1
1 6
4 1
1 17
1 9
11 1
13 1
8 1
1 3
16 1
1 12
14 1
7 1
1 10
1 15
1 5
1 2
14
4 5
12 1
13 14
10 3
11 3
10 6
9 12
13 1
8 7
5 12
8 2
12 11
1 8
13
5 1
12 2
6 1
11 8
1 12
3 6
11 6
9 11
4 10
6 4
13 1
7 1
12
3 1
2 3
8 1
8 7
4 3
6 9
6 8
2 5
11 4
12 2
4 10
26
20 1
1 14
1 26
1 17
1 3
7 1
1 15
21 1
1 22
1 24
1 6
1 10
18 1
1 16
1 2
13 1
5 1
12 1
23 1
1 8
4 1
1 9
11 1
1 25
1 19
10
10 1
5 8
10 4
5 7
2 1
5 2
9 7
6 4
2 3
19
9 10
1 12
14 11
2 19
14 2
3 12
7 10
4 3
18 14
5 2
3 15
19 10
6 8
5 13
16 6
5 17
19 1
12 6
17
2 12
5 11
10 4
16 4
17 6
16 8
3 10
15 7
14 5
11 3
13 9
6 1
13 17
15 12
9 2
8 7
13
3 8
13 7
5 2
6 9
10 1
13 4
11 5
12 6
12 10
4 2
7 3
8 9
20
1 7
1 18
2 1
20 1
1 9
14 1
1 16
1 3
6 1
1 17
1 19
11 1
1 5
8 1
13 1
1 10
1 12
15 1
1 4
20
3 5
8 7
15 7
14 10
20 4
17 13
14 7
19 10
2 10
13 18
11 13
17 1
9 14
20 17
9 1
5 12
12 6
20 16
5 9
16
12 15
9 16
13 11
8 15
2 10
16 5
9 3
7 5
8 4
6 3
14 11
2 4
12 14
1 10
6 13
15
15 1
1 5
7 1
4 1
1 2
12 1
8 1
10 1
13 1
1 6
1 14
1 9
3 1
1 11
29
16 28
22 18
11 20
14 28
20 19
15 2
26 25
7 4
1 18
1 19
25 29
22 2
25 18
28 22
9 21
24 26
21 23
13 10
6 2
3 13
23 13
29 8
19 23
27 29
17 26
4 12
5 21
4 20
23
3 6
20 22
16 7
2 15
10 7
12 11
19 17
13 4
8 15
2 20
4 18
21 6
5 1
18 3
10 11
17 13
14 9
8 16
23 9
5 21
14 22
19 23
12
11 1
7 6
3 8
2 9
2 10
12 11
7 5
3 6
4 8
12 10
4 9
29
20 29
12 7
1 28
16 15
19 23
14 13
1 21
20 6
4 25
11 26
18 22
26 13
22 8
21 4
27 21
27 15
28 13
14 3
10 14
28 12
9 25
23 4
26 2
17 23
5 25
15 24
12 20
22 27
10
10 3
7 5
6 5
7 9
2 1
1 7
10 4
10 7
8 7
29
17 29
14 3
29 1
12 26
23 28
5 12
25 18
20 2
3 10
15 19
27 13
9 8
18 20
7 18
13 11
28 25
28 9
22 7
20 6
10 29
25 1
16 9
13 17
4 7
15 17
3 21
10 12
24 15
22
19 4
1 11
10 14
7 12
2 15
5 12
14 13
7 4
9 13
3 16
20 6
19 16
11 10
18 5
8 21
22 18
8 20
3 2
22 17
15 9
17 21
10
5 10
9 4
1 7
8 6
2 9
8 3
3 4
2 7
10 6
12
3 2
10 3
1 6
10 1
10 12
5 7
7 6
11 12
4 12
3 9
8 6
28
16 1
13 1
1 8
4 1
2 1
1 18
1 11
23 1
5 1
24 1
26 1
1 27
1 12
1 14
1 7
19 1
1 10
1 3
6 1
1 28
25 1
15 1
1 21
1 17
1 20
9 1
1 22
27
16 11
5 24
23 22
2 7
12 24
18 7
16 21
14 19
17 9
1 17
9 19
19 15
26 8
22 1
11 27
10 21
7 6
21 13
23 3
18 22
17 16
26 25
20 11
9 24
18 26
4 23
15
13 1
14 1
10 14
9 10
15 2
2 4
5 1
14 7
9 2
14 3
6 7
13 12
7 8
11 1
10
8 6
2 8
7 6
4 8
1 10
8 3
5 1
9 5
5 8
18
2 1
6 12
5 7
8 16
11 15
3 7
18 10
15 2
6 5
17 15
14 10
8 4
8 9
2 10
4 5
1 4
13 7
11
1 8
10 9
5 10
10 8
8 7
10 11
1 6
2 3
8 2
7 4
29
14 1
3 1
23 1
1 15
20 1
1 16
8 1
1 25
1 10
1 17
26 1
1 18
1 7
1 21
1 6
1 9
1 29
28 1
1 4
13 1
1 11
22 1
24 1
1 27
5 1
2 1
1 12
19 1
23
21 1
5 4
2 3
11 15
20 1
9 19
19 22
6 2
18 15
6 1
10 1
19 8
12 3
11 17
1 9
16 20
3 23
7 12
14 19
13 14
5 16
11 2
12
6 1
10 6
4 9
2 3
5 12
5 7
6 3
1 11
11 5
4 11
4 8
16
1 16
10 9
14 15
4 3
15 2
10 1
6 10
8 10
9 11
13 15
7 5
1 15
15 5
3 5
12 14
20
9 15
17 10
12 15
2 19
14 3
7 8
8 15
13 4
3 6
2 10
15 18
3 4
11 18
13 5
3 1
20 3
9 3
8 16
14 2
23
21 1
20 2
10 1
23 1
5 11
1 18
19 9
5 14
12 7
19 23
21 6
8 19
15 2
12 6
2 13
22 1
2 19
4 19
23 11
6 16
20 17
12 3
26
2 3
12 24
16 8
17 22
24 4
26 6
17 18
10 9
12 25
14 16
26 23
19 7
3 5
15 9
6 13
20 4
8 10
21 20
21 15
1 23
18 5
25 13
11 14
11 19
7 22
13
2 1
1 3
1 5
1 9
1 4
1 10
6 1
13 1
11 1
1 7
8 1
12 1
15
5 14
12 1
6 5
12 2
7 3
6 4
14 10
15 10
8 9
11 15
2 3
13 7
8 4
13 11
27
12 1
1 13
1 17
11 1
1 18
3 1
1 4
25 1
27 1
1 5
14 1
8 1
1 15
1 19
1 10
20 1
1 26
22 1
23 1
24 1
1 6
7 1
1 16
2 1
21 1
9 1
29
12 13
4 20
3 29
6 21
28 23
8 11
8 18
1 11
19 2
12 7
29 19
1 12
12 28
25 1
9 25
12 14
11 27
7 10
26 4
15 27
5 12
19 6
4 12
5 29
3 17
12 22
12 16
24 6
10
2 8
3 6
2 7
3 9
10 2
4 5
1 3
8 5
8 1
10
5 4
2 9
7 4
1 10
3 7
10 9
8 6
2 8
6 3
14
3 1
4 1
7 1
1 6
10 1
1 12
13 1
1 2
1 9
8 1
14 1
11 1
1 5
16
1 13
3 1
1 9
1 4
1 11
16 1
1 5
1 8
1 2
1 10
15 1
12 1
1 6
7 1
14 1
21
3 1
5 1
1 7
1 19
1 11
1 15
1 8
20 1
1 6
13 1
1 12
16 1
1 4
1 10
21 1
2 1
17 1
1 9
1 18
14 1
22
13 2
1 8
20 6
2 22
22 21
9 22
1 4
10 7
14 13
12 22
1 15
19 22
2 6
9 17
3 6
1 5
1 13
20 16
11 16
10 13
9 18
17
13 17
14 2
10 15
6 5
3 16
2 6
11 16
6 4
2 1
14 7
15 8
9 13
17 16
14 12
17 1
13 15
19
1 10
11 15
19 10
5 13
6 12
1 3
8 13
6 9
3 17
9 15
7 15
19 4
17 18
2 17
19 14
9 10
3 13
16 6
29
1 21
1 23
1 11
4 1
3 1
28 1
1 9
17 1
1 20
2 1
1 18
15 1
14 1
1 19
25 1
1 7
8 1
1 29
1 22
13 1
5 1
6 1
1 24
1 26
12 1
1 10
1 27
1 16
16
3 6
12 1
16 9
14 7
4 13
11 12
4 2
5 12
8 13
7 16
13 15
14 10
3 16
1 7
13 16
26
14 19
1 7
23 21
6 22
21 12
24 25
13 26
18 13
14 2
3 20
13 8
24 15
5 25
3 4
10 25
22 16
7 8
17 21
3 10
7 23
9 5
22 8
1 10
11 5
23 14
18
8 1
12 13
4 1
16 7
3 5
10 11
15 16
2 12
16 8
17 2
18 12
9 4
8 14
5 10
4 10
6 2
2 4
12
4 8
2 9
1 10
10 3
10 4
9 12
6 4
12 5
3 7
12 1
3 11
18
15 9
11 12
18 12
14 3
10 14
7 5
2 12
2 7
7 4
10 17
14 6
2 9
7 14
14 13
8 5
1 13
16 4
13
1 12
5 7
9 13
3 7
11 9
6 2
2 8
12 4
7 6
1 6
10 2
9 12
12
10 4
2 10
5 7
6 3
8 4
7 9
2 9
6 1
11 12
3 8
11 5
29
25 2
23 21
10 26
3 4
3 6
5 8
18 20
19 12
4 1
7 28
2 1
27 8
7 1
8 28
19 23
7 22
18 7
24 7
1 15
17 16
26 9
29 10
13 10
10 17
2 14
17 1
2 21
11 4
29
20 11
9 24
25 14
16 29
13 17
27 26
17 2
18 6
10 23
24 18
29 12
20 23
15 21
25 27
6 10
15 13
28 5
12 26
5 3
8 11
4 16
7 19
4 9
28 21
22 7
19 8
1 14
22 3
15
11 15
13 6
5 4
1 12
3 12
2 6
15 8
14 3
4 13
9 4
1 13
15 12
7 6
3 10
20
1 12
13 4
19 3
2 4
17 12
5 12
8 15
3 11
17 14
17 18
9 5
16 8
2 3
10 8
1 10
10 2
15 7
6 5
4 20
15
12 2
7 14
7 2
10 5
11 3
13 3
9 11
4 8
10 6
4 6
8 1
9 14
5 15
13 15
26
1 2
19 1
20 1
1 18
12 1
1 9
1 17
1 7
1 16
1 3
1 8
1 24
1 6
1 23
14 1
1 10
1 5
22 1
15 1
11 1
13 1
1 26
1 4
1 21
25 1
26
3 26
15 9
8 18
21 25
9 22
13 21
1 7
20 11
12 18
10 1
16 24
24 25
15 20
23 17
4 18
6 26
14 21
19 17
7 25
12 17
10 15
12 10
26 7
5 9
2 20
14
7 1
3 10
12 4
6 2
6 7
14 5
2 13
10 9
3 5
4 9
11 8
8 13
11 12
11
5 10
7 4
6 3
8 6
3 10
11 5
7 11
4 1
9 2
8 9
10
5 3
2 7
5 2
1 2
7 4
9 7
6 1
10 6
8 6
13
6 7
12 4
13 6
5 1
1 7
2 1
8 12
4 1
9 5
11 6
3 1
5 10
17
4 14
1 17
14 17
14 11
3 11
6 10
17 9
1 5
5 10
15 10
9 2
11 8
13 7
5 13
16 13
9 12
28
11 23
16 4
17 28
26 19
24 14
6 2
8 10
26 8
15 27
2 12
5 7
11 18
21 22
9 13
18 6
7 13
21 1
10 12
17 20
5 20
23 4
27 25
28 3
3 15
14 25
19 9
22 24
27
1 3
1 14
1 22
19 1
25 1
27 1
1 8
1 24
15 1
11 1
9 1
17 1
1 16
1 10
1 2
26 1
6 1
1 12
18 1
23 1
1 5
1 4
1 20
7 1
1 21
1 13
20
14 1
11 15
16 17
2 3
5 11
18 16
10 13
3 19
5 18
20 14
4 12
17 19
10 8
8 7
9 12
7 2
13 20
9 6
6 15
26
13 16
16 17
14 7
25 2
15 18
23 24
9 7
6 19
19 22
9 26
24 1
3 20
8 21
26 23
2 12
3 22
10 8
21 18
15 25
4 10
4 20
17 11
5 11
12 5
6 14
15
13 9
14 3
10 15
7 1
4 12
7 11
9 3
5 15
8 6
5 11
10 6
2 8
2 4
13 12
11
1 5
8 10
9 6
6 2
4 1
2 11
9 7
1 6
6 3
7 10
29
4 1
2 15
13 16
5 11
3 24
15 25
29 19
27 9
6 20
10 17
4 11
12 27
20 21
22 20
3 14
29 17
14 8
25 18
26 7
7 20
10 21
21 4
25 17
1 27
3 20
23 25
7 28
17 13
17
13 3
8 9
10 4
8 2
2 16
6 4
7 13
11 16
17 7
15 5
3 10
14 6
17 11
14 12
1 9
12 15
13
13 1
6 1
8 1
9 1
1 4
2 1
1 7
12 1
11 1
1 3
1 5
1 10
23
13 12
7 11
16 6
11 8
10 15
9 16
21 2
4 21
3 19
10 23
22 1
6 23
5 13
12 19
18 20
17 22
14 4
8 2
17 14
15 5
7 18
9 20
10
8 4
9 2
10 4
6 5
3 9
2 1
3 5
7 10
6 8
29
11 12
23 21
7 28
14 15
22 6
26 2
8 26
25 5
26 4
15 3
3 5
28 4
9 24
7 21
11 10
22 18
20 16
13 9
28 1
9 15
7 11
20 27
4 20
22 5
3 1
14 19
29 14
21 17
20
10 14
6 11
13 16
6 15
15 7
16 12
7 20
10 2
19 15
17 10
5 13
18 3
18 14
7 9
4 6
14 1
1 19
16 19
8 18
19
2 5
19 17
13 7
14 6
4 17
9 19
1 7
1 18
7 3
5 19
11 12
19 15
16 2
14 1
2 8
5 12
1 17
10 7
13
11 5
1 9
2 3
1 3
9 5
2 12
3 4
13 4
4 7
9 6
8 5
10 2
11
3 7
4 5
1 7
8 9
9 7
9 2
4 1
4 10
6 3
3 11
20
3 7
20 17
15 2
7 14
17 14
11 13
5 2
6 1
4 18
6 11
3 9
9 19
8 12
8 5
12 20
10 18
16 19
4 13
10 15
10
2 1
1 9
1 5
8 1
7 1
1 4
6 1
1 10
3 1
24
3 17
12 6
23 2
17 16
5 20
14 9
24 2
19 24
8 19
10 7
9 7
4 21
10 15
22 16
14 4
1 18
23 11
15 13
13 22
3 5
11 12
18 6
21 8
14
2 12
9 4
14 13
2 10
11 8
2 7
2 5
1 12
12 9
3 9
11 9
6 1
11 14
26
20 7
12 23
25 8
13 20
10 18
9 18
19 3
16 13
24 9
4 21
4 26
3 2
7 25
15 22
22 14
16 11
6 17
2 1
5 8
17 23
6 21
24 5
11 19
26 15
14 10
28
21 1
8 3
18 2
1 8
5 19
3 19
28 19
21 25
14 17
22 17
3 23
24 16
13 15
6 12
23 9
27 17
4 3
7 3
13 22
8 18
20 26
8 24
17 1
19 26
1 11
10 21
22 12
17
14 8
13 3
9 8
5 15
1 9
17 12
11 7
5 2
11 9
3 10
8 5
17 6
10 1
17 10
4 11
16 3
12
1 11
3 1
6 1
1 10
1 7
1 2
1 5
4 1
1 9
1 12
1 8
18
15 18
14 11
6 9
9 2
10 18
6 11
4 12
8 7
3 1
13 5
3 10
16 17
7 17
15 14
8 2
5 16
12 13
18
1 18
13 5
11 18
7 6
18 10
18 16
2 15
4 8
13 17
4 1
13 1
12 13
12 7
16 9
14 1
4 3
15 18
19
1 16
1 15
1 3
10 1
1 2
4 1
7 1
13 1
1 19
18 1
6 1
17 1
1 11
1 8
1 9
1 5
1 12
1 14
25
8 14
11 1
3 1
6 5
19 2
2 1
24 17
11 5
7 4
2 23
18 13
21 1
13 21
20 18
1 17
11 25
14 12
11 4
9 16
11 10
14 25
22 2
15 13
25 9
21
15 20
18 8
2 6
19 21
1 8
15 9
14 3
10 15
19 17
16 7
6 9
1 3
14 11
18 19
3 16
6 4
13 18
12 14
9 8
5 16
17
14 15
11 4
1 11
8 7
14 16
1 3
6 1
8 5
2 16
4 10
9 1
4 17
12 13
2 13
1 8
16 1
29
25 10
7 14
5 14
9 13
16 11
13 8
28 24
12 11
21 23
26 10
19 6
23 3
4 9
18 23
29 6
27 2
15 10
13 2
28 14
1 8
22 9
2 20
6 3
17 26
1 24
26 24
11 28
3 8
10
10 9
5 7
9 4
6 3
10 8
1 4
7 8
2 6
2 5
29
25 3
26 23
16 23
24 9
7 28
17 11
16 24
20 12
27 13
14 15
11 16
7 14
25 26
29 15
1 23
24 2
10 21
26 13
15 20
5 20
11 8
29 18
22 29
19 25
7 21
21 6
13 4
14 1
21
16 6
17 9
7 13
21 1
18 15
4 14
8 21
6 11
20 5
7 20
3 2
16 13
2 8
12 10
15 12
5 4
9 19
19 10
3 11
18 14
24
1 14
1 15
9 1
1 23
1 22
1 10
1 21
1 7
17 1
1 5
2 1
13 1
8 1
1 16
6 1
20 1
18 1
4 1
1 11
12 1
24 1
19 1
3 1
23
2 21
19 18
7 6
16 6
11 19
21 9
21 3
20 21
5 9
1 4
1 13
12 17
8 9
11 23
21 1
5 22
9 15
14 21
10 11
23 6
1 6
12 4
21
11 17
8 7
13 21
19 7
10 3
4 6
13 10
5 16
11 5
9 14
12 1
19 15
16 4
17 14
21 20
3 6
18 12
20 8
18 2
9 2
13
7 13
5 3
9 6
2 1
7 9
3 13
4 10
12 2
11 10
12 5
6 8
4 8
21
15 1
1 19
13 1
1 8
10 1
1 16
1 6
21 1
4 1
18 1
1 2
1 5
11 1
1 17
14 1
9 1
3 1
12 1
20 1
7 1
18
1 6
1 2
8 11
7 16
13 17
9 13
15 14
2 10
9 7
18 7
8 6
3 10
12 14
9 2
5 10
6 14
4 8
11
1 2
1 11
8 1
6 1
4 1
1 5
1 9
1 3
7 1
1 10
17
10 7
13 10
2 7
13 8
15 4
11 12
17 15
17 3
1 6
14 4
8 9
9 12
16 6
2 5
5 16
11 14
28
10 25
22 8
3 9
17 26
25 27
3 11
22 20
15 22
15 12
14 24
3 28
17 4
9 26
6 16
12 1
21 2
6 5
26 1
24 23
17 7
6 9
13 7
18 24
15 25
2 19
12 14
2 14
15
1 9
13 1
12 1
1 3
15 1
11 1
2 1
1 5
1 4
1 7
6 1
8 1
10 1
14 1
22
2 21
9 6
18 7
22 19
1 11
17 14
20 22
13 16
4 6
10 2
3 20
5 12
18 21
5 15
7 9
14 10
4 8
19 16
12 8
17 11
3 15
20
19 1
1 8
12 1
6 1
1 7
16 1
3 1
1 14
4 1
2 1
1 9
1 17
1 18
1 13
5 1
11 1
20 1
10 1
15 1
20
20 1
6 1
4 1
1 3
7 1
16 1
1 18
14 1
1 10
1 9
11 1
13 1
1 19
5 1
2 1
1 17
1 15
1 8
1 12
26
15 3
9 14
15 18
5 6
20 22
14 17
9 3
25 10
13 8
18 12
11 20
6 24
5 2
10 4
1 12
8 22
4 2
21 24
11 16
19 21
7 23
26 23
25 16
17 7
19 26
28
27 23
24 7
15 3
19 14
23 22
25 17
19 4
16 2
8 26
20 18
11 20
10 24
25 22
2 1
7 19
21 19
8 9
19 2
28 1
19 20
13 22
12 2
16 6
5 27
25 1
3 19
26 2
27
19 8
14 20
24 9
27 7
7 4
6 12
6 17
18 21
5 24
16 11
23 3
25 1
10 16
9 26
8 26
13 27
25 10
21 4
17 22
19 13
15 14
20 18
23 11
2 22
3 5
15 12
13
7 9
1 3
10 2
8 5
5 12
6 8
12 4
2 7
7 3
13 5
6 3
2 11
19
5 11
4 10
9 2
19 15
17 4
7 8
18 19
11 14
14 13
3 6
18 9
1 6
17 13
5 12
8 2
7 12
3 16
16 10
22
8 1
18 2
17 2
2 3
13 12
1 2
12 7
16 11
10 13
6 13
19 5
22 4
22 5
11 14
9 3
17 22
21 1
18 15
6 17
1 20
11 22
23
9 11
16 15
18 19
16 7
23 3
3 20
12 13
5 17
20 12
7 21
8 17
14 18
6 21
4 23
22 11
8 1
4 5
19 6
10 2
15 22
10 13
14 2
15
12 13
7 2
4 12
8 9
11 2
2 3
3 1
15 5
13 9
5 3
9 6
10 12
5 14
13 1
11
1 11
3 1
1 10
2 1
1 6
5 1
1 9
7 1
4 1
1 8
22
14 21
6 3
18 22
9 5
14 12
18 15
2 7
10 20
17 7
12 6
2 16
9 8
20 8
10 13
21 19
3 11
17 15
11 1
4 19
5 4
13 22
16
5 12
14 7
14 16
4 10
1 15
1 4
3 1
12 6
8 11
9 1
2 1
5 9
14 9
13 3
11 2
12
6 8
9 1
9 10
3 11
6 4
6 1
6 7
8 5
9 11
2 8
1 12
24
22 1
1 5
1 14
1 7
1 19
1 4
1 18
1 6
23 1
1 9
1 12
1 11
21 1
1 20
24 1
3 1
8 1
1 13
17 1
2 1
1 15
16 1
1 10
22
9 7
1 13
1 6
21 11
21 14
20 5
13 18
16 18
20 8
4 15
6 20
2 16
12 21
18 9
6 15
15 22
19 17
17 12
16 10
9 3
13 12
14
2 1
8 1
1 10
1 11
1 3
5 1
1 7
6 1
9 1
13 1
12 1
1 4
1 14
21
21 7
1 10
8 1
2 12
5 4
4 6
1 4
12 14
17 4
11 20
14 3
6 20
9 13
1 3
13 16
1 19
15 20
10 21
13 8
12 18
18
12 9
1 10
11 4
15 2
8 15
7 18
11 14
17 13
1 6
9 14
8 1
3 8
8 9
9 5
18 14
13 1
16 11
27
1 25
5 24
2 9
22 19
4 13
2 11
15 1
20 22
3 13
13 14
7 26
12 6
17 8
21 22
24 16
5 25
8 23
6 18
24 10
15 4
4 8
5 2
6 21
26 25
21 15
27 26
21
1 18
1 12
17 1
6 1
1 10
1 9
1 14
1 8
19 1
1 5
1 11
3 1
7 1
13 1
1 4
21 1
15 1
16 1
2 1
20 1
20
5 4
19 8
20 18
16 2
2 13
5 16
3 9
3 4
6 7
17 15
11 13
12 20
19 14
7 14
1 15
6 12
10 17
10 18
9 8
17
7 6
10 1
6 11
17 2
4 16
10 17
14 5
14 10
14 8
16 1
3 4
9 4
11 16
11 13
15 6
12 17
16
6 1
1 4
1 11
1 2
1 10
13 1
1 5
16 1
1 15
1 14
1 12
3 1
1 8
1 9
7 1
12
9 11
2 9
3 4
12 11
7 3
1 8
8 7
4 10
6 12
10 5
2 5
15
11 8
14 10
8 2
12 13
6 11
5 13
15 5
3 6
9 4
10 9
15 1
3 7
2 12
4 7
11
3 8
10 6
10 5
9 8
11 4
10 1
7 1
7 4
7 8
4 2
21
6 17
4 12
4 10
9 18
14 6
4 20
1 2
3 1
19 15
15 21
1 20
13 17
6 7
16 9
8 4
5 6
7 15
11 7
1 9
14 1
23
1 7
20 21
3 10
20 1
6 5
2 8
21 23
17 22
10 1
20 8
2 4
3 19
22 5
22 13
20 15
12 16
14 8
1 12
5 2
18 23
9 20
11 2
14
6 8
10 11
8 1
1 3
6 2
4 5
7 11
8 13
14 8
12 2
10 5
9 6
7 8
20
9 17
9 18
8 1
15 13
3 5
12 11
19 4
20 1
6 11
20 9
20 19
10 2
19 16
7 15
15 12
11 14
12 8
2 3
8 2
11
11 3
2 6
8 5
9 3
8 11
4 7
6 10
4 5
7 2
9 1
26
13 26
19 3
12 20
18 15
13 23
10 13
25 14
22 21
9 2
2 8
3 7
2 16
16 19
5 21
5 6
17 5
19 1
22 10
11 15
22 1
25 16
15 10
24 3
21 12
12 4
17
1 3
12 5
2 9
8 16
5 4
13 10
16 7
17 15
14 17
6 16
5 3
10 3
10 17
9 11
7 1
7 9
26
1 7
23 25
18 22
11 16
15 22
26 25
7 21
12 1
11 21
8 11
12 14
22 12
6 18
5 3
7 5
15 17
21 19
2 24
9 5
4 19
2 13
18 10
20 15
25 14
2 14
14
1 7
1 5
13 1
10 1
1 14
1 12
11 1
1 2
1 3
6 1
1 9
1 8
4 1
19
5 18
4 9
13 15
11 15
18 7
4 17
9 1
15 6
8 14
3 16
8 10
12 18
2 16
5 1
11 16
11 5
8 9
19 4
27
5 27
14 10
6 3
2 26
8 25
8 23
22 8
12 20
14 2
15 5
16 13
5 24
19 9
13 21
24 25
17 20
24 1
25 6
26 1
14 18
6 4
20 2
26 19
9 11
19 13
7 9
25
11 5
6 24
22 2
19 8
9 10
22 19
25 1
25 13
18 15
14 9
14 4
10 12
7 4
2 6
3 5
11 23
20 3
20 17
16 7
21 12
18 16
17 21
23 8
15 13
19
1 15
14 3
11 14
10 6
18 6
8 2
14 4
8 19
5 17
15 4
9 15
8 18
9 13
4 5
1 18
6 16
5 12
7 9
25
7 22
15 3
20 2
25 16
23 8
4 3
16 13
9 21
21 24
14 17
7 18
25 5
17 6
1 15
10 6
24 23
12 11
14 19
2 10
22 12
9 4
13 20
19 8
11 5
11
4 11
6 5
7 2
8 11
2 8
9 11
5 3
2 10
5 1
8 1
14
7 5
12 5
13 2
14 3
1 5
10 1
9 1
4 1
14 6
11 2
1 13
8 4
1 6
10
9 7
8 2
3 9
4 10
2 6
4 5
8 1
5 7
10 6
17
8 2
14 13
6 10
3 2
7 1
13 2
1 8
16 13
4 9
16 12
17 6
1 11
13 15
5 2
2 9
6 8
16
8 14
7 11
15 8
2 1
14 1
4 16
5 13
10 4
12 6
1 5
1 3
16 5
7 4
14 12
9 7
19
6 18
13 5
11 17
19 10
8 2
5 10
1 12
15 17
3 2
4 14
18 15
16 13
7 16
11 3
9 8
9 14
12 6
19 4
20
12 3
6 19
16 9
17 8
1 13
5 1
17 13
6 4
15 2
5 2
18 2
6 7
18 14
3 11
10 17
19 5
3 19
16 20
16 13
21
9 11
1 17
6 7
13 16
12 15
10 19
13 20
14 18
15 14
19 5
8 21
8 12
7 10
5 3
18 4
2 17
20 6
11 4
2 21
9 16
28
4 2
13 28
11 13
8 23
18 21
12 18
6 18
8 11
16 1
18 24
8 14
4 23
11 9
19 27
3 15
17 5
1 21
17 3
27 10
11 25
27 4
1 23
21 22
20 24
14 26
17 1
7 20
15
1 5
4 7
13 11
11 15
10 14
4 8
1 8
2 9
3 4
14 6
12 2
5 2
5 11
14 8
17
17 14
10 2
2 8
7 15
5 6
3 11
11 4
16 8
7 14
13 9
4 9
5 12
12 16
1 15
3 17
6 13
19
1 14
1 5
16 1
1 7
1 2
1 6
1 13
10 1
8 1
9 1
1 17
1 3
1 4
11 1
19 1
1 18
1 15
1 12
23
16 17
22 20
7 18
6 21
10 13
21 16
4 2
5 7
10 1
8 16
13 15
14 9
20 2
3 18
1 5
17 14
19 13
21 1
2 12
21 23
20 1
11 23
19
13 5
9 16
16 19
7 11
9 1
12 3
13 2
7 12
17 18
6 4
10 2
5 11
3 6
19 18
14 8
17 14
10 15
4 8
29
25 3
16 5
9 7
4 14
8 17
22 23
15 28
11 2
16 27
15 26
21 12
6 19
4 10
29 24
18 20
17 6
21 26
10 20
9 2
8 13
3 13
19 14
28 23
12 5
29 7
25 1
18 22
11 27
24
3 7
21 2
1 8
11 17
5 8
24 13
2 15
13 6
18 4
9 4
7 15
5 20
14 12
22 6
3 9
15 10
4 12
9 1
12 23
13 1
19 10
17 6
9 16
27
12 19
5 26
22 14
4 1
7 25
16 2
9 5
24 22
22 26
20 4
6 4
17 23
19 4
21 4
27 22
23 1
18 1
4 15
11 27
26 20
3 19
14 10
2 20
25 1
2 13
8 14
17
1 5
1 2
10 1
1 11
7 1
12 1
1 3
1 4
9 1
17 1
1 8
1 15
16 1
1 6
13 1
14 1
13
7 3
5 2
10 7
4 12
1 3
9 3
12 6
4 1
8 7
2 4
12 13
2 11
28
24 3
21 3
17 12
22 27
13 23
8 20
9 13
14 1
13 1
14 5
8 10
19 24
14 6
7 4
16 1
13 27
1 24
20 23
15 1
18 14
11 13
19 26
12 19
20 25
2 7
27 7
12 28
29
1 25
19 1
8 1
26 1
23 1
1 5
1 10
24 1
1 6
9 1
4 1
14 1
28 1
27 1
2 1
1 16
1 3
1 29
20 1
15 1
12 1
17 1
1 13
22 1
1 11
1 7
18 1
21 1
14
1 4
12 1
1 10
1 14
8 1
1 3
5 1
2 1
7 1
6 1
13 1
1 11
1 9
21
14 16
21 3
18 21
4 19
6 13
8 7
17 9
3 11
9 14
5 2
5 15
17 12
7 19
20 11
2 16
6 8
1 13
10 20
4 12
15 10
27
6 7
10 12
2 6
10 25
4 5
3 15
3 1
8 9
12 26
1 25
23 24
10 6
8 11
14 15
18 23
17 13
21 5
11 13
11 3
24 25
12 16
8 22
27 15
5 24
23 20
19 13
27
19 1
1 15
1 11
1 23
1 14
1 21
1 8
1 22
1 13
1 26
1 20
18 1
1 6
1 4
2 1
7 1
1 27
1 12
16 1
1 5
24 1
1 25
10 1
1 9
1 17
1 3
22
21 7
6 12
3 18
8 6
17 19
9 19
18 11
20 8
10 16
15 16
5 20
2 4
4 12
14 13
5 21
14 11
22 13
22 15
3 1
7 9
10 17
14
8 1
2 1
10 3
4 3
13 1
12 3
1 3
2 6
7 11
4 9
8 14
11 4
8 5
10
7 6
1 7
4 3
9 8
2 4
8 10
10 2
3 5
6 5
10
4 10
3 8
7 3
4 2
5 9
5 1
6 5
1 2
3 2
24
4 8
14 23
9 22
2 20
16 6
2 12
5 6
20 21
13 16
7 9
1 24
11 24
5 3
19 17
17 15
8 15
12 22
21 18
14 4
10 19
7 13
18 11
3 10
18
4 7
17 14
9 6
5 17
12 6
4 1
15 6
6 17
2 11
16 13
11 3
1 13
8 18
1 17
11 6
8 13
6 10
23
2 21
4 19
11 13
12 19
17 7
3 18
21 11
22 19
11 14
16 3
23 17
20 9
1 12
6 17
15 9
7 9
10 5
2 1
8 5
5 21
3 12
7 2
13
6 1
1 3
1 5
1 12
1 9
1 11
1 8
1 2
4 1
1 7
10 1
13 1
10
10 9
7 2
8 2
10 4
8 5
5 6
3 4
1 7
9 6
15
2 14
2 11
12 5
4 15
11 8
10 3
10 5
6 4
7 14
9 13
12 9
1 8
7 13
6 3
11
2 8
10 9
1 6
2 7
6 4
11 4
4 5
2 1
6 10
3 10
11
5 9
2 11
11 3
10 5
8 6
2 1
4 8
11 7
8 2
5 1
17
11 13
1 2
12 16
16 15
2 14
14 9
8 4
11 1
10 15
3 14
13 17
8 2
6 13
7 16
5 8
15 11
12
11 10
3 2
8 7
9 2
9 1
6 5
1 10
12 2
8 10
9 5
5 4
13
13 1
1 3
7 1
6 1
1 9
1 5
4 1
1 12
1 2
11 1
1 10
1 8
16
1 3
1 12
1 10
16 1
8 1
4 1
5 1
15 1
11 1
1 14
6 1
7 1
2 1
1 13
1 9
27
10 1
1 15
1 13
12 1
1 5
26 1
1 17
8 1
1 3
9 1
22 1
1 18
11 1
1 14
1 23
25 1
1 16
1 19
27 1
1 21
4 1
1 2
24 1
6 1
7 1
1 20
20
1 9
11 1
16 1
2 1
19 1
4 1
1 14
6 1
5 1
18 1
15 1
1 10
1 3
1 17
1 8
1 13
12 1
1 7
20 1
22
19 3
3 21
18 14
4 17
6 2
7 12
8 11
11 22
2 9
15 6
8 20
9 22
1 13
18 15
16 13
4 10
5 16
21 7
10 5
19 17
14 12
12
1 7
8 5
9 7
10 6
4 10
3 12
8 12
9 2
4 3
11 5
2 6
28
15 18
17 4
17 20
19 21
5 15
1 2
9 26
1 26
1 20
16 23
21 6
24 10
8 9
7 26
14 13
28 3
12 23
21 22
1 15
3 9
23 17
25 19
21 26
15 11
2 10
17 14
26 27
16
5 1
1 15
1 3
1 10
12 1
1 9
1 14
1 4
1 16
7 1
1 13
1 2
1 6
1 11
1 8
28
1 18
22 1
1 8
1 5
1 6
1 15
1 20
11 1
1 12
1 17
1 27
16 1
1 13
1 9
23 1
26 1
1 21
3 1
1 19
1 4
1 28
7 1
2 1
25 1
24 1
14 1
10 1
23
5 2
23 11
23 1
12 18
14 15
15 21
23 14
7 1
16 23
10 19
2 16
19 23
20 10
18 19
22 8
6 15
9 7
3 1
17 19
3 4
13 8
11 22
18
6 4
11 14
3 18
2 13
17 2
6 3
16 10
7 11
10 14
2 9
1 13
5 6
12 10
1 3
18 8
15 18
13 14
18
1 14
1 8
1 3
16 1
1 2
1 10
1 6
1 12
13 1
11 1
5 1
1 18
15 1
1 7
4 1
1 9
1 17
25
3 12
19 4
5 17
15 25
15 14
2 24
2 13
18 3
18 10
24 18
15 5
4 8
22 13
5 19
23 11
9 13
11 16
4 6
19 1
7 10
20 3
24 1
2 11
21 10
11
2 7
1 10
3 6
6 5
1 9
5 1
2 4
5 7
10 11
9 8
18
9 1
15 1
7 1
1 12
1 3
8 1
1 10
1 16
2 1
1 5
1 17
1 13
14 1
18 1
1 11
1 4
1 6
29
1 25
1 2
17 1
11 1
1 19
8 1
16 1
18 1
4 1
3 1
13 1
15 1
28 1
1 29
1 24
1 23
14 1
7 1
1 27
1 12
1 21
10 1
1 26
5 1
1 22
20 1
9 1
6 1
24
10 7
1 9
2 12
7 24
17 8
3 20
3 14
11 18
14 13
2 21
6 19
8 22
23 21
23 17
4 18
11 19
5 15
20 16
10 4
6 22
9 16
15 24
13 12
15
11 14
15 3
7 11
9 5
2 4
3 8
2 12
6 12
5 8
10 13
14 4
10 1
7 15
9 13
24
15 20
4 20
19 23
13 1
5 9
3 13
13 18
10 1
13 8
2 1
20 21
15 1
7 1
12 5
17 15
7 6
24 7
12 19
11 22
23 14
11 12
13 11
19 16
17
11 17
5 4
16 4
8 10
11 13
3 14
1 16
15 7
6 15
2 8
6 1
9 15
11 16
4 8
6 14
12 14
24
18 22
4 22
17 4
1 20
19 10
2 19
8 21
22 11
15 14
6 23
8 20
24 12
19 16
5 8
16 17
6 20
17 1
12 16
7 12
13 9
6 14
13 4
13 3
13
3 9
8 4
5 11
7 1
2 5
2 8
12 5
6 13
5 10
1 2
8 6
9 2
23
13 19
9 3
15 22
6 5
10 17
18 7
21 11
4 6
7 10
17 16
2 1
15 11
23 5
16 8
12 3
12 20
4 2
18 13
14 23
20 14
21 19
9 8
15
11 1
1 8
9 1
1 15
12 1
6 1
1 14
1 2
1 7
1 3
10 1
5 1
1 13
4 1
11
7 11
8 5
11 1
2 5
8 10
8 1
10 3
5 9
11 4
10 6
26
1 6
22 1
5 1
1 14
1 11
1 25
1 12
23 1
1 10
1 26
2 1
1 17
18 1
1 9
1 21
1 16
1 20
1 4
15 1
13 1
19 1
8 1
7 1
1 3
24 1
16
7 1
8 1
1 15
1 5
1 6
1 2
11 1
13 1
1 16
1 10
3 1
4 1
12 1
14 1
1 9
11
8 7
1 5
7 9
6 1
6 10
11 2
3 6
7 5
4 11
5 11
23
1 18
16 1
7 1
3 1
22 1
1 6
12 1
1 17
9 1
1 5
1 8
11 1
1 10
1 13
20 1
1 2
15 1
1 19
1 21
1 23
4 1
14 1
25
19 11
2 25
9 13
3 17
18 11
12 8
7 23
4 16
20 3
22 13
6 15
25 5
19 2
23 9
24 14
15 21
21 17
7 5
16 22
12 10
4 10
14 20
18 24
1 8
16
3 1
1 15
1 10
1 4
1 5
14 1
11 1
7 1
8 1
1 6
1 2
1 9
12 1
16 1
1 13
27
8 17
14 1
26 27
25 12
19 2
22 3
18 10
23 7
5 4
15 2
15 25
22 16
27 6
20 14
26 11
9 6
16 12
5 11
21 4
18 3
19 20
8 13
9 24
21 17
24 7
23 10
20
20 14
4 17
17 11
5 13
10 1
6 8
15 5
7 9
2 9
3 18
2 4
8 12
13 10
3 6
11 16
12 19
19 16
20 18
7 15
26
9 1
1 15
5 1
1 23
1 10
16 1
19 1
7 1
17 1
24 1
26 1
25 1
1 22
1 6
2 1
1 14
12 1
1 13
1 3
1 4
1 20
1 11
1 21
18 1
8 1
26
5 25
3 6
16 7
14 10
13 20
11 2
14 12
6 8
26 4
22 13
11 20
15 21
17 12
1 9
17 18
23 4
24 19
23 3
7 5
26 10
16 21
15 8
19 25
9 22
2 24
18
5 1
1 16
1 8
1 18
1 6
12 1
3 1
15 1
11 1
1 7
1 4
1 13
17 1
10 1
14 1
9 1
1 2
17
17 8
11 17
1 3
2 9
1 12
5 3
4 1
11 9
17 1
17 14
13 9
14 16
15 5
6 3
11 10
16 7
26
22 25
3 7
16 4
21 19
17 7
10 13
15 6
5 21
2 6
14 5
22 12
5 24
1 9
13 20
23 18
9 2
22 21
4 11
13 8
1 19
9 18
19 20
26 18
20 7
4 2
29
7 1
21 1
1 3
1 15
12 1
22 1
1 25
10 1
4 1
1 23
1 26
9 1
1 5
11 1
1 24
17 1
1 19
13 1
27 1
1 29
1 18
14 1
6 1
20 1
2 1
16 1
1 28
8 1
29
1 26
8 28
28 29
23 5
17 11
3 11
2 21
17 14
24 5
22 25
24 15
7 23
18 25
28 12
25 13
29 20
4 22
23 6
4 9
27 24
26 17
16 11
21 10
1 20
4 19
26 5
29 21
22 20
20
9 15
17 12
3 16
8 2
6 11
17 10
18 1
7 5
11 15
8 20
19 18
2 3
14 20
12 6
13 9
4 14
5 4
13 7
16 19
14
5 13
1 7
6 1
4 1
2 3
9 8
8 1
7 14
8 10
3 11
10 11
3 12
6 13
25
23 1
18 19
11 22
10 23
11 21
7 4
5 18
1 18
10 6
13 12
11 2
18 9
16 14
1 4
24 8
24 17
9 20
8 23
3 9
9 16
11 5
13 25
1 12
15 18
12
1 12
1 5
7 1
1 11
1 10
3 1
1 2
1 6
1 4
1 8
1 9
16
15 14
10 1
6 4
13 10
8 5
15 5
7 11
7 10
14 6
9 13
5 2
15 1
3 7
16 14
12 13
15
4 6
9 11
4 8
13 14
14 7
2 10
8 15
1 12
12 6
13 5
2 11
7 10
15 3
5 3
25
11 3
1 10
18 11
17 20
2 9
10 16
19 10
22 10
7 6
14 2
24 21
1 13
14 12
19 21
13 6
14 15
17 19
23 6
13 25
5 4
13 14
2 3
5 1
6 8
28
10 4
23 27
21 1
11 3
10 13
17 1
4 20
24 9
1 6
18 27
4 17
16 6
22 6
5 7
28 25
1 26
12 3
8 3
4 25
26 11
21 19
5 1
1 14
1 9
27 15
14 2
27 14
12
1 8
1 9
12 1
1 4
1 3
1 10
5 1
1 11
7 1
2 1
1 6
23
12 16
3 23
3 6
12 7
8 17
17 15
7 9
4 13
1 11
5 20
13 2
23 20
15 14
21 10
18 14
10 18
19 6
8 5
4 22
21 2
11 9
16 19
11
4 1
1 3
1 7
2 1
1 6
10 1
1 9
11 1
8 1
1 5
23
5 1
1 3
20 5
19 1
20 8
17 3
16 5
6 7
15 1
15 22
9 13
11 17
12 1
2 10
5 2
14 5
20 18
16 9
23 18
21 16
4 22
6 16
19
16 10
6 11
9 4
19 6
2 10
2 3
8 1
5 15
17 18
18 9
3 12
8 7
13 5
12 7
16 13
4 15
17 14
14 19
17
9 15
4 11
3 10
3 17
6 8
1 2
6 10
9 16
13 17
16 11
1 7
12 1
1 10
12 14
8 5
10 4
28
1 10
5 1
1 14
1 28
12 1
1 25
16 1
1 20
17 1
13 1
1 18
1 24
4 1
1 7
27 1
11 1
2 1
1 15
1 23
19 1
8 1
22 1
1 3
1 21
1 26
6 1
9 1
26
15 18
3 6
10 23
10 7
20 25
24 4
18 9
17 9
12 25
9 21
6 1
11 22
15 19
16 11
3 5
26 25
15 2
13 3
7 11
26 6
8 1
10 14
7 8
4 26
8 18
18
3 1
8 1
1 11
1 15
1 16
17 1
1 6
1 5
1 18
1 12
7 1
2 1
9 1
10 1
1 13
14 1
4 1
26
4 1
10 19
24 4
3 20
18 4
2 25
3 21
23 11
26 19
14 13
2 24
12 15
1 10
20 15
16 14
5 3
18 14
8 22
10 20
23 24
2 6
18 8
8 9
23 17
19 7
10
1 4
1 10
1 3
1 6
2 1
1 5
8 1
1 7
1 9
11
7 6
2 3
8 4
2 1
8 2
6 5
1 6
10 3
8 9
11 3
19
1 15
1 7
13 1
16 1
3 1
12 1
1 10
1 8
18 1
1 4
1 19
1 17
9 1
1 14
5 1
11 1
1 2
6 1
27
3 1
19 1
1 15
24 1
1 27
10 1
22 1
2 1
1 12
6 1
21 1
1 25
1 14
11 1
16 1
1 4
13 1
7 1
1 26
23 1
5 1
1 18
1 8
1 20
9 1
17 1
29
5 14
9 19
17 19
8 16
24 23
13 27
21 5
10 25
18 17
21 2
3 14
6 15
25 2
8 18
20 26
3 15
7 23
12 11
28 26
7 10
1 12
16 6
4 11
22 9
20 29
22 4
13 28
27 24
22
1 12
2 1
6 1
16 1
1 13
22 1
7 1
17 1
1 9
4 1
1 10
1 15
1 19
8 1
14 1
20 1
1 3
11 1
21 1
1 5
1 18
13
10 9
7 2
2 11
5 1
9 1
13 10
3 6
1 11
4 10
1 6
8 13
13 12
23
1 12
19 1
6 1
1 4
2 1
11 1
20 1
1 17
1 10
1 5
22 1
15 1
1 18
1 21
9 1
16 1
1 13
1 3
23 1
1 8
1 7
14 1
28
13 4
25 10
21 2
24 14
14 18
27 5
11 9
1 5
21 8
4 27
26 12
15 27
18 5
9 2
1 9
22 10
15 19
4 28
23 17
23 7
21 3
12 2
11 23
16 12
20 18
6 15
11 10
24
23 19
9 1
24 18
21 17
15 11
11 10
6 4
22 24
4 19
3 7
13 8
16 17
12 9
2 8
13 5
10 18
14 21
20 3
12 5
6 22
20 15
16 23
14 2
12
7 3
9 6
4 11
1 3
7 10
5 8
12 9
9 3
11 5
1 5
7 2
20
18 12
2 9
19 4
11 15
18 17
3 10
14 13
13 16
4 7
16 6
3 5
8 11
9 17
19 10
2 7
15 6
5 14
20 12
1 8
26
22 1
26 1
25 1
2 1
1 21
14 1
1 24
3 1
1 4
1 20
1 6
1 8
12 1
1 15
1 11
17 1
16 1
5 1
7 1
1 23
13 1
1 9
1 19
10 1
18 1
17
17 1
1 16
6 1
3 1
1 8
12 1
13 1
9 1
1 4
15 1
1 7
14 1
1 5
11 1
1 10
1 2
26
7 3
1 16
8 13
15 24
21 1
3 4
26 17
1 5
15 25
25 12
23 22
9 10
7 8
5 14
9 6
4 9
11 25
11 2
25 22
25 7
17 21
18 22
19 20
1 22
20 9
19
14 1
4 1
1 17
12 1
13 1
1 2
1 19
6 1
7 1
16 1
18 1
1 3
8 1
11 1
9 1
15 1
10 1
5 1
25
22 4
3 12
7 6
19 8
21 8
19 25
24 17
2 1
25 1
16 22
22 17
13 15
13 14
14 7
22 11
10 3
9 10
1 10
25 17
2 20
5 19
10 23
18 23
14 1
27
11 1
1 18
7 1
8 1
20 1
1 17
15 1
1 27
22 1
1 10
1 13
12 1
1 19
4 1
1 6
5 1
1 21
1 23
1 25
16 1
1 3
1 9
14 1
1 24
2 1
26 1
16
5 13
6 7
11 10
5 9
12 2
8 14
16 9
10 12
8 3
1 8
3 4
3 15
7 8
14 12
1 5
15
11 15
2 14
4 2
7 3
11 10
11 5
6 12
7 13
8 7
1 5
12 9
12 5
13 1
2 13
13
4 1
1 10
5 3
6 4
13 9
4 8
8 2
11 4
7 6
4 5
12 13
8 9
16
2 5
7 10
4 6
10 5
2 11
11 4
6 13
7 16
9 14
15 9
12 8
12 16
14 13
1 3
3 8
20
20 19
5 6
7 13
10 9
18 19
17 15
12 8
12 16
17 18
14 4
11 16
14 15
20 8
6 3
1 5
13 10
2 3
9 4
2 11
12
3 1
9 1
1 6
10 1
1 5
1 11
1 8
4 1
1 2
7 1
12 1
26
8 1
3 7
16 14
19 6
7 24
26 5
20 4
12 19
15 9
22 13
11 16
2 20
12 24
26 4
14 10
18 8
15 5
9 25
2 18
23 3
21 17
10 17
6 21
22 23
13 25
25
15 11
5 4
25 12
19 8
21 23
18 24
14 21
19 15
2 14
12 9
16 12
20 21
2 22
10 14
8 7
10 1
4 13
16 10
15 24
2 3
17 8
1 19
24 6
16 4
11
1 9
2 1
1 4
1 3
1 10
5 1
8 1
6 1
7 1
1 11
14
5 1
1 9
8 12
4 14
5 2
9 12
9 10
7 9
11 3
6 10
3 13
11 10
4 1
25
19 22
22 4
5 13
21 13
24 2
17 8
6 17
18 11
5 3
23 16
17 25
23 10
8 12
14 22
12 1
18 3
13 20
3 1
5 15
9 18
14 23
24 7
12 14
8 24
14
12 4
11 14
7 2
12 3
10 13
12 1
8 2
13 6
5 7
12 13
11 12
9 5
7 1
22
6 13
4 12
6 16
4 22
22 3
17 10
5 16
16 1
5 20
19 3
9 8
18 22
18 1
3 21
15 17
11 5
17 9
18 9
7 8
2 4
6 14
12
9 8
12 11
1 11
5 7
11 6
10 5
12 4
3 5
7 8
2 8
7 1
23
6 10
2 3
19 2
10 1
21 15
7 20
11 4
18 13
7 22
5 9
3 21
19 22
11 20
9 14
23 13
16 17
15 17
12 18
16 23
8 5
6 4
12 14
22
3 7
17 14
22 13
12 13
5 21
10 5
2 16
8 22
15 17
22 11
1 11
6 2
10 2
19 3
8 18
13 4
11 10
3 9
17 7
5 20
7 1
20
14 19
4 2
5 12
10 8
10 1
8 3
18 10
1 14
13 7
19 9
17 18
15 2
6 7
16 7
8 20
6 2
11 18
12 19
6 14
29
24 15
20 7
15 10
16 26
25 8
11 7
24 17
28 21
18 19
20 9
13 23
26 27
5 14
16 3
12 4
17 27
22 29
29 2
9 19
8 22
28 10
1 4
18 5
14 12
2 11
6 23
21 6
3 25
17
2 13
16 8
13 10
9 4
17 14
14 5
8 15
9 12
1 12
7 11
3 17
2 4
15 6
6 11
10 3
5 16
16
4 7
11 3
14 1
13 10
16 5
3 14
1 10
3 2
9 7
6 16
16 14
15 13
8 12
8 13
10 7
29
5 15
18 28
11 10
2 16
7 4
25 19
3 28
8 4
13 14
1 10
3 12
11 25
23 26
2 13
11 5
4 13
3 10
12 21
14 1
25 29
28 17
14 20
12 9
2 6
26 20
22 20
24 26
5 27
11
9 7
5 10
7 2
4 7
1 10
4 6
3 4
8 4
5 4
11 3
22
17 21
3 14
4 15
12 5
2 9
7 11
22 16
13 20
11 10
17 2
4 1
22 20
7 5
15 9
10 19
18 14
16 8
18 8
6 12
3 21
6 13
22
7 1
13 1
1 17
1 19
4 1
1 22
1 11
3 1
1 21
1 5
1 20
14 1
1 16
1 12
2 1
6 1
10 1
15 1
8 1
9 1
1 18
10
1 6
1 5
1 4
1 2
1 7
1 10
1 8
9 1
3 1
21
18 17
19 3
5 6
20 8
1 3
21 5
10 19
3 12
11 20
12 4
16 12
10 15
18 2
5 2
20 19
18 13
9 4
1 2
4 14
10 7
27
25 11
21 17
26 25
27 2
18 1
27 11
26 4
5 1
14 21
11 22
2 24
19 3
23 1
1 10
16 22
11 15
21 22
9 13
22 7
27 8
6 8
7 9
2 5
19 1
12 1
19 20
17
17 6
2 11
1 16
10 7
2 9
16 3
14 4
7 11
3 15
14 13
5 15
12 5
17 9
10 4
8 12
6 8
13
9 6
7 11
10 2
8 13
9 4
5 1
13 4
2 11
8 12
10 6
5 3
12 3
18
3 1
1 12
1 13
1 14
8 1
7 1
1 4
15 1
1 18
17 1
1 11
1 6
1 16
1 10
1 9
1 5
2 1
11
6 5
11 2
3 10
9 3
1 9
4 8
8 7
4 5
6 2
11 10
11
4 8
5 10
5 7
10 9
6 4
2 1
11 3
11 7
8 9
2 6
11
9 6
10 7
2 3
7 5
1 6
4 5
11 4
8 11
9 8
2 10
21
1 13
1 11
19 1
18 1
14 1
10 1
21 1
1 4
1 16
5 1
1 12
6 1
2 1
3 1
1 17
1 8
1 20
1 15
1 9
7 1
25
16 8
9 6
15 20
11 17
4 24
24 18
8 11
11 22
25 4
1 9
23 13
2 11
8 12
14 23
13 15
1 24
11 15
13 3
19 16
24 7
20 10
1 11
21 1
5 17
20
12 4
2 16
10 2
17 18
17 20
1 7
7 19
4 8
9 19
5 18
18 4
5 1
11 10
15 19
3 13
6 3
2 5
7 3
17 14
14
13 3
2 14
7 2
3 4
11 6
10 5
8 11
2 9
11 13
1 9
1 13
5 12
5 9
27
2 3
7 13
4 8
7 5
16 25
24 19
10 12
20 9
20 22
25 23
26 8
17 15
6 7
2 24
1 3
24 14
10 18
6 1
20 21
12 6
25 2
11 17
12 8
17 22
22 3
27 10
16
1 4
2 1
7 1
12 1
1 10
5 1
8 1
1 15
3 1
1 13
6 1
9 1
1 14
11 1
16 1
28
23 6
18 16
27 2
20 4
2 15
9 21
7 11
6 10
16 26
7 12
10 27
13 8
28 5
4 19
25 24
3 9
13 18
25 11
3 14
22 26
14 17
1 17
22 23
28 19
12 8
21 24
15 20
20
1 19
1 18
1 7
6 1
12 1
15 1
1 4
1 13
1 3
1 8
16 1
1 10
1 14
5 1
17 1
9 1
2 1
20 1
11 1
29
9 2
10 3
16 4
3 11
27 6
26 3
21 19
17 21
13 22
27 25
23 19
16 1
3 12
1 8
29 22
15 23
11 25
5 20
7 13
28 16
14 22
24 11
13 18
9 20
1 9
11 21
9 22
9 25
21
20 6
10 14
18 3
13 8
1 21
5 12
10 17
18 21
9 15
1 5
12 16
14 11
16 2
1 14
21 4
19 20
15 19
7 14
15 1
14 13
24
18 15
22 4
11 6
11 7
17 4
13 17
2 22
1 17
10 17
20 17
8 15
24 8
11 9
11 19
17 23
7 5
21 13
11 1
2 16
12 13
9 3
14 22
1 18
24
17 1
1 16
1 12
15 1
6 1
1 10
1 18
9 1
8 1
1 22
4 1
14 1
1 7
1 20
1 24
1 13
11 1
21 1
2 1
23 1
1 19
1 3
5 1
15
1 9
2 6
12 14
2 15
7 10
11 3
10 5
3 8
11 13
4 12
7 4
14 8
13 9
5 6
23
10 15
8 1
21 19
20 8
4 11
9 12
22 3
4 7
11 14
23 18
5 15
9 17
6 23
13 19
17 21
18 13
22 2
2 14
20 3
6 16
16 5
12 7
29
25 1
1 3
5 1
2 1
11 1
9 1
22 1
29 1
8 1
1 23
1 17
6 1
1 21
15 1
26 1
19 1
14 1
1 10
1 4
1 7
1 20
1 24
1 27
18 1
1 13
1 28
1 16
1 12
22
8 1
19 7
10 21
2 1
11 7
4 22
11 18
5 21
13 5
20 11
1 12
9 1
14 15
18 6
1 13
11 1
1 14
11 4
18 16
3 11
17 14
13
5 1
2 1
4 1
1 13
1 11
8 1
9 1
1 10
6 1
12 1
7 1
3 1
23
3 8
6 13
2 6
7 17
5 12
13 3
16 10
14 17
11 18
13 21
8 17
15 11
11 8
9 10
12 23
21 19
4 6
21 20
22 12
5 10
3 1
5 1
13
2 3
9 1
12 4
3 1
9 10
3 7
2 5
13 2
11 10
8 4
4 9
6 10
14
5 1
11 6
8 3
12 13
12 4
5 2
1 9
8 1
2 7
14 11
5 6
12 2
1 10
25
18 17
4 10
5 7
16 12
20 11
6 23
25 2
2 24
12 22
14 21
4 8
18 3
25 9
10 20
6 3
15 22
15 8
19 11
24 13
21 19
14 13
5 23
9 17
16 1
21
1 12
16 9
4 17
11 18
20 17
21 2
19 5
16 8
14 15
14 10
20 5
9 21
4 18
10 3
13 7
11 7
19 3
12 6
6 15
8 13
12
6 11
12 10
3 2
8 1
12 3
9 5
4 7
11 4
9 2
6 10
7 8
19
15 14
11 4
8 3
5 9
10 2
3 1
11 14
6 7
2 12
6 19
14 1
11 13
9 18
14 5
10 5
14 6
17 16
17 3
20
3 11
10 1
6 8
1 18
15 16
5 16
16 11
7 1
11 12
17 4
11 14
1 17
6 2
1 12
12 9
8 14
13 19
19 16
20 7
23
1 22
6 19
15 6
7 16
16 1
17 20
6 18
8 18
17 3
12 17
23 15
6 16
2 11
4 13
9 21
11 12
1 10
3 16
4 3
22 14
22 9
5 6
25
20 25
10 18
10 1
10 4
8 20
5 8
17 8
8 22
7 21
1 11
21 8
9 15
24 20
1 21
19 10
21 14
23 14
13 9
15 6
8 2
1 3
12 16
15 8
16 8
13
9 1
1 4
2 6
11 4
9 2
5 13
10 4
13 7
8 2
2 12
9 3
1 13
27
1 16
1 10
1 2
1 7
20 1
27 1
1 25
1 12
19 1
1 18
21 1
1 11
1 23
22 1
14 1
1 4
24 1
1 17
1 15
8 1
13 1
1 5
1 9
26 1
1 3
1 6
28
23 4
10 9
3 1
21 18
14 1
11 22
5 6
5 1
27 21
12 14
13 8
5 28
1 20
14 25
1 16
14 9
24 1
17 14
21 22
26 7
26 14
24 21
4 9
25 2
13 22
15 9
9 19
25
10 22
17 2
21 23
5 4
6 24
20 9
15 8
8 7
18 12
6 22
17 10
24 25
8 13
13 1
14 12
16 12
19 3
4 1
12 11
21 8
6 18
1 6
19 12
13 9
26
26 3
1 16
21 12
13 19
17 18
9 4
21 8
2 23
22 24
24 6
23 13
3 12
1 3
7 2
4 15
14 17
17 9
12 24
11 13
26 10
4 20
16 23
5 26
25 2
16 9
28
1 28
1 4
1 18
1 2
23 1
9 1
16 1
1 26
1 15
1 7
1 12
1 25
1 14
1 5
1 8
3 1
19 1
1 21
1 17
1 22
13 1
24 1
1 10
1 11
1 20
27 1
6 1
10
6 4
5 2
6 9
5 7
4 3
3 7
10 1
10 2
9 8
19
19 9
13 19
18 2
16 17
5 12
15 14
15 9
4 6
13 11
16 1
11 3
5 8
7 3
17 8
4 14
12 10
2 6
10 7
13
9 1
13 11
7 12
4 3
4 10
5 8
1 7
7 5
9 6
4 2
3 1
11 1
28
1 17
1 18
1 27
1 21
10 1
1 8
1 7
1 26
1 19
5 1
14 1
13 1
24 1
1 6
1 2
20 1
1 22
1 12
25 1
3 1
1 4
1 9
23 1
28 1
1 11
1 16
15 1
10
1 6
2 1
5 1
10 1
1 7
1 4
3 1
8 1
9 1
22
3 1
17 2
7 8
16 20
21 11
14 20
11 3
5 2
7 11
13 4
20 3
14 15
21 12
18 4
5 1
2 9
16 22
6 16
21 10
19 14
5 4
26
22 26
18 16
22 24
19 18
21 17
15 1
1 25
1 24
6 17
6 8
1 2
19 14
13 11
24 7
3 25
12 1
5 25
11 22
17 7
15 9
23 14
10 13
17 20
4 25
22 23
13
12 1
10 1
7 6
7 13
10 7
5 4
4 3
11 8
11 2
4 12
10 11
9 12
22
1 13
22 1
15 1
1 19
1 6
18 1
16 1
1 12
1 10
1 17
1 11
14 1
4 1
1 3
1 21
9 1
2 1
7 1
8 1
1 5
1 20
13
10 8
2 11
10 12
4 6
3 7
13 9
9 5
11 8
2 4
1 5
13 7
3 6
10
10 8
6 5
1 6
6 9
10 1
3 5
5 2
9 4
10 7
29
23 9
10 17
20 18
6 4
27 16
2 13
10 24
28 15
7 19
20 16
25 9
8 19
16 26
10 3
5 6
1 21
9 22
3 18
23 6
21 23
15 29
13 3
20 12
21 11
19 11
1 18
11 15
14 13
15
1 2
9 5
7 10
10 1
7 12
9 6
13 15
11 4
13 14
4 2
9 2
10 13
3 4
8 7
23
13 21
5 15
5 19
15 12
20 1
16 19
17 11
1 7
7 22
19 1
9 8
10 3
4 20
9 19
10 1
20 18
14 15
19 13
17 19
13 2
10 6
23 5
11
10 7
8 11
6 2
10 1
9 2
3 8
5 4
8 1
4 3
6 3
23
23 6
4 10
12 6
1 6
21 5
3 5
16 13
6 13
15 9
3 10
22 15
2 19
11 22
2 4
18 3
17 11
20 23
2 8
6 11
23 14
3 1
22 7
24
5 7
9 13
14 2
17 3
3 5
16 2
10 22
3 14
10 18
21 4
24 8
3 20
13 2
24 14
15 3
14 4
11 20
1 14
22 2
2 19
16 6
20 12
23 4
14
6 2
13 9
4 10
7 1
9 10
11 5
3 10
14 10
2 1
8 11
9 12
1 3
8 1
15
13 8
14 10
13 5
2 15
7 1
3 2
9 7
6 9
15 1
15 14
12 2
7 13
11 14
9 4
27
17 14
5 16
19 20
20 10
3 2
11 15
13 3
4 23
1 21
10 23
22 13
26 16
3 27
13 18
21 10
9 20
21 6
27 1
15 27
16 6
25 15
23 8
24 2
12 2
14 7
6 14
10
8 9
5 7
9 7
1 4
10 1
7 2
3 7
2 10
6 3
11
1 9
1 2
1 11
1 3
1 8
6 1
1 10
7 1
5 1
1 4
12
1 9
6 1
1 8
1 2
1 4
7 1
10 1
12 1
1 3
1 5
11 1
26
1 19
25 1
1 15
1 2
6 1
21 1
26 1
1 16
24 1
1 20
1 5
23 1
1 14
1 10
3 1
1 12
1 18
13 1
9 1
1 17
1 4
1 7
1 8
11 1
1 22
14
10 1
1 2
1 14
1 6
13 1
1 7
1 5
8 1
9 1
12 1
1 3
1 4
11 1
18
9 3
4 17
5 3
16 2
14 8
14 7
1 12
16 11
11 10
13 2
15 6
17 18
13 7
4 15
8 18
12 9
10 5
19
1 14
15 11
18 9
11 18
3 14
5 12
5 4
1 12
8 12
15 8
11 19
18 16
5 2
1 13
5 7
12 17
12 10
6 17
28
14 9
14 25
3 21
8 23
19 1
13 5
7 19
22 26
12 24
23 17
20 10
12 22
16 6
11 3
27 28
18 19
14 6
4 9
27 19
11 10
22 23
5 1
24 10
14 1
27 15
15 2
1 22
19
14 12
10 13
15 8
2 19
14 19
15 9
11 18
6 13
2 11
9 5
3 17
4 16
12 6
18 16
10 1
4 7
7 5
8 3
28
12 28
13 15
26 1
7 2
18 12
27 10
24 14
20 25
11 3
11 24
13 20
22 2
9 10
4 23
5 4
16 25
14 8
7 18
16 17
19 21
27 22
6 5
28 15
9 8
3 6
21 17
26 19
27
1 25
1 6
1 19
1 18
11 1
1 27
1 21
2 1
1 13
1 20
12 1
1 7
17 1
16 1
26 1
9 1
4 1
3 1
22 1
15 1
1 5
1 8
1 14
1 24
1 23
1 10
23
11 20
20 23
19 9
7 5
18 2
22 12
14 21
23 18
12 8
3 6
19 15
8 13
5 17
4 9
10 2
4 22
17 6
1 21
13 11
7 15
3 14
16 10
16
4 9
8 16
12 7
6 5
4 5
12 6
10 16
14 11
11 13
2 14
13 10
2 7
9 15
3 15
3 1
10
2 3
3 4
8 2
7 5
10 5
4 1
6 9
6 1
7 6
26
1 7
16 3
17 4
14 3
2 24
18 11
22 21
7 24
2 12
17 9
26 6
15 18
12 25
13 20
5 6
22 23
23 9
15 10
19 4
14 21
16 10
25 13
20 19
11 5
26 8
26
3 7
19 18
22 20
4 7
5 9
26 8
5 16
25 23
8 19
25 3
7 1
22 3
13 22
15 9
15 24
11 5
21 4
14 6
1 26
6 2
12 15
8 6
9 26
10 19
4 17
21
1 12
17 21
14 1
12 10
20 16
5 9
12 11
11 13
16 6
6 14
10 7
19 3
2 3
8 21
21 5
3 6
10 15
18 16
5 14
11 4
11
11 10
3 10
1 6
10 1
8 10
1 2
9 8
1 4
7 1
6 5
15
7 8
13 3
1 3
9 4
5 12
11 3
13 9
14 15
3 10
10 6
2 9
3 12
15 8
8 10
24
19 23
4 14
5 12
1 10
20 3
14 24
21 2
6 21
5 9
7 2
3 13
5 1
1 23
13 7
17 7
18 16
14 1
15 11
22 8
1 18
1 13
15 13
8 2
25
12 1
6 1
1 8
1 9
5 1
15 1
21 1
1 13
1 7
1 19
14 1
1 16
11 1
24 1
4 1
25 1
1 2
17 1
3 1
1 20
10 1
18 1
1 22
23 1
19
6 15
19 6
17 18
10 5
1 8
11 7
16 18
17 5
13 8
13 3
4 2
11 3
15 16
10 12
14 9
19 9
2 7
4 12
17
6 1
14 1
1 12
1 16
1 4
1 11
15 1
1 10
1 3
1 8
17 1
1 9
1 13
1 5
2 1
1 7
23
19 7
5 10
19 1
5 23
9 3
14 5
9 23
7 22
3 17
13 18
21 6
9 1
2 7
16 20
19 21
13 12
23 13
17 15
3 16
11 17
8 21
4 16
25
1 13
7 1
16 1
1 10
1 12
1 20
14 1
22 1
1 5
21 1
1 3
24 1
1 15
1 8
23 1
18 1
1 25
1 9
1 11
6 1
19 1
4 1
1 2
1 17
13
7 13
13 3
7 12
2 13
13 1
9 5
8 5
10 11
4 2
8 11
6 2
2 8
12
7 6
7 9
11 2
8 10
4 5
8 1
12 4
4 6
11 1
1 3
3 6
20
8 1
1 3
17 1
1 18
14 1
1 16
20 1
4 1
1 6
1 15
5 1
10 1
1 13
7 1
2 1
9 1
19 1
11 1
12 1
16
5 1
7 1
1 11
4 1
1 10
15 1
9 1
13 1
1 12
2 1
1 3
8 1
1 6
16 1
1 14
29
14 29
27 18
20 18
18 22
11 6
2 29
29 1
24 29
8 26
7 12
25 1
2 6
27 15
18 4
14 10
9 8
1 23
7 9
1 16
21 2
9 19
22 3
13 14
11 17
27 28
7 29
18 7
5 23
11
1 8
9 4
5 9
1 2
3 2
10 2
11 7
8 7
8 9
6 7
23
10 2
1 13
6 21
11 16
23 20
2 5
8 9
8 6
12 19
7 15
20 12
18 10
13 5
22 23
17 14
16 4
21 3
17 7
11 14
9 22
3 18
15 19
24
1 17
8 1
15 1
1 13
9 1
1 6
23 1
1 4
1 19
1 20
2 1
1 18
5 1
1 21
11 1
12 1
1 7
1 22
14 1
1 3
1 10
16 1
24 1
13
1 13
9 1
3 1
5 1
8 1
10 1
1 6
2 1
1 4
7 1
1 11
12 1
29
5 6
26 11
27 20
7 5
5 17
11 25
3 19
12 29
1 21
13 24
28 3
18 20
18 7
20 14
4 3
21 19
11 8
13 22
19 13
16 10
18 1
23 12
12 25
2 14
21 25
14 15
9 16
7 16
16
1 7
1 11
4 1
3 1
2 1
15 1
1 8
1 10
5 1
6 1
1 9
1 13
1 14
12 1
16 1
13
6 12
7 11
3 2
13 10
2 11
13 4
10 8
1 9
4 6
7 8
5 3
9 12
19
16 13
5 8
17 7
9 10
18 7
3 4
9 1
1 2
8 17
19 17
14 16
11 1
19 16
12 18
17 1
19 3
17 6
8 15
14
11 5
5 6
9 8
14 10
10 6
1 4
7 9
3 13
14 8
7 3
2 12
4 13
2 11
25
9 1
16 1
22 1
1 24
4 1
1 14
20 1
23 1
1 13
17 1
10 1
1 5
1 8
21 1
1 2
1 11
1 19
15 1
1 18
3 1
1 12
7 1
1 6
25 1
27
3 27
20 5
24 21
15 1
18 19
12 14
6 5
25 7
10 9
23 16
9 26
27 16
17 4
3 26
22 7
4 14
18 13
12 22
15 6
8 23
13 10
11 24
17 8
11 2
2 20
21 25
11
2 1
8 1
5 1
4 1
6 1
1 9
1 7
1 10
3 1
1 11
24
2 13
10 4
23 11
5 12
21 4
24 3
15 20
8 15
16 21
5 19
1 21
2 8
11 16
9 8
9 7
3 13
3 18
15 6
5 13
4 17
9 22
2 1
16 14
24
4 15
11 17
2 14
15 16
11 10
5 7
14 22
1 6
3 8
21 24
7 9
8 17
12 10
16 20
6 19
12 22
23 3
2 21
24 20
18 4
13 18
23 9
19 13
16
8 13
15 16
14 12
10 15
12 3
9 7
1 14
11 15
8 10
8 4
10 1
7 5
2 12
9 6
14 7
12
8 3
1 10
2 11
7 5
12 9
6 12
4 5
2 8
10 7
9 4
6 3
25
9 1
7 2
3 1
17 6
19 6
1 20
14 25
4 17
11 10
7 1
13 22
16 3
24 10
8 18
10 1
3 23
5 24
3 18
10 12
12 13
19 10
12 25
15 12
23 21
28
20 24
6 12
21 19
6 14
14 13
10 27
22 2
26 17
20 16
27 24
16 12
8 23
4 8
15 21
22 26
13 11
4 28
10 9
11 25
7 23
17 28
15 2
19 3
25 1
18 3
9 5
5 18
10
1 9
1 7
1 4
1 8
5 1
10 1
2 1
1 3
6 1
27
20 11
20 25
7 17
13 23
24 3
4 13
9 27
6 14
3 8
18 16
1 11
15 10
21 18
27 2
19 4
23 5
26 9
14 19
26 5
10 22
12 16
21 8
2 24
7 12
25 6
17 15
20
17 14
16 20
11 5
14 18
15 12
15 8
18 19
4 18
12 2
1 18
19 5
1 12
9 12
1 7
13 5
3 19
6 3
14 10
13 16
13
1 11
1 3
10 1
1 7
1 12
13 1
2 1
4 1
6 1
1 5
9 1
1 8
15
10 1
2 1
1 13
14 1
1 4
12 1
15 1
1 7
11 1
1 8
9 1
1 5
1 3
1 6
28
7 18
10 11
14 19
24 18
10 12
15 20
26 3
16 17
21 9
16 28
20 22
28 6
11 4
13 7
23 5
13 9
6 19
21 27
23 2
24 22
12 14
1 4
15 2
27 25
5 17
25 3
26 8
29
20 19
15 12
17 9
4 25
23 2
7 1
11 16
9 13
10 5
27 20
21 26
28 7
18 22
27 22
16 19
21 6
14 13
23 17
5 8
2 24
11 4
3 12
14 3
10 15
29 26
8 18
28 25
24 6
21
1 14
1 8
1 9
1 16
1 13
1 12
1 6
1 18
15 1
1 7
1 19
1 17
1 2
3 1
20 1
21 1
5 1
1 4
10 1
11 1
23
5 9
16 4
17 22
2 13
12 11
20 19
12 2
7 21
9 8
1 7
18 3
17 18
6 20
21 15
8 14
13 4
15 23
10 14
19 11
5 6
22 10
23 3
14
14 7
2 1
13 7
10 13
4 2
12 10
4 9
4 3
11 5
2 5
13 1
10 8
6 7
10
1 4
5 1
10 1
9 1
3 1
7 1
8 1
1 2
1 6
27
3 27
10 16
21 20
23 13
22 13
14 5
26 18
10 17
6 15
20 5
12 10
14 6
23 17
18 14
18 9
8 6
1 23
3 24
22 11
1 5
2 22
17 4
7 20
4 19
13 3
25 4
28
1 15
1 17
4 1
2 1
13 1
18 1
1 11
1 24
1 6
1 28
10 1
26 1
1 22
1 25
23 1
14 1
12 1
20 1
1 27
7 1
21 1
9 1
5 1
8 1
1 19
1 16
1 3
15
3 9
6 4
10 7
14 11
2 10
8 7
9 15
4 12
11 5
6 8
15 2
12 5
1 14
3 13
17
15 1
11 1
1 13
1 14
9 1
1 4
12 1
1 17
1 5
1 16
10 1
7 1
1 2
8 1
3 1
1 6
15
5 11
15 9
6 1
13 15
11 6
7 15
4 12
9 1
12 6
12 10
3 8
9 8
11 2
14 8
13
4 5
2 1
1 3
12 13
1 4
9 7
11 5
8 5
4 10
9 3
6 1
6 13
29
17 28
11 2
25 29
3 25
21 20
6 25
12 14
25 1
7 2
1 21
1 15
2 4
13 18
16 1
1 2
12 16
12 8
23 20
28 4
12 24
9 1
5 23
25 22
6 19
10 20
22 27
26 1
13 2
21
14 5
14 1
11 18
3 4
17 9
10 11
2 13
15 18
18 14
12 6
2 18
10 7
19 4
17 8
21 4
17 14
19 14
16 14
20 13
7 12
17
15 5
14 1
17 2
11 3
6 12
10 8
13 3
8 2
15 14
10 3
6 14
16 6
2 7
4 15
10 9
1 8
17
13 14
4 7
13 2
13 17
7 10
1 10
15 17
5 3
6 11
8 17
3 14
6 10
6 9
7 12
16 3
14 1
18
15 1
5 6
11 14
18 5
15 17
7 12
11 18
1 18
17 8
10 6
5 12
16 4
6 2
9 16
3 11
17 13
16 15
16
1 16
8 4
15 16
9 10
7 11
10 13
12 2
7 14
9 14
13 4
12 5
8 6
6 3
15 5
2 11
18
14 1
1 2
7 1
18 1
1 5
9 1
15 1
12 1
11 1
4 1
8 1
1 10
17 1
3 1
1 13
16 1
6 1
24
7 4
20 22
5 2
23 19
6 17
14 3
5 11
18 13
6 15
20 16
8 11
21 9
13 12
22 17
24 4
2 24
10 15
23 18
9 14
16 21
10 1
8 3
12 7
18
14 18
18 4
15 1
17 3
5 7
15 10
5 17
12 8
7 9
2 16
13 2
13 6
9 11
6 3
11 12
4 8
10 14
16
10 1
6 1
1 4
13 1
8 1
1 14
9 1
11 1
16 1
5 1
1 3
7 1
12 1
15 1
1 2
16
8 14
14 10
16 1
11 5
6 11
10 3
15 13
10 1
1 9
13 12
6 1
14 7
13 10
3 4
2 6
24
13 1
1 16
20 1
18 1
1 10
21 1
1 14
7 1
1 23
12 1
1 6
19 1
5 1
1 24
1 4
17 1
2 1
9 1
1 22
1 8
1 3
1 11
15 1
10
6 4
5 9
3 10
5 1
8 1
1 7
4 7
2 7
7 10
21
19 18
17 21
6 4
12 9
20 14
13 1
6 13
4 2
15 8
20 12
2 14
3 5
8 17
10 9
19 7
15 18
3 11
10 21
7 16
16 5
15
8 1
3 1
1 13
15 1
1 14
1 11
10 1
2 1
6 1
1 4
12 1
1 9
1 5
1 7
27
24 5
21 2
4 11
25 18
10 23
22 15
3 13
8 23
26 12
13 2
20 26
18 16
12 22
5 8
6 17
10 19
3 9
15 21
6 27
19 7
25 24
27 20
14 17
16 9
7 11
14 1
21
19 21
9 4
5 11
13 15
18 8
13 1
3 12
20 5
18 6
5 13
7 2
11 7
9 1
8 10
6 14
21 9
16 3
14 1
5 17
14 3
25
14 12
8 13
5 25
16 15
16 24
13 19
5 19
6 13
1 19
12 10
20 7
9 5
23 6
3 14
10 1
4 16
18 15
18 22
7 12
14 11
7 2
17 6
15 10
18 21
20
14 3
5 1
13 17
19 2
15 9
17 14
4 16
11 14
1 18
12 6
18 8
14 10
18 17
19 1
7 16
6 16
5 16
4 20
9 1
27
27 1
3 1
12 1
16 1
1 23
1 5
1 13
1 17
18 1
1 6
1 15
1 19
2 1
1 10
4 1
25 1
11 1
1 22
20 1
1 9
1 21
1 24
14 1
7 1
26 1
1 8
16
9 3
8 12
6 16
4 2
10 3
7 2
16 14
13 15
10 1
5 6
11 8
13 12
7 9
4 15
5 11
10
5 3
10 8
2 9
9 4
6 8
7 5
10 1
10 9
5 1
10
1 4
1 3
1 7
1 10
1 2
1 5
1 9
6 1
1 8
20
2 20
7 14
8 2
4 8
18 13
7 11
5 1
2 1
9 16
7 4
12 4
3 1
9 4
18 3
10 14
3 15
1 6
3 17
19 18
16
12 14
11 13
4 14
12 2
8 9
13 4
15 3
6 10
10 7
2 3
5 9
16 7
16 1
6 5
11 8
27
15 1
1 13
1 4
1 27
23 1
1 22
1 21
16 1
1 24
10 1
12 1
1 2
17 1
11 1
1 26
1 9
1 25
5 1
1 7
1 6
14 1
20 1
1 3
8 1
18 1
19 1
21
1 20
1 8
1 7
6 1
10 1
18 1
1 15
1 19
1 13
12 1
1 3
1 4
17 1
21 1
14 1
11 1
5 1
2 1
9 1
1 16
26
1 20
12 26
26 9
24 8
11 3
20 10
22 10
19 16
13 3
13 15
16 17
10 13
6 23
8 26
2 1
1 21
1 24
23 24
18 1
4 5
4 20
13 14
13 25
17 24
7 9
23
1 5
15 1
1 17
20 1
10 1
8 1
3 1
2 1
1 7
23 1
1 6
1 22
1 21
1 11
19 1
1 12
14 1
1 13
16 1
9 1
1 18
1 4
10
9 1
3 1
1 7
4 1
5 1
1 8
6 1
1 10
2 1
16
1 6
11 13
8 7
14 3
15 2
5 10
1 13
7 9
7 13
6 15
16 11
5 11
3 12
15 4
3 6
21
8 7
8 18
8 10
12 4
19 16
15 1
9 20
4 13
1 13
18 17
17 5
2 4
15 16
6 21
21 3
11 17
20 14
16 21
20 13
15 18
29
19 15
24 12
21 12
18 3
24 11
1 4
7 17
19 20
6 16
29 16
20 16
4 24
10 22
7 5
23 18
10 23
27 9
9 13
18 1
3 7
2 11
19 25
12 8
9 3
28 23
4 20
11 26
14 10
12
11 5
8 6
9 6
12 3
10 2
3 8
7 10
12 7
8 11
6 4
1 3
26
21 22
14 24
6 3
4 26
20 22
12 16
15 23
4 11
17 5
1 21
24 18
16 22
17 1
7 5
13 5
19 23
20 9
23 26
18 6
21 26
25 16
8 24
10 4
18 17
20 2
25
13 17
6 23
7 24
3 21
22 9
14 22
21 19
17 25
11 17
16 8
23 1
16 25
18 12
9 10
16 15
25 23
24 5
22 20
12 6
14 24
21 6
14 1
12 4
2 9
12
1 2
1 4
1 7
10 1
5 1
9 1
1 6
1 3
1 8
11 1
1 12
17
16 13
12 6
14 5
10 5
1 17
2 9
4 11
13 8
3 15
15 11
12 7
9 17
7 14
16 10
3 2
8 4
13
4 1
7 1
2 1
6 1
1 11
5 1
3 1
1 12
10 1
9 1
13 1
1 8
17
16 1
11 1
3 1
1 12
1 5
7 1
1 4
17 1
1 13
15 1
14 1
8 1
1 6
10 1
2 1
9 1
11
9 1
1 4
1 11
1 7
3 1
1 8
1 6
2 1
1 10
1 5
28
1 16
1 28
2 1
5 1
13 1
27 1
1 21
1 26
1 8
7 1
1 19
1 22
15 1
25 1
3 1
1 6
14 1
11 1
4 1
1 20
24 1
23 1
1 10
9 1
1 12
17 1
1 18
10
5 4
1 8
8 3
1 10
10 4
7 9
8 6
10 9
2 4
12
1 2
4 1
10 1
8 1
1 9
1 11
12 1
1 3
7 1
1 6
1 5
20
11 1
1 20
4 1
1 3
12 1
1 13
18 1
1 7
15 1
6 1
5 1
9 1
8 1
10 1
14 1
17 1
16 1
1 2
19 1
11
1 6
1 7
10 1
4 1
11 1
1 9
2 1
5 1
1 3
1 8
26
19 26
23 12
2 26
6 25
16 3
9 17
13 23
12 17
18 8
7 10
12 24
1 7
19 16
12 2
26 1
14 15
25 8
15 21
8 26
15 19
8 5
4 10
12 22
9 11
10 20
18
3 17
3 18
5 17
1 11
7 15
11 13
1 8
4 9
15 8
18 16
4 11
4 12
8 3
13 2
14 17
13 10
6 15
21
7 14
6 18
7 2
9 10
11 20
3 17
3 6
10 15
12 13
11 19
12 16
16 5
2 13
21 8
1 20
19 14
4 5
18 4
21 15
17 9
24
1 14
18 1
5 1
1 12
1 2
7 1
6 1
1 21
13 1
1 24
1 11
8 1
1 23
16 1
19 1
1 9
1 10
1 17
20 1
1 15
22 1
1 4
3 1
22
5 21
14 12
18 16
15 2
12 9
18 12
10 7
13 20
10 12
19 2
10 1
6 10
20 22
16 15
5 18
11 6
11 8
20 10
3 18
15 4
17 16
29
2 24
23 28
8 6
17 18
10 21
19 3
10 2
17 22
1 3
7 11
25 6
24 4
28 7
16 8
9 26
20 13
9 15
23 13
12 20
12 18
11 25
29 19
5 21
14 15
29 26
16 27
27 14
4 22
19
5 8
14 18
4 17
7 2
6 17
16 14
10 15
16 13
6 1
19 18
11 9
3 8
12 11
7 15
3 19
13 4
2 9
12 5
22
20 13
10 7
5 14
9 19
12 2
11 20
1 12
17 2
12 7
18 22
19 22
22 20
19 8
21 15
18 16
2 4
5 16
1 18
6 7
15 3
15 16
18
7 2
15 14
3 18
10 12
13 4
7 1
1 3
5 7
4 6
9 5
13 11
14 1
17 14
12 16
10 14
8 17
6 7
15
11 9
2 1
10 4
9 15
10 1
6 4
5 10
10 9
8 1
11 12
13 14
3 4
10 7
10 13
10
3 7
5 7
6 2
2 4
9 6
3 1
2 8
3 10
1 6
26
7 16
24 19
6 26
15 23
20 21
20 11
12 13
6 5
26 4
1 25
13 15
19 2
18 7
17 4
23 14
17 21
12 9
24 8
22 14
25 11
10 8
22 2
3 9
5 10
3 16
17
2 9
4 17
5 1
5 17
16 3
15 5
3 11
9 3
7 2
1 9
17 8
15 13
8 6
2 10
8 12
15 14
24
8 17
18 6
12 16
7 17
14 13
8 16
6 22
11 3
19 2
4 20
9 3
22 14
10 19
13 7
2 5
23 1
24 9
12 11
20 21
10 15
23 5
24 21
15 18
18
6 7
7 9
10 8
4 6
16 8
8 11
7 5
17 16
13 15
18 15
9 12
2 13
3 1
1 13
1 14
13 6
1 17
28
24 27
8 1
1 18
26 28
26 9
26 11
14 1
22 18
9 4
8 24
20 1
2 15
10 18
8 6
14 26
28 7
21 16
24 23
2 17
6 13
21 10
21 25
3 23
18 19
5 18
2 14
16 12
11
10 8
4 7
6 5
10 9
2 3
6 7
3 4
2 11
8 5
9 1
11
1 3
3 6
8 6
2 10
1 11
3 10
5 11
4 10
11 7
6 9
12
8 3
4 11
6 11
12 6
11 1
7 4
10 6
8 1
9 5
2 4
8 9
20
20 17
14 12
4 18
15 14
7 3
10 4
8 12
15 6
3 1
2 18
19 11
6 10
7 19
20 2
13 9
16 5
9 17
5 8
16 11
16
1 16
13 1
1 5
15 1
1 4
14 1
11 1
9 1
1 2
8 1
1 7
1 3
6 1
1 10
12 1
22
8 1
10 19
9 22
2 15
11 20
18 21
17 22
21 10
14 3
4 5
6 17
12 14
8 13
7 4
5 9
12 6
2 19
3 15
13 7
16 11
20 18
15
4 1
1 10
14 1
1 3
2 1
1 13
1 8
15 1
9 1
1 11
1 6
1 5
12 1
1 7
14
9 11
12 10
7 8
5 14
13 10
7 6
3 14
4 11
5 13
2 8
4 2
1 12
3 6
25
1 21
21 18
19 18
13 14
2 8
14 7
2 12
19 23
6 18
24 6
5 3
7 17
2 5
3 4
9 13
6 25
11 9
13 10
15 19
22 9
1 14
20 7
3 16
5 21
10
1 3
9 8
2 5
7 5
5 8
1 4
8 1
4 10
4 6
17
1 17
9 15
4 14
12 8
17 12
16 1
3 7
10 8
8 11
6 14
5 12
7 13
9 16
9 2
17 7
14 16
17
11 10
16 4
9 14
4 3
15 16
13 8
17 10
1 9
6 7
6 3
12 7
5 15
8 17
2 11
12 13
14 5
29
1 9
12 1
8 1
4 1
1 5
16 1
18 1
28 1
11 1
1 27
22 1
1 17
25 1
24 1
1 10
14 1
1 6
23 1
1 13
29 1
1 21
15 1
7 1
20 1
2 1
3 1
1 26
19 1
13
4 13
10 13
5 6
12 11
7 9
8 9
8 5
4 6
11 2
3 2
7 12
1 10
24
20 1
1 14
7 1
1 4
1 21
3 1
1 8
1 16
1 2
12 1
18 1
5 1
19 1
1 24
1 10
11 1
22 1
6 1
15 1
23 1
13 1
17 1
1 9
14
4 10
4 13
11 13
12 1
4 1
4 7
5 6
13 14
3 1
8 7
9 6
12 2
5 4
10
7 9
4 2
9 3
8 5
7 10
6 3
5 1
6 2
4 8
11
10 3
5 2
1 10
7 2
8 4
6 9
5 6
10 5
11 10
6 8
14
11 13
7 10
6 14
9 4
5 8
10 6
7 8
9 3
1 3
13 4
2 14
11 12
5 12
11
2 10
1 9
6 7
3 11
3 5
2 7
5 1
1 2
1 4
8 1
23
7 3
20 5
2 12
21 17
9 1
22 9
5 4
23 12
17 20
18 15
11 13
13 20
18 9
10 18
1 5
8 22
12 4
14 17
16 13
19 22
6 7
4 7
20
7 4
16 5
12 8
4 14
10 15
20 17
18 19
1 6
18 20
11 16
3 8
14 5
7 2
2 13
12 15
13 3
6 10
9 11
9 17
14
10 1
11 1
1 7
4 1
14 1
8 1
1 9
5 1
1 12
1 13
3 1
1 6
2 1
29
11 24
1 4
2 10
19 18
10 7
12 13
8 10
3 2
25 28
24 1
9 20
24 28
27 1
21 1
5 10
24 26
23 12
14 4
9 13
11 22
12 16
29 3
19 13
11 17
4 7
19 15
28 6
13 4
18
2 1
7 1
1 15
1 3
8 1
1 17
1 4
14 1
1 10
16 1
11 1
6 1
1 5
13 1
9 1
12 1
1 18
11
11 1
1 7
4 1
3 1
1 8
10 1
6 1
5 1
1 9
2 1
25
3 24
23 18
11 22
21 17
7 20
8 21
16 12
20 2
9 5
9 6
5 13
24 14
15 17
4 10
7 4
8 25
19 15
2 22
13 3
19 14
12 23
25 1
6 16
18 11
28
12 21
23 4
15 7
19 26
24 25
21 22
9 7
13 27
5 23
3 8
28 20
26 2
4 18
19 18
28 17
13 17
25 11
15 3
2 24
11 9
10 14
14 27
1 12
16 10
6 20
6 22
5 16
20
13 1
11 1
4 1
1 20
16 1
1 12
1 17
7 1
1 14
6 1
2 1
1 9
1 8
1 3
18 1
19 1
5 1
15 1
1 10
14
9 2
1 8
3 1
6 14
14 5
1 12
2 12
4 11
14 13
6 12
6 10
10 11
7 6
21
3 18
9 6
2 13
19 21
16 19
8 17
13 4
9 16
1 18
17 10
20 11
7 15
2 20
5 14
8 11
6 3
7 14
12 15
10 5
21 12
27
12 4
14 6
19 11
8 16
7 18
5 23
6 16
10 4
25 12
10 24
15 11
10 1
17 7
4 11
22 9
21 26
23 24
8 7
9 8
9 13
12 27
6 3
24 21
21 2
20 23
16 1
28
1 19
17 1
1 5
1 4
9 1
23 1
1 24
20 1
25 1
1 16
27 1
14 1
1 10
3 1
6 1
22 1
2 1
7 1
1 12
15 1
1 26
1 21
1 8
11 1
18 1
28 1
13 1
21
1 9
14 1
2 1
10 1
1 4
1 11
13 1
12 1
7 1
8 1
1 19
1 5
6 1
20 1
15 1
1 3
16 1
17 1
1 21
1 18
16
16 11
13 1
8 4
15 3
6 9
7 5
5 14
3 10
4 12
12 2
8 9
13 2
14 10
15 6
7 16
27
18 21
15 1
16 24
8 15
19 27
19 14
4 17
17 5
22 25
21 19
22 26
5 14
7 2
23 7
17 13
1 14
15 22
9 11
11 3
16 8
7 8
6 21
20 16
11 5
12 27
10 27
18
9 4
14 6
10 13
10 17
3 2
5 8
11 17
4 12
15 16
12 16
18 6
7 1
7 15
13 2
9 11
8 3
18 5
14
6 9
6 2
14 12
8 14
9 3
10 5
1 14
6 13
13 4
14 9
1 10
11 13
5 7
18
2 4
13 9
17 4
15 5
8 1
16 18
14 3
6 10
2 14
18 11
6 11
8 13
3 5
10 7
17 12
7 12
16 9
12
1 4
1 12
1 2
7 1
6 1
1 11
1 3
8 1
9 1
5 1
10 1
11
4 10
9 3
4 6
5 7
11 5
11 9
1 8
8 2
3 2
7 6
18
6 14
15 1
18 13
13 15
12 10
3 5
5 9
12 15
14 3
7 2
13 17
2 3
16 12
6 4
2 11
6 8
1 14
11
5 9
11 3
6 10
2 6
3 7
5 1
2 4
11 8
7 9
8 4
23
1 7
18 20
5 22
20 19
18 8
21 13
9 18
2 21
17 2
14 11
12 21
6 17
2 7
17 15
7 3
22 10
4 19
11 3
22 3
23 19
1 20
11 16
27
1 19
17 1
13 1
4 1
1 15
1 12
11 1
5 1
1 21
9 1
6 1
1 10
1 20
22 1
24 1
1 2
8 1
7 1
1 16
14 1
1 26
1 3
25 1
1 18
1 27
1 23
11
2 7
11 1
4 11
5 2
5 9
8 3
7 3
9 10
4 10
8 6
17
12 17
10 11
3 10
4 11
15 9
16 8
16 13
14 13
4 7
14 17
6 2
12 3
5 1
8 5
9 6
2 7
17
9 17
3 2
8 12
8 5
1 10
7 9
5 14
3 11
3 15
14 4
3 16
3 9
1 6
9 5
3 1
13 15
28
14 17
27 8
7 20
9 11
11 5
21 22
15 16
4 3
18 23
2 7
23 1
13 10
21 5
28 10
26 9
12 24
6 19
26 25
15 18
14 24
17 22
6 8
28 27
4 16
12 2
20 3
25 19
23
1 10
1 3
13 1
23 1
4 1
1 2
1 22
16 1
8 1
1 18
1 21
17 1
19 1
11 1
1 7
12 1
20 1
1 9
5 1
1 6
1 15
14 1
16
10 7
5 7
9 8
3 7
2 15
1 11
1 7
7 16
13 8
15 14
1 12
8 15
7 9
15 6
9 4
26
20 4
12 18
11 21
10 5
1 25
1 11
10 23
22 26
6 9
1 6
5 19
17 1
3 23
5 25
15 21
22 13
16 14
14 2
5 26
4 11
17 24
1 7
4 8
6 18
24 2
29
1 17
15 1
7 1
25 1
26 1
9 1
1 13
23 1
11 1
1 18
1 24
14 1
2 1
1 29
16 1
19 1
1 3
1 22
1 27
1 6
12 1
20 1
28 1
8 1
1 21
10 1
5 1
4 1
11
8 1
6 1
1 2
11 1
1 10
3 1
1 5
1 4
7 1
9 1
22
19 3
15 18
4 18
1 15
13 10
17 16
2 3
8 4
11 9
5 11
13 20
14 2
7 3
14 22
14 12
16 21
11 18
6 4
15 20
1 2
16 20
24
17 13
24 9
21 4
17 12
13 22
16 20
11 22
18 20
4 3
7 12
23 2
16 10
14 5
3 15
23 5
1 6
24 8
8 15
21 6
9 14
7 19
2 19
11 10
10
4 2
8 10
6 9
7 1
10 4
8 3
7 9
1 10
1 5
27
4 21
4 11
2 6
5 12
15 23
13 18
8 11
19 16
3 24
27 9
7 21
26 16
14 25
3 15
12 10
17 13
22 20
9 24
19 14
5 2
18 10
1 17
8 26
25 6
27 20
7 22
25
4 17
2 3
8 7
13 10
11 24
16 12
12 6
21 2
1 11
19 14
25 2
1 4
4 12
10 25
16 7
4 14
22 13
7 23
6 18
20 14
9 1
15 7
5 10
5 1
27
1 7
4 1
3 1
1 21
1 8
1 24
25 1
1 9
27 1
5 1
11 1
6 1
26 1
1 15
12 1
23 1
18 1
17 1
1 10
16 1
1 14
1 19
1 20
13 1
1 2
1 22
12
11 1
1 10
1 12
9 1
4 1
5 1
3 1
2 1
6 1
8 1
7 1
14
2 5
14 3
10 12
11 10
14 6
11 7
11 4
14 8
8 2
13 2
9 12
10 1
8 1
27
10 1
8 1
19 1
1 24
1 21
17 1
11 1
1 27
1 9
1 16
1 5
1 23
1 6
1 12
2 1
4 1
1 7
18 1
1 26
13 1
15 1
20 1
1 22
25 1
1 3
1 14
16
12 2
4 1
14 7
11 13
6 2
13 6
11 4
9 3
5 7
5 3
8 15
15 16
9 10
16 14
8 12
26
11 23
22 24
7 19
16 6
10 7
14 7
16 3
2 5
1 22
25 23
8 26
17 23
6 7
26 18
9 15
11 20
22 23
12 7
26 2
13 18
2 9
8 4
1 8
21 4
6 26
24
6 18
1 7
9 14
20 23
12 5
1 8
20 21
19 20
11 16
11 15
11 21
3 24
9 8
22 13
6 10
2 6
4 9
10 7
10 13
24 5
8 5
7 21
17 13
20
10 15
1 11
11 18
6 5
17 4
16 3
8 10
20 18
1 8
15 9
4 11
2 14
13 4
7 3
19 18
6 14
15 12
8 6
10 3
27
1 26
1 16
1 4
1 7
10 1
1 11
21 1
6 1
1 20
13 1
1 9
12 1
27 1
1 8
19 1
1 24
23 1
1 22
3 1
1 18
1 2
14 1
1 25
1 5
1 17
15 1
16
4 3
13 9
14 11
7 15
4 12
14 10
1 6
5 7
16 9
1 12
13 12
4 8
7 6
2 13
14 6
25
11 9
16 12
24 2
16 4
25 15
6 18
17 23
9 19
21 18
17 1
25 14
9 24
2 5
3 15
2 7
16 22
23 8
18 23
12 25
15 13
12 1
17 24
8 20
8 10
10
2 5
6 1
8 6
7 10
7 2
7 4
7 1
5 9
7 3
24
24 12
5 9
7 14
18 20
18 1
12 20
16 8
11 2
4 17
16 3
7 23
23 22
13 6
19 17
13 21
10 5
15 3
15 10
2 14
22 19
9 21
11 24
6 4
25
22 8
15 9
14 13
4 2
11 4
19 22
24 18
17 11
8 23
22 5
24 20
25 1
4 16
12 7
12 10
12 25
21 13
21 23
11 25
8 24
13 6
15 21
3 15
1 23
14
11 1
13 14
14 8
5 4
2 14
7 12
4 6
1 2
4 2
13 12
5 10
3 1
14 9
16
7 13
6 10
16 6
2 1
16 12
7 4
3 5
8 15
14 4
13 8
11 5
2 11
12 9
14 3
15 10
27
11 18
17 25
15 23
22 12
6 19
17 5
22 1
26 1
26 3
27 6
10 22
3 14
7 14
25 18
4 21
1 16
1 24
23 3
14 20
11 13
25 9
8 24
24 19
7 18
14 2
21 7
25
2 10
20 4
19 1
7 19
19 21
11 4
8 12
6 23
5 25
11 10
24 11
18 9
6 22
11 8
15 3
4 1
19 22
13 17
16 6
25 14
9 1
1 25
9 13
14 3
20
11 18
16 19
14 6
5 13
10 15
12 1
7 4
10 13
12 19
7 15
5 2
5 20
15 8
12 14
9 18
19 17
3 14
1 10
18 13
20
5 18
4 16
14 9
2 12
13 5
8 6
7 3
18 1
20 10
11 15
8 11
6 14
9 10
12 17
19 3
16 20
17 4
2 7
19 13
15
14 12
2 11
15 4
5 7
1 7
10 3
12 3
13 9
14 8
13 11
6 10
5 2
8 15
4 9
21
14 19
8 17
14 4
17 18
3 11
9 18
5 10
7 8
17 1
11 21
2 3
4 20
11 12
18 6
10 3
2 1
8 15
14 16
4 2
10 13
15
9 15
10 9
8 11
4 12
6 10
14 13
12 2
14 7
13 5
6 3
5 15
3 2
1 8
11 4
16
11 12
8 2
7 4
14 12
8 3
5 1
3 16
15 9
7 5
7 13
12 2
15 6
1 2
8 10
15 5
21
1 19
1 18
1 3
1 16
11 1
1 14
1 9
13 1
6 1
20 1
1 8
21 1
1 5
7 1
1 10
2 1
15 1
12 1
1 17
4 1
12
1 11
8 11
12 10
10 11
8 2
6 10
7 8
9 5
5 3
9 1
4 9
14
14 7
2 4
2 14
7 5
13 1
11 9
8 14
11 2
13 11
12 7
10 1
3 14
1 6
28
1 7
18 1
4 1
6 1
1 15
1 13
1 14
1 11
1 12
22 1
1 26
27 1
1 2
3 1
9 1
1 23
24 1
17 1
1 28
5 1
1 25
10 1
1 8
19 1
16 1
1 21
1 20
13
6 9
12 8
8 3
4 2
10 12
13 11
5 3
10 1
7 2
13 5
11 7
4 9
27
21 16
24 3
1 8
14 26
6 7
20 8
13 15
3 22
24 4
7 27
1 16
16 10
19 26
8 2
16 12
13 9
17 26
6 18
12 22
9 27
1 9
25 8
21 5
12 23
16 26
11 27
26
20 12
19 16
20 14
2 19
5 8
5 3
17 22
6 23
4 24
1 12
10 24
23 13
19 6
5 21
11 14
7 23
21 12
25 16
9 2
15 16
6 1
21 24
20 17
18 17
14 26
15
2 9
15 14
14 5
4 9
3 6
2 8
3 7
5 12
7 13
15 6
12 11
1 10
4 11
13 10
14
14 2
3 8
11 2
12 6
10 4
4 9
10 12
3 7
5 7
13 6
9 14
5 13
11 1
10
8 1
2 5
4 8
6 3
9 10
5 6
7 2
7 10
9 4
16
12 2
15 5
10 7
4 6
16 15
14 10
9 6
3 6
11 12
12 8
2 15
1 9
1 2
13 7
10 9
27
25 12
16 4
2 11
15 27
12 16
17 5
1 4
3 5
17 10
21 26
6 18
24 13
14 24
22 19
10 19
21 9
27 2
20 23
20 8
18 15
14 23
9 7
7 6
22 25
13 3
26 8
14
8 1
3 7
3 1
5 11
6 14
11 13
12 1
14 3
13 3
8 4
9 11
2 8
10 3
14
6 7
3 12
11 10
1 9
13 11
1 12
9 6
5 3
11 9
12 2
4 2
2 14
3 8
11
5 11
8 10
4 6
7 1
2 11
5 10
9 4
8 6
3 7
3 2
27
18 8
22 3
19 11
15 22
1 5
13 9
2 18
27 10
23 14
6 16
20 26
16 27
3 23
8 4
17 14
20 5
13 26
12 4
17 2
11 9
12 6
25 21
15 19
21 7
25 10
24 7
11
4 11
10 8
8 1
11 6
8 3
2 7
5 2
1 6
11 9
2 6
24
23 6
5 9
17 19
1 15
24 4
24 7
19 12
13 22
16 12
17 2
20 22
23 21
8 13
11 15
5 14
8 16
9 7
10 4
20 18
6 14
11 3
2 21
10 3
12
12 3
11 1
8 6
5 3
4 2
7 5
10 4
12 10
7 8
9 2
6 11
16
7 1
1 3
1 10
6 1
8 1
1 13
1 12
14 1
1 11
5 1
1 9
2 1
1 4
15 1
16 1
23
16 1
17 1
1 10
3 1
1 19
4 1
1 20
1 13
1 12
18 1
15 1
2 1
21 1
1 6
1 5
1 7
11 1
14 1
1 23
1 8
22 1
1 9
15
4 5
8 13
14 7
12 11
5 13
10 2
10 9
4 15
12 6
9 6
2 1
8 3
15 11
7 3
11
1 3
11 1
6 1
1 9
1 4
1 10
2 1
1 8
1 7
5 1
14
6 13
3 12
9 5
9 10
12 1
6 14
8 1
11 2
12 9
4 12
6 4
2 7
1 2
16
5 13
12 7
11 5
14 16
15 9
6 3
2 13
3 10
9 8
7 8
12 16
4 10
6 2
14 4
15 1
11
7 9
7 6
2 10
3 6
5 7
6 1
3 8
4 3
1 2
2 11
14
1 2
14 10
4 3
3 7
2 7
4 12
11 5
5 8
14 8
6 9
13 12
6 13
10 9
15
4 11
1 3
13 9
4 9
1 15
9 5
9 10
7 6
3 12
6 2
14 8
6 1
14 1
1 9
28
25 5
27 11
19 24
4 12
9 8
15 16
27 16
3 14
14 10
1 2
23 10
11 18
17 6
12 13
22 5
21 19
3 28
2 23
26 20
13 26
9 28
8 6
18 20
24 7
21 17
22 7
15 25
19
12 1
13 1
8 1
19 1
7 1
5 1
9 1
2 1
1 6
1 10
18 1
4 1
11 1
14 1
17 1
1 16
3 1
15 1
19
12 1
19 1
18 1
1 7
8 1
17 1
1 2
1 3
10 1
5 1
9 1
1 16
1 13
6 1
1 11
15 1
14 1
1 4
21
2 16
20 16
3 14
12 16
20 6
13 11
18 5
17 11
11 9
7 2
21 9
18 10
21 8
4 19
14 1
18 15
16 4
1 5
9 1
16 14
10
7 1
3 4
7 2
8 3
5 9
6 7
3 10
1 8
8 5
28
9 17
21 7
21 26
9 24
2 22
28 21
19 2
15 13
1 6
12 28
27 11
20 25
15 4
1 12
8 17
5 18
14 11
19 6
10 15
5 23
13 5
13 12
6 9
11 28
19 25
2 3
25 16
19
1 4
17 18
7 3
15 12
4 5
1 7
9 1
8 10
12 6
12 19
17 4
4 14
4 13
8 16
16 19
19 1
2 12
19 11
18
17 14
9 8
16 3
17 6
13 11
5 12
11 5
4 6
18 3
12 10
15 13
16 1
2 7
10 7
8 2
18 9
15 14
25
1 17
1 25
7 1
1 6
1 2
1 10
8 1
22 1
1 14
11 1
1 12
16 1
1 15
23 1
1 13
1 24
1 21
1 5
1 20
3 1
9 1
18 1
19 1
1 4
23
21 17
4 9
12 9
19 16
10 16
17 11
20 5
2 20
14 13
7 2
23 6
21 22
8 7
6 15
18 5
11 19
3 13
8 23
4 14
18 3
1 22
12 10
15
7 5
12 15
3 1
2 13
14 15
14 8
10 13
5 11
6 3
6 8
9 11
12 4
2 7
4 10
27
1 12
19 24
20 21
13 2
2 1
5 26
2 21
5 1
11 15
21 11
6 2
6 22
16 7
11 10
16 17
8 17
9 19
9 1
4 26
27 9
2 25
14 5
16 3
1 18
1 17
19 23
10
7 1
4 8
7 6
3 1
2 6
8 6
7 10
6 9
7 5
18
6 13
9 5
12 11
4 8
7 16
12 2
14 5
11 15
10 2
13 12
3 15
4 11
12 18
5 8
4 1
17 4
12 16
17
13 14
16 2
5 4
1 8
9 14
6 14
1 2
1 12
10 15
5 17
12 11
1 14
5 3
2 15
12 4
12 7
27
11 10
27 17
15 21
15 19
25 20
27 23
6 1
7 26
5 18
27 1
1 7
16 22
2 16
5 7
17 15
5 4
20 10
13 26
14 9
16 23
24 7
1 8
12 24
16 20
14 7
17 3
14
4 3
8 9
6 1
13 3
14 11
2 5
3 1
1 11
1 2
4 10
1 9
7 1
12 7
21
4 13
5 12
5 20
15 17
15 14
3 21
18 3
4 17
16 11
12 7
2 6
2 4
18 1
15 1
5 19
18 12
8 1
1 10
3 16
9 11
19
5 7
1 4
14 13
7 16
8 12
6 5
3 17
9 12
3 2
16 1
3 4
16 15
7 13
19 5
10 13
18 15
11 15
4 12
26
8 1
1 19
1 23
1 20
1 21
1 5
1 15
1 3
10 1
17 1
1 25
9 1
16 1
1 4
11 1
12 1
1 22
18 1
13 1
1 2
1 14
1 24
1 7
1 26
1 6
20
17 18
10 11
2 8
15 12
16 20
7 3
5 20
13 20
9 14
12 17
19 14
13 14
12 6
10 17
3 18
1 18
3 2
10 4
13 1
12
11 7
8 12
4 7
10 1
3 6
6 9
7 10
8 5
3 1
3 2
8 10
29
18 24
5 1
22 12
21 7
9 6
10 25
27 5
25 23
16 27
25 2
20 6
1 17
13 19
5 19
5 15
7 4
5 4
20 1
2 28
1 2
11 6
19 14
12 25
8 11
29 6
24 16
8 3
24 26
13
9 5
7 6
2 10
3 1
2 1
1 8
11 9
13 2
4 9
7 2
12 2
9 7
20
17 15
4 2
1 7
14 4
18 3
9 14
14 5
16 10
11 6
11 17
20 2
7 16
6 4
1 6
8 11
13 16
18 7
12 18
2 19
17
11 4
2 9
13 1
10 8
15 3
12 6
14 9
15 5
8 11
17 16
10 6
4 7
12 14
13 3
2 17
5 16
16
12 2
8 9
13 12
8 3
1 6
5 6
6 12
16 9
7 11
14 7
10 5
16 1
4 5
16 7
15 9
12
4 11
12 5
6 7
7 1
2 4
9 4
3 10
9 10
12 7
9 1
10 8
16
2 9
1 2
10 8
6 1
5 14
11 16
1 7
14 1
2 8
13 8
3 12
12 1
11 15
3 4
12 15
16
14 1
7 13
1 6
16 4
1 9
8 14
1 15
16 10
13 1
3 14
3 5
1 12
16 11
13 2
10 1
18
18 6
4 12
16 9
1 17
5 4
18 2
8 1
1 3
15 4
18 11
9 15
17 14
1 4
18 15
13 17
13 7
3 10
23
20 7
2 11
9 10
19 12
5 7
1 8
9 1
5 17
5 1
19 17
22 1
13 1
7 14
3 21
1 4
16 6
8 6
11 23
13 15
21 2
18 14
5 3
29
6 13
12 21
25 18
27 6
3 16
4 2
25 20
10 19
17 6
19 24
11 18
25 7
5 9
1 15
2 28
3 26
12 16
1 23
22 3
15 16
23 18
13 5
2 10
23 10
29 5
15 13
8 19
12 14
26
5 1
18 2
1 17
1 13
17 23
2 4
21 8
9 25
25 16
26 13
13 9
3 1
17 24
15 13
20 22
12 8
22 1
7 19
7 10
1 11
24 14
19 8
6 4
4 19
8 1
17
12 2
4 9
10 16
7 12
16 3
6 5
13 10
4 14
6 17
8 1
7 3
13 9
17 15
2 8
5 14
11 15
17
7 1
12 1
6 1
1 15
11 1
10 1
1 14
1 8
5 1
1 9
1 13
1 3
2 1
1 4
17 1
1 16
26
18 14
10 17
6 1
25 3
4 19
25 6
1 10
1 22
22 23
24 6
7 23
1 12
13 6
15 5
14 23
1 11
26 12
20 1
7 16
4 25
5 1
8 23
11 9
26 21
16 2
20
14 19
13 7
4 6
7 6
2 17
8 9
19 2
11 3
12 20
12 16
10 13
5 20
11 10
9 16
8 4
15 17
14 3
1 5
15 18
17
6 12
4 1
1 10
5 16
1 17
1 6
3 1
13 1
2 11
1 11
13 7
14 15
5 17
14 2
4 8
9 11
12
8 1
9 3
8 11
9 12
7 5
4 9
8 10
5 6
3 5
10 2
3 1
17
5 1
7 6
3 11
16 1
1 17
14 5
6 15
12 10
4 7
13 11
15 1
2 5
12 1
1 11
17 8
3 9
24
17 1
1 12
1 5
2 1
1 7
1 21
4 1
24 1
11 1
1 22
1 18
1 16
9 1
1 10
1 13
1 8
1 20
1 23
1 19
15 1
1 6
1 3
1 14
10
7 8
8 3
6 1
3 6
7 5
10 9
5 2
10 4
4 2
26
4 19
23 2
11 23
26 9
25 4
9 3
10 20
12 8
8 25
15 8
1 24
26 22
14 1
18 20
7 16
14 26
24 25
5 20
6 4
22 17
16 14
23 18
18 24
9 21
16 13
19
6 13
2 16
13 8
14 17
7 3
4 2
9 11
5 9
4 19
12 16
15 12
17 10
18 6
8 10
1 19
11 14
15 7
3 5
18
1 15
6 13
12 10
11 10
7 4
9 7
15 8
6 2
5 2
17 14
8 18
16 3
3 13
18 9
12 17
4 5
16 14
28
2 20
22 16
11 27
13 4
6 20
26 12
26 9
2 10
24 1
13 26
7 23
7 28
5 20
12 18
7 1
22 25
7 19
27 12
13 3
20 19
17 19
2 8
25 12
15 27
14 7
21 1
21 13
15
15 8
10 1
12 9
9 13
5 3
5 1
6 2
14 11
11 8
12 2
5 8
7 9
5 4
9 1
22
21 16
1 12
18 1
11 13
3 8
18 22
13 19
6 3
22 10
19 12
21 4
9 13
2 8
22 15
17 7
5 6
19 17
14 8
3 12
18 21
20 6
17
5 13
14 17
15 11
14 6
6 13
3 8
9 4
1 10
17 10
4 2
7 11
5 15
16 12
3 2
8 12
7 16
20
7 2
9 15
3 5
19 1
19 8
8 16
5 7
11 13
14 7
4 8
5 13
17 13
6 4
10 18
8 5
18 8
15 20
12 9
9 8
29
9 20
10 7
28 6
10 8
23 10
21 1
18 3
9 4
10 1
12 13
6 1
1 18
14 1
29 21
23 17
27 24
8 15
9 5
11 10
16 19
2 28
22 16
18 20
6 13
6 16
27 13
26 18
10 25
18
15 17
14 5
3 9
15 2
5 1
7 6
11 7
5 15
10 1
13 15
9 4
8 16
5 16
13 18
1 9
5 6
12 3
29
22 10
1 20
23 20
4 10
11 28
29 8
15 18
1 22
10 16
26 13
14 23
2 6
3 2
1 8
9 24
19 20
18 23
22 7
1 21
3 24
12 17
22 27
5 11
12 2
16 25
6 1
26 16
28 27
27
7 25
4 10
6 23
27 21
2 23
13 16
26 5
16 18
5 12
25 3
4 9
6 12
26 10
8 11
22 15
7 15
21 2
9 22
24 1
17 13
27 24
11 3
14 17
20 8
19 18
19 20
21
10 18
13 20
17 8
16 15
21 17
2 1
5 11
16 21
7 9
20 2
6 21
9 19
15 18
4 18
3 17
9 15
20 12
11 2
16 1
11 14
18
2 7
7 8
17 12
9 8
17 15
3 6
13 18
4 15
1 5
11 10
4 11
14 16
13 10
16 5
12 14
9 18
3 2
18
1 4
14 1
1 11
1 12
7 1
15 1
1 8
1 9
2 1
17 1
5 1
1 10
16 1
1 3
1 6
18 1
13 1
20
1 5
1 19
1 10
4 1
11 1
13 1
1 6
1 17
9 1
12 1
1 7
1 14
1 16
20 1
1 8
1 18
1 15
2 1
1 3
18
1 17
16 1
1 12
1 8
1 13
1 10
1 3
6 1
4 1
9 1
7 1
1 15
1 2
11 1
1 5
18 1
14 1
28
22 17
4 13
16 14
19 6
27 7
25 5
1 8
15 9
14 12
28 18
22 23
28 24
10 11
20 3
13 11
9 7
15 20
26 3
6 21
17 27
23 21
4 24
12 2
2 10
18 26
8 16
25 19
26
24 3
25 11
12 17
21 16
7 26
19 17
4 26
12 7
16 20
15 24
21 4
13 8
2 10
10 9
22 5
22 19
5 9
1 18
20 25
6 15
2 14
6 23
14 13
23 11
3 18
13
3 9
9 12
5 12
13 8
4 12
8 6
10 3
7 3
2 8
6 1
6 11
1 9
17
9 14
11 7
6 17
17 10
12 11
12 5
7 15
4 13
17 9
3 9
17 1
16 9
1 11
7 4
2 11
8 17
15
9 5
1 13
4 14
7 5
11 10
8 6
10 8
3 2
2 9
12 15
13 3
12 4
15 11
7 6
23
21 1
1 11
1 14
6 1
1 8
1 17
5 1
9 1
1 16
15 1
10 1
1 19
2 1
1 3
13 1
18 1
1 7
20 1
1 12
22 1
4 1
1 23
10
6 8
4 9
5 1
4 6
1 3
9 2
7 4
5 9
1 10
29
25 1
1 6
13 1
1 4
17 1
14 1
28 1
9 1
1 11
1 29
1 27
1 21
26 1
1 3
18 1
22 1
1 8
16 1
1 12
1 20
5 1
24 1
7 1
15 1
1 10
1 19
23 1
1 2
17
1 16
1 9
1 7
15 1
11 1
1 14
1 2
1 12
8 1
1 5
1 6
17 1
13 1
1 10
4 1
1 3
27
1 17
13 1
3 1
1 14
1 20
24 1
1 25
1 5
15 1
1 21
11 1
10 1
1 23
1 2
4 1
12 1
1 26
7 1
6 1
1 8
1 22
1 9
1 19
1 16
27 1
18 1
12
1 8
1 9
1 3
2 1
1 4
6 1
1 10
1 5
1 7
11 1
1 12
15
14 1
1 12
8 11
1 9
9 7
15 8
7 5
8 7
1 3
11 2
7 4
10 15
9 6
9 13
20
18 1
1 16
10 1
1 13
1 7
1 6
20 1
1 9
1 3
2 1
1 11
15 1
1 12
1 19
1 5
14 1
8 1
4 1
1 17
22
6 13
11 7
10 4
2 18
1 22
19 14
11 10
4 3
21 20
12 16
3 20
14 5
18 16
5 17
15 13
8 19
9 17
9 21
15 8
7 22
6 2
11
1 10
1 9
1 5
11 1
1 4
1 2
3 1
6 1
7 1
1 8
11
10 3
5 4
4 7
6 4
6 11
9 6
3 6
8 9
1 6
4 2
12
3 1
1 10
1 12
11 1
1 5
1 9
1 2
1 8
1 7
6 1
4 1
19
16 8
9 5
10 3
11 2
19 17
14 8
3 15
4 13
19 5
6 10
17 13
18 15
1 12
9 7
16 11
2 12
7 6
18 14
16
4 15
11 12
16 7
10 12
15 13
5 15
9 10
6 5
4 10
2 9
14 12
10 1
1 7
10 8
3 15
13
5 1
6 1
1 8
1 2
11 1
10 1
1 13
7 1
12 1
1 3
9 1
1 4
14
1 14
2 1
4 1
1 8
1 7
11 1
12 1
1 3
1 5
10 1
1 9
1 6
13 1
25
17 2
4 17
4 11
25 12
9 20
14 19
22 25
18 1
3 1
21 6
13 17
22 16
24 25
15 1
5 24
4 1
10 8
7 11
12 1
8 20
8 23
15 6
14 20
8 18
17
2 14
1 13
17 13
3 4
11 6
1 14
2 4
5 9
16 5
17 8
14 6
2 10
4 12
7 6
13 5
15 17
10
1 2
6 2
6 3
1 8
8 4
9 10
10 8
5 7
7 8
20
1 19
9 17
6 16
5 11
13 10
20 15
9 19
11 16
1 15
2 8
6 18
12 20
3 10
6 4
10 15
8 9
16 19
20 14
11 7
17
7 4
15 8
3 8
7 14
8 2
14 1
13 6
7 16
11 5
2 12
11 14
17 13
1 15
13 15
11 10
9 2
16
15 11
2 7
11 5
6 15
9 13
4 9
1 16
3 2
16 13
8 7
10 4
3 6
5 14
8 10
12 14
25
18 1
9 1
1 6
1 4
5 1
17 1
1 20
1 15
8 1
10 1
19 1
11 1
12 1
1 21
1 3
23 1
25 1
1 2
1 13
16 1
22 1
24 1
7 1
14 1
22
8 12
2 4
6 22
20 9
7 21
4 5
19 13
8 7
10 2
8 20
1 22
21 15
1 7
1 13
1 3
4 8
14 2
2 17
16 18
1 18
11 20
17
15 11
14 12
9 11
13 6
10 5
8 10
1 9
7 12
3 13
15 4
14 3
8 16
4 2
17 16
17 7
2 5
18
5 12
12 1
16 1
10 16
14 17
9 11
4 7
5 4
1 6
17 1
11 8
4 18
2 8
1 3
15 5
9 16
13 9
26
11 1
1 23
1 12
3 1
1 5
1 8
10 1
7 1
6 1
17 1
1 2
1 13
15 1
1 24
16 1
1 14
9 1
21 1
1 22
1 25
1 19
20 1
4 1
26 1
1 18
22
2 22
4 5
16 12
13 19
12 20
7 1
17 3
1 22
7 13
11 8
15 9
9 20
3 14
10 5
21 9
13 18
2 8
8 6
20 22
2 3
7 5
20
17 1
1 10
3 1
4 1
12 1
13 1
1 7
1 20
1 14
8 1
16 1
1 2
15 1
1 6
19 1
1 18
9 1
1 11
1 5
19
2 5
7 10
11 15
11 14
15 16
12 14
15 8
1 11
12 19
12 9
17 18
5 14
13 17
10 1
4 7
5 3
6 7
10 17
16
8 3
10 4
15 6
7 1
12 13
6 13
16 15
11 5
10 7
5 14
9 2
14 16
4 12
2 3
11 9
25
24 7
22 6
15 14
2 15
18 7
12 15
19 5
10 11
9 11
6 1
11 15
16 15
6 4
17 23
3 14
12 7
15 5
20 7
13 1
1 11
12 21
5 25
17 14
8 6
20
9 16
15 18
14 13
4 8
20 19
12 16
7 2
17 2
7 11
3 6
17 10
19 6
1 8
20 5
12 11
10 5
13 4
14 9
3 18
15
11 14
2 1
2 6
14 1
15 8
8 13
1 9
7 4
1 12
1 5
10 12
11 8
9 7
10 3
27
16 26
2 20
24 18
21 16
26 3
15 3
22 8
4 22
9 15
7 13
1 14
10 14
23 2
24 15
7 19
25 11
25 17
5 9
14 22
10 2
1 3
16 27
10 7
12 24
25 26
9 6
23
14 7
1 3
16 15
5 4
2 12
12 1
22 21
8 20
13 16
22 16
5 12
9 7
7 11
2 19
2 10
17 21
9 20
3 9
22 3
21 23
18 20
6 5
24
11 4
8 7
20 14
20 12
10 2
3 6
23 15
12 9
11 18
23 22
16 13
7 4
14 21
19 1
2 22
5 21
5 17
18 13
8 9
17 6
15 3
24 10
19 24
27
14 22
11 8
7 25
17 20
8 9
13 20
15 19
3 13
23 16
15 7
12 11
10 22
5 4
26 14
6 27
5 16
18 21
6 26
24 1
21 4
18 19
3 27
24 17
9 23
10 25
12 2
13
13 8
8 6
11 13
7 6
4 1
8 1
12 9
10 9
6 5
9 4
4 2
3 13
14
1 5
9 10
3 4
5 13
5 4
11 2
13 14
2 1
2 10
6 10
12 13
11 8
11 7
20
16 6
18 17
16 7
12 4
3 11
17 6
2 12
9 13
14 5
4 8
10 11
20 8
19 10
9 2
14 15
5 18
20 19
1 3
15 13
18
10 4
18 7
16 14
8 10
3 5
9 15
1 6
3 14
2 1
18 9
12 18
9 8
5 18
11 3
15 13
2 3
3 17
10
1 10
7 6
2 4
8 9
3 6
10 8
3 5
5 9
4 7
22
14 1
1 18
1 5
17 1
1 11
1 13
1 7
15 1
16 1
12 1
22 1
1 6
1 4
1 2
1 8
20 1
1 9
3 1
1 10
1 19
1 21
10
5 10
8 3
5 7
8 9
4 7
2 4
2 6
3 10
1 9
12
8 11
7 2
6 9
10 5
5 4
7 3
10 9
3 4
12 2
11 1
6 8
21
1 4
6 1
1 5
9 1
8 1
13 1
1 3
15 1
7 1
1 2
1 21
11 1
1 17
1 16
20 1
14 1
1 12
19 1
1 18
1 10
25
3 5
22 18
5 11
13 10
3 7
8 24
25 24
17 6
21 18
9 20
14 16
2 9
6 12
19 23
17 1
15 8
7 22
4 10
21 15
12 16
25 19
20 14
13 23
4 2
11
8 4
2 4
5 2
7 3
1 3
3 6
2 1
5 10
9 4
11 5
28
15 10
24 17
22 21
21 18
11 20
23 2
19 25
13 16
1 18
5 27
4 15
8 28
28 26
23 9
20 26
6 5
12 10
22 9
12 7
2 11
14 24
3 27
19 3
4 25
16 7
17 13
14 8
12
9 1
1 10
5 1
8 1
1 3
1 2
1 4
7 1
1 11
12 1
1 6
11
1 8
11 1
1 9
1 4
3 1
1 6
10 1
5 1
1 7
2 1
21
12 1
9 12
6 17
5 11
18 5
6 13
14 8
1 13
3 5
17 10
12 4
2 17
14 16
9 21
14 6
13 18
4 19
7 18
4 15
9 20
28
6 15
6 22
1 3
12 14
16 14
19 28
16 9
11 13
8 7
25 10
18 2
21 28
10 5
18 24
3 11
3 6
23 7
4 15
28 11
13 17
10 9
26 13
16 1
9 7
27 12
20 12
18 14
19
4 14
8 2
7 3
15 17
17 11
16 14
2 12
13 17
9 10
10 12
8 18
19 8
3 5
6 10
1 12
14 11
3 2
1 11
26
1 22
25 1
1 3
21 1
1 13
11 1
9 1
5 1
7 1
18 1
15 1
1 16
1 14
23 1
12 1
24 1
26 1
4 1
1 19
1 8
20 1
17 1
10 1
2 1
1 6
15
6 1
13 3
10 13
12 15
8 4
14 7
5 10
2 12
6 9
8 15
14 2
4 5
3 11
7 9
28
2 9
25 11
19 26
19 7
3 17
18 1
18 22
22 10
16 11
6 17
15 20
10 14
11 28
23 2
19 16
24 13
5 1
17 15
8 2
5 23
21 20
23 13
16 5
18 15
20 12
13 4
27 22
27
16 1
25 13
3 21
20 10
22 21
14 20
9 20
7 16
19 25
7 18
12 8
13 4
27 17
6 21
17 13
12 5
10 16
25 26
2 15
4 22
1 4
24 15
23 7
17 11
10 15
22 12
15
4 1
5 1
1 12
13 1
9 1
1 2
11 1
14 1
1 15
6 1
8 1
10 1
1 3
1 7
12
12 2
1 2
4 3
9 5
8 6
4 10
7 8
12 11
11 10
3 5
7 9
29
25 4
4 8
4 16
15 21
14 10
19 15
9 6
5 23
18 12
28 12
11 18
22 26
19 20
12 4
24 6
2 1
4 17
4 27
4 6
13 11
1 12
4 10
29 28
21 7
15 5
12 15
22 11
4 3
16
9 13
16 14
11 9
1 13
8 3
5 14
5 12
10 6
9 2
4 14
5 1
12 6
15 12
13 8
8 7
10
6 5
9 8
1 2
4 5
1 4
2 7
2 3
10 9
4 9
13
6 1
1 9
1 2
5 1
1 8
10 1
7 1
12 1
1 11
3 1
13 1
4 1
13
2 9
6 8
11 7
9 4
7 10
12 4
12 13
12 1
1 8
2 5
8 3
1 7
26
10 11
3 2
13 1
2 21
25 14
14 9
3 8
7 5
23 19
19 26
17 4
25 8
17 18
20 7
15 16
26 13
6 12
15 20
23 12
4 24
22 21
16 18
11 22
6 9
5 10
16
9 2
15 4
8 3
8 1
6 10
13 4
8 10
9 4
7 12
5 3
15 1
3 11
15 7
14 7
16 10
27
5 6
24 1
15 19
17 8
8 25
6 4
9 17
10 18
27 2
14 21
2 21
26 16
10 16
15 3
14 22
23 13
23 12
24 7
7 20
26 4
12 11
25 19
13 20
9 18
22 3
11 5
14
11 1
4 2
8 11
1 10
9 12
11 12
10 4
14 3
8 6
12 7
4 13
10 3
5 3
24
20 1
10 2
15 11
8 9
6 17
19 10
15 12
7 22
4 20
17 10
20 13
2 7
24 7
4 21
23 2
24 5
8 24
16 1
14 19
24 15
18 10
2 20
4 3
29
14 18
19 24
15 29
2 15
21 13
18 6
4 23
1 15
8 17
17 2
3 2
17 26
16 12
20 28
19 4
5 18
3 7
3 27
19 10
4 21
20 6
20 22
29 9
12 29
23 6
23 1
21 11
25 12
11
6 1
3 1
9 4
3 4
1 7
10 1
1 2
11 5
6 11
8 4
13
1 2
1 5
5 6
4 9
13 10
3 6
13 5
13 8
2 4
7 4
12 6
2 11
24
10 1
1 20
12 1
1 9
24 1
1 15
1 7
18 1
16 1
14 1
11 1
5 1
6 1
8 1
13 1
19 1
1 4
1 3
21 1
1 22
1 23
2 1
17 1
27
22 3
7 15
6 14
4 26
18 7
25 22
18 14
26 1
17 27
23 17
7 2
12 20
17 13
11 5
5 21
5 4
20 16
27 8
18 8
10 24
8 1
9 24
26 20
19 14
24 27
22 4
19
19 1
1 2
1 16
4 1
1 10
1 12
5 1
1 13
3 1
15 1
1 6
9 1
1 17
7 1
1 18
1 14
1 11
8 1
27
22 7
14 8
12 1
12 26
9 21
11 16
5 3
27 9
16 4
7 4
24 15
21 20
10 23
6 17
15 18
19 8
18 23
5 2
3 6
11 19
27 17
26 22
25 13
14 20
10 25
2 13
22
4 1
19 1
1 21
1 2
22 1
3 1
5 1
8 1
1 15
14 1
18 1
20 1
9 1
16 1
1 6
13 1
11 1
1 10
1 17
1 12
7 1
12
1 9
1 2
1 3
8 1
1 7
4 1
1 5
11 1
10 1
1 6
12 1
22
1 20
5 1
14 1
1 13
12 1
1 15
1 16
1 2
18 1
3 1
6 1
17 1
1 9
7 1
1 19
1 11
10 1
1 22
1 4
1 8
1 21
23
1 17
2 1
1 11
1 22
13 1
3 1
1 20
6 1
1 8
1 9
4 1
1 19
1 15
7 1
5 1
1 14
1 16
1 10
18 1
21 1
12 1
1 23
19
6 1
1 9
5 1
1 13
1 12
1 14
19 1
15 1
1 8
10 1
3 1
1 2
1 4
17 1
16 1
11 1
18 1
1 7
20
12 6
14 17
5 18
11 16
17 12
7 4
3 2
11 19
6 11
12 15
1 11
20 16
10 15
8 19
7 3
13 4
19 4
9 1
6 5
13
1 11
8 7
4 12
12 2
11 12
5 13
5 3
3 7
1 3
9 7
10 11
6 5
24
23 15
23 18
19 2
17 7
19 9
10 8
12 22
16 22
13 11
21 13
21 5
14 6
3 16
17 4
18 4
7 6
12 8
15 3
9 5
2 24
10 24
11 20
20 1
18
16 9
11 2
9 11
8 18
18 15
1 4
11 3
1 5
17 15
1 12
16 13
6 5
12 18
5 14
9 1
6 7
18 10
22
16 20
4 16
19 13
19 12
6 2
11 22
14 17
22 5
3 20
2 9
3 7
10 9
15 12
17 1
15 5
6 18
11 18
10 8
8 7
21 14
21 13
11
4 10
1 9
5 2
9 5
3 9
3 8
3 11
1 10
10 6
7 5
16
10 9
2 12
5 10
6 11
15 11
14 2
14 4
8 3
6 8
6 1
10 16
7 11
13 8
16 1
2 16
18
4 1
2 1
1 3
1 7
13 1
10 1
5 1
11 1
1 8
16 1
1 12
1 17
14 1
1 6
1 9
1 15
1 18
16
1 7
9 14
9 8
8 15
6 16
1 9
1 10
14 6
2 14
1 12
1 11
11 3
4 1
8 13
12 5
15
5 11
6 12
12 8
13 6
7 4
14 4
6 9
3 15
2 3
12 1
5 7
8 10
8 7
6 3
26
8 1
5 12
17 18
23 6
18 8
22 1
18 6
13 18
17 10
24 26
7 1
7 5
16 1
9 24
9 11
21 20
19 26
14 19
2 26
26 8
4 15
8 15
25 26
5 20
3 15
15
15 8
13 1
3 12
10 1
4 1
13 12
9 13
11 13
7 1
8 6
5 10
1 6
11 2
14 13
14
10 1
1 6
2 1
11 1
1 3
1 12
1 9
7 1
8 1
5 1
1 14
1 4
1 13
21
11 2
2 21
7 16
11 9
6 5
18 17
19 12
21 14
8 14
18 20
4 7
15 1
9 15
20 3
17 13
10 16
3 10
4 8
13 6
5 12
12
10 9
4 11
5 10
2 12
4 1
2 7
12 3
6 11
3 8
6 9
7 5
29
22 3
29 9
26 23
5 16
14 28
9 17
19 17
3 24
18 6
6 5
4 28
25 2
11 10
20 21
20 1
13 19
29 8
8 2
15 11
13 12
22 4
23 12
10 26
27 15
7 14
7 21
25 16
24 18
26
1 21
9 1
15 1
1 6
1 16
1 11
8 1
17 1
3 1
1 24
1 25
1 5
10 1
18 1
4 1
2 1
20 1
19 1
1 13
22 1
14 1
12 1
7 1
1 26
23 1
16
12 7
12 11
4 7
1 9
8 14
8 3
8 7
13 6
8 10
6 7
15 12
16 7
1 7
2 4
5 1
24
7 1
1 20
3 1
9 1
15 1
1 11
1 19
1 6
24 1
13 1
1 17
23 1
1 22
8 1
1 16
21 1
1 10
4 1
12 1
2 1
1 5
18 1
14 1
15
1 12
14 5
11 3
11 1
7 12
11 6
10 8
12 10
6 5
1 9
2 8
4 12
15 3
7 13
18
1 10
9 1
1 13
3 1
1 15
1 11
1 2
5 1
8 1
17 1
7 1
12 1
1 18
4 1
1 6
1 16
14 1
12
1 11
1 10
1 3
5 1
2 1
1 12
1 9
6 1
7 1
1 4
1 8
24
7 18
6 2
16 21
16 19
23 7
18 24
5 19
13 7
11 17
12 3
19 9
1 23
6 22
20 11
9 22
10 5
14 16
15 3
23 11
9 1
4 5
8 6
22 3
25
22 1
18 1
25 1
9 1
2 1
24 1
13 1
21 1
1 11
8 1
1 16
7 1
1 14
1 3
1 6
1 4
10 1
1 15
1 20
17 1
5 1
1 19
1 12
23 1
11
8 1
4 1
1 2
10 1
1 7
1 3
11 1
9 1
1 5
1 6
22
1 11
17 8
8 9
19 6
18 5
21 18
6 7
18 22
12 16
1 8
19 20
13 15
12 10
1 6
10 2
1 14
4 7
19 18
15 10
3 1
15 11
24
21 10
10 11
5 14
15 6
22 19
6 3
20 7
14 15
9 4
9 16
20 12
1 7
23 4
14 24
18 20
9 7
1 2
21 2
2 15
21 19
17 10
19 13
6 8
29
9 1
17 1
1 20
15 1
12 1
1 6
13 1
1 8
1 16
1 5
19 1
1 2
23 1
1 7
1 26
27 1
1 4
11 1
21 1
1 3
1 25
1 22
1 29
1 18
1 10
24 1
1 28
1 14
10
3 9
2 1
9 1
3 4
7 9
2 5
2 8
10 7
6 7
21
19 15
5 21
14 18
19 4
2 5
8 21
20 1
14 20
2 9
7 11
18 3
6 16
13 10
15 9
3 11
8 10
13 12
12 16
17 7
4 17
25
15 1
9 1
1 20
17 1
1 21
4 1
1 2
22 1
1 7
8 1
1 24
13 1
3 1
10 1
18 1
1 5
12 1
1 23
1 16
1 25
14 1
19 1
1 6
1 11
23
8 1
1 12
6 1
15 1
14 1
1 7
11 1
1 21
2 1
1 16
1 22
18 1
1 13
5 1
3 1
1 9
4 1
19 1
20 1
23 1
1 17
10 1
12
1 8
3 1
10 1
1 4
11 1
9 1
1 6
2 1
1 7
1 12
1 5
11
11 1
10 1
1 8
5 1
2 1
3 1
1 4
6 1
9 1
1 7
23
18 14
5 18
16 6
3 11
5 10
8 13
4 14
3 10
7 21
19 20
4 9
1 17
17 2
11 22
12 8
16 9
23 19
13 21
7 23
22 12
15 6
2 15
22
13 12
21 4
9 8
19 14
17 11
17 21
19 18
22 1
10 9
10 7
5 20
20 6
6 2
13 3
12 8
11 16
15 4
7 2
14 22
18 15
3 16
27
6 5
26 6
3 17
14 15
21 15
12 9
4 12
22 27
2 14
16 1
3 5
19 25
11 13
21 12
1 21
19 23
7 19
16 5
6 24
22 10
3 8
15 22
13 25
16 25
14 18
13 20
20
12 2
4 3
4 17
14 15
20 15
7 6
10 17
8 1
5 2
10 15
8 7
4 18
10 16
13 1
18 11
8 9
8 5
17 1
12 19
17
17 15
15 11
16 15
2 3
7 4
9 13
9 1
4 8
5 1
14 2
3 15
8 3
2 9
10 4
12 8
3 6
22
1 22
15 13
8 17
5 14
12 20
22 3
4 19
5 18
11 7
10 13
14 8
3 21
15 9
7 6
19 2
2 21
16 6
4 9
11 12
18 20
16 10
29
16 4
9 15
26 14
28 12
18 2
28 16
7 10
5 24
5 26
6 27
9 22
3 27
11 8
21 7
29 24
14 20
11 12
21 6
17 23
29 2
4 25
8 13
20 10
1 19
19 3
18 15
22 25
23 13
27
20 6
24 18
17 6
2 22
26 21
13 12
13 7
17 27
1 6
8 27
9 19
9 16
4 13
10 24
23 12
17 9
22 14
5 24
18 12
22 20
18 1
20 21
25 21
23 3
23 15
11 27
14
1 13
2 10
3 14
1 7
11 8
6 11
5 12
10 12
7 14
9 7
6 1
4 1
4 12
18
14 17
2 12
14 6
17 3
15 7
12 9
15 10
9 5
15 11
5 18
3 13
16 12
5 4
7 17
1 7
9 1
8 14
27
14 7
13 23
9 8
22 26
25 23
10 5
3 12
27 24
15 17
5 4
13 3
26 24
18 2
4 16
15 25
17 16
9 20
19 6
18 8
22 11
21 27
20 7
14 12
10 6
11 19
1 2
19
5 11
12 10
19 1
15 5
7 11
8 4
17 19
16 5
5 6
3 1
10 18
9 17
13 1
18 14
10 13
11 1
8 2
13 8
26
24 1
11 1
1 9
22 1
1 7
23 1
6 1
15 1
1 2
26 1
8 1
12 1
19 1
18 1
25 1
10 1
1 16
14 1
1 20
13 1
17 1
1 21
3 1
1 4
5 1
22
1 18
5 1
1 14
1 6
1 2
20 1
19 1
1 9
21 1
10 1
1 8
22 1
11 1
1 12
3 1
16 1
1 15
1 7
1 4
1 17
1 13
27
26 18
16 2
10 13
2 1
11 8
5 26
15 1
17 25
16 11
16 17
9 11
21 14
4 15
20 22
13 19
7 22
10 26
7 21
4 6
22 12
13 3
2 7
21 24
15 10
27 4
17 23
17
2 4
14 3
6 3
4 12
12 8
1 17
3 7
9 15
11 14
16 8
13 9
10 4
17 14
8 5
9 17
12 1
29
26 13
14 1
24 27
28 5
18 2
8 2
22 17
12 19
26 19
29 10
15 3
1 22
22 9
1 15
3 2
22 20
26 7
15 13
8 25
28 8
3 10
4 22
13 16
21 19
2 23
27 2
9 11
6 26
19
2 17
18 2
10 6
19 8
5 17
1 8
14 7
11 17
3 9
2 6
4 18
15 3
12 17
7 19
13 3
15 16
6 1
3 1
22
1 4
12 1
1 8
1 18
1 14
1 9
1 5
1 22
15 1
16 1
1 3
1 19
1 11
10 1
1 2
1 20
1 6
1 7
1 13
17 1
21 1
19
10 18
16 17
9 14
5 8
10 1
11 16
19 3
19 11
9 6
15 4
2 7
7 17
3 14
2 4
15 12
5 13
6 18
12 13
24
8 21
13 20
19 10
23 3
12 4
3 7
5 24
4 13
6 24
7 21
17 18
4 1
12 10
21 15
20 14
13 18
18 16
3 9
1 7
12 24
10 22
11 20
8 2
17
3 16
7 5
7 10
16 4
1 11
13 14
16 13
12 17
15 16
1 2
6 7
16 12
8 14
1 12
9 15
7 3
17
11 6
3 16
7 5
17 16
4 7
17 1
14 10
6 2
9 10
12 16
13 6
2 4
15 7
1 2
17 10
4 8
27
12 9
25 19
23 19
24 4
26 7
5 21
16 11
4 6
8 17
16 3
25 10
15 13
15 22
3 18
27 24
11 23
18 1
20 14
2 27
21 26
14 10
6 9
17 5
22 20
13 8
7 12
27
11 7
13 27
17 1
20 6
5 27
4 22
4 19
19 8
11 25
11 6
18 16
9 10
23 12
2 12
10 24
24 17
21 22
18 24
3 18
1 20
14 10
22 26
27 6
20 12
19 15
4 17
22
22 1
19 1
14 1
5 1
20 1
16 1
1 3
17 1
1 6
1 18
1 11
1 7
1 2
10 1
9 1
1 12
1 15
1 8
1 13
4 1
1 21
28
5 12
14 6
7 6
12 1
19 4
27 6
17 14
9 1
13 10
8 7
23 14
19 15
18 2
20 9
16 8
24 22
19 10
11 25
28 4
9 26
2 27
15 6
3 26
6 21
12 11
1 7
1 24
13
3 1
8 13
6 13
5 4
11 3
2 3
7 13
7 9
10 1
4 6
12 1
1 13
29
23 1
4 1
2 1
9 1
1 13
1 18
1 20
1 29
10 1
1 22
8 1
1 16
14 1
1 27
21 1
5 1
1 25
26 1
6 1
1 3
7 1
19 1
15 1
17 1
1 28
11 1
12 1
24 1
28
19 17
7 10
2 6
12 14
12 11
27 9
23 25
28 9
3 18
1 6
23 1
14 23
4 21
7 13
3 15
12 20
22 5
2 7
6 18
25 9
8 4
5 25
5 24
2 17
14 4
26 17
18 16
11
10 2
4 9
7 5
1 11
2 6
10 11
5 4
8 3
9 8
7 6
15
1 8
8 9
8 7
15 10
6 7
7 11
4 15
3 13
12 3
15 13
5 9
3 14
9 2
1 13
12
10 8
7 12
2 6
11 5
5 6
4 1
2 7
9 8
3 12
4 9
3 10
13
4 2
12 10
6 7
11 5
13 5
8 2
10 9
3 10
1 3
1 6
3 5
2 6
21
20 6
8 13
2 18
11 1
10 17
4 2
19 16
10 2
1 9
11 10
9 20
8 16
9 3
11 8
21 17
7 3
14 20
16 5
15 3
17 12
24
4 18
1 13
6 3
24 16
11 16
9 11
4 10
13 3
22 2
8 22
11 7
4 8
15 23
23 3
2 19
17 23
24 12
13 16
1 8
22 21
20 6
24 5
6 14
11
1 3
8 6
6 2
11 9
6 4
2 1
3 10
2 11
7 11
3 5
19
1 11
1 10
5 1
2 1
15 1
1 18
1 3
19 1
6 1
16 1
1 17
1 7
4 1
1 14
9 1
12 1
1 13
8 1
18
7 11
16 4
6 17
5 7
12 1
17 9
6 2
12 8
1 18
7 14
15 1
3 15
4 6
4 7
15 13
1 4
18 10
19
13 3
12 9
18 14
19 7
4 5
1 16
9 15
19 11
8 17
6 11
8 10
13 17
18 15
12 4
2 10
6 16
7 14
5 3
18
14 12
12 1
5 18
10 1
15 18
14 17
16 7
13 9
11 7
6 9
8 9
7 10
12 6
6 2
2 3
18 10
4 14
17
3 6
6 5
2 16
16 7
1 2
6 14
12 10
1 12
16 4
12 14
9 8
15 9
17 10
13 10
2 9
11 14
12
4 10
1 5
7 5
7 4
11 2
8 10
6 12
9 3
3 12
11 9
8 6
19
5 9
11 18
19 10
1 15
1 11
3 5
15 10
7 4
15 17
11 7
16 7
17 12
6 18
14 12
18 13
12 8
5 17
2 10
11
11 2
4 6
1 5
10 5
1 9
1 11
1 8
7 3
1 7
1 6
21
9 17
16 17
11 4
2 4
20 1
18 3
7 4
3 20
7 8
17 1
18 10
6 1
20 2
5 2
15 8
14 4
13 15
4 12
3 21
13 19
17
3 2
3 17
1 2
12 5
2 6
11 6
9 5
6 5
4 15
16 4
16 1
13 3
4 8
10 14
14 16
7 14
19
7 1
19 4
2 10
18 11
13 1
19 7
13 16
8 17
14 16
12 19
5 11
2 6
5 2
17 3
7 17
9 11
16 15
13 5
21
20 11
8 12
15 16
5 8
5 11
6 7
1 16
2 4
9 19
14 12
3 2
3 20
17 15
14 21
21 6
10 19
18 7
17 4
9 18
10 13
24
7 1
18 1
17 1
1 22
1 15
1 2
21 1
24 1
23 1
1 5
8 1
20 1
12 1
1 16
1 14
13 1
3 1
1 4
1 10
1 19
1 6
1 9
1 11
11
4 10
1 6
7 4
3 9
1 11
8 9
5 1
2 11
8 1
11 7
11
7 1
2 8
11 4
7 4
5 8
6 10
9 2
10 3
11 6
3 9
18
1 10
14 12
18 7
14 15
6 2
8 13
6 10
16 17
10 16
13 1
7 8
6 11
8 3
3 4
9 7
5 16
13 14
29
14 1
19 1
20 1
12 1
13 1
1 4
27 1
1 29
9 1
1 3
23 1
5 1
24 1
1 7
10 1
1 8
1 15
1 11
16 1
21 1
1 18
28 1
22 1
17 1
26 1
1 25
1 2
1 6
14
6 14
3 12
13 14
9 7
10 8
12 2
8 13
1 13
5 7
12 9
4 7
1 9
11 14
19
3 12
15 11
18 6
16 11
17 16
10 3
14 5
7 4
15 8
1 13
17 12
5 2
9 18
6 13
2 19
4 9
8 14
10 7
13
1 12
5 4
10 4
9 8
2 7
10 6
10 11
1 7
3 1
9 13
5 9
1 4
10
9 4
2 7
8 10
1 8
4 7
7 1
6 2
7 5
8 3
23
2 10
13 19
7 15
20 21
20 8
18 20
12 14
11 18
23 14
9 5
22 13
17 13
2 22
1 3
6 22
22 9
22 15
4 2
1 21
13 12
13 1
2 16
13
1 12
5 1
1 4
1 11
1 3
1 6
1 13
1 8
10 1
1 2
9 1
1 7
26
25 15
20 12
25 22
16 25
25 1
1 10
1 18
21 17
1 12
22 23
8 21
1 3
2 7
5 26
26 18
14 22
9 11
25 4
23 9
6 5
13 15
24 22
17 4
26 7
25 19
21
16 1
1 13
4 1
14 1
21 1
1 6
15 1
1 20
1 11
1 17
1 5
8 1
1 3
1 7
18 1
1 12
2 1
1 19
1 10
1 9
13
9 11
4 2
3 4
6 8
5 7
10 5
9 1
8 3
9 5
4 13
1 3
8 12
27
21 7
22 15
4 17
12 6
22 17
24 25
16 8
2 9
21 5
17 16
21 3
11 26
1 7
27 22
4 1
2 26
24 13
7 12
6 23
20 11
2 19
10 6
12 24
4 26
16 14
11 18
14
8 10
3 14
8 12
2 12
4 1
5 11
10 13
2 9
8 5
7 3
8 6
1 2
10 7
16
14 13
15 1
4 7
16 13
11 9
16 1
2 15
8 2
6 2
12 5
4 3
13 5
11 10
16 4
15 11
10
2 1
10 1
6 1
9 1
3 1
1 4
7 1
5 1
1 8
19
4 5
17 11
8 19
11 18
3 5
14 16
6 16
18 12
10 9
8 9
15 4
6 1
15 7
19 2
14 12
17 13
3 10
13 7
23
9 8
5 18
16 9
5 2
14 17
23 7
11 13
14 11
22 21
3 12
19 17
1 23
13 22
21 16
7 20
2 15
6 10
18 6
15 4
3 10
4 8
19 20
19
12 8
6 4
3 11
5 9
13 18
7 13
16 18
2 10
17 19
11 14
19 6
8 16
3 4
15 2
1 10
12 17
14 5
9 15
24
20 16
12 8
11 9
10 14
17 9
8 22
19 20
21 11
15 16
18 3
23 14
21 15
17 3
13 2
6 23
2 18
1 24
12 7
4 10
6 5
4 24
13 7
19 5
25
6 1
18 1
4 1
1 10
1 20
2 1
1 12
1 17
21 1
1 15
1 25
1 23
1 22
1 11
9 1
14 1
1 16
1 24
7 1
1 8
3 1
13 1
19 1
5 1
21
10 1
1 8
19 1
1 5
1 2
3 1
14 1
21 1
1 20
1 9
12 1
1 18
1 15
7 1
6 1
17 1
1 13
11 1
16 1
1 4
17
7 9
15 10
9 12
3 12
15 4
8 16
8 2
9 16
6 5
1 14
1 9
17 15
1 4
15 6
9 13
7 11
11
4 7
5 1
11 7
3 7
8 1
1 7
10 1
10 2
7 6
8 9
11
7 8
3 9
6 7
10 8
4 3
5 1
5 2
6 11
4 11
9 2
24
1 9
17 1
1 2
1 11
13 1
3 1
8 1
16 1
5 1
1 15
19 1
1 12
1 4
6 1
1 23
22 1
1 10
24 1
1 20
1 14
21 1
7 1
18 1
27
15 1
18 1
13 1
5 1
1 10
1 26
1 11
1 23
20 1
25 1
3 1
22 1
2 1
21 1
9 1
17 1
8 1
12 1
6 1
1 4
1 19
1 16
24 1
14 1
1 27
1 7
27
5 26
24 15
20 22
20 23
12 6
5 1
17 13
8 4
21 9
18 25
26 11
3 19
26 21
26 7
24 12
5 17
4 19
12 16
20 19
12 25
25 5
5 27
21 3
14 2
9 2
19 10
28
1 11
1 8
1 18
1 7
17 1
26 1
1 27
1 21
1 19
1 2
1 15
6 1
12 1
1 14
9 1
1 28
10 1
1 5
25 1
22 1
20 1
1 24
3 1
4 1
1 16
1 23
13 1
14
11 3
4 13
2 1
5 8
7 9
14 4
2 10
8 10
11 14
7 12
9 3
6 13
5 12
19
17 7
12 4
15 14
17 11
7 16
12 3
10 18
2 5
19 18
9 17
13 1
7 1
16 12
6 15
15 16
2 13
2 8
18 13
29
19 8
10 1
13 2
24 10
5 14
24 27
14 29
7 11
12 17
2 6
7 28
19 18
4 10
21 12
25 27
20 15
20 23
22 26
9 27
4 7
1 23
3 22
24 2
4 12
22 20
23 8
16 19
14 8
25
12 24
2 13
11 14
17 22
1 24
16 21
15 20
25 4
6 20
15 3
3 5
9 7
6 14
8 7
4 16
10 13
22 18
12 9
18 25
2 21
23 17
10 19
8 5
11 19
27
1 12
1 5
1 7
22 1
20 1
8 1
1 19
21 1
6 1
1 27
1 16
1 2
1 9
1 3
1 24
1 25
13 1
15 1
1 26
1 18
10 1
17 1
1 4
14 1
23 1
11 1
11
4 2
2 6
2 5
1 11
10 9
8 4
7 3
4 9
2 1
4 7
14
1 10
1 6
2 1
14 1
1 8
7 1
4 1
5 1
13 1
1 12
1 9
11 1
3 1
28
3 28
25 15
17 21
7 21
1 19
12 13
26 11
19 28
24 26
28 20
13 4
8 19
25 18
6 8
27 3
4 1
20 9
4 17
16 20
8 25
23 21
2 14
5 3
22 6
14 13
17 26
10 6
13
10 5
2 7
5 1
8 3
10 13
11 12
12 7
4 8
2 6
4 11
9 3
6 13
20
12 20
15 1
9 5
14 19
9 8
4 16
11 12
4 7
13 19
6 8
3 17
11 2
7 3
10 5
18 14
16 10
13 15
6 2
18 17
19
4 7
4 13
12 6
14 16
18 15
12 5
8 2
6 16
10 8
5 15
7 17
11 9
19 1
2 11
3 10
9 13
17 18
19 3
19
19 3
13 9
1 4
12 7
17 19
15 5
6 16
4 2
18 1
2 9
18 5
8 16
9 14
12 10
19 4
12 2
16 18
5 11
16
4 5
7 12
12 10
3 13
5 15
10 11
16 4
10 13
9 1
9 13
10 2
8 7
7 6
14 1
9 5
11
5 2
7 9
1 7
3 1
1 8
10 2
9 11
6 8
4 8
2 3
14
5 2
11 9
7 13
4 11
5 9
10 13
3 4
6 3
8 14
7 2
14 10
1 8
12 6
26
11 13
2 22
9 14
9 8
12 23
24 3
16 25
1 10
11 2
20 24
15 18
19 16
13 9
26 11
18 20
23 6
24 25
20 17
23 4
3 21
9 5
1 20
3 7
9 6
26 1
24
9 16
10 2
17 14
24 19
3 22
6 21
15 7
8 18
24 16
9 13
4 11
15 19
17 8
23 12
22 20
13 6
7 12
5 18
21 3
14 2
5 1
20 4
11 10
21
3 8
11 16
10 5
13 4
7 20
20 12
8 9
4 5
3 15
14 6
21 12
7 11
2 16
17 15
17 6
13 9
10 2
19 21
18 1
14 18
25
1 8
6 1
23 1
1 17
13 1
1 15
1 11
9 1
10 1
5 1
7 1
24 1
1 3
1 25
1 12
1 4
21 1
1 16
14 1
2 1
19 1
1 22
1 20
1 18
21
10 4
20 12
4 17
14 1
7 8
6 3
3 17
14 21
16 8
19 2
5 3
13 3
11 12
14 18
1 8
2 14
4 9
15 17
1 12
12 3
22
1 19
1 10
1 16
1 5
1 12
7 1
1 4
13 1
1 18
1 20
1 2
1 14
3 1
1 11
1 21
8 1
17 1
1 15
1 22
1 6
9 1
21
17 1
16 1
12 1
21 1
1 13
19 1
1 15
5 1
1 2
1 11
1 8
1 4
14 1
10 1
18 1
1 20
1 7
9 1
3 1
6 1
27
10 13
22 15
23 12
25 14
18 16
6 22
5 21
16 5
25 4
19 4
4 24
26 5
27 13
9 8
11 23
10 18
20 14
17 20
20 2
3 13
16 23
1 25
18 1
22 14
8 10
7 8
18
14 11
12 6
10 13
18 12
2 17
16 15
18 9
8 11
10 6
5 4
3 7
1 13
2 8
3 16
9 14
17 4
7 5
15
2 8
1 13
15 9
4 3
7 1
14 13
5 10
6 10
15 8
4 14
10 1
12 6
8 10
7 11
29
24 1
1 3
23 1
1 10
8 1
1 17
15 1
6 1
1 19
1 27
1 4
1 12
16 1
1 9
14 1
1 29
1 18
13 1
1 11
1 26
5 1
7 1
1 22
20 1
1 21
1 25
2 1
28 1
16
11 10
10 13
16 9
8 16
5 6
12 1
6 12
2 7
14 7
11 15
3 2
14 4
13 5
8 3
15 9
11
6 1
3 1
1 11
1 8
1 7
2 1
1 9
5 1
1 4
10 1
21
6 4
20 13
8 17
1 19
14 16
7 5
18 17
20 11
10 19
7 17
1 9
16 18
17 12
8 21
17 1
13 2
4 19
4 15
9 11
3 5
15
1 7
1 9
1 10
6 1
1 4
8 1
2 1
15 1
1 5
11 1
3 1
1 12
1 13
14 1
13
5 1
13 1
1 10
1 2
4 1
1 12
9 1
1 6
11 1
8 1
1 7
1 3
16
9 11
3 5
12 2
2 7
1 3
13 16
16 15
5 4
7 9
7 1
6 13
9 8
10 5
2 14
3 13
27
11 16
23 18
25 14
21 20
25 10
4 17
24 4
19 22
26 19
2 15
1 12
26 6
7 27
27 23
7 8
8 2
15 6
20 5
14 17
18 9
16 5
11 10
13 21
24 12
13 3
3 9
15
14 5
12 6
6 4
15 4
8 6
5 4
4 7
10 12
6 13
6 1
9 4
2 1
11 1
12 3
13
3 11
9 3
10 3
5 12
13 8
9 7
13 5
5 1
13 4
6 12
1 9
2 12
29
1 6
28 1
1 25
8 1
1 9
1 3
19 1
5 1
10 1
7 1
22 1
1 17
1 27
14 1
12 1
1 29
1 23
13 1
1 26
1 24
20 1
11 1
1 21
2 1
16 1
18 1
1 15
4 1
24
5 8
21 4
14 10
16 19
3 21
2 6
8 17
23 10
9 16
18 11
19 2
7 23
15 14
11 7
1 24
12 22
6 20
18 22
13 24
17 20
4 5
13 15
9 12
19
13 5
12 19
6 8
4 11
1 12
6 19
10 16
15 14
16 18
9 2
7 8
17 5
2 7
9 4
14 13
3 15
18 3
17 11
19
19 9
16 12
3 15
8 13
11 13
9 18
4 6
1 10
7 5
18 3
8 5
2 12
17 15
19 14
6 16
14 10
11 17
7 4
20
10 8
16 20
20 7
10 19
16 18
10 12
2 8
10 13
8 9
5 15
15 3
11 19
17 18
4 9
15 1
15 14
10 18
6 12
10 3
19
12 5
14 6
7 12
16 2
11 14
17 19
15 17
15 3
7 14
1 7
9 18
2 3
8 9
13 12
17 10
3 9
2 4
1 15
10
8 6
8 1
3 1
9 10
7 4
10 5
10 2
1 7
1 10
22
20 15
22 9
5 1
5 13
21 4
16 21
8 17
13 10
11 9
12 13
22 18
6 1
5 15
3 15
7 11
14 22
2 17
9 6
11 19
6 8
21 8
26
15 23
12 14
13 4
22 8
16 18
3 7
26 9
22 26
11 7
24 22
25 24
1 6
6 21
7 14
19 21
1 22
17 2
23 9
14 6
26 18
21 10
20 21
5 12
7 17
7 4
29
19 2
18 5
10 5
24 1
9 22
8 12
4 25
8 14
18 29
16 26
27 20
16 3
26 6
20 25
15 21
9 28
7 17
23 24
22 11
13 27
28 14
12 10
4 2
7 6
17 21
29 3
15 13
23 11
10
5 7
9 2
4 8
10 6
2 3
8 6
5 1
7 4
10 9
14
12 7
10 9
11 9
6 13
11 6
8 12
4 2
5 4
5 12
5 1
4 3
14 6
11 1
15
1 4
6 2
4 2
13 15
14 1
9 3
12 2
14 13
5 13
10 3
14 7
7 8
7 11
4 3
26
20 8
3 7
5 6
23 21
17 13
8 23
2 16
7 1
5 16
3 13
11 8
26 22
14 15
3 22
24 19
19 23
21 14
6 25
9 22
18 14
1 21
7 5
4 6
12 16
13 10
25
7 23
9 1
7 24
23 20
18 23
5 25
1 14
19 12
17 1
25 18
14 16
1 23
21 22
13 23
15 8
10 11
17 8
24 3
2 9
11 23
22 24
1 12
4 9
20 6
28
11 15
5 26
27 3
6 2
28 1
9 20
4 16
9 19
28 14
9 2
20 23
15 8
21 2
10 16
24 16
15 18
28 15
4 15
25 28
1 9
17 7
26 8
3 9
12 26
11 13
9 17
22 10
10
3 7
4 5
7 9
10 6
8 4
9 6
1 4
9 1
7 2
16
14 13
12 3
14 1
3 10
12 1
14 4
4 2
16 15
6 8
5 13
4 7
13 11
3 9
16 12
6 16
26
1 7
1 3
1 9
26 1
1 10
1 18
1 20
1 15
16 1
1 2
1 14
22 1
1 19
11 1
25 1
1 24
21 1
1 4
1 17
1 12
6 1
23 1
8 1
1 13
5 1
28
16 23
6 13
4 25
19 16
25 13
17 19
24 11
21 15
14 12
26 21
23 20
20 5
18 11
7 5
10 27
3 2
15 7
2 22
24 14
3 12
17 9
28 26
10 18
28 8
6 9
22 1
27 8
24
3 16
20 14
1 9
11 18
5 18
23 16
24 22
15 4
19 3
19 9
2 17
12 20
11 4
21 7
15 6
17 24
7 14
10 8
12 2
6 10
8 21
13 5
23 22
23
22 10
23 13
18 23
17 14
9 15
6 11
21 12
4 14
8 4
14 7
1 8
12 18
20 10
5 10
12 2
18 8
15 5
5 1
15 19
3 6
6 4
23 16
22
8 1
1 7
1 15
9 1
19 1
1 13
22 1
1 10
12 1
1 18
1 21
14 1
6 1
2 1
1 11
17 1
1 20
1 5
1 3
16 1
4 1
27
1 4
1 11
14 1
7 1
24 1
1 21
10 1
1 2
17 1
1 6
13 1
1 12
1 15
1 23
1 26
1 25
16 1
1 9
1 22
18 1
5 1
8 1
1 19
3 1
20 1
1 27
16
16 6
5 10
5 9
6 7
16 2
15 4
13 3
12 3
8 7
4 9
11 14
8 1
2 13
15 11
12 14
16
6 9
6 16
11 5
7 2
15 6
12 13
1 6
1 3
13 6
2 16
5 10
8 4
5 2
14 9
1 8
27
1 11
1 2
1 15
22 1
1 10
1 20
14 1
1 6
1 9
1 7
27 1
13 1
8 1
1 18
1 12
1 4
17 1
1 26
5 1
1 25
1 23
19 1
24 1
3 1
1 21
1 16
11
1 9
1 2
1 7
5 1
3 1
6 1
1 11
1 8
10 1
1 4
17
5 7
17 15
1 16
11 17
12 14
11 6
7 11
10 16
2 17
14 16
1 7
3 5
10 4
14 13
10 9
5 8
10
1 6
8 1
1 10
7 1
4 1
1 9
1 5
2 1
1 3
26
10 1
22 19
3 12
1 13
20 14
18 6
26 1
9 3
11 9
19 25
1 7
16 7
5 24
1 14
21 1
23 25
4 7
7 18
9 25
8 14
25 24
24 18
19 2
17 16
15 19
28
16 9
13 1
6 15
11 25
16 24
11 28
24 27
20 3
7 5
14 19
17 1
28 20
27 22
8 14
5 6
5 1
25 23
19 2
21 19
12 8
19 27
19 25
4 7
28 18
1 19
24 26
26 10
23
13 20
9 19
14 8
2 14
4 22
13 11
1 5
7 2
18 6
20 17
18 8
17 21
10 5
15 11
10 9
3 4
16 23
3 6
23 22
15 12
16 21
7 19
16
1 9
14 1
11 1
13 1
1 4
1 10
16 1
1 12
5 1
1 8
15 1
1 7
1 2
3 1
6 1
25
21 18
1 7
7 10
14 5
10 13
10 21
5 20
19 1
7 25
16 12
5 4
23 2
15 24
21 6
13 3
13 8
9 14
19 24
23 25
19 14
24 22
11 16
23 17
16 25
13
11 1
1 3
1 12
1 8
6 1
1 7
13 1
1 10
1 4
1 9
5 1
1 2
13
6 2
3 13
7 3
5 1
8 4
2 10
11 13
6 12
8 11
10 9
9 5
7 12
11
9 1
1 7
1 5
2 1
1 11
6 1
4 1
3 1
1 8
1 10
14
6 8
9 11
5 4
1 3
13 14
10 4
13 7
2 11
10 9
6 12
7 5
8 14
3 2
11
1 8
1 11
9 1
1 4
5 1
1 6
1 7
2 1
10 1
3 1
28
28 11
26 2
16 18
18 1
27 21
22 21
6 20
19 21
6 8
24 13
17 3
15 1
23 9
12 9
13 16
9 14
4 26
14 6
10 11
15 5
19 11
16 26
7 5
5 17
19 18
25 13
14 15
27
9 20
27 26
6 24
22 10
17 6
18 22
18 1
21 7
25 5
1 14
16 9
3 18
14 24
3 19
8 5
13 10
27 22
5 24
4 19
11 27
10 12
19 2
23 7
14 7
3 9
15 6
20
4 20
14 12
9 4
5 15
19 11
5 2
11 20
10 17
7 9
6 1
12 10
17 7
16 13
8 2
8 6
3 15
3 18
18 13
19 16
10
3 10
6 3
7 2
8 1
9 6
4 5
5 9
8 2
7 10
19
6 11
14 2
1 8
10 13
10 19
7 9
4 9
16 2
15 2
10 5
1 9
4 12
17 14
9 13
11 12
15 18
3 13
1 14
17
9 10
7 3
9 4
8 14
17 1
1 3
1 6
9 16
15 13
2 7
14 15
15 9
13 3
5 6
12 11
14 12
14
9 10
3 5
9 12
2 4
2 6
5 4
14 8
1 3
14 10
11 12
7 13
11 6
8 7
25
23 16
22 23
21 11
4 9
1 9
8 24
17 6
10 16
8 17
3 18
12 15
10 11
4 14
7 13
13 5
22 7
20 2
18 15
21 24
20 14
19 5
25 12
19 25
2 6
19
19 9
11 7
1 14
2 18
8 1
4 15
4 11
15 5
8 9
3 12
11 10
8 12
2 13
14 2
9 16
12 17
14 4
6 15
24
19 3
23 12
7 1
4 16
22 9
13 15
4 21
7 24
11 18
5 7
10 12
14 4
2 17
23 19
3 6
18 15
7 23
2 19
15 24
9 19
8 1
4 23
20 2
25
6 14
20 8
23 11
11 4
18 21
1 2
25 2
10 4
19 15
15 24
13 17
13 14
16 12
12 21
22 19
23 3
24 9
18 8
5 3
6 10
7 17
22 16
5 25
20 7
25
6 25
2 19
4 11
10 12
23 1
3 21
13 9
8 14
17 13
24 25
15 9
8 4
20 23
15 11
22 7
5 22
10 17
18 6
21 16
24 5
7 14
20 18
12 3
2 16
11
1 6
8 4
5 7
4 11
6 3
9 5
5 8
1 8
4 10
6 2
20
9 4
8 15
4 11
19 7
7 20
10 5
1 15
8 14
6 16
5 13
12 13
18 17
2 6
9 20
17 10
11 12
14 3
3 2
16 18
28
6 27
26 10
21 3
7 10
17 13
6 11
10 11
20 21
24 12
17 12
17 16
8 9
14 23
19 1
4 18
21 28
18 20
14 9
5 13
14 19
19 11
20 16
13 2
15 18
22 12
16 1
25 6
24
1 17
1 3
1 6
1 21
1 22
13 1
1 20
1 10
1 16
1 5
1 8
1 12
23 1
14 1
11 1
1 2
1 19
1 9
15 1
1 18
1 24
1 7
4 1
11
7 9
7 6
1 4
11 10
6 11
10 3
8 4
5 2
8 2
5 9
25
5 1
1 10
1 16
15 1
1 6
25 1
1 8
14 1
1 24
1 13
1 22
17 1
11 1
1 12
1 21
4 1
9 1
3 1
20 1
18 1
7 1
23 1
1 19
2 1
18
12 8
1 7
1 16
17 7
11 15
9 16
7 2
15 17
17 12
16 5
6 2
13 12
14 9
10 9
18 5
5 4
2 3
13
10 11
10 13
12 3
8 11
5 9
13 9
5 12
1 4
6 7
3 2
4 2
7 8
13
12 1
11 3
7 5
12 7
9 1
1 8
8 4
3 13
11 12
2 10
1 6
3 2
28
1 22
26 1
1 25
1 12
7 1
24 1
1 3
1 9
1 13
1 8
10 1
18 1
15 1
1 28
1 5
1 19
1 16
2 1
27 1
1 6
1 14
17 1
1 4
1 23
11 1
1 21
20 1
23
13 18
5 11
14 6
15 22
15 5
8 20
9 17
1 22
1 18
2 17
7 20
21 13
19 23
2 14
15 10
19 16
6 4
9 3
2 19
2 12
2 1
15 20
18
8 7
16 4
5 12
6 9
12 1
11 1
7 4
9 2
16 3
16 14
1 10
1 16
10 17
18 4
15 18
1 2
13 14
20
10 1
1 6
1 4
9 1
19 1
18 1
1 14
15 1
12 1
2 1
5 1
8 1
1 11
1 13
20 1
7 1
1 17
3 1
1 16
29
28 1
1 12
1 26
1 20
2 1
10 1
1 7
1 21
5 1
6 1
1 19
27 1
1 13
1 18
1 25
1 23
1 17
29 1
1 24
8 1
1 3
1 11
1 15
1 22
1 16
1 9
4 1
1 14
12
8 4
10 3
2 1
12 3
8 9
12 5
2 7
11 6
6 7
11 5
4 10
21
5 13
17 19
9 1
15 7
11 16
13 19
6 5
3 21
21 2
4 14
16 12
8 14
21 18
7 16
19 10
2 9
20 5
1 13
9 7
2 14
12
12 2
2 1
1 10
7 8
2 9
6 12
11 4
10 11
3 11
8 5
10 8
27
8 14
13 17
9 7
14 6
19 23
26 13
1 7
6 1
24 15
20 12
1 5
19 4
3 7
5 13
7 21
11 5
18 10
18 5
21 2
20 5
16 1
24 25
6 24
18 27
4 5
6 22
20
10 2
14 9
12 1
18 5
18 7
2 9
4 17
17 16
5 15
8 13
4 6
19 20
11 12
16 20
8 7
15 19
3 6
3 10
11 13
29
2 4
20 22
13 6
12 16
18 26
1 5
10 1
4 15
4 9
29 17
22 1
17 21
17 7
27 11
12 10
23 2
22 8
17 25
14 3
1 17
9 18
24 9
9 19
1 4
3 1
2 6
27 2
28 20
20
11 9
3 20
14 1
15 2
6 7
13 3
5 10
17 12
2 14
8 16
16 4
7 18
17 15
8 6
5 18
19 13
20 9
12 11
10 19
12
5 12
11 7
12 3
10 8
4 9
1 6
6 12
7 1
8 7
4 6
2 4
23
22 13
9 21
20 23
9 22
15 11
4 16
8 20
18 23
23 10
13 19
17 14
16 2
7 11
14 12
11 20
5 14
1 17
9 3
6 13
17 16
1 8
22 8
21
8 9
3 16
1 8
6 14
11 10
7 4
2 7
13 10
3 19
13 20
14 2
20 15
12 18
4 12
21 17
21 6
5 15
9 11
16 18
5 17
17
13 4
2 3
13 3
16 8
7 2
1 8
7 1
17 5
7 10
2 5
15 2
11 16
16 12
6 7
9 16
5 14
12
7 9
11 4
11 6
1 10
5 6
10 3
5 12
8 7
3 2
11 10
1 9
21
20 1
16 21
1 18
13 5
9 19
11 14
4 15
17 21
18 21
5 20
6 19
18 19
4 7
12 2
11 5
4 12
11 3
10 13
12 20
13 8
21
9 18
6 15
1 3
7 15
7 14
12 19
6 20
6 12
5 17
4 15
15 18
13 18
1 15
2 10
2 8
1 2
17 6
1 21
11 20
16 18
25
8 1
9 1
10 1
25 1
16 1
22 1
7 1
1 18
2 1
1 3
1 11
21 1
1 5
24 1
1 6
13 1
1 12
1 20
15 1
1 23
19 1
1 14
1 17
1 4
11
7 1
1 4
1 8
1 10
6 1
2 1
11 1
5 1
3 1
1 9
13
3 9
13 6
1 7
2 8
10 9
11 10
1 12
10 1
10 5
12 8
13 1
4 7
14
2 13
14 1
5 3
1 9
12 1
1 7
10 8
6 4
12 2
10 9
4 3
8 11
2 3
23
14 1
12 1
1 5
1 3
19 1
18 1
1 6
1 13
1 2
1 20
1 8
1 21
15 1
1 7
11 1
1 4
1 9
1 22
10 1
17 1
1 16
1 23
28
26 1
4 24
2 15
7 16
9 21
25 23
22 27
8 17
24 11
9 14
16 3
8 5
2 18
13 4
28 6
26 10
18 27
14 23
19 20
15 20
10 3
6 17
11 22
19 12
12 25
7 13
21 28
21
14 1
13 17
11 1
15 13
19 20
21 5
2 3
12 21
9 19
6 7
16 19
3 8
14 21
2 11
16 11
13 16
4 3
14 6
6 18
10 2
12
1 3
8 1
10 1
4 1
2 1
1 6
9 1
5 1
11 1
1 7
12 1
27
17 15
20 25
8 13
2 14
17 4
19 22
13 24
22 4
10 12
11 1
20 5
2 7
5 16
19 8
3 21
23 18
26 11
6 27
12 23
6 14
9 26
10 27
3 7
21 15
16 24
18 9
29
1 12
22 1
1 3
1 23
1 11
1 9
5 1
1 4
1 8
1 7
1 17
24 1
1 2
13 1
1 14
1 19
1 20
27 1
15 1
1 10
28 1
25 1
1 16
1 6
26 1
18 1
1 29
21 1
13
1 11
5 1
9 1
1 12
1 3
4 1
6 1
2 1
13 1
1 10
1 7
1 8
14
13 2
14 5
13 12
4 10
1 11
1 6
3 10
12 5
7 3
3 11
8 7
5 11
9 3
16
4 8
14 9
15 13
12 11
4 1
11 4
10 14
10 13
8 5
7 14
3 13
10 1
6 8
16 11
3 2
13
4 8
7 3
2 4
11 10
6 10
11 5
4 5
13 8
9 3
9 8
1 4
12 13
10
10 4
4 5
5 3
9 7
7 1
6 8
6 10
9 2
8 2
14
5 2
5 7
4 6
9 5
11 6
13 2
2 1
12 3
1 10
10 3
14 13
8 3
10 6
18
18 1
1 3
4 1
10 1
1 9
16 1
8 1
1 7
12 1
1 6
1 15
1 5
14 1
1 2
13 1
17 1
1 11
14
12 9
1 13
5 6
10 2
14 8
9 1
4 3
7 4
6 11
5 2
14 5
13 4
1 5
18
13 8
18 12
7 1
3 7
4 5
11 15
11 13
3 2
9 14
17 6
16 9
2 10
14 5
15 12
16 18
6 4
10 8
21
15 18
7 10
14 21
2 10
4 1
17 8
10 1
6 4
1 17
13 16
9 21
5 14
13 4
11 21
17 19
8 12
20 13
21 18
21 8
3 19
22
5 3
9 2
14 16
11 12
22 13
13 21
8 11
18 11
20 3
20 7
16 13
6 10
1 18
15 9
6 17
1 7
4 14
16 7
6 18
20 9
19 3
28
1 6
1 8
1 18
15 1
16 1
1 4
5 1
2 1
1 27
1 25
1 22
20 1
1 17
12 1
1 13
9 1
10 1
1 19
28 1
1 26
21 1
14 1
1 3
23 1
7 1
11 1
1 24
22
14 12
20 9
2 16
3 16
19 22
4 7
16 20
1 5
20 5
8 22
11 13
6 1
17 11
15 22
21 9
18 14
11 6
14 6
10 7
15 7
15 5
27
8 15
2 3
18 10
1 14
9 23
6 24
13 23
9 21
9 17
8 22
7 19
5 18
3 4
18 12
16 13
26 19
19 14
20 13
2 8
12 6
23 25
6 11
25 1
27 3
2 25
14 12
19
1 11
1 17
1 4
11 6
13 3
5 8
3 18
7 13
15 11
16 8
10 3
9 6
1 18
19 18
17 2
11 8
11 14
12 10
25
11 21
23 5
17 2
22 11
13 14
11 4
9 25
17 7
4 15
17 20
6 18
12 14
3 9
10 4
8 18
2 14
16 18
9 8
23 19
22 23
8 24
1 22
1 24
2 24
18
3 8
8 14
11 2
5 6
13 16
7 12
18 3
4 16
15 10
18 11
15 5
6 4
7 9
1 10
12 14
17 13
2 17
23
3 16
16 18
4 11
16 19
11 13
14 15
11 14
22 17
2 16
12 13
2 9
16 1
21 5
12 6
15 8
16 10
20 23
21 11
7 18
1 11
23 1
16 17
12
6 11
4 8
3 2
6 9
3 9
7 5
12 11
2 5
12 4
10 8
7 1
28
18 9
15 5
23 3
14 12
27 2
10 1
11 15
16 28
20 27
8 14
23 9
7 9
17 23
28 14
16 24
17 15
10 28
19 6
4 27
26 11
25 6
13 16
6 4
21 3
10 4
22 3
1 17
13
8 1
1 2
1 5
1 13
1 4
10 1
6 1
1 11
1 7
1 3
9 1
12 1
15
13 12
14 9
4 13
5 12
2 11
14 7
15 9
3 6
3 4
8 2
5 11
10 7
1 15
10 6
29
20 1
1 12
9 1
1 21
1 23
1 19
1 27
1 16
17 1
1 2
1 29
25 1
1 5
1 18
1 22
3 1
28 1
1 6
8 1
1 14
1 26
1 13
1 4
7 1
11 1
10 1
15 1
24 1
12
4 2
2 12
12 11
8 9
8 6
3 8
10 5
3 1
7 5
2 1
3 5
13
4 5
5 3
2 9
4 12
6 3
6 10
13 8
12 11
8 9
10 7
1 11
13 7
13
7 5
8 12
12 7
6 10
6 2
3 5
4 8
13 3
11 9
13 10
1 9
4 11
22
1 9
4 1
1 10
1 15
1 19
17 1
6 1
16 1
1 12
1 22
7 1
11 1
20 1
3 1
1 13
1 2
1 8
14 1
21 1
1 18
1 5
17
9 14
13 8
6 11
17 4
15 4
16 5
8 10
12 7
2 15
10 17
16 7
3 5
9 6
14 2
1 11
13 12
21
5 19
1 4
13 12
8 21
14 10
17 21
14 8
14 7
18 14
6 8
1 19
1 9
8 12
15 11
1 14
21 16
15 7
14 20
3 15
7 2
27
23 9
20 3
4 12
16 15
11 8
9 27
19 22
17 4
14 5
6 19
12 24
7 3
18 17
10 11
15 24
10 13
27 5
22 2
13 23
2 26
25 6
8 7
21 20
16 1
18 14
21 25
23
4 22
19 6
22 1
4 16
4 18
14 5
8 16
22 2
15 18
11 18
6 7
16 13
9 17
12 10
6 20
17 23
7 1
2 17
3 10
5 21
5 7
10 2
16
13 1
1 12
5 1
2 1
3 1
15 1
7 1
1 14
10 1
8 1
4 1
16 1
1 11
6 1
9 1
15
1 11
7 1
1 5
1 12
1 13
1 15
1 14
1 6
1 4
8 1
1 2
9 1
10 1
1 3
12
3 5
10 4
4 11
4 1
1 9
3 9
6 12
12 2
9 12
8 11
3 7
13
5 7
13 2
9 1
1 8
6 9
4 3
13 12
5 10
8 4
9 11
1 5
4 12
18
12 9
16 1
6 16
2 6
12 11
14 18
6 17
2 5
1 15
1 11
3 1
9 13
6 18
10 16
4 6
7 6
8 12
11
10 8
2 6
8 9
6 3
7 11
4 2
1 7
5 10
3 11
5 4
21
9 16
1 2
16 21
1 7
6 16
6 18
8 1
20 1
15 4
14 1
1 16
19 14
1 10
12 15
13 2
3 16
17 12
15 9
1 5
21 11
23
7 15
10 22
20 12
15 23
23 1
9 14
20 6
8 13
5 18
1 13
8 16
23 6
17 7
13 5
2 7
10 11
3 5
9 6
10 15
19 20
9 4
8 21
24
4 9
2 5
5 17
22 10
3 2
19 8
6 2
18 3
7 8
19 4
15 9
13 5
10 18
6 20
6 12
14 19
1 3
11 21
9 23
16 21
24 10
18 21
4 1
20
19 15
20 3
14 16
8 15
13 5
9 20
10 6
17 6
5 3
11 20
15 14
1 14
3 17
12 5
2 18
2 6
1 17
16 4
7 16
12
2 1
11 1
8 1
3 1
1 7
5 1
1 6
4 1
1 10
1 9
12 1
24
4 23
22 16
23 8
15 8
1 23
1 5
17 1
20 1
6 22
10 11
21 10
17 18
12 20
10 23
2 14
5 24
2 19
22 11
4 2
7 1
9 2
13 7
17 3
28
14 15
5 11
5 13
22 24
6 4
15 1
5 15
25 1
27 1
11 16
18 2
8 14
13 23
20 17
15 9
17 25
12 25
3 19
24 1
13 10
7 21
10 28
3 25
18 16
26 24
25 4
21 15
12
7 10
11 4
5 1
6 3
12 1
4 1
7 2
8 12
1 3
9 6
10 1
21
1 7
18 1
1 16
1 6
1 5
1 4
15 1
1 11
1 3
1 12
9 1
17 1
19 1
1 2
8 1
14 1
20 1
1 21
13 1
10 1
27
4 21
4 8
27 11
3 17
21 22
2 13
26 12
25 15
21 11
22 1
26 20
20 22
5 24
18 26
15 16
10 17
9 4
14 23
24 7
6 13
24 20
23 17
15 14
19 11
13 14
1 23
18
1 7
8 1
11 1
1 18
1 12
1 13
1 6
1 2
1 3
16 1
1 15
1 17
4 1
10 1
5 1
1 14
1 9
26
23 10
23 22
8 9
20 14
7 2
12 11
3 14
8 26
13 19
21 24
11 6
15 4
16 2
16 23
18 15
17 8
1 21
16 9
25 14
20 19
24 15
11 24
20 21
9 1
19 5
12
9 7
2 11
3 5
12 5
11 3
9 10
5 4
8 10
6 7
1 7
5 9
25
1 23
10 1
20 10
19 2
1 6
18 2
5 10
17 10
20 21
9 10
22 16
12 1
14 6
19 1
14 11
24 6
17 7
15 10
10 13
8 19
23 3
11 25
7 4
8 22
16
7 8
6 12
5 14
15 1
7 16
5 6
10 2
1 6
9 12
13 5
4 12
7 15
11 2
2 15
4 3
17
8 14
2 1
5 3
14 12
8 15
8 7
17 3
10 3
1 3
8 4
13 9
16 1
3 9
14 6
1 14
1 11
29
14 1
1 28
17 1
9 1
22 1
11 1
20 1
1 16
6 1
23 1
1 7
5 1
12 1
1 3
10 1
19 1
1 13
8 1
24 1
1 25
4 1
27 1
1 18
26 1
1 15
21 1
2 1
29 1
19
14 2
3 6
16 5
16 18
3 13
15 9
13 14
17 12
17 6
1 13
13 10
16 1
19 4
16 8
5 11
7 3
14 19
15 17
27
1 10
26 1
1 5
23 1
3 1
11 1
1 12
9 1
1 25
8 1
1 4
18 1
1 15
13 1
21 1
1 6
1 27
20 1
1 22
16 1
7 1
1 2
1 14
19 1
1 17
1 24
13
7 5
10 9
8 13
10 7
1 13
6 10
4 8
2 8
3 11
12 3
7 1
3 13
12
10 9
11 2
9 3
2 5
2 8
4 7
8 1
7 6
3 12
9 1
7 8
17
16 17
7 12
13 14
16 11
6 8
15 9
4 1
17 10
15 4
14 3
5 9
7 2
3 6
12 11
5 13
2 8
18
2 14
18 1
13 12
5 7
9 5
17 10
16 3
13 6
4 3
12 7
10 4
18 14
2 17
15 9
8 6
16 11
11 8
17
9 3
15 5
9 14
12 7
7 1
9 12
7 10
13 3
5 9
10 17
12 8
10 6
4 16
17 11
16 7
1 2
27
27 1
1 19
23 1
1 11
1 10
2 1
15 1
1 4
16 1
1 3
7 1
1 6
1 25
18 1
1 8
9 1
1 20
1 13
21 1
17 1
1 12
26 1
1 22
5 1
1 14
24 1
25
20 19
16 6
20 16
8 4
5 10
6 2
11 12
10 22
7 13
8 18
9 3
2 18
15 17
3 7
12 9
17 13
1 21
14 23
25 11
4 21
24 15
19 5
14 24
22 23
17
6 2
11 14
2 11
8 4
10 2
4 15
9 12
1 15
11 1
14 16
6 5
15 9
3 9
13 14
6 7
4 17
12
5 3
1 3
8 9
5 11
3 8
6 12
10 7
4 8
5 2
7 6
7 1
29
18 7
11 4
12 8
1 22
23 13
3 5
19 10
2 19
25 22
25 27
8 16
23 21
8 24
28 15
11 14
1 18
21 22
17 27
27 9
5 26
25 11
18 16
21 5
28 20
28 7
7 19
29 16
6 23
21
16 1
14 15
21 18
6 18
19 11
5 19
13 19
20 4
9 2
9 18
12 8
3 12
13 1
7 12
13 4
16 9
15 7
4 17
15 10
7 16
26
1 20
17 13
6 17
12 2
12 1
1 16
14 3
18 12
24 25
24 4
6 2
5 19
22 1
11 1
7 12
21 18
11 8
3 5
24 1
9 1
22 5
23 1
10 8
3 26
11 15
19
8 19
11 10
2 7
2 3
18 12
11 7
13 1
14 12
1 7
4 19
15 2
12 13
17 10
16 5
5 11
19 13
5 9
6 10
25
5 10
23 4
17 19
16 10
3 14
9 7
24 9
8 20
11 25
18 17
22 10
8 11
8 23
14 22
22 1
23 2
6 16
16 12
11 13
17 24
24 20
1 20
15 14
9 21
12
11 9
12 8
10 7
7 1
2 12
5 7
1 8
4 11
8 11
3 12
5 6
15
10 8
4 10
5 12
14 1
10 13
14 11
3 11
1 13
11 6
15 13
7 15
12 14
9 12
2 15
19
12 1
11 1
1 6
1 4
2 1
1 18
15 1
14 1
1 13
7 1
1 10
1 17
5 1
1 8
1 9
1 3
1 19
16 1
17
17 9
10 6
17 7
14 4
10 5
3 8
17 2
2 1
2 14
12 14
13 1
16 11
13 11
10 13
8 15
8 11
23
1 15
1 2
1 13
1 19
1 3
17 1
16 1
1 10
1 9
7 1
8 1
22 1
11 1
1 6
5 1
1 4
18 1
1 12
1 14
1 21
1 23
1 20
12
11 10
7 12
4 3
11 9
8 3
2 9
10 1
8 5
5 6
7 2
4 12
13
5 1
4 13
11 9
13 2
8 9
4 3
7 3
11 10
12 2
10 7
6 12
8 5
24
21 1
21 16
24 4
12 4
8 2
11 1
5 20
8 14
7 6
3 1
17 5
14 18
22 1
7 23
9 2
19 1
10 17
22 13
6 15
8 3
7 17
5 1
1 12
15
6 1
7 14
4 7
3 7
10 6
11 13
1 14
6 9
11 14
5 4
15 10
8 7
1 2
1 12
20
1 4
17 1
15 1
1 7
1 16
18 1
20 1
10 1
1 6
3 1
1 9
1 11
5 1
1 19
1 8
12 1
1 2
13 1
14 1
20
10 3
11 8
18 7
5 13
4 9
12 14
2 19
6 8
1 19
3 20
13 14
17 13
14 16
14 20
15 8
3 1
1 7
8 7
1 4
26
23 25
12 3
12 1
14 12
24 14
11 12
21 13
13 15
22 4
10 7
4 5
2 6
13 16
4 15
17 1
20 13
23 1
12 13
19 12
20 18
25 6
8 12
26 25
10 8
9 12
25
9 5
12 17
14 21
8 6
20 5
7 24
6 19
19 10
3 15
13 11
23 25
25 11
4 23
24 17
12 14
9 2
8 3
13 15
16 4
20 18
18 1
7 16
21 22
22 2
23
1 11
5 14
18 2
23 22
6 15
3 4
21 4
23 20
16 21
2 8
7 13
10 18
12 11
16 5
9 14
6 3
22 19
17 9
12 7
10 20
15 8
19 13
15
6 1
1 5
1 7
1 12
1 14
1 11
2 1
9 1
1 3
1 13
15 1
1 10
4 1
8 1
26
14 16
5 9
11 15
6 22
12 6
13 26
17 11
7 4
21 9
1 23
20 25
3 5
23 10
24 12
24 18
8 2
2 26
3 22
20 15
25 10
19 4
18 17
19 21
14 8
7 13
10
10 6
9 7
2 6
1 5
2 9
4 10
4 3
6 1
6 8
25
4 5
20 9
24 5
25 17
10 3
19 7
16 25
21 10
12 21
2 11
19 1
21 14
3 1
18 7
25 2
23 5
19 23
15 11
6 23
11 13
10 20
8 7
3 2
22 20
17
1 11
1 16
3 1
7 1
1 5
14 1
17 1
10 1
1 15
1 8
1 9
6 1
1 13
1 12
1 2
1 4
16
8 14
12 16
10 3
7 2
14 11
3 11
9 6
1 12
7 12
4 7
8 15
9 5
3 13
14 1
9 10
18
10 13
16 4
6 7
4 17
13 15
14 7
12 3
18 6
12 2
17 9
5 11
14 15
11 10
9 8
16 3
1 5
18 2
14
11 9
14 5
2 1
3 2
6 9
13 3
12 13
8 7
4 11
4 7
10 14
12 6
10 8
24
8 20
3 5
7 6
5 23
3 13
16 21
10 19
12 4
9 8
6 2
13 20
24 23
14 7
15 24
11 4
11 1
18 9
17 10
2 19
15 14
16 17
18 12
21 22
12
1 2
8 1
1 4
1 11
1 9
12 1
3 1
1 5
1 6
1 10
1 7
28
9 1
16 12
27 21
18 28
12 2
22 8
25 24
15 8
26 22
10 11
9 16
24 2
10 13
26 14
17 5
21 4
25 19
23 28
23 20
13 6
6 18
3 5
14 17
11 7
4 7
15 20
27 19
17
10 3
15 1
14 16
5 13
6 10
16 3
5 9
13 4
1 12
11 10
7 11
3 1
12 4
2 16
8 10
17 13
22
3 1
6 21
1 12
8 4
4 10
12 11
20 7
1 7
13 2
17 3
16 15
19 6
10 22
18 4
7 5
3 2
15 8
7 4
1 14
11 6
9 12
20
8 17
11 18
15 11
16 20
3 1
16 14
4 9
8 5
4 5
20 7
7 6
13 10
6 2
12 19
9 14
2 15
18 13
12 3
19 10
19
12 3
15 8
1 18
6 13
18 9
12 10
8 9
12 2
3 16
8 7
16 14
16 19
18 6
5 4
11 4
4 9
3 1
17 6
27
1 12
24 2
7 14
11 12
12 7
10 25
12 27
19 1
8 18
9 12
5 24
25 6
26 13
23 6
1 20
16 15
6 26
4 23
6 3
8 6
15 12
6 22
17 5
5 19
21 1
26 19
19
5 1
1 14
1 9
1 19
15 1
1 11
10 1
1 8
2 1
16 1
1 7
1 3
6 1
1 17
4 1
12 1
1 13
1 18
15
1 2
13 6
3 11
6 12
4 10
5 8
7 14
15 7
10 5
9 12
9 3
11 14
13 4
15 2
13
11 2
11 8
9 1
7 9
7 3
1 12
13 12
5 12
4 5
10 5
6 7
9 11
18
7 16
4 1
1 18
10 16
17 1
3 2
1 14
5 10
12 8
3 10
15 16
4 13
11 2
12 16
1 10
6 12
9 1
23
1 19
17 1
1 8
16 1
21 1
1 6
1 10
20 1
1 18
1 5
3 1
15 1
1 9
1 13
1 11
23 1
2 1
22 1
14 1
1 4
7 1
12 1
20
3 18
9 19
13 4
2 19
11 15
12 6
7 12
3 1
8 14
10 15
11 16
7 16
4 5
17 20
14 6
10 2
13 17
20 8
18 5
25
24 19
22 1
20 1
16 17
15 1
4 19
12 3
21 8
10 1
13 6
16 15
18 5
8 23
5 21
22 25
15 11
14 16
25 2
19 7
13 1
5 9
19 12
1 19
20 23
21
12 18
15 20
18 21
8 11
15 3
17 4
10 11
6 1
13 9
16 6
9 2
9 16
11 5
17 19
14 7
1 5
7 6
7 17
15 5
18 16
20
1 18
1 19
1 7
6 1
1 5
1 3
14 1
1 15
1 4
1 16
13 1
1 12
2 1
1 9
1 8
1 17
1 10
1 20
1 11
21
16 4
12 21
1 15
10 11
5 21
11 7
4 15
11 19
11 1
20 1
15 21
3 2
6 2
18 11
14 18
17 8
2 13
15 8
13 8
19 9
22
16 1
1 3
9 1
1 5
1 18
1 2
10 1
4 1
1 21
6 1
1 19
7 1
1 17
14 1
1 8
12 1
1 20
15 1
1 13
11 1
1 22
25
13 21
21 8
17 4
21 1
5 25
5 24
21 6
13 18
16 2
21 20
3 10
3 8
21 16
11 14
25 3
23 2
17 1
22 15
14 17
6 12
15 1
19 7
2 9
7 1
23
8 15
2 17
12 18
13 2
14 10
8 21
7 8
4 1
10 19
11 12
22 15
6 15
18 14
5 22
1 15
15 18
3 15
14 9
19 23
13 15
15 20
9 16
10
6 4
2 9
10 9
5 1
5 2
4 3
8 10
8 7
7 6
15
4 1
1 14
1 10
1 13
2 1
1 7
1 9
6 1
11 1
1 8
1 5
3 1
1 15
1 12
24
1 20
1 19
5 1
1 4
1 11
1 3
6 1
1 16
9 1
1 8
1 22
1 23
1 13
14 1
1 2
10 1
18 1
1 12
17 1
21 1
24 1
7 1
1 15
20
7 9
20 2
11 1
4 13
13 1
1 15
20 1
3 6
10 5
1 8
16 8
19 9
17 11
6 4
5 9
14 18
14 8
9 11
12 8
26
12 1
1 17
1 10
1 25
14 1
1 16
7 1
1 2
1 24
1 15
5 1
1 11
1 8
6 1
20 1
19 1
21 1
9 1
26 1
1 13
1 23
18 1
3 1
22 1
1 4
29
19 14
29 14
6 16
13 1
18 25
28 11
3 26
4 27
4 10
15 5
27 20
24 16
12 28
4 1
12 18
13 23
1 16
8 2
17 8
7 27
21 27
23 26
29 9
27 22
18 1
29 12
29 17
15 4
10
10 7
5 1
3 2
3 8
9 5
5 4
1 8
8 7
6 3
29
9 1
1 17
21 1
1 5
29 1
18 1
6 1
1 16
1 15
28 1
1 14
1 19
1 25
23 1
24 1
1 13
10 1
1 26
1 8
1 11
1 3
1 22
20 1
4 1
1 12
1 27
2 1
1 7
28
27 21
20 14
15 26
17 4
1 18
19 12
7 11
13 6
12 8
15 18
16 7
13 2
13 24
3 17
20 23
22 25
12 11
10 7
17 8
1 19
12 25
28 3
20 19
21 9
7 5
1 13
21 1
23
19 15
6 4
1 13
15 5
14 19
2 11
22 8
22 14
6 1
19 1
12 10
20 21
23 17
22 9
13 23
7 16
2 19
13 12
14 18
1 16
6 3
6 21
27
8 6
1 6
26 16
12 4
1 18
21 18
18 11
23 27
2 27
9 10
17 25
7 1
1 24
10 17
18 26
19 27
20 13
10 22
17 3
21 4
14 16
10 1
13 27
1 15
5 9
13 1
17
1 14
15 8
10 6
10 1
10 13
4 1
2 5
11 14
2 17
13 16
12 3
14 9
1 3
4 15
2 9
7 4
25
1 16
12 1
25 1
1 11
1 21
5 1
1 4
2 1
14 1
15 1
1 23
1 13
18 1
3 1
1 19
17 1
1 20
1 7
1 10
9 1
8 1
1 22
1 6
24 1
14
1 11
1 9
3 1
4 1
1 7
1 2
1 6
1 13
5 1
1 12
8 1
1 14
1 10
15
15 1
1 10
1 13
7 1
6 1
1 14
1 5
4 1
2 1
12 1
1 3
8 1
1 9
11 1
11
1 8
1 7
1 5
10 1
4 1
11 1
3 1
6 1
9 1
1 2
26
26 1
5 2
14 13
20 16
19 17
2 7
10 1
23 24
20 19
24 4
18 2
11 6
11 19
1 8
7 15
4 9
3 20
20 1
25 20
4 20
12 2
22 10
7 17
8 13
5 21
20
1 17
4 1
1 8
20 1
12 1
1 6
1 7
1 18
10 1
13 1
1 16
14 1
1 9
2 1
1 3
1 11
1 15
1 5
19 1
20
3 12
15 20
3 9
16 15
9 4
1 16
14 6
3 19
1 4
2 7
14 16
13 8
2 8
9 10
18 10
5 14
15 17
11 10
4 2
24
9 6
23 20
3 8
11 12
12 18
14 21
21 22
14 16
19 8
18 2
2 15
9 19
23 5
4 13
16 6
10 1
24 17
22 24
7 3
5 15
13 7
10 4
20 17
10
9 3
3 1
4 8
6 10
10 7
3 2
8 5
6 1
8 6
26
21 18
14 2
20 10
12 25
4 15
5 3
2 22
13 16
9 8
26 23
18 19
19 11
11 13
3 24
12 10
24 16
8 25
14 7
15 17
22 1
9 21
5 23
4 20
7 26
6 17
25
7 16
8 25
22 20
12 4
9 21
19 4
8 18
5 17
2 9
15 2
5 13
14 1
21 11
24 19
23 15
23 22
14 3
7 10
20 25
17 3
10 6
6 12
16 11
18 13
15
1 10
1 8
12 1
1 2
6 1
7 1
14 1
1 4
5 1
1 11
9 1
13 1
1 15
1 3
21
1 8
16 1
2 1
3 1
1 11
1 19
1 17
1 7
1 13
1 5
6 1
14 1
1 4
21 1
20 1
1 12
1 15
1 18
1 9
1 10
14
10 1
1 2
1 4
6 1
1 5
1 7
3 1
1 14
13 1
1 12
1 9
1 8
1 11
24
9 2
1 2
2 18
1 24
21 11
4 1
19 3
16 23
9 17
17 14
15 13
5 10
20 6
8 2
20 10
13 10
12 1
16 7
2 19
9 11
10 16
22 6
20 1
21
6 13
17 1
6 16
10 14
15 14
21 11
11 17
10 5
2 4
10 19
20 3
20 17
16 1
7 11
8 20
9 4
15 12
14 16
6 4
15 18
15
9 5
1 3
15 13
10 2
1 10
6 1
8 6
9 15
11 1
12 2
13 7
15 1
14 5
15 4
15
1 6
9 12
2 8
3 13
6 9
11 10
5 13
8 3
15 8
7 13
14 10
6 10
1 3
9 4
12
1 12
1 6
7 1
5 1
4 1
10 1
1 3
9 1
1 8
1 2
11 1
14
12 4
5 2
9 8
10 11
11 2
13 1
7 10
14 10
2 6
13 8
1 11
4 3
4 13
28
3 11
23 4
7 16
10 19
7 27
20 10
28 14
14 12
25 17
18 28
24 13
6 18
2 17
1 4
15 14
21 3
26 10
2 13
7 10
10 13
15 22
5 4
10 1
10 9
14 1
8 21
24 21
25
9 1
1 7
18 1
1 2
1 5
16 1
22 1
1 6
1 21
1 4
8 1
23 1
1 24
20 1
15 1
1 12
1 25
1 17
19 1
1 10
1 14
1 3
1 13
1 11
27
4 6
21 10
21 7
12 20
9 17
23 22
20 15
1 20
4 25
20 2
4 11
3 23
5 15
1 8
1 19
17 7
20 23
1 16
13 3
3 27
7 4
12 24
11 26
4 1
26 18
14 4
18
12 13
7 9
4 15
4 10
4 9
6 12
10 2
1 10
5 16
2 8
18 12
15 3
2 17
13 1
11 5
5 13
9 14
18
5 16
2 3
10 1
10 6
6 16
13 17
14 11
2 8
18 15
5 15
14 4
7 18
17 4
13 12
9 12
11 3
9 7
16
6 14
14 5
3 14
12 2
10 8
2 15
6 2
13 4
6 9
1 10
6 4
2 7
6 10
11 10
10 16
14
8 2
12 2
5 14
1 10
13 1
4 6
7 3
13 11
6 10
2 3
1 14
3 9
13 2
23
18 2
6 3
23 16
13 17
15 2
7 5
19 2
7 10
8 2
14 1
2 20
21 11
6 19
5 1
13 14
3 22
11 6
16 3
8 9
4 6
17 12
11 1
13
13 2
2 7
9 10
3 6
1 9
8 7
11 12
6 1
4 3
13 12
5 2
9 12
13
6 1
3 1
11 1
1 8
9 1
10 1
1 12
2 1
1 5
13 1
4 1
1 7
27
25 27
5 4
22 2
9 18
20 26
1 7
12 24
1 10
24 15
6 10
6 20
14 19
8 18
8 27
11 14
10 11
20 17
14 3
21 27
5 11
23 5
13 18
7 8
6 22
16 22
24 7
27
22 5
12 20
16 26
11 2
6 4
2 20
6 21
24 25
18 2
10 15
6 12
1 16
9 13
16 25
12 1
14 5
17 10
1 10
3 24
13 12
26 23
27 22
27 20
7 4
19 2
8 6
17
2 1
1 11
10 1
3 1
17 1
9 1
1 6
1 15
1 7
4 1
14 1
1 8
1 5
1 13
1 12
16 1
14
10 14
12 5
2 3
4 12
6 1
11 8
11 5
13 9
4 14
3 7
10 6
9 8
2 13
12
1 11
3 12
6 10
6 5
9 8
12 2
4 3
8 7
11 4
9 10
2 7
28
1 22
5 1
8 1
11 1
12 1
1 25
1 20
1 13
1 3
1 23
7 1
10 1
28 1
1 9
26 1
1 21
14 1
15 1
24 1
1 17
4 1
1 2
19 1
1 16
1 27
18 1
6 1
19
4 1
10 13
3 18
3 7
14 16
8 17
9 3
8 1
5 11
19 12
14 1
14 3
2 4
19 2
13 5
3 6
5 1
15 13
11
3 9
2 1
7 10
11 7
1 3
4 3
8 5
8 6
1 7
2 8
12
2 1
6 5
3 10
7 8
5 4
5 1
5 11
10 12
10 1
7 5
5 9
29
20 1
20 11
16 22
21 6
25 28
28 18
5 9
17 1
17 22
9 17
8 5
19 12
26 4
22 26
28 3
5 15
9 12
7 2
7 27
3 20
10 13
11 21
10 24
14 21
10 11
7 3
12 29
26 23
12
9 3
10 4
5 8
6 12
5 3
2 8
11 3
4 6
1 6
7 8
1 5
27
12 15
19 4
13 24
1 24
4 9
21 27
6 22
26 6
3 17
13 5
17 23
18 11
16 11
14 21
13 11
22 20
21 19
24 19
20 1
4 2
6 25
5 8
7 5
15 20
10 15
17 22
23
3 1
1 21
20 1
1 2
1 12
1 23
9 1
7 1
11 1
1 10
1 13
1 22
8 1
14 1
15 1
19 1
1 5
6 1
17 1
16 1
18 1
4 1
26
21 1
1 15
22 1
26 1
1 14
1 2
1 6
1 17
9 1
1 16
1 20
1 4
1 8
1 12
23 1
1 3
11 1
1 25
10 1
1 24
1 13
18 1
5 1
19 1
7 1
23
16 5
19 12
23 8
6 17
21 15
20 13
20 4
3 14
5 3
7 11
11 23
8 4
21 16
15 10
6 22
9 7
10 22
14 13
2 17
9 18
12 18
19 1
21
12 19
6 11
4 19
12 2
14 3
7 9
21 2
18 5
4 16
11 20
5 10
12 15
8 14
17 1
1 2
14 2
9 1
9 11
10 13
18 12
11
1 9
1 11
1 8
1 3
6 1
1 4
1 5
2 1
10 1
1 7
11
11 1
5 11
6 5
1 2
9 3
2 10
11 9
5 8
9 7
2 4
20
10 1
6 1
1 9
1 18
1 2
4 1
17 1
1 12
1 20
1 3
1 13
7 1
1 8
11 1
15 1
1 19
5 1
1 16
14 1
29
13 11
17 4
12 13
20 16
5 14
28 6
26 5
3 10
24 22
23 15
3 18
14 24
16 28
17 11
12 9
27 19
23 25
7 20
2 8
15 29
6 2
8 18
1 29
4 27
19 21
9 10
25 21
26 7
22
9 12
15 5
15 7
16 20
3 10
13 1
8 3
12 16
13 2
18 1
11 12
2 19
4 5
5 14
2 22
20 6
20 17
13 3
15 18
7 21
18 16
18
11 18
6 8
1 11
6 9
12 14
5 4
7 10
10 1
2 16
17 15
17 14
3 16
17 1
7 5
16 13
1 2
6 15
29
12 1
6 22
13 2
8 16
3 11
14 23
28 5
9 14
10 11
7 3
6 3
25 8
6 1
8 13
7 17
28 1
28 24
19 29
25 6
15 25
3 21
9 25
10 4
3 26
14 19
6 27
25 18
14 20
27
10 19
11 1
27 6
3 13
6 2
11 12
8 10
23 11
13 22
9 27
14 25
5 25
18 17
21 24
20 2
27 1
26 9
10 23
6 25
12 13
21 23
2 7
12 17
21 16
17 15
9 4
23
22 20
23 17
19 10
16 19
23 21
13 3
12 13
1 10
3 15
9 14
19 2
7 15
4 15
13 5
22 11
3 6
9 18
10 9
8 22
6 1
6 11
23 11
24
1 14
1 11
8 1
1 23
1 6
15 1
12 1
2 1
7 1
13 1
17 1
10 1
9 1
1 22
24 1
1 5
16 1
1 21
1 19
3 1
1 20
1 18
1 4
18
13 15
12 15
8 11
15 17
1 15
2 5
1 5
7 10
6 15
2 9
4 18
16 5
17 3
15 10
7 18
1 14
5 8
21
4 3
3 18
1 7
20 19
16 17
21 17
3 5
1 13
13 15
11 8
4 13
7 10
4 20
10 12
7 11
17 15
20 14
2 15
10 9
11 6
29
25 12
28 23
16 11
16 9
13 9
4 3
8 12
15 28
1 11
16 27
9 19
24 2
29 10
23 11
18 27
20 2
2 26
20 12
4 5
17 10
1 6
21 6
27 22
10 23
28 14
4 21
21 7
6 20
23
8 1
15 23
13 20
16 5
8 6
16 10
2 22
12 20
1 15
22 10
14 7
20 6
23 9
6 11
15 14
11 3
19 16
17 22
21 11
14 4
8 10
23 18
14
12 11
2 6
9 2
8 4
7 8
10 4
7 3
14 5
12 13
9 11
1 5
3 13
14 10
13
6 9
6 1
2 3
2 5
5 12
12 7
5 1
8 12
10 9
2 13
11 6
9 4
11
11 1
1 6
10 1
1 4
3 1
2 1
9 1
7 1
1 8
1 5
14
2 14
1 11
2 4
8 1
4 12
5 1
1 12
13 11
11 10
3 4
7 6
4 7
9 5
18
4 12
16 12
14 7
17 3
9 12
13 14
6 15
1 11
9 11
5 18
8 17
11 15
9 18
3 1
10 17
3 14
15 2
12
2 1
1 6
1 4
1 5
8 1
10 1
7 1
11 1
3 1
1 9
12 1
16
12 16
14 13
16 11
6 16
1 6
9 15
5 3
14 2
7 13
1 5
10 3
6 15
14 5
15 4
3 8
11
4 8
6 9
1 9
5 8
10 7
2 5
11 4
11 3
2 6
3 10
28
13 17
7 10
14 25
27 20
11 22
22 27
26 23
24 22
7 28
27 4
18 1
12 25
21 14
27 8
1 8
8 14
23 28
25 16
5 17
8 2
9 6
17 14
8 6
14 15
19 27
20 3
23 14
20
1 18
19 12
14 5
14 7
17 5
13 18
15 12
11 18
13 20
9 11
10 8
1 3
8 15
3 15
6 11
3 14
13 2
8 4
16 12
22
15 1
1 8
1 22
1 3
1 17
2 1
1 5
13 1
1 14
1 6
12 1
1 7
1 19
11 1
1 18
4 1
1 20
21 1
16 1
1 9
1 10
17
1 16
7 1
11 1
12 1
2 1
5 1
9 1
1 13
15 1
10 1
1 17
1 6
4 1
1 14
1 3
8 1
24
23 3
10 2
8 9
20 24
22 1
18 3
6 1
21 14
9 3
7 1
10 1
3 7
15 7
13 14
12 5
15 19
16 15
22 24
3 17
12 1
4 19
20 13
20 11
27
21 25
27 4
23 22
10 2
22 14
4 1
5 7
22 13
15 11
23 17
16 18
1 3
9 4
6 15
22 12
15 8
13 16
4 22
4 7
26 1
1 19
17 24
23 21
8 4
4 20
2 1
24
23 19
7 8
4 13
11 14
21 6
23 18
12 15
8 20
12 3
22 2
3 9
24 10
21 1
13 5
17 7
16 5
15 16
2 24
22 17
14 20
6 10
18 9
4 11
21
1 15
3 19
10 9
7 1
17 10
13 8
20 18
15 2
16 14
10 3
12 20
3 1
20 3
4 11
18 13
4 14
10 6
5 16
15 16
21 9
11
11 1
1 4
5 8
9 6
2 6
4 5
5 10
4 6
9 7
3 1
10
3 2
1 7
9 10
7 8
1 4
6 5
6 10
1 6
3 9
19
7 13
17 13
19 5
10 6
1 10
13 4
10 12
2 6
14 6
7 10
14 18
16 9
19 16
1 8
15 6
10 11
3 8
1 19
15
3 1
13 1
13 11
11 15
13 9
3 10
5 15
11 7
11 2
6 10
12 7
1 8
14 1
4 11
25
21 8
10 14
9 15
4 16
5 9
2 6
3 24
9 7
4 19
20 18
22 1
12 20
13 21
21 11
22 13
7 22
16 2
1 16
24 7
23 2
14 25
17 24
4 14
13 20
25
2 22
6 5
23 21
1 2
13 7
18 22
12 7
19 24
17 11
3 9
25 16
21 15
5 25
4 19
3 19
16 10
5 8
22 20
25 9
7 3
17 2
9 1
17 21
16 14
29
1 18
29 1
1 25
15 1
1 9
22 1
1 6
1 7
1 13
1 26
8 1
1 28
3 1
1 10
11 1
1 14
1 19
1 24
5 1
1 17
1 12
1 21
1 4
1 2
1 16
27 1
20 1
23 1
26
19 8
8 1
13 24
10 22
9 12
19 21
3 15
7 10
23 13
15 2
25 10
5 14
18 13
6 14
20 26
9 2
11 20
8 2
25 16
16 1
20 25
24 14
16 24
15 4
17 19
23
14 10
6 10
21 23
20 12
2 9
7 22
13 17
7 4
23 11
16 19
5 12
19 11
23 15
5 10
17 8
17 11
5 1
12 18
1 19
9 16
9 3
7 16
18
1 6
1 18
1 9
1 5
7 1
1 3
12 1
1 2
11 1
1 17
4 1
15 1
10 1
1 8
1 14
16 1
13 1
16
3 5
6 10
1 13
1 3
9 10
8 1
7 5
16 11
11 8
5 10
14 8
7 4
13 12
4 2
15 8
15
1 2
15 1
10 1
14 1
1 8
6 1
1 12
1 3
11 1
1 7
4 1
1 9
1 13
5 1
29
28 4
22 17
15 6
24 16
15 12
27 10
1 16
29 27
3 2
4 15
26 3
7 24
11 22
9 4
10 16
21 8
18 7
10 3
21 28
8 25
8 5
21 22
13 14
20 27
24 13
23 7
19 13
1 28
29
1 22
16 1
18 1
17 1
1 2
1 9
1 20
8 1
26 1
1 10
1 15
1 11
12 1
1 19
1 25
1 13
23 1
4 1
1 29
28 1
27 1
7 1
14 1
21 1
1 5
6 1
24 1
1 3
26
21 6
11 3
26 24
5 20
4 16
17 10
6 4
13 26
8 3
23 17
18 20
22 15
24 19
2 9
1 26
21 15
20 13
7 19
21 1
24 17
13 3
12 19
6 9
25 15
4 14
19
6 3
15 18
4 13
19 11
6 8
17 18
14 4
14 11
12 5
18 2
6 15
1 15
5 14
5 7
1 4
10 13
11 16
9 13
18
7 16
8 6
4 18
4 7
9 12
11 1
2 17
12 6
13 3
18 14
2 5
10 15
9 3
15 11
16 5
13 10
14 8
16
6 11
15 8
13 1
7 11
16 2
1 9
1 16
16 14
16 12
9 11
13 4
3 15
2 5
8 16
10 16
10
8 1
1 9
1 6
2 1
7 1
10 1
4 1
5 1
3 1
10
3 9
8 10
6 4
7 8
9 7
2 4
5 1
5 10
2 3
14
3 4
9 6
10 9
3 5
1 7
13 2
7 9
11 14
12 14
1 4
13 7
14 4
8 13
21
17 5
2 20
6 14
21 16
7 13
13 8
18 19
1 6
4 19
10 9
20 17
14 11
11 9
18 7
3 4
8 16
10 5
3 15
2 15
21 12
15
9 8
9 4
3 11
12 13
7 5
2 11
14 1
7 14
4 15
6 10
10 3
15 12
5 2
6 8
19
1 18
14 1
1 6
1 5
1 17
16 1
3 1
1 12
9 1
1 15
8 1
2 1
1 19
4 1
1 13
1 11
7 1
1 10
22
10 21
10 9
20 10
1 19
21 3
9 8
7 2
21 6
1 10
15 21
22 17
12 1
1 14
13 14
12 16
22 2
19 4
18 10
22 1
16 5
11 2
13
1 13
12 4
6 9
11 12
1 2
1 12
9 1
6 7
9 5
10 1
11 3
1 8
15
1 6
9 14
8 5
5 13
2 9
9 6
12 7
1 13
5 11
15 3
4 12
3 10
6 3
12 13
20
13 1
5 1
4 1
18 1
20 1
1 11
17 1
9 1
1 14
8 1
16 1
1 15
1 2
12 1
6 1
1 3
1 19
1 10
7 1
21
4 8
17 21
2 19
7 3
1 16
16 2
14 17
1 21
11 2
12 13
21 7
4 12
4 5
13 9
10 17
19 15
16 12
18 19
13 6
20 7
28
1 22
3 1
1 16
1 18
1 14
1 27
25 1
11 1
1 17
6 1
15 1
1 26
1 8
12 1
1 28
1 19
1 21
1 2
4 1
20 1
1 5
1 24
1 23
10 1
1 13
9 1
7 1
24
11 22
24 9
14 2
17 2
19 15
10 12
14 6
8 22
23 20
19 12
6 16
18 7
21 1
13 3
9 13
4 23
11 5
17 3
20 15
5 10
21 18
4 24
7 16
18
7 1
18 10
1 13
11 13
14 18
4 11
13 17
16 8
16 3
11 2
9 5
12 15
16 7
5 7
15 17
5 6
17 18
10
10 7
3 4
8 5
2 5
9 1
1 5
9 10
3 9
10 6
11
3 2
7 4
9 7
11 8
2 10
6 1
9 8
5 4
6 10
3 11
21
5 6
6 10
3 12
8 7
12 14
14 18
13 16
17 11
18 21
20 8
4 15
9 4
17 20
5 9
21 2
2 11
19 16
19 1
13 15
10 3
11
9 6
11 9
8 7
4 2
10 7
1 7
5 9
11 1
11 2
2 3
20
11 6
10 12
17 15
15 2
13 19
5 20
9 13
1 15
14 3
16 15
5 2
1 13
11 13
19 4
7 11
8 1
14 10
13 14
15 18
26
22 6
4 20
21 5
20 8
9 7
22 18
22 23
13 26
25 20
1 11
22 24
19 5
13 20
16 26
12 9
24 10
2 5
20 9
9 22
12 1
21 17
3 24
14 25
16 15
21 12
10
6 2
1 7
7 9
1 2
8 2
10 7
5 6
3 8
8 4
14
3 2
8 4
6 7
13 8
11 3
1 10
13 2
9 4
12 14
12 11
10 14
6 5
7 9
16
1 4
9 1
1 12
1 15
1 6
1 8
14 1
1 10
1 13
11 1
1 3
16 1
2 1
5 1
7 1
27
21 5
15 6
1 26
18 1
3 13
10 15
22 5
4 10
27 13
9 15
23 2
25 13
18 15
19 14
1 14
3 17
4 12
25 1
22 8
20 12
5 16
2 22
25 7
22 14
13 24
11 18
10
9 1
1 2
3 1
6 1
1 7
1 4
1 8
5 1
1 10
23
18 22
7 3
3 16
18 8
10 14
9 23
23 17
4 20
13 15
2 11
4 16
13 19
6 8
20 5
6 5
19 9
2 17
7 21
12 21
14 22
15 12
10 1
25
18 1
16 1
1 6
20 1
14 1
1 19
21 1
1 17
1 25
1 24
1 4
2 1
9 1
5 1
13 1
1 8
7 1
15 1
3 1
1 11
12 1
1 10
22 1
23 1
13
13 1
8 1
1 9
3 1
10 1
7 1
1 4
1 5
6 1
1 12
11 1
2 1
28
17 1
1 21
16 1
12 1
3 1
1 20
1 11
1 6
1 23
1 19
7 1
10 1
5 1
28 1
1 9
1 2
1 14
1 15
1 4
18 1
27 1
8 1
26 1
22 1
25 1
13 1
1 24
14
8 2
6 1
5 14
3 11
6 10
12 13
14 7
9 4
7 3
12 10
8 13
9 2
4 11
21
7 1
2 1
1 13
15 1
1 6
18 1
1 12
1 16
1 9
20 1
1 17
1 8
1 3
14 1
1 5
1 4
1 19
1 21
1 10
1 11
21
9 21
8 13
18 20
1 2
20 1
3 13
21 10
16 19
18 6
1 19
14 4
1 13
1 7
1 10
17 10
1 15
5 14
14 1
12 19
8 11
10
10 5
5 1
7 10
6 1
5 8
2 6
8 3
6 9
8 4
18
5 4
11 6
9 15
8 7
14 13
7 1
10 12
11 9
17 15
2 4
12 17
18 16
18 3
8 3
14 16
2 6
10 13
26
1 25
4 22
21 2
24 1
20 4
1 26
17 25
22 1
12 21
8 1
17 18
20 14
9 22
13 26
19 24
23 3
22 3
5 25
19 15
6 12
10 9
21 19
1 7
16 12
11 1
28
27 28
28 2
2 21
25 18
3 15
6 13
9 24
11 8
21 23
26 12
18 7
20 19
16 20
11 5
13 17
23 7
17 14
16 22
24 19
27 4
5 1
8 15
9 10
4 26
14 22
12 3
25 6
29
11 3
23 3
29 4
24 17
15 8
9 7
20 10
29 10
14 16
1 9
28 16
6 17
17 11
19 1
22 12
17 9
19 15
5 19
27 16
10 18
10 13
1 18
25 14
26 10
25 2
1 12
21 28
14 1
19
14 11
1 11
17 7
10 9
13 3
5 3
4 17
16 19
11 6
7 8
9 11
3 15
18 1
13 14
7 12
5 2
11 19
9 7
16
5 16
3 1
10 15
3 16
9 13
3 14
12 15
7 16
1 15
6 14
12 8
12 9
4 14
2 10
10 11
20
1 19
10 1
1 13
8 1
9 1
16 1
17 1
14 1
1 3
12 1
7 1
5 1
1 15
1 2
20 1
11 1
1 4
1 6
1 18
11
3 1
7 1
9 1
1 8
11 1
1 5
10 1
6 1
2 1
1 4
29
29 19
29 10
12 26
22 28
11 20
7 19
2 11
26 7
23 21
13 12
5 18
21 28
27 4
27 24
9 15
2 3
1 14
10 18
5 8
15 6
14 25
20 17
3 8
23 13
4 6
25 9
24 16
16 17
15
13 3
10 13
13 8
2 15
6 14
12 15
7 11
15 9
10 7
10 1
4 6
9 6
1 9
5 7
14
4 14
9 3
5 4
5 7
12 2
6 8
10 13
10 8
1 12
9 6
7 2
3 11
14 13
15
10 11
7 12
8 15
4 2
1 2
9 4
3 15
12 13
7 1
12 5
7 15
4 14
10 2
6 10
21
1 10
8 1
1 20
1 15
6 1
21 1
3 1
1 12
1 16
1 14
1 18
1 5
1 13
1 7
1 17
1 4
1 19
1 11
1 2
1 9
13
8 13
6 4
2 9
12 4
4 11
5 13
3 13
12 10
1 8
9 7
8 9
12 1
12
1 6
1 11
1 9
10 1
1 3
5 1
1 4
1 12
1 8
7 1
2 1
11
5 8
8 10
2 1
9 3
6 2
9 11
4 2
3 1
8 3
7 9
23
5 14
22 20
18 19
16 11
14 13
8 2
12 1
3 1
22 1
19 21
1 13
2 5
16 14
5 9
17 4
10 12
8 23
17 22
17 21
14 6
20 15
13 7
28
10 12
2 8
10 17
23 1
11 26
8 14
4 5
27 18
6 7
26 25
28 3
9 3
18 23
20 16
15 5
9 22
19 17
27 4
22 11
16 28
14 13
21 13
12 7
15 6
2 24
20 24
19 21
17
8 15
5 8
14 10
11 13
17 11
14 3
3 7
7 13
2 12
4 1
9 6
5 6
4 15
17 9
12 16
10 2
28
6 12
14 27
7 28
26 25
5 4
26 3
20 19
28 5
21 1
23 8
2 1
27 22
1 24
7 15
26 19
28 17
23 16
13 27
19 6
23 4
21 5
5 22
25 1
18 27
28 10
11 20
5 9
19
12 11
13 14
5 17
7 15
13 16
2 7
5 14
4 16
3 16
10 19
1 8
5 6
11 18
19 8
7 8
13 11
14 1
19 9
19
14 13
6 17
13 3
18 6
7 8
4 1
11 1
9 12
17 19
12 11
11 6
10 4
13 9
6 2
7 11
6 16
5 19
9 15
27
1 26
1 21
6 1
11 1
1 19
1 16
1 2
1 27
3 1
1 5
22 1
1 10
13 1
23 1
4 1
1 8
1 9
25 1
12 1
18 1
15 1
20 1
17 1
1 24
14 1
7 1
14
3 13
10 13
5 11
6 8
3 8
14 11
12 11
7 13
12 1
1 3
9 2
9 12
4 8
18
5 1
17 4
7 2
3 8
4 15
10 5
18 16
12 9
10 14
18 8
3 2
14 15
7 6
11 16
13 17
13 6
12 11
26
13 23
18 9
10 6
9 16
9 23
25 6
12 4
7 18
23 24
26 1
15 6
16 1
19 2
22 19
16 15
21 15
20 4
14 26
21 3
11 5
26 19
17 21
18 8
4 14
5 14
19
15 17
4 13
16 8
16 5
18 17
8 12
6 3
7 3
19 11
1 15
12 4
10 4
17 2
14 19
12 1
19 15
3 8
9 16
13
1 3
1 12
1 11
1 10
1 13
1 5
8 1
1 4
1 2
6 1
1 9
1 7
22
9 12
14 21
11 13
14 22
13 7
4 5
2 20
1 8
4 3
9 8
17 15
11 3
15 16
9 19
11 1
10 7
2 6
2 13
18 4
14 3
8 15
21
4 7
17 7
7 1
18 4
14 9
10 6
19 15
7 8
4 20
6 21
2 19
7 5
13 3
16 1
12 9
3 9
4 11
4 15
7 3
15 21
12
11 1
12 1
1 7
8 1
1 10
3 1
1 5
1 2
1 9
4 1
1 6
26
10 14
18 12
6 19
18 16
21 5
17 16
26 3
19 11
20 26
8 20
22 7
2 25
22 24
24 9
6 14
5 12
13 11
1 21
13 2
15 8
25 15
7 23
3 4
17 23
9 10
27
24 18
13 23
27 21
13 3
10 16
20 15
4 11
15 5
2 12
10 23
18 12
15 18
13 17
4 27
22 10
1 4
9 21
26 27
8 26
24 23
25 11
26 19
24 1
21 7
14 12
6 11
25
20 10
3 24
11 12
14 10
25 14
15 5
4 25
23 22
5 16
21 8
17 15
17 2
11 24
22 1
3 23
12 9
18 6
9 7
2 18
6 7
19 8
21 16
13 4
20 19
10
7 8
6 2
10 1
6 4
10 7
3 9
10 3
1 6
3 5
16
10 4
12 9
9 16
7 12
8 14
6 15
4 13
13 8
5 10
1 14
2 11
3 5
7 15
3 16
6 11
17
11 3
14 1
16 11
13 14
7 15
12 13
7 1
16 8
10 1
14 11
5 11
16 4
15 2
7 17
6 11
11 9
13
2 11
3 6
6 9
5 7
5 9
6 8
10 11
9 1
5 4
11 13
12 10
10 1
23
18 1
8 22
22 13
20 23
1 17
21 13
14 1
20 5
2 18
9 18
16 7
1 19
1 5
3 15
3 4
21 5
11 9
6 10
1 3
5 6
20 16
13 12
12
12 1
3 1
1 4
1 9
1 5
10 1
6 1
1 2
1 7
8 1
11 1
23
1 9
1 23
12 1
1 6
1 2
1 7
1 15
1 5
8 1
1 17
16 1
18 1
1 20
1 21
22 1
1 19
1 10
1 3
1 14
4 1
13 1
11 1
25
1 2
11 1
1 17
21 1
12 1
1 3
1 13
1 23
7 1
18 1
1 10
1 15
1 25
1 8
24 1
1 6
1 22
9 1
1 5
14 1
20 1
1 19
16 1
4 1
21
9 13
15 4
11 5
14 1
18 15
19 10
9 7
20 13
13 1
13 6
3 19
12 18
12 16
19 1
8 7
12 21
4 9
4 17
13 2
5 13
22
2 1
1 7
21 1
17 1
1 20
1 5
12 1
1 19
1 4
13 1
1 15
1 14
9 1
1 6
11 1
1 8
1 10
3 1
1 22
1 16
18 1
29
17 1
20 1
1 4
15 1
9 1
1 28
1 22
12 1
1 21
10 1
1 11
23 1
1 2
26 1
3 1
1 25
1 6
8 1
1 19
1 16
5 1
1 13
18 1
1 7
14 1
1 24
29 1
1 27
12
10 3
12 9
3 11
1 10
9 1
12 7
9 2
3 5
6 10
6 8
6 4
27
9 27
14 9
20 5
25 6
19 2
24 17
27 26
21 7
18 11
12 19
21 22
10 20
14 18
15 6
2 23
3 23
4 16
26 13
1 15
25 24
11 4
8 22
7 16
5 3
17 13
8 10
16
2 5
7 9
5 16
9 8
5 6
3 13
11 14
4 11
14 15
10 9
16 1
10 11
1 10
13 16
12 13
11
4 10
5 2
6 1
6 9
7 8
1 8
1 2
11 1
10 1
3 6
20
15 1
4 20
6 18
4 9
17 6
14 2
6 1
15 12
4 17
14 16
18 11
8 18
3 5
11 7
13 12
3 10
3 17
15 14
12 19
15
10 15
4 7
8 4
7 5
2 3
9 3
12 14
11 13
14 2
10 11
9 8
6 1
12 13
15 6
28
26 27
13 7
23 26
24 12
18 22
11 20
18 12
23 17
8 4
1 2
21 19
4 13
9 1
18 9
23 10
9 28
6 4
23 9
11 25
19 7
15 23
24 5
16 3
6 16
11 4
14 13
4 18
18
5 8
6 13
16 4
2 7
10 11
16 11
14 12
3 8
15 3
14 9
1 6
2 9
18 10
17 5
13 12
7 18
17 4
13
1 13
1 5
1 3
1 9
8 1
4 1
1 7
1 12
1 2
1 10
1 6
11 1
21
19 10
8 19
10 6
5 20
12 3
16 15
6 9
12 18
20 17
18 14
17 7
2 4
8 5
11 21
7 21
9 13
1 14
2 11
4 3
13 16
24
1 11
16 20
11 18
21 6
3 16
22 21
18 12
23 17
5 8
14 24
13 24
16 22
7 23
18 23
19 21
12 10
11 22
1 13
15 5
15 2
9 12
4 24
5 13
12
10 12
3 2
1 3
3 5
8 1
7 1
12 1
4 12
6 3
9 12
11 8
29
11 15
22 24
9 21
13 3
4 3
10 19
25 28
20 26
8 29
27 21
12 5
8 16
19 24
6 14
18 23
26 9
15 23
18 7
17 2
25 5
28 16
22 1
20 17
12 10
13 2
27 11
4 14
7 29
29
15 10
29 7
6 20
1 27
29 1
3 19
17 7
27 5
13 26
7 4
25 17
23 14
14 16
13 15
18 19
28 1
21 11
22 1
1 16
21 29
19 13
20 16
8 26
24 21
2 21
13 12
16 15
26 9
26
6 24
1 10
24 10
2 20
6 9
3 1
16 1
26 15
24 8
11 25
1 23
15 17
1 13
25 15
4 15
16 12
10 26
24 19
24 18
21 7
5 19
3 21
14 18
22 18
20 10
17
14 11
7 3
14 7
16 4
6 2
9 2
17 2
17 12
4 8
5 11
4 12
11 15
12 1
10 7
1 14
17 13
12
6 2
2 8
4 9
11 4
6 5
1 4
6 1
12 11
9 3
11 7
9 10
12
1 7
10 1
1 12
1 8
1 5
1 4
1 6
1 3
1 2
9 1
11 1
23
13 22
12 16
19 5
15 6
20 4
9 7
15 3
2 12
2 7
6 19
17 8
5 14
10 17
18 23
22 9
10 3
8 16
21 11
13 11
20 23
18 14
21 1
24
6 13
7 1
2 1
3 7
1 23
14 20
1 17
24 17
18 19
4 1
9 7
14 17
1 18
21 7
5 1
19 11
12 21
2 16
7 13
4 8
2 22
24 15
3 10
25
1 16
24 1
9 1
1 15
1 2
22 1
1 18
1 7
1 23
1 11
1 17
1 4
5 1
1 6
12 1
1 3
14 1
25 1
1 21
13 1
1 19
8 1
1 20
1 10
19
4 13
11 9
3 12
19 7
16 14
18 12
4 1
2 13
8 11
10 2
2 15
5 19
19 17
14 6
11 5
13 12
1 5
14 4
13
4 2
2 3
7 12
11 13
2 10
9 6
13 10
13 5
1 6
12 6
12 8
1 10
15
1 12
13 4
15 12
6 11
3 13
10 15
5 3
14 5
9 14
7 6
2 8
11 10
8 9
4 7
21
2 6
6 16
7 18
3 1
11 12
10 13
8 7
13 5
5 14
16 9
19 17
21 7
19 1
1 16
18 1
4 6
5 15
7 12
13 19
14 20
16
1 6
1 16
1 2
9 1
1 7
12 1
4 1
14 1
5 1
3 1
11 1
1 10
8 1
13 1
15 1
22
2 1
13 1
9 1
1 21
1 6
1 5
1 7
1 19
1 15
1 3
1 12
1 14
1 8
17 1
20 1
1 4
22 1
1 11
16 1
18 1
1 10
27
10 6
27 25
16 19
8 22
21 5
2 23
17 21
11 21
19 24
13 11
9 7
13 19
15 6
26 6
16 23
10 3
22 1
13 6
21 14
12 22
7 20
15 4
1 6
6 7
22 18
27 16
19
6 14
12 8
10 9
18 13
10 4
18 19
3 6
1 3
15 3
6 5
11 17
10 13
16 18
2 11
7 8
8 15
11 15
13 1
12
2 9
3 4
7 2
12 1
11 3
1 8
1 2
7 10
6 8
1 5
11 1
12
7 10
12 10
4 12
8 9
9 5
2 9
9 6
1 6
1 10
9 3
11 1
27
7 8
15 13
5 21
2 19
6 21
7 1
19 11
1 12
23 11
2 26
15 14
18 3
12 14
2 27
19 7
12 5
17 5
3 14
10 21
17 24
16 15
3 25
11 4
9 8
17 22
8 20
12
4 1
6 8
6 9
7 10
3 11
11 10
3 8
2 9
4 5
7 12
5 2
20
2 11
17 18
19 3
3 18
1 18
10 5
18 7
18 4
18 9
13 6
10 6
4 12
8 20
9 20
1 16
2 15
19 13
2 16
14 7
15
1 10
8 1
1 13
12 1
1 4
14 1
1 15
1 2
1 3
7 1
9 1
1 5
6 1
11 1
29
12 27
24 27
29 2
22 14
19 6
17 23
21 23
1 2
3 26
23 1
17 9
22 10
5 27
14 18
10 2
1 4
6 23
7 10
2 25
16 18
2 8
20 24
15 24
8 13
26 22
29 28
24 1
11 16
11
8 6
8 10
9 7
11 5
1 10
4 9
11 1
2 8
3 11
10 9
16
13 7
4 1
15 12
9 2
4 9
4 13
15 11
6 10
6 12
12 1
13 16
9 8
6 14
15 3
11 5
28
1 8
4 1
22 1
1 18
1 24
1 9
26 1
10 1
16 1
1 20
1 23
19 1
1 7
2 1
1 3
21 1
6 1
12 1
1 25
1 28
1 11
15 1
17 1
27 1
14 1
1 5
1 13
29
1 12
22 1
16 1
1 26
1 25
1 21
1 3
7 1
17 1
14 1
1 19
5 1
1 9
18 1
8 1
15 1
13 1
1 11
1 23
10 1
1 27
1 20
6 1
28 1
2 1
1 24
1 29
1 4
27
8 25
7 19
20 13
22 23
6 3
20 27
14 8
21 20
9 4
27 6
9 12
13 14
15 8
20 10
10 18
23 27
16 6
27 9
7 27
23 17
7 26
24 21
27 11
22 2
1 13
5 16
26
1 23
1 9
21 1
1 25
1 15
1 26
4 1
1 20
1 24
1 11
13 1
2 1
1 6
8 1
19 1
1 5
1 18
1 22
1 3
1 14
12 1
7 1
1 17
1 10
1 16
17
4 1
1 7
12 1
1 10
13 1
9 1
1 5
1 11
1 8
1 2
16 1
1 14
3 1
1 17
15 1
6 1
12
2 1
1 10
9 1
8 1
1 3
4 1
1 7
1 12
1 6
5 1
1 11
20
4 1
1 3
13 1
17 1
1 10
1 12
1 9
7 1
1 5
1 2
1 16
1 14
18 1
1 20
1 8
6 1
11 1
19 1
1 15
27
18 23
8 27
11 23
20 9
14 26
16 14
23 12
15 11
17 9
7 22
7 4
24 2
3 6
7 6
3 9
18 13
27 26
10 11
1 12
5 2
27 21
26 12
14 19
18 25
3 2
1 6
29
3 4
21 18
11 7
16 8
7 20
5 23
8 26
27 15
15 6
19 28
4 13
2 13
1 10
29 18
12 25
28 9
20 24
16 6
21 14
22 10
12 24
26 17
5 2
19 23
9 27
17 29
14 22
3 25
23
1 17
1 16
1 6
1 2
1 13
1 10
1 4
1 22
5 1
8 1
1 7
23 1
12 1
15 1
1 3
1 20
9 1
1 18
1 11
21 1
1 14
19 1
27
26 25
24 14
3 19
6 13
27 12
1 22
20 16
24 8
18 20
1 10
9 11
4 9
24 1
13 19
9 14
25 21
13 23
1 21
5 14
21 2
25 16
15 7
19 1
24 7
12 9
12 17
21
18 10
20 15
14 7
11 20
17 11
16 17
14 9
12 2
10 8
6 2
9 1
2 3
7 21
14 13
17 19
11 9
10 3
4 20
1 3
5 7
29
7 22
25 22
14 28
6 11
17 23
21 16
13 3
12 20
5 16
12 19
17 24
10 27
24 15
2 24
11 25
3 24
18 3
19 29
25 17
9 6
23 12
25 26
10 8
10 12
14 23
23 16
22 4
23 1
24
23 14
21 23
18 1
23 9
5 20
1 24
9 17
22 8
23 7
4 18
16 18
10 19
15 16
6 9
9 2
10 14
12 14
14 8
3 21
22 11
20 14
19 13
1 20
22
9 14
15 12
12 9
1 3
18 17
20 17
1 14
10 1
21 16
4 10
2 3
11 14
19 21
14 16
1 13
17 8
8 11
7 8
11 6
5 1
22 16
25
14 5
14 6
2 16
25 19
21 8
17 6
10 24
22 18
5 4
10 20
8 15
24 12
13 16
4 23
1 21
11 7
9 17
18 3
2 7
3 12
11 9
25 23
15 13
22 19
29
23 29
10 16
9 14
27 4
2 25
2 1
4 6
29 19
21 18
15 20
18 28
26 8
22 7
20 17
5 24
11 26
19 14
28 17
12 3
12 27
3 24
22 16
15 5
13 23
9 25
21 8
11 7
13 6
23
16 3
13 20
1 20
13 23
21 14
1 17
5 17
2 11
2 6
10 13
2 18
7 5
10 8
15 10
4 14
7 19
2 13
1 22
20 3
13 21
3 12
9 23
20
8 7
14 11
3 1
1 10
20 18
17 1
13 7
20 16
11 18
9 10
5 4
6 1
12 5
20 19
15 18
6 2
4 7
18 12
5 1
25
5 3
18 25
10 2
5 25
19 16
8 7
4 24
2 14
15 1
24 12
15 10
7 17
20 6
20 23
3 1
11 2
5 21
24 22
25 13
4 7
9 19
15 4
3 20
19 10
21
12 13
1 4
3 9
10 13
2 1
1 9
17 11
14 21
19 9
5 1
5 20
7 11
14 11
7 1
12 9
9 15
18 12
12 16
8 10
1 6
13
1 5
6 1
9 6
5 4
12 7
2 3
9 13
11 12
3 8
6 12
10 9
3 5
11
4 3
9 1
3 2
11 10
11 3
1 3
5 9
1 7
6 3
8 10
16
6 11
9 11
11 7
8 7
12 5
3 5
8 16
4 6
13 12
8 2
14 12
3 15
3 10
1 5
7 1
22
18 1
1 2
1 17
1 6
14 1
1 9
16 1
1 4
7 1
1 19
1 11
1 15
3 1
1 22
20 1
1 10
21 1
1 12
1 13
1 8
1 5
11
1 11
10 7
11 9
8 4
2 6
6 8
4 7
5 2
3 10
5 9
21
15 17
10 11
3 19
21 13
15 21
2 1
11 6
8 11
1 20
6 9
7 6
16 2
6 13
4 20
1 18
12 10
19 20
2 14
13 5
1 13
10
10 8
9 10
3 6
3 9
7 2
9 1
4 7
5 3
9 2
28
1 13
6 16
14 4
3 19
13 17
20 24
27 22
19 15
3 28
23 7
28 17
12 9
18 7
22 15
5 8
2 4
26 27
23 10
9 5
24 21
11 12
20 10
16 25
2 21
11 25
14 8
6 26
24
18 22
11 17
4 5
7 5
6 19
1 18
4 10
21 7
14 15
13 22
20 8
3 9
23 10
16 13
9 8
17 12
11 2
24 12
15 2
21 6
24 19
23 20
3 16
25
15 11
21 2
10 22
3 5
25 14
13 15
6 8
5 11
5 16
12 1
25 18
22 19
15 1
23 1
2 1
22 8
25 9
11 17
20 10
10 1
24 15
2 25
4 15
9 7
21
19 20
10 9
13 10
3 15
21 4
1 20
6 18
5 16
9 19
21 7
18 13
14 5
6 3
8 7
17 16
12 2
15 2
4 12
8 11
17 11
10
5 8
7 10
4 1
7 2
2 8
10 4
3 9
9 6
5 3
23
2 11
6 10
1 21
5 8
7 1
17 20
1 14
13 17
12 1
9 6
1 3
17 5
20 23
9 18
20 11
16 22
21 16
13 7
19 21
4 15
15 17
9 1
20
4 17
17 2
1 12
14 7
5 17
3 1
3 11
13 11
4 14
18 12
15 16
19 5
1 8
9 11
3 5
13 20
19 15
10 20
11 6
12
6 4
2 7
12 5
2 4
2 10
10 3
3 12
9 2
2 11
11 8
10 1
11
6 4
6 3
1 5
11 5
7 9
9 8
10 5
6 2
9 3
1 3
14
5 3
6 10
8 7
7 1
12 4
13 11
8 9
6 9
14 4
10 14
5 13
11 12
3 2
14
11 7
10 6
2 5
9 6
4 11
12 4
7 10
8 13
13 1
3 2
14 8
5 9
12 14
19
2 17
5 16
19 1
11 1
3 5
5 4
13 12
6 17
7 8
17 14
10 14
14 18
10 1
14 9
12 2
7 18
15 2
1 5
18
11 13
13 7
14 6
10 7
18 12
12 4
1 3
17 9
15 17
15 1
5 6
2 17
7 8
3 12
6 3
15 13
11 16
19
10 4
1 11
6 4
12 13
14 4
16 1
1 14
1 9
5 12
18 19
16 19
13 18
19 2
16 15
7 11
16 17
17 3
11 8
23
1 7
19 15
2 23
6 4
10 11
7 5
8 23
15 20
10 17
23 21
4 5
9 14
17 14
16 10
22 4
18 21
1 17
21 7
18 3
12 14
5 15
13 18
29
15 17
25 29
14 27
2 20
1 25
23 8
5 4
13 6
3 2
26 22
15 28
1 12
4 1
1 22
13 19
17 23
9 11
22 17
27 25
6 22
12 24
22 3
10 13
25 16
27 9
21 18
19 18
7 22
12
1 9
7 3
5 10
10 12
8 10
1 5
2 4
11 4
6 9
9 7
5 4
10
4 10
2 10
3 6
9 2
5 9
7 4
1 5
6 7
3 8
16
7 1
15 6
8 16
13 9
9 10
7 16
15 12
5 4
12 1
11 15
2 3
12 4
2 4
16 14
7 9
18
18 16
12 2
4 16
11 15
10 18
5 17
1 7
14 10
3 11
9 5
15 14
4 6
17 13
8 3
6 13
9 12
7 8
27
15 1
1 3
8 16
3 2
16 14
26 24
14 5
17 10
7 8
19 9
27 10
3 17
25 1
12 13
23 10
11 8
20 17
9 3
18 9
24 17
22 27
6 16
1 4
13 17
27 11
21 13
18
12 3
9 11
10 7
14 18
9 13
2 6
9 8
4 15
11 1
16 2
11 3
5 3
1 14
2 18
17 7
18 4
7 14
25
1 23
8 1
1 24
1 17
9 1
1 11
1 18
1 19
1 6
4 1
1 10
15 1
13 1
21 1
7 1
12 1
20 1
1 25
22 1
16 1
1 2
3 1
5 1
14 1
22
2 6
15 16
20 8
8 2
15 9
7 13
20 17
12 3
19 14
4 5
10 14
22 7
6 4
14 6
11 15
16 1
7 16
21 20
2 1
12 8
4 18
26
22 6
18 22
17 24
9 17
26 20
23 19
21 22
25 17
14 21
8 12
14 7
1 4
20 15
1 10
11 14
20 16
19 13
8 5
21 10
2 3
3 15
24 8
4 19
15 4
10 24
28
23 9
14 18
10 26
27 10
5 14
1 18
22 3
24 22
16 4
19 12
16 26
28 6
15 28
19 20
6 21
7 17
27 2
5 4
9 2
7 13
21 11
8 23
8 15
20 25
25 13
24 12
3 11
29
8 27
29 1
19 10
19 16
23 26
7 25
23 5
25 14
15 22
22 25
21 5
28 27
29 22
12 18
19 12
12 20
8 4
11 28
2 15
9 8
27 18
20 13
29 23
20 24
1 18
28 17
6 15
3 5
28
22 7
4 8
20 26
6 21
10 20
21 24
21 5
7 1
13 20
2 13
1 10
24 25
18 11
11 17
18 19
9 18
23 4
25 12
27 5
28 7
3 8
18 7
24 16
4 15
4 14
21 7
8 9
27
1 9
19 26
22 13
4 18
24 1
20 21
25 8
12 25
26 10
6 13
4 2
3 5
3 23
7 4
22 24
17 13
27 21
26 9
21 12
24 7
16 15
11 15
14 25
7 3
22 15
9 12
13
13 8
13 1
5 7
6 9
1 12
1 6
11 2
7 10
13 4
4 3
7 2
1 7
28
15 10
4 20
28 12
19 15
26 13
28 7
11 24
9 15
14 6
5 2
21 26
18 27
23 18
17 23
25 9
18 12
28 8
1 26
22 17
24 8
27 20
10 26
18 3
16 5
14 9
26 12
10 16
28
4 1
6 1
22 1
19 1
28 1
13 1
12 1
1 5
1 14
1 7
1 11
1 24
9 1
17 1
1 27
10 1
1 23
25 1
1 3
1 20
1 8
2 1
18 1
1 21
15 1
16 1
26 1
23
21 16
9 13
17 8
11 18
15 3
20 8
14 13
1 17
2 21
5 7
19 8
22 14
18 23
22 1
7 14
17 15
15 4
21 10
2 18
12 13
7 6
22 2
24
2 21
2 12
13 21
10 3
7 24
12 1
4 8
5 15
19 24
24 2
5 18
18 9
17 9
18 1
6 10
23 12
15 20
16 9
4 22
5 11
23 10
23 4
21 14
28
1 6
20 1
1 22
1 19
1 25
1 11
10 1
1 24
26 1
4 1
1 18
1 8
21 1
1 9
1 15
1 28
16 1
1 3
23 1
1 7
14 1
1 17
1 12
1 2
5 1
27 1
1 13
17
13 14
8 15
11 14
7 4
12 2
15 9
13 15
5 4
17 13
3 6
7 6
13 16
4 10
1 15
4 15
9 12
29
21 11
20 12
2 23
8 10
17 6
13 3
16 27
14 17
11 25
15 12
9 5
5 26
16 29
1 25
19 3
1 15
11 2
27 17
24 20
20 4
28 21
3 10
21 7
27 15
12 5
10 25
18 16
22 2
21
5 16
15 14
10 6
5 9
2 18
4 12
1 21
18 20
4 21
18 11
3 19
7 6
14 11
13 5
1 11
8 14
4 6
16 19
16 21
17 19
24
5 20
6 17
4 11
23 2
21 18
4 6
10 5
17 13
16 15
24 1
15 23
13 21
3 7
12 10
24 9
9 18
12 22
2 11
7 14
16 3
8 14
20 19
22 8
16
1 15
1 7
11 1
14 1
1 13
1 2
1 4
1 3
9 1
1 6
8 1
1 10
1 12
1 16
1 5
17
5 6
8 1
17 16
5 7
7 12
10 13
13 16
11 6
3 14
15 4
11 17
15 12
14 2
2 8
9 3
4 9
20
16 19
9 18
1 3
10 14
14 9
13 2
1 9
15 1
18 19
5 1
18 17
12 19
1 8
2 17
9 11
20 10
2 7
1 6
4 6
29
22 20
28 11
8 17
15 5
16 12
23 21
27 1
6 25
11 29
23 24
7 12
5 10
14 17
19 3
21 26
16 4
7 27
2 4
22 24
13 6
3 25
20 8
15 19
9 28
18 2
18 10
13 26
9 14
26
16 25
21 5
15 2
16 11
14 20
12 20
4 3
19 26
10 13
3 11
5 1
5 18
21 16
6 11
20 2
23 21
8 24
24 10
20 19
1 17
23 9
19 1
13 7
22 26
7 26
18
14 11
18 13
15 2
6 15
9 14
12 6
12 7
2 8
10 11
16 3
10 7
1 4
3 5
18 17
16 4
17 5
9 13
14
7 6
4 10
3 9
2 11
6 14
5 10
12 6
1 3
13 3
4 11
11 1
10 6
8 14
26
13 25
6 18
23 22
26 15
21 18
23 10
11 14
16 3
24 12
20 4
14 9
21 9
13 7
8 5
20 25
1 16
2 17
12 19
3 22
11 10
8 24
4 19
5 17
6 26
15 7
27
12 18
14 7
10 8
8 2
17 26
12 9
21 25
27 23
10 1
12 24
5 17
9 4
20 17
16 4
25 20
3 19
3 16
16 14
10 20
6 25
4 1
15 3
8 11
14 22
23 13
23 9
20
2 16
10 9
16 4
20 15
13 12
4 14
18 17
5 12
19 13
14 10
1 13
14 13
3 17
6 13
17 10
15 8
6 11
15 9
7 15
17
6 4
8 7
4 3
1 3
1 11
7 11
9 5
14 2
13 11
7 10
11 15
12 8
9 8
17 15
16 8
14 11
21
18 15
17 4
11 19
2 21
19 1
8 14
11 9
15 21
13 10
9 7
20 3
12 3
20 14
6 5
10 12
5 4
8 18
6 16
17 2
16 7
19
13 6
15 9
17 6
14 10
19 11
16 17
18 5
13 3
4 18
7 12
8 12
16 10
7 19
1 14
9 2
15 3
11 4
2 8
27
26 8
20 2
1 15
24 11
2 18
13 18
6 14
6 9
7 17
5 13
10 12
2 27
7 25
19 26
12 3
12 21
1 8
8 10
23 13
11 4
11 10
15 18
22 26
6 17
7 16
17 15
18
9 16
13 12
14 5
5 9
14 4
2 8
1 6
17 2
16 15
6 12
14 10
6 2
9 3
5 1
3 11
12 18
16 7
25
24 6
14 10
13 4
16 25
5 2
3 17
11 1
12 9
17 11
22 7
21 25
15 23
14 15
12 20
8 19
18 2
4 19
10 20
9 13
21 23
3 7
6 22
5 24
8 18
13
9 10
8 10
1 12
9 1
13 2
8 5
7 9
1 4
1 6
11 12
6 3
3 13
29
21 24
6 20
20 5
24 14
6 22
25 28
8 17
18 27
3 14
7 15
10 26
12 15
26 17
7 16
19 10
12 21
8 23
9 3
27 25
2 11
11 4
13 28
9 29
19 16
22 23
4 13
18 5
1 29
24
22 13
20 2
23 9
2 5
14 3
7 11
24 18
3 24
10 14
7 15
9 19
4 21
15 22
16 19
23 20
12 8
17 13
6 12
10 16
8 11
4 5
21 17
18 1
16
6 9
4 3
5 14
16 12
1 2
14 6
9 7
13 16
11 13
10 4
2 15
12 10
5 3
8 15
8 7
20
18 2
1 12
16 7
14 11
18 8
19 10
1 10
7 20
16 9
18 11
1 4
8 3
6 14
12 18
9 1
4 5
4 13
17 1
15 8
29
23 1
29 1
5 1
1 19
18 1
17 1
1 24
12 1
1 8
4 1
20 1
1 7
1 25
1 22
1 10
1 14
1 26
1 15
16 1
1 11
2 1
1 27
1 9
1 28
13 1
3 1
6 1
21 1
29
23 12
10 16
3 13
24 1
24 10
4 12
26 17
27 17
26 1
17 28
27 22
26 12
11 3
7 10
11 24
15 4
4 5
3 21
28 18
25 23
20 27
2 7
7 8
28 29
19 6
23 14
9 6
11 6
21
4 21
11 5
9 1
8 6
3 19
16 10
21 7
12 20
2 19
6 11
15 5
14 13
17 10
12 16
7 3
8 18
9 2
13 17
14 18
20 4
27
21 6
23 10
3 24
5 17
11 17
4 15
1 13
23 17
15 18
13 25
15 25
23 14
16 21
6 19
3 7
21 9
26 27
12 19
26 10
14 2
10 1
3 25
26 8
14 20
19 22
13 6
16
9 1
1 2
1 12
1 10
1 6
1 14
1 3
1 8
13 1
16 1
1 4
5 1
11 1
1 15
1 7
24
1 12
1 17
18 1
7 1
1 24
9 1
1 14
1 16
22 1
1 21
15 1
6 1
1 19
3 1
23 1
1 8
1 13
20 1
1 11
1 5
1 4
2 1
1 10
28
3 28
22 12
6 5
27 2
14 11
12 21
23 4
1 13
17 4
6 26
24 21
16 19
18 16
2 25
19 17
23 15
8 26
3 10
27 9
18 14
15 28
22 7
20 25
7 13
20 10
9 5
11 24
11
8 9
5 4
4 1
11 3
6 10
7 10
9 2
5 2
7 11
3 8
18
2 17
3 8
4 15
6 13
5 9
6 14
4 3
7 15
17 7
14 11
11 1
9 12
13 12
18 5
16 18
10 8
16 2
10
3 6
7 4
6 8
10 3
5 4
8 9
3 2
1 4
1 6
25
7 14
1 10
15 19
17 3
6 17
5 8
22 23
16 7
10 5
15 7
25 13
25 24
14 22
16 4
23 2
23 11
22 17
24 10
9 5
25 12
18 16
15 20
21 24
14 1
26
16 7
15 14
24 4
12 5
9 6
10 26
20 25
8 12
23 18
18 19
15 2
11 9
1 4
10 24
13 10
17 5
22 15
4 22
9 8
20 3
7 8
20 24
1 12
18 22
21 5
16
13 3
8 1
10 14
8 10
12 5
5 1
11 7
12 9
11 8
15 6
10 3
11 16
15 5
4 15
12 2
20
1 19
1 3
20 1
1 11
1 18
4 1
14 1
1 10
1 15
1 13
9 1
1 12
1 7
5 1
1 16
1 8
1 2
1 17
6 1
28
8 1
5 1
1 27
1 26
24 1
1 11
1 6
28 1
25 1
3 1
14 1
16 1
19 1
17 1
10 1
1 15
18 1
1 9
1 13
4 1
21 1
1 7
1 12
1 20
23 1
1 2
22 1
15
12 9
15 13
8 9
5 11
13 6
4 14
9 3
4 7
2 13
1 2
2 4
5 8
8 1
5 10
21
17 6
5 16
13 12
9 5
19 9
21 2
4 14
6 3
16 10
8 20
14 15
11 18
13 7
3 1
2 15
18 17
21 19
7 4
12 8
10 11
13
1 5
1 9
1 6
1 3
4 1
1 10
1 8
1 2
11 1
1 13
1 12
1 7
17
17 1
12 1
1 15
1 8
1 9
1 11
7 1
1 2
10 1
1 13
16 1
6 1
1 14
1 3
1 5
1 4
29
28 25
2 19
26 4
12 15
10 28
17 10
19 13
28 1
9 10
8 4
9 29
14 27
3 20
18 9
21 14
23 12
14 25
17 24
1 26
6 15
6 16
26 15
20 4
11 17
19 25
6 7
5 12
20 22
12
5 10
9 6
8 4
11 2
12 5
8 7
5 3
10 8
1 10
6 2
1 2
18
2 4
13 1
15 9
18 5
2 6
5 16
14 3
14 12
11 9
5 13
14 13
6 10
4 8
10 17
10 7
1 6
2 9
18
6 14
14 9
17 8
6 17
5 3
12 3
2 18
11 1
7 14
4 8
9 10
9 1
18 15
1 18
3 11
13 1
14 16
15
8 1
10 1
15 1
1 13
2 1
1 5
4 1
1 12
6 1
7 1
1 11
9 1
1 3
1 14
24
16 6
9 4
3 18
21 19
9 24
1 10
7 22
5 2
24 23
12 11
14 4
13 8
22 18
23 17
13 14
6 10
7 17
21 8
20 3
19 16
15 12
11 5
20 2
24
16 8
1 4
20 11
10 18
23 16
3 7
1 21
11 1
21 17
5 21
24 21
9 20
6 14
15 7
2 12
16 20
10 1
4 6
20 12
22 8
20 19
1 7
15 13
29
1 15
1 6
1 19
8 1
1 12
1 29
23 1
1 25
27 1
1 3
1 13
1 16
1 18
1 20
14 1
1 2
17 1
10 1
1 24
28 1
1 7
1 22
11 1
1 9
1 5
4 1
1 26
21 1
19
1 15
1 16
13 1
1 5
1 6
10 1
19 1
7 1
1 11
14 1
1 17
4 1
1 3
18 1
9 1
8 1
2 1
12 1
21
15 3
17 12
7 19
11 6
2 14
16 21
9 8
10 17
16 2
9 5
21 6
7 18
5 20
8 3
10 20
18 11
4 14
13 12
15 4
1 19
25
17 5
4 8
19 2
14 25
20 19
16 15
5 18
21 9
12 23
3 18
3 23
6 7
1 10
13 22
17 15
14 20
22 7
13 12
16 25
8 24
11 9
11 10
4 6
21 24
10
3 1
5 1
1 9
1 10
1 2
1 6
8 1
1 4
1 7
27
18 7
23 11
19 21
12 27
20 2
26 11
1 21
15 10
7 24
21 11
18 11
12 4
6 20
21 14
8 20
16 26
25 18
8 13
9 27
1 27
3 8
10 11
1 5
17 7
22 12
18 8
21
4 8
19 5
7 16
10 14
1 8
9 18
12 8
15 21
1 14
16 17
13 6
19 17
17 1
11 20
8 15
11 1
6 11
1 2
3 15
1 18
14
7 2
3 5
9 6
11 6
14 1
5 12
8 3
7 10
4 9
13 12
4 2
13 10
14 11
28
20 3
12 22
21 20
6 13
27 9
8 11
7 10
14 27
16 20
8 17
18 26
28 23
19 10
24 2
6 26
17 3
22 1
8 10
12 27
25 24
15 23
23 12
3 24
26 22
17 1
11 4
11 5
14
1 13
1 11
1 6
10 1
12 1
5 1
1 3
8 1
1 14
7 1
1 4
1 2
9 1
13
5 12
2 10
12 7
11 5
2 1
1 5
3 11
6 2
9 11
8 12
4 6
13 6
24
1 14
1 13
1 9
11 1
1 4
7 1
1 5
1 15
1 8
1 2
17 1
1 19
1 22
16 1
12 1
1 20
23 1
1 10
21 1
1 3
1 18
6 1
24 1
14
9 13
10 4
13 6
7 14
11 7
8 3
5 4
11 8
4 9
1 11
7 2
9 1
12 13
12
1 12
2 10
8 6
8 3
5 12
10 8
5 11
11 9
1 10
8 4
7 2
23
1 12
20 18
22 16
4 17
15 5
14 15
2 21
10 7
18 3
22 9
19 13
10 23
19 11
13 12
21 4
8 14
23 8
7 16
6 11
5 6
20 9
2 3
11
4 10
5 1
9 4
6 2
5 7
11 4
8 6
1 11
3 5
6 11
29
29 18
6 12
2 6
16 5
23 28
29 24
20 13
12 4
5 21
9 21
22 18
22 26
16 17
17 20
11 8
14 25
10 24
19 14
1 10
25 11
15 9
27 4
3 15
7 8
27 28
7 3
23 26
2 19
25
19 5
4 19
1 8
24 2
3 7
6 14
4 16
23 10
10 14
21 18
21 9
20 12
13 22
7 12
6 11
20 2
3 15
8 23
17 9
22 11
15 5
18 24
16 25
13 25
20
20 6
19 4
6 14
4 6
18 3
14 1
8 2
14 7
12 10
4 5
20 11
8 15
16 3
7 17
13 1
13 3
10 7
20 9
8 13
20
15 1
1 18
2 1
1 16
8 1
1 9
1 6
19 1
1 7
14 1
1 13
1 20
10 1
1 4
11 1
1 12
3 1
17 1
1 5
15
4 13
1 11
3 8
3 6
1 15
9 1
1 3
2 5
11 4
14 3
10 14
7 3
9 12
15 5
25
1 25
1 2
19 1
14 1
6 1
1 3
12 1
1 7
1 8
20 1
17 1
1 13
1 18
1 5
1 21
10 1
1 22
24 1
9 1
11 1
16 1
23 1
1 4
1 15
22
15 1
1 6
11 1
16 1
1 13
1 9
1 21
1 2
8 1
10 1
1 14
1 12
17 1
20 1
1 5
22 1
1 7
1 19
18 1
3 1
4 1
13
1 6
1 13
1 2
11 1
1 5
3 1
7 1
10 1
9 1
4 1
1 8
1 12
23
11 2
18 23
21 16
5 3
10 17
6 3
15 19
21 4
9 2
22 19
10 5
1 15
8 16
12 13
18 8
9 7
14 22
23 13
14 6
4 20
17 12
20 7
25
1 8
1 24
3 1
1 14
1 4
1 23
1 6
19 1
1 21
7 1
15 1
2 1
1 11
20 1
22 1
1 5
18 1
25 1
1 13
1 9
1 12
1 10
17 1
1 16
20
9 14
13 5
11 3
9 19
13 10
1 15
14 1
16 15
7 14
20 16
6 7
12 7
4 18
15 10
4 8
13 2
17 9
16 11
10 4
11
5 9
6 10
10 7
1 2
8 4
1 5
8 2
10 2
5 11
3 8
25
8 2
25 6
10 25
3 24
9 8
4 20
13 12
20 15
24 13
14 16
1 15
18 2
23 18
7 16
17 14
11 6
19 23
9 22
12 5
22 5
17 4
10 3
21 11
7 21
18
15 7
4 2
11 18
12 9
2 8
8 17
9 6
17 7
11 14
1 13
10 5
16 18
6 5
14 15
13 12
4 3
10 16
29
1 21
28 27
29 18
15 14
6 28
9 2
5 17
13 3
10 4
12 21
17 15
16 12
2 25
11 8
27 24
14 13
8 22
6 5
20 9
11 3
26 19
16 23
20 19
7 25
22 4
23 18
10 29
24 26
25
22 21
23 14
16 3
15 5
8 7
1 15
7 17
8 16
15 18
1 4
6 19
23 18
22 7
7 11
24 1
1 16
19 25
13 1
9 8
13 20
10 17
12 17
13 2
1 19
11
7 8
6 10
11 5
7 2
4 2
11 8
1 3
6 3
4 9
5 10
22
21 1
18 1
11 1
1 2
1 17
1 3
1 13
1 4
8 1
5 1
14 1
1 16
1 6
1 20
1 15
12 1
9 1
1 19
1 7
1 22
1 10
12
3 4
5 10
9 5
8 6
5 6
11 5
3 12
2 5
1 3
6 7
3 5
22
22 21
13 2
16 5
11 7
4 7
6 3
17 9
16 13
19 21
1 9
6 8
17 20
20 12
3 18
11 14
15 22
8 14
10 4
2 19
12 10
18 5
12
1 7
6 3
1 8
9 6
1 2
4 5
8 3
10 9
4 3
2 11
2 12
12
3 6
4 7
7 11
3 9
5 8
11 1
12 5
9 8
10 2
4 2
10 12
16
11 4
13 3
10 2
9 1
7 4
9 6
7 8
16 12
14 12
10 15
15 5
14 2
3 6
11 13
5 8
10
1 9
6 8
5 8
5 1
3 7
3 4
2 1
1 10
3 6
28
12 10
15 20
10 1
20 14
27 3
21 12
2 14
7 21
15 4
17 18
22 5
6 8
28 5
17 23
3 13
24 6
25 26
27 16
11 25
2 16
24 26
9 11
4 19
7 28
23 8
19 18
22 9
10
10 1
1 6
1 5
8 1
1 4
9 1
3 1
2 1
1 7
12
7 1
1 8
1 9
1 2
1 5
1 6
1 12
1 11
10 1
1 3
4 1
14
8 1
1 7
1 3
14 1
1 6
1 10
12 1
5 1
4 1
11 1
1 9
2 1
13 1
27
17 5
1 27
1 21
8 27
12 24
17 27
6 4
25 4
1 23
25 19
24 2
16 24
1 26
18 3
26 3
12 9
13 20
11 5
10 11
15 1
26 14
19 14
16 14
7 3
20 1
1 22
24
10 2
2 19
21 10
20 11
23 8
10 4
18 1
23 20
4 20
14 1
8 17
20 1
5 14
22 8
7 17
9 23
24 15
20 24
10 3
1 12
18 6
16 21
13 18
22
4 13
21 14
3 17
16 17
6 12
21 20
22 14
10 19
10 8
22 5
18 21
10 6
12 1
1 3
13 3
9 6
15 9
7 17
2 22
11 13
14 12
28
10 1
1 9
2 1
27 1
1 6
1 16
7 1
18 1
17 1
8 1
23 1
1 19
1 25
1 24
1 22
4 1
5 1
1 20
1 21
14 1
1 3
1 15
1 28
12 1
1 13
1 26
11 1
14
14 10
6 9
7 3
10 12
7 11
14 1
7 2
11 1
5 4
14 6
8 6
11 4
13 10
10
5 1
1 10
4 1
1 2
6 1
1 8
3 1
9 1
7 1
25
4 11
4 21
17 23
25 8
1 4
3 5
21 22
19 24
10 12
19 15
7 18
11 17
20 22
2 22
19 14
25 7
13 10
6 7
15 1
16 5
11 10
15 25
9 17
21 5
16
10 1
10 2
1 3
2 16
11 8
4 13
13 3
8 3
5 15
10 6
14 6
12 13
9 2
6 7
5 8
12
4 1
1 3
9 1
1 2
1 7
1 10
12 1
1 11
6 1
8 1
1 5
10
7 10
4 8
9 5
1 10
2 6
9 4
5 6
8 7
3 2
21
7 18
5 8
7 19
11 16
9 18
9 20
15 2
12 10
13 19
19 12
2 6
8 18
6 16
12 4
9 21
2 17
14 8
16 3
1 7
6 1
14
10 1
1 11
7 1
1 4
12 1
1 5
2 1
1 13
6 1
1 9
1 8
14 1
1 3
22
11 15
17 20
4 5
17 22
13 20
18 12
2 9
16 7
4 15
21 19
8 13
19 3
12 8
6 10
5 16
14 9
3 18
2 10
14 21
1 6
22 7
27
15 10
27 8
18 26
26 1
19 23
15 2
5 10
13 12
26 3
18 27
5 6
5 17
22 20
2 19
13 2
4 27
24 9
7 13
18 22
14 19
15 1
25 3
9 10
11 9
22 21
3 16
28
10 1
26 1
16 1
2 1
1 24
1 7
8 1
21 1
22 1
20 1
9 1
23 1
1 14
5 1
28 1
19 1
25 1
1 4
1 6
1 3
1 15
11 1
27 1
1 13
1 18
1 17
1 12
24
13 19
19 2
3 17
16 10
18 5
21 20
23 6
15 11
17 7
12 8
10 18
11 9
20 8
9 22
22 14
3 23
7 14
2 4
12 15
13 16
24 6
24 5
4 1
29
6 20
12 20
6 27
16 13
3 20
2 11
9 22
18 8
5 29
14 28
21 2
11 7
2 23
14 4
1 9
13 26
10 22
17 22
24 14
19 24
9 2
26 24
10 20
18 1
26 9
9 15
25 3
5 26
14
11 1
9 13
11 4
3 1
7 5
12 1
10 8
10 5
2 3
13 10
6 1
13 3
14 12
17
17 3
3 1
4 16
16 5
4 14
5 9
17 15
13 10
5 11
16 1
10 3
7 9
8 9
6 17
2 10
4 12
27
8 10
14 25
13 19
22 1
23 13
13 22
24 23
10 12
25 4
20 16
11 18
3 22
11 9
21 11
25 7
10 9
14 9
6 27
6 26
23 2
20 3
14 1
3 6
15 19
5 20
19 17
13
10 9
1 8
6 2
10 1
6 4
8 7
10 5
7 11
12 9
13 7
8 6
3 9
18
12 1
1 16
14 1
2 1
1 3
13 1
8 1
4 1
1 9
6 1
1 7
1 11
5 1
10 1
1 17
1 15
18 1
21
7 3
6 4
12 17
18 4
13 9
11 17
16 2
14 5
19 7
14 11
12 15
2 19
20 8
6 10
21 15
21 16
1 18
5 8
9 3
10 20
25
6 13
8 15
1 5
12 21
15 24
19 13
11 1
11 21
15 4
24 20
17 2
18 11
9 10
16 10
20 22
12 13
25 15
3 13
15 14
11 17
11 24
2 7
20 23
16 11
13
3 7
10 11
8 12
2 12
2 5
6 9
1 3
5 10
8 13
4 11
9 7
4 6
15
14 2
11 2
5 13
9 13
5 8
10 15
5 7
15 6
15 4
1 11
3 11
8 12
1 9
9 15
23
1 16
22 2
6 11
21 10
5 20
23 5
6 8
7 17
3 17
20 16
20 15
3 1
14 22
5 9
19 21
18 15
12 21
22 10
3 6
17 4
10 16
15 13
29
1 4
25 1
1 9
1 17
1 14
7 1
1 18
15 1
1 16
1 22
27 1
6 1
10 1
1 19
1 11
3 1
13 1
1 5
1 12
8 1
1 21
2 1
28 1
1 20
29 1
24 1
1 26
23 1
27
15 10
19 27
1 12
22 21
23 18
21 26
4 1
15 19
26 3
15 11
18 16
2 25
10 16
20 9
14 15
15 8
1 26
10 13
22 7
6 5
6 8
24 6
26 17
1 10
10 20
25 15
20
9 1
15 13
20 6
1 8
5 12
12 4
2 3
9 4
13 4
6 9
13 10
11 19
6 7
14 7
17 12
18 11
8 2
16 2
8 11
24
1 9
1 24
23 1
1 12
1 2
10 1
21 1
1 13
11 1
7 1
1 22
6 1
1 18
1 3
1 19
14 1
1 17
15 1
4 1
1 8
20 1
16 1
1 5
13
9 6
1 13
10 9
1 6
5 2
12 5
2 1
3 1
4 1
4 7
8 2
5 11
28
24 14
7 21
3 24
10 5
7 8
20 9
20 23
13 19
25 22
8 27
1 3
16 10
3 4
17 26
14 15
4 22
4 2
11 20
21 11
7 13
14 6
28 8
17 11
24 10
13 12
17 18
1 21
15
3 7
6 12
8 1
7 2
7 9
10 1
11 1
1 7
8 14
4 9
13 8
5 14
15 2
7 6
17
16 10
15 16
1 4
7 6
2 9
13 12
9 3
16 4
14 3
8 7
17 12
5 3
11 9
12 4
2 1
7 2
28
1 13
1 8
1 18
1 16
12 1
1 26
24 1
19 1
1 22
7 1
1 14
1 11
1 6
4 1
23 1
1 3
1 10
28 1
5 1
2 1
15 1
1 27
21 1
1 25
9 1
17 1
1 20
14
5 3
4 2
7 2
8 13
1 8
6 11
9 11
11 2
12 1
14 12
8 5
9 1
12 10
25
15 17
14 16
22 25
8 6
13 21
6 3
2 19
25 13
24 14
7 24
4 18
23 5
22 12
15 20
12 11
11 19
7 3
10 4
9 16
20 1
5 21
2 18
23 9
17 10
26
22 1
1 7
11 1
1 23
1 12
1 15
1 21
1 2
1 14
1 4
1 9
1 26
8 1
5 1
1 13
6 1
20 1
1 18
1 17
16 1
24 1
1 3
25 1
1 10
19 1
13
2 6
8 10
10 13
7 1
11 7
3 4
4 1
6 5
6 4
3 12
7 10
9 3
16
1 8
8 7
13 15
6 5
4 6
14 6
1 4
3 8
7 9
16 7
15 3
2 11
3 12
4 2
10 2
18
5 9
3 15
2 8
13 1
1 3
2 6
4 15
7 11
6 16
3 6
1 9
17 3
1 7
10 5
1 12
4 18
14 5
24
1 18
1 8
19 1
11 1
14 1
15 1
17 1
1 21
5 1
24 1
1 7
1 22
1 6
23 1
10 1
1 4
1 16
9 1
1 13
1 12
3 1
2 1
20 1
19
6 1
16 1
1 12
15 1
1 2
1 8
1 17
1 3
5 1
1 19
1 10
1 9
11 1
13 1
1 4
1 18
14 1
1 7
27
10 12
11 24
26 6
9 19
5 4
21 16
27 3
4 26
22 24
22 15
25 10
18 8
13 25
17 20
23 18
6 23
21 17
15 2
16 5
14 7
11 8
27 7
12 2
14 19
9 13
1 20
18
4 3
2 11
11 16
4 14
16 6
12 13
10 12
8 15
9 14
1 4
4 5
10 1
8 17
7 4
8 5
18 12
1 16
25
13 15
3 17
9 2
23 16
4 13
8 16
9 6
22 12
12 18
5 4
11 14
19 21
5 21
19 20
10 15
7 8
2 24
6 17
10 11
7 22
20 3
25 24
1 23
14 18
24
5 10
14 8
20 7
6 5
24 4
15 19
22 17
6 21
13 20
3 1
11 22
12 18
16 24
10 11
14 21
4 9
7 12
16 23
9 19
18 2
23 3
17 15
2 8
23
14 10
11 22
5 22
20 12
3 15
17 9
17 10
13 19
13 4
3 18
10 23
20 2
16 9
1 21
7 13
17 21
3 4
20 8
22 8
6 9
1 4
8 21
21
4 14
16 21
9 13
11 8
17 6
1 2
2 16
8 13
3 12
20 1
7 20
2 9
11 5
8 4
15 19
18 20
12 4
6 16
15 10
15 20
24
1 9
1 10
3 1
22 1
1 12
17 1
1 21
1 7
1 6
16 1
14 1
1 4
1 24
1 2
1 18
13 1
1 23
1 11
1 5
20 1
8 1
15 1
19 1
19
10 1
4 1
9 1
1 14
1 17
8 1
3 1
16 1
1 7
12 1
18 1
1 5
2 1
19 1
6 1
13 1
1 15
1 11
29
10 1
16 1
12 1
1 21
2 1
1 5
1 26
9 1
1 29
11 1
1 19
1 24
1 17
3 1
1 14
6 1
13 1
1 23
25 1
1 22
20 1
7 1
1 15
8 1
1 4
1 27
1 28
18 1
16
12 10
3 10
11 4
1 4
9 4
11 16
2 7
9 5
7 15
1 3
11 6
15 3
8 9
14 15
13 10
11
4 10
2 3
11 7
11 9
2 4
8 3
5 7
10 5
9 6
1 6
11
11 5
9 1
4 8
4 11
1 2
7 1
6 3
3 8
1 11
1 10
14
1 5
3 1
1 13
11 1
2 1
1 10
1 12
7 1
1 14
1 9
8 1
1 4
6 1
12
2 1
9 1
8 1
10 1
6 1
4 1
3 1
12 1
1 5
1 11
1 7
29
1 13
17 1
21 1
1 28
16 1
12 1
23 1
1 10
29 1
1 24
1 25
22 1
1 27
9 1
1 7
1 14
1 26
1 5
1 3
18 1
1 8
20 1
19 1
1 2
11 1
15 1
6 1
1 4
11
6 4
6 2
5 1
8 2
3 9
5 9
7 2
5 6
4 11
8 10
19
11 15
8 1
1 14
4 14
13 12
3 17
17 2
11 12
12 1
5 16
18 9
19 3
5 1
10 6
17 1
1 10
4 18
5 7
23
23 1
9 1
5 1
1 14
10 1
21 1
1 13
1 8
18 1
1 16
19 1
11 1
1 20
1 7
1 12
15 1
4 1
2 1
1 17
3 1
1 22
6 1
29
29 15
8 27
12 16
20 4
1 26
14 28
19 3
7 11
4 7
2 24
23 5
14 29
21 24
25 17
3 28
1 29
18 11
14 8
26 13
26 5
29 6
9 22
22 10
11 1
12 29
7 17
3 24
10 26
22
5 16
17 6
20 5
7 22
9 8
11 14
13 12
21 2
4 15
11 22
14 19
18 12
13 8
15 3
7 4
16 10
20 2
1 6
19 21
18 17
9 3
20
11 1
1 19
9 1
17 1
10 1
1 15
1 8
1 16
1 13
1 4
18 1
5 1
2 1
14 1
20 1
6 1
1 3
12 1
1 7
29
13 19
3 28
21 15
23 4
11 15
6 17
21 2
20 10
22 20
14 7
8 29
9 4
6 18
26 13
27 11
19 24
10 5
22 2
9 16
1 27
25 14
12 16
28 12
25 3
7 24
18 29
5 23
26 8
22
19 10
1 21
4 12
14 20
9 10
3 6
1 9
22 14
15 21
3 15
2 17
4 16
4 15
8 17
21 2
18 11
17 7
18 13
2 18
14 9
10 5
23
7 22
3 2
23 13
13 17
1 10
1 21
21 19
18 16
22 12
4 20
5 2
22 15
12 13
19 4
4 9
14 10
19 2
11 16
12 21
6 14
16 10
14 8
16
10 1
6 12
6 11
6 10
3 15
2 16
4 11
10 15
5 16
7 15
1 2
16 8
13 14
14 9
2 14
13
2 8
1 6
11 10
7 13
5 1
8 5
10 9
13 6
4 6
10 5
12 13
8 3
21
1 20
1 18
9 1
19 1
1 7
2 1
1 10
5 1
1 3
13 1
21 1
12 1
15 1
16 1
1 6
1 14
1 17
4 1
1 11
1 8
29
10 20
4 17
9 8
29 14
13 8
2 6
11 1
1 12
1 8
5 25
3 19
29 15
24 13
27 21
18 5
3 16
2 7
23 29
26 22
3 2
11 2
27 25
1 23
11 17
1 25
28 17
10 4
11 26
21
9 1
11 1
3 1
15 1
8 1
1 17
1 16
1 19
1 18
2 1
7 1
1 14
1 20
6 1
1 5
1 4
21 1
1 10
12 1
13 1
26
26 1
26 9
7 19
14 5
5 6
13 4
12 24
18 10
16 22
9 18
2 18
11 12
26 14
5 23
1 16
8 7
25 22
4 12
7 14
15 21
22 17
21 9
13 20
21 3
4 16
27
17 12
22 26
6 16
3 1
24 1
13 6
1 9
16 10
6 18
21 7
17 15
25 3
17 3
8 19
6 14
23 5
26 12
21 2
18 27
1 6
5 21
12 20
3 21
25 11
8 17
4 21
17
15 3
6 4
4 8
16 15
3 7
17 12
11 9
14 12
1 11
9 5
11 4
13 9
3 17
1 17
12 2
15 10
14
8 1
7 9
8 7
1 6
6 4
10 12
13 6
10 3
10 13
2 1
13 14
6 11
13 5
26
8 21
17 20
25 26
10 18
7 23
23 5
25 12
13 3
16 8
2 15
3 22
6 4
10 12
1 11
18 14
11 9
22 17
26 19
9 24
2 24
5 14
13 7
4 20
19 15
21 6
27
8 22
17 4
24 15
1 14
26 20
15 21
12 7
27 18
5 22
10 24
2 6
25 5
10 16
23 9
11 19
13 27
19 16
2 13
7 23
14 21
3 6
9 17
20 8
4 11
25 18
12 3
20
1 9
1 17
2 1
16 1
1 15
12 1
6 1
13 1
11 1
1 7
1 5
1 14
3 1
19 1
10 1
20 1
18 1
1 4
1 8
16
12 8
15 16
5 2
6 3
13 1
12 13
13 5
9 3
9 11
14 16
4 16
16 10
1 15
1 7
9 15
26
1 6
1 18
1 15
14 1
1 22
11 1
1 13
19 1
1 3
12 1
1 20
21 1
23 1
1 26
17 1
1 16
1 10
1 24
1 9
1 25
4 1
7 1
1 5
1 8
1 2
12
1 8
1 6
1 9
11 1
1 2
1 7
1 10
1 5
4 1
12 1
1 3
17
8 17
2 15
7 9
9 2
17 6
3 5
7 10
11 2
17 16
8 1
12 3
9 1
4 3
13 12
7 14
8 12
21
4 2
13 7
15 13
17 8
12 8
21 20
1 6
1 5
12 3
20 7
13 8
14 16
11 19
8 4
8 1
15 9
18 4
14 10
14 4
11 1
29
26 6
18 23
21 28
17 12
9 27
5 21
11 1
26 16
16 24
13 3
15 5
14 23
17 7
27 6
22 10
22 13
10 18
4 11
15 19
8 2
29 25
9 12
19 7
25 20
20 24
8 4
14 28
29 2
29
17 16
6 27
1 5
11 7
21 6
7 29
28 13
17 21
10 3
24 6
22 7
15 27
9 2
6 2
23 1
8 16
12 8
5 3
1 27
4 14
19 20
20 18
11 26
17 25
7 20
28 6
11 28
24 4
16
15 8
13 2
10 2
1 9
3 5
16 15
1 11
6 1
14 16
16 13
13 1
11 7
12 10
4 3
1 4
17
15 7
14 15
7 5
8 6
8 4
9 7
2 9
15 1
16 3
4 1
3 4
3 13
14 12
17 14
9 10
11 8
20
17 8
16 14
2 11
17 11
16 7
4 1
6 3
9 4
8 18
6 13
19 16
17 1
9 5
8 15
5 12
19 4
19 6
20 9
11 10
26
19 1
4 3
21 11
13 22
12 15
6 11
25 17
1 3
11 25
13 10
25 3
9 26
13 18
3 20
1 26
5 13
13 26
13 8
2 16
16 6
23 6
19 7
15 14
1 24
24 15
26
24 4
5 18
14 12
14 26
5 22
13 23
8 18
1 6
19 8
10 9
26 9
22 3
23 22
24 16
2 9
7 3
8 21
23 25
17 11
15 11
20 3
26 6
24 18
1 5
6 11
12
8 1
6 1
5 1
4 1
1 12
1 3
7 1
11 1
10 1
9 1
1 2
21
9 4
20 13
18 4
2 19
18 1
7 10
15 5
7 16
6 12
9 21
14 17
20 19
3 11
21 14
13 8
12 15
8 16
5 2
3 10
6 17
15
6 14
12 2
7 9
13 15
11 10
5 8
6 7
10 9
12 3
5 11
3 4
2 15
8 4
1 14
27
1 3
4 1
1 13
20 1
1 6
22 1
1 2
1 21
15 1
26 1
1 19
7 1
1 12
1 18
14 1
1 23
17 1
1 9
1 24
27 1
1 8
10 1
16 1
1 25
11 1
1 5
10
3 2
1 5
2 10
4 8
5 6
1 4
9 4
5 2
6 7
14
9 1
1 12
4 1
1 10
1 5
1 13
2 1
1 3
1 6
14 1
1 7
8 1
11 1
20
5 13
2 7
12 1
11 17
13 19
12 10
3 9
17 9
20 15
12 15
8 10
7 16
18 16
2 1
9 2
4 16
14 10
7 13
15 6
26
22 8
14 6
24 26
18 17
7 20
5 22
15 1
25 21
4 8
1 17
26 13
9 13
7 5
10 25
22 1
1 9
17 19
9 3
18 12
11 18
21 2
23 16
17 25
23 13
6 1
19
1 13
19 8
12 14
2 7
15 4
7 10
18 15
1 11
15 1
19 18
1 10
3 1
10 12
5 1
19 16
3 9
12 17
16 6
28
1 9
18 12
6 7
4 11
18 14
19 17
9 24
25 12
14 4
20 25
3 6
5 24
10 5
10 8
13 26
23 13
8 16
22 27
15 26
11 15
21 7
3 20
16 19
2 17
23 27
28 2
21 28
23
4 21
12 19
6 12
9 3
11 14
18 17
11 22
14 15
16 8
2 6
22 10
5 13
8 3
5 16
17 7
1 4
18 23
21 13
23 15
20 2
9 19
20 7
21
10 19
7 9
11 12
4 14
6 5
13 11
4 16
9 14
1 2
15 21
14 6
21 8
5 11
1 6
20 9
19 18
5 17
2 21
3 4
2 19
21
12 1
20 1
1 4
21 1
1 14
13 1
3 1
19 1
6 1
10 1
1 16
1 8
1 18
9 1
17 1
1 2
15 1
11 1
1 5
7 1
13
3 2
4 2
13 9
2 12
8 1
7 9
12 11
6 5
12 1
8 6
10 6
8 9
21
20 19
5 2
15 1
7 8
21 18
19 12
13 14
2 9
16 21
10 16
17 18
11 3
3 4
15 6
6 8
14 9
7 13
20 4
17 5
10 12
11
2 5
9 3
10 11
4 5
9 7
10 8
8 1
4 3
6 2
6 11
13
2 1
13 1
9 1
1 6
1 4
3 1
12 1
8 1
1 11
1 5
1 7
1 10
11
2 5
8 11
7 11
8 9
4 2
10 3
4 3
6 10
6 7
1 5
28
9 1
1 11
1 22
1 13
1 23
1 24
17 1
1 25
1 20
1 4
1 18
1 26
14 1
1 10
1 12
1 28
8 1
7 1
1 3
1 15
1 19
6 1
1 27
1 5
16 1
21 1
1 2
27
13 16
22 9
20 15
20 2
18 10
21 17
6 23
25 26
1 3
4 3
4 25
11 6
16 10
7 8
1 10
14 16
2 6
3 2
18 8
21 18
22 24
19 25
12 21
5 20
8 27
4 22
16
8 15
12 3
15 7
7 11
6 12
10 4
4 3
9 8
13 14
5 1
2 14
13 6
9 5
11 10
16 2
21
19 8
11 9
2 17
20 7
10 4
5 12
18 20
5 4
6 2
8 3
16 10
12 13
15 3
7 15
16 17
14 11
13 21
21 18
14 19
6 1
12
1 2
2 12
8 5
12 6
5 1
2 11
10 5
4 10
7 10
8 3
9 8
14
10 5
13 6
13 4
12 5
3 11
7 8
14 10
3 8
9 7
1 4
2 12
9 6
11 14
24
22 20
11 12
15 20
10 13
6 18
14 6
18 19
15 4
24 21
22 9
13 19
23 16
7 17
21 8
1 17
2 10
5 16
9 14
11 3
5 12
8 3
2 24
7 4
28
1 5
24 1
1 25
1 21
10 1
1 7
6 1
1 14
16 1
1 2
23 1
1 13
12 1
1 3
1 15
1 8
4 1
11 1
1 26
19 1
22 1
20 1
9 1
18 1
1 28
1 27
1 17
13
7 4
4 6
2 6
13 5
9 4
8 12
13 12
13 1
3 5
10 5
11 12
1 6
26
18 14
8 23
13 3
8 7
17 5
6 21
9 16
10 3
22 24
14 24
20 11
22 25
17 18
9 12
19 26
12 1
6 13
26 16
19 11
4 2
15 7
20 25
23 4
2 21
15 5
22
22 8
2 14
20 17
6 4
11 6
7 16
7 21
22 5
18 22
1 15
17 19
1 18
4 15
3 20
9 2
17 15
20 13
18 7
10 19
4 2
6 12
15
9 10
15 8
14 1
6 12
12 5
7 5
13 10
15 4
10 4
6 1
1 11
11 10
9 2
1 3
13
4 7
12 7
4 1
3 2
3 9
3 11
7 13
1 11
8 11
6 10
10 4
5 10
21
18 11
15 2
21 3
3 6
14 17
9 13
6 10
11 13
10 17
9 16
19 15
7 11
12 3
1 13
6 1
15 10
12 8
4 17
20 12
9 5
26
13 19
4 8
2 16
4 10
16 13
24 25
3 9
3 15
9 5
6 8
9 18
1 23
19 21
17 9
17 24
26 7
12 14
8 9
22 6
16 17
19 12
2 7
20 24
1 9
11 19
21
4 16
7 10
6 11
20 13
16 14
8 19
5 15
6 1
9 13
15 19
21 14
17 15
19 1
13 3
5 10
18 14
13 12
3 2
3 14
1 21
12
11 5
8 6
10 12
6 1
11 2
1 7
9 12
6 12
4 3
1 2
4 10
24
18 23
24 1
9 12
24 17
13 14
13 8
4 24
7 23
13 5
20 11
23 2
3 14
17 11
15 4
6 17
22 14
19 4
10 8
16 9
5 7
1 5
9 7
21 8
19
9 16
15 3
18 12
4 12
16 5
16 1
8 1
18 1
15 12
6 1
15 7
1 11
17 15
2 3
1 19
11 13
10 18
2 14
11
4 8
7 9
10 1
11 2
1 9
10 4
6 5
5 9
2 9
5 3
12
6 1
8 7
12 10
1 4
9 10
3 7
1 8
1 10
1 11
2 1
5 4
27
1 19
8 9
27 14
12 2
25 16
18 15
7 25
17 2
9 12
4 25
21 20
24 14
10 27
22 27
5 25
1 27
23 6
19 18
20 11
25 27
25 23
9 27
11 14
26 1
26 3
13 27
19
5 10
15 1
5 14
2 1
3 19
13 17
12 15
13 18
19 16
8 19
12 4
19 6
13 2
7 14
1 5
4 11
6 15
9 19
16
7 4
13 15
11 16
7 5
1 8
12 11
7 1
16 14
5 2
13 1
6 4
4 3
1 9
11 1
7 10
17
8 4
14 10
11 15
2 9
7 2
8 13
1 7
2 3
16 17
7 10
12 10
6 11
8 15
1 15
17 5
17 11
27
4 8
15 9
17 1
22 15
1 18
7 12
21 26
14 8
16 6
10 6
2 8
6 24
15 1
8 3
9 11
15 5
23 27
20 17
10 8
25 8
1 3
9 7
19 9
8 13
23 20
21 4
27
18 8
7 20
17 20
1 26
9 20
9 10
26 12
22 27
17 2
11 17
14 1
18 9
14 19
17 5
2 23
3 13
4 8
15 21
25 2
1 16
2 6
1 13
26 22
24 16
1 17
27 15
28
16 20
1 18
14 24
17 27
26 25
13 22
12 13
5 24
13 26
17 22
21 20
8 1
25 4
18 15
1 16
28 10
1 19
6 9
27 24
28 9
2 21
3 28
11 24
13 9
10 7
21 23
17 1
15
4 11
14 1
4 13
14 9
5 1
8 6
1 15
11 15
10 12
6 1
7 4
2 11
3 9
12 7
25
11 21
2 18
25 20
10 9
8 22
25 1
25 10
16 18
17 9
19 20
12 18
22 24
13 7
14 8
11 8
15 7
1 14
23 22
11 5
3 9
7 12
10 6
4 20
12 14
24
6 18
22 19
23 6
19 12
16 11
24 17
13 12
21 19
11 3
3 1
15 6
7 14
13 20
1 12
14 9
17 11
8 17
16 2
14 15
10 13
16 4
21 5
15 3
10
2 1
9 1
1 3
1 7
5 1
1 4
1 8
1 6
10 1
21
4 5
11 6
3 10
17 11
18 16
15 10
15 13
19 9
7 20
14 1
8 21
17 2
8 2
5 12
9 14
13 18
16 7
21 12
20 19
3 4
12
10 9
10 1
8 1
12 6
10 3
5 3
10 4
8 11
6 3
1 2
3 7
26
4 12
26 6
19 24
15 5
9 20
21 3
4 3
5 2
26 5
8 24
20 14
24 6
3 25
1 4
16 22
6 1
12 20
22 12
26 18
22 7
21 17
21 13
25 10
18 11
25 23
26
11 21
22 2
19 13
3 25
6 18
10 21
5 24
20 26
23 18
12 14
7 9
6 15
8 13
10 3
15 4
22 7
23 26
4 17
20 9
2 25
12 16
1 11
14 19
17 16
5 8
18
4 15
14 17
10 17
13 16
11 9
10 15
13 2
1 7
18 11
15 6
1 9
1 8
1 12
7 5
8 15
3 12
13 1
29
1 26
12 9
18 19
23 27
15 6
25 12
16 10
22 24
20 28
7 17
17 5
16 29
8 10
11 2
24 25
21 8
3 15
13 27
22 20
6 2
19 23
21 28
11 7
4 9
29 18
4 14
13 3
26 5
18
14 7
2 14
5 10
4 11
8 2
8 3
12 2
17 6
5 9
6 13
6 1
5 1
15 11
10 18
5 2
4 5
10 16
14
5 8
9 7
4 8
11 6
10 12
10 2
2 11
12 3
7 6
13 14
9 13
4 1
14 5
13
10 2
5 9
12 11
4 10
1 7
13 3
11 8
8 13
2 3
6 4
7 12
9 6
26
26 12
21 9
6 23
4 5
7 25
9 11
4 15
24 16
20 24
14 6
8 14
18 21
19 17
18 1
6 22
13 9
19 8
8 4
2 26
21 24
25 12
26 3
18 12
10 25
14 1
13
11 4
5 8
1 12
1 5
12 3
6 10
12 4
13 9
2 3
6 3
13 5
4 7
24
23 19
8 18
3 1
2 21
3 13
20 21
3 16
13 8
11 7
11 19
5 22
24 9
12 10
4 5
13 12
5 15
1 15
17 8
12 14
6 24
11 15
21 16
24 16
20
1 6
18 4
8 9
7 9
15 5
10 7
4 16
5 14
18 12
11 12
11 13
3 19
20 14
20 16
17 8
17 6
2 13
2 3
10 19
14
6 14
10 1
10 13
13 9
6 5
10 6
12 4
2 7
11 12
3 12
2 8
4 2
1 4
23
9 3
5 17
16 1
22 18
20 6
12 14
19 1
9 19
19 5
10 7
14 13
16 14
21 7
10 5
15 16
19 8
16 18
4 17
20 18
8 11
2 13
23 19
18
14 11
3 18
8 15
7 17
2 5
4 12
10 4
6 18
7 6
13 14
3 13
16 15
10 8
9 2
17 5
1 11
16 9
10
8 10
7 5
2 10
4 5
10 9
6 3
2 3
2 1
1 5
19
4 5
9 17
19 8
11 16
9 8
2 7
12 1
7 4
12 15
13 2
16 10
3 17
14 18
6 13
5 3
6 14
15 11
19 10
18
15 7
9 14
14 12
6 18
7 16
2 5
13 4
3 4
8 13
5 10
16 6
18 17
15 3
11 8
10 9
2 17
11 1
21
19 3
11 5
16 20
1 3
15 8
21 1
15 7
14 21
18 10
19 20
17 15
18 21
2 14
20 12
7 3
4 18
19 11
9 7
14 6
11 13
17
10 13
15 7
4 6
6 17
5 12
15 2
16 8
10 3
16 17
1 13
7 11
12 14
9 4
14 2
9 11
3 8
18
1 5
6 1
1 4
1 7
1 18
1 9
17 1
11 1
8 1
10 1
1 2
13 1
3 1
16 1
15 1
12 1
14 1
24
13 3
10 24
8 11
18 22
2 15
8 19
15 8
1 4
20 5
24 3
24 22
17 6
14 21
2 23
1 22
24 16
16 5
14 8
17 24
12 24
15 4
7 10
11 9
25
13 6
6 4
21 15
16 8
25 17
20 8
24 14
19 2
17 2
20 5
14 5
9 4
24 3
10 22
21 22
16 23
11 9
1 7
11 10
19 23
12 15
12 18
7 18
13 25
18
6 18
18 1
7 15
18 3
14 2
10 17
5 18
10 13
10 12
8 7
7 1
12 1
11 15
4 11
11 16
9 12
3 14
10
7 5
10 3
4 9
1 4
3 5
6 5
4 8
2 10
1 3
14
6 7
5 4
5 3
12 2
10 7
8 6
11 9
10 11
2 1
14 13
8 14
4 9
13 12
24
21 11
13 4
12 7
7 17
19 5
11 13
5 16
19 7
2 18
22 9
20 16
14 5
6 18
21 2
23 13
15 24
24 2
10 18
1 21
11 9
9 3
8 24
1 19
29
24 19
15 3
21 20
29 28
25 14
10 19
16 10
21 17
28 27
14 5
22 18
23 2
7 11
11 3
4 17
2 6
12 27
13 8
25 22
1 4
7 9
8 20
15 26
16 18
13 5
12 23
9 29
24 6
11
8 5
1 3
7 4
10 8
11 3
2 7
3 9
6 8
1 6
6 7
17
15 1
1 7
8 1
10 1
1 5
1 4
1 12
16 1
1 3
9 1
1 13
17 1
1 11
1 14
6 1
1 2
27
20 25
23 25
25 8
6 15
4 1
21 18
24 2
1 3
9 12
12 1
17 2
26 24
4 27
17 14
7 15
13 14
8 10
12 11
19 25
7 4
5 7
24 12
22 1
7 16
25 12
18 1
11
3 4
5 2
8 5
9 7
2 10
9 4
1 3
7 11
10 6
8 11
11
5 1
5 7
5 6
11 8
1 9
2 8
9 3
10 3
3 4
9 8
26
2 4
24 13
24 17
19 2
22 6
25 11
21 6
12 16
6 20
16 23
13 1
9 19
10 21
7 5
1 3
26 15
25 4
1 14
18 26
20 14
4 12
20 18
8 25
4 14
7 20
14
8 1
2 1
3 1
14 1
1 13
1 7
1 12
6 1
1 9
5 1
1 10
1 4
1 11
27
21 22
25 7
17 14
11 15
24 2
11 23
9 25
4 22
18 9
2 1
9 20
11 13
14 25
3 10
10 19
6 27
16 14
24 26
15 7
7 1
22 8
5 24
10 15
2 21
21 6
12 6
24
1 8
1 16
14 1
15 1
22 1
5 1
19 1
1 17
2 1
1 6
20 1
24 1
23 1
1 10
21 1
3 1
1 13
1 4
1 9
7 1
1 11
1 18
1 12
25
4 19
20 12
2 13
8 1
17 22
5 23
9 7
22 24
14 20
19 11
17 1
13 8
24 18
22 23
21 9
23 16
11 20
24 25
10 19
9 15
13 3
6 7
11 17
8 7
16
1 16
1 14
13 1
1 10
2 1
1 9
12 1
1 8
11 1
15 1
1 5
1 7
1 3
4 1
6 1
26
24 13
19 2
12 24
2 16
12 8
22 26
7 3
25 1
16 6
4 3
9 11
14 10
23 8
7 20
26 9
15 10
13 19
6 11
17 5
21 17
23 18
5 20
15 25
22 21
4 14
29
12 22
1 9
5 8
3 15
29 8
28 1
24 2
9 4
9 5
16 19
18 19
24 5
14 27
21 24
22 23
7 10
15 28
4 10
14 13
10 6
22 20
3 11
26 15
3 25
20 28
20 19
8 17
4 14
24
9 12
9 23
20 22
17 16
24 17
24 2
5 16
24 13
2 18
24 1
21 2
1 6
5 3
15 7
24 23
19 2
20 14
10 17
24 11
9 20
14 8
1 7
4 13
15
7 12
6 4
9 5
12 6
10 3
2 3
8 14
4 15
11 5
11 14
7 13
13 9
10 8
1 2
19
8 17
18 9
7 15
10 3
17 5
19 12
12 13
18 14
14 3
14 13
6 7
7 2
13 1
1 6
12 16
6 17
3 11
18 4
29
1 4
26 1
1 8
1 10
27 1
1 11
12 1
1 2
24 1
1 22
1 21
17 1
1 16
3 1
5 1
1 6
15 1
20 1
9 1
1 25
1 18
13 1
29 1
1 28
1 23
1 7
19 1
14 1
16
10 11
9 1
1 10
10 2
13 1
16 12
15 14
10 3
7 10
14 4
9 16
11 14
5 8
10 8
10 6
16
15 7
3 8
10 3
2 16
4 14
13 15
11 3
11 1
13 1
5 4
16 12
4 11
12 9
6 15
13 12
25
23 1
1 16
1 11
1 7
21 1
1 24
10 1
20 1
1 15
1 25
1 3
19 1
22 1
1 18
1 14
12 1
2 1
1 6
9 1
17 1
1 8
13 1
5 1
1 4
26
1 11
1 5
1 12
1 17
1 13
1 6
1 25
24 1
20 1
18 1
1 15
16 1
1 9
1 23
1 4
26 1
1 8
21 1
1 7
10 1
1 22
1 14
1 19
1 2
1 3
10
2 6
7 10
4 8
4 7
1 4
9 8
8 5
2 3
2 1
13
13 2
8 5
4 8
1 9
7 3
7 11
2 10
5 6
12 13
11 10
6 9
3 4
26
9 1
16 1
1 23
21 1
7 1
1 20
19 1
1 14
24 1
26 1
1 11
1 8
1 13
1 25
1 6
1 5
1 18
1 4
22 1
1 3
1 12
1 15
1 10
2 1
1 17
13
11 5
3 1
5 7
2 3
6 9
5 9
4 12
5 3
4 13
3 4
12 10
2 8
15
6 1
9 8
4 11
9 3
5 7
1 13
4 15
6 2
5 1
5 3
1 12
14 12
10 7
1 11
26
16 18
12 10
6 3
13 20
23 22
13 14
23 21
12 17
7 13
20 19
8 17
7 4
14 1
16 23
25 7
18 15
8 9
20 2
12 24
16 14
18 11
9 26
5 3
8 3
17 1
13
2 4
9 1
12 4
11 13
5 12
9 8
9 4
6 4
12 3
7 13
2 10
11 1
22
18 1
1 5
3 1
1 11
20 1
1 22
17 1
12 1
1 13
1 16
14 1
1 4
1 21
19 1
10 1
15 1
8 1
6 1
1 2
1 7
1 9
17
13 14
8 4
12 3
10 13
9 11
3 6
6 5
4 17
1 16
11 16
15 14
7 9
17 2
12 7
15 5
10 8
12
1 2
5 2
3 10
5 8
7 11
5 6
9 2
1 7
9 12
9 4
10 7
17
8 12
11 8
13 3
5 7
2 1
17 9
14 1
5 17
6 17
1 7
17 3
7 4
5 16
10 5
15 4
8 15
26
25 1
9 4
22 12
10 23
9 18
17 11
2 13
9 11
22 14
26 1
1 10
13 3
15 1
21 26
21 6
12 7
1 12
26 5
13 1
8 16
24 19
13 16
19 14
13 11
2 20
19
2 13
11 14
9 6
19 5
13 4
16 3
16 8
10 8
15 18
2 1
14 12
4 15
7 17
17 19
3 11
7 10
6 5
18 12
22
3 22
12 9
10 1
22 14
13 16
16 2
13 17
20 4
13 15
2 21
6 12
16 14
6 22
2 11
8 20
20 18
7 11
19 17
5 15
15 1
15 18
14
6 2
11 12
1 4
6 10
6 3
8 7
10 1
5 11
7 4
13 7
4 14
9 14
10 11
15
5 4
8 6
6 13
13 15
10 14
3 12
7 12
4 11
1 7
9 8
9 11
10 15
14 2
3 5
10
2 1
10 3
9 2
1 10
5 10
2 7
6 5
3 4
8 3
18
3 13
7 13
12 17
17 3
18 7
6 5
12 4
13 1
8 11
14 1
13 5
13 10
10 11
12 16
2 15
1 9
13 2
20
1 6
6 13
9 17
2 8
15 16
20 15
14 1
13 17
4 15
15 12
16 10
8 14
5 13
15 14
18 1
19 8
7 3
4 11
3 15
12
1 12
1 7
1 5
1 3
1 4
1 9
1 11
1 10
8 1
2 1
1 6
22
4 1
4 6
22 12
10 1
18 3
4 22
8 18
10 11
22 20
5 8
15 6
9 17
6 16
7 2
17 11
21 17
11 2
3 13
14 8
2 19
10 18
27
18 1
19 1
23 1
1 27
1 10
24 1
1 22
13 1
17 1
1 9
1 12
21 1
6 1
1 26
1 15
14 1
1 16
1 3
7 1
1 8
2 1
1 5
1 25
4 1
1 20
1 11
25
15 23
2 24
7 3
12 22
3 21
12 19
24 1
10 20
21 23
10 25
8 9
5 16
21 13
12 4
11 7
17 15
12 14
19 23
6 24
5 3
10 6
1 23
18 7
21 8
26
1 14
11 1
1 3
1 19
23 1
1 25
1 17
1 15
18 1
13 1
1 7
22 1
10 1
21 1
2 1
26 1
16 1
8 1
1 6
1 24
20 1
9 1
12 1
5 1
1 4
28
17 27
9 23
24 4
1 8
17 14
16 2
16 6
19 25
2 13
15 28
20 1
14 23
11 13
14 25
28 10
1 16
25 1
15 16
18 26
18 25
24 15
23 21
7 18
6 22
12 17
8 5
26 3
24
15 1
1 19
20 1
10 1
2 1
1 5
8 1
18 1
1 6
1 11
1 24
1 3
23 1
1 7
1 21
17 1
9 1
1 14
1 12
1 13
22 1
16 1
1 4
23
6 7
22 18
5 6
15 14
21 1
13 2
4 17
6 15
14 16
1 12
1 22
1 20
16 8
23 12
17 1
11 19
11 10
22 3
1 10
20 16
9 10
14 13
24
16 5
21 7
1 20
8 18
1 12
1 11
14 8
22 13
1 4
9 6
19 16
6 1
11 8
15 21
10 3
13 24
20 2
24 19
24 21
19 1
17 24
13 23
16 3
13
13 11
9 4
8 13
3 13
4 3
1 2
1 12
6 3
1 3
5 13
7 10
3 7
23
15 18
17 18
14 5
10 3
22 12
7 8
2 21
7 6
20 13
11 10
4 16
20 15
4 19
12 17
6 23
3 22
9 14
9 21
8 5
16 11
13 1
19 2
27
14 25
27 7
17 11
1 22
4 16
1 9
17 12
23 20
10 9
25 9
18 10
15 3
21 4
16 27
20 22
3 19
18 24
18 5
10 3
14 26
13 14
16 22
27 2
4 8
20 6
17 25
14
14 5
12 1
6 2
10 8
7 8
12 5
6 14
3 7
9 3
2 4
11 13
4 10
13 9
18
1 3
1 7
1 13
2 1
14 1
8 1
1 4
1 16
1 6
1 11
1 5
10 1
18 1
1 9
1 15
1 17
1 12
18
6 13
5 14
17 4
8 6
2 18
7 13
11 8
10 3
9 14
18 5
15 11
16 1
17 7
15 16
3 9
10 12
12 4
12
1 6
1 12
11 1
1 9
1 10
1 4
1 3
1 2
1 8
7 1
5 1
10
9 1
4 3
4 5
3 8
5 2
6 8
9 10
6 7
2 10
11
9 6
3 9
8 7
1 7
9 1
3 5
8 11
1 10
10 2
4 1
10
3 4
1 5
8 7
6 4
7 2
9 10
10 5
1 4
5 7
26
18 1
1 13
11 1
1 5
1 7
24 1
1 26
1 21
1 15
20 1
1 14
1 6
1 17
1 3
1 12
1 25
1 23
9 1
19 1
1 2
1 22
16 1
10 1
8 1
1 4
23
21 15
2 1
20 13
8 21
18 3
9 18
20 21
3 1
2 10
16 9
20 3
7 6
22 18
11 22
12 7
4 9
17 13
13 5
14 22
10 19
23 10
7 2
10
1 2
1 9
1 7
8 1
6 1
1 5
1 10
1 3
4 1
21
6 14
8 7
19 17
4 5
21 15
2 5
10 6
13 21
19 10
9 8
20 4
16 17
3 7
18 15
12 9
3 1
20 18
11 2
12 13
16 11
20
1 20
6 1
1 15
1 16
1 19
14 1
1 7
11 1
9 1
17 1
4 1
8 1
13 1
18 1
1 10
1 5
1 12
2 1
1 3
23
21 20
10 12
19 3
2 17
15 5
16 14
2 5
20 13
7 8
18 6
14 9
10 21
9 23
12 11
23 11
13 22
18 19
4 7
17 3
1 22
4 15
16 8
15
1 4
5 2
10 3
2 4
3 7
4 12
1 10
10 9
9 6
13 9
3 14
8 2
15 12
12 11
19
13 11
4 8
9 6
8 11
5 1
13 19
5 10
16 12
18 6
15 1
6 13
14 7
3 1
5 17
19 5
16 5
7 17
1 2
17
14 9
4 15
6 16
11 1
12 17
10 7
11 8
17 6
2 7
12 3
2 8
10 14
9 4
5 15
3 13
5 13
14
1 6
8 10
3 5
14 6
8 6
12 7
2 3
3 13
8 11
9 7
14 4
7 2
2 1
23
18 9
6 16
2 9
8 23
3 14
8 6
20 7
1 12
15 5
5 10
22 4
19 11
17 10
23 22
4 21
18 13
17 21
12 19
20 13
2 14
7 11
3 15
25
21 1
24 1
18 1
3 1
1 13
1 15
12 1
1 14
1 11
1 2
1 7
8 1
25 1
6 1
1 22
4 1
23 1
1 10
17 1
19 1
1 16
1 9
1 5
20 1
24
11 18
18 5
23 22
13 14
2 24
7 24
17 6
8 16
9 22
3 12
16 20
2 17
19 4
23 21
19 10
5 7
8 1
10 9
13 20
14 11
3 15
15 6
12 4
20
10 11
11 5
3 8
15 7
14 17
16 7
4 9
6 9
17 5
2 3
12 4
15 20
18 16
8 19
20 13
13 12
10 19
6 14
2 1
10
1 6
1 10
3 1
7 1
4 1
1 2
1 8
1 5
1 9
22
1 9
12 1
1 18
13 1
21 1
1 16
1 17
1 11
1 20
1 15
1 14
5 1
4 1
1 6
1 7
19 1
1 8
1 3
1 2
1 10
1 22
10
4 6
8 5
2 10
7 4
1 9
3 10
6 3
2 9
7 5
11
1 10
4 7
2 10
11 10
5 1
10 9
8 9
6 10
7 1
3 5
20
3 9
17 15
10 11
20 3
18 7
2 14
4 16
19 10
13 11
14 6
5 12
15 12
9 19
16 7
5 4
17 1
6 18
20 8
13 2
17
8 4
7 16
7 13
9 12
6 17
1 16
8 3
10 9
11 10
15 17
2 10
8 14
16 9
17 3
1 3
5 7
21
4 11
14 5
13 3
18 2
7 21
10 5
4 1
18 5
2 8
2 19
3 10
7 14
14 1
5 20
12 14
17 14
16 15
1 9
7 6
16 17
11
5 7
5 11
5 8
10 11
2 9
1 2
3 10
4 2
11 1
10 6
28
18 1
17 10
27 9
14 20
4 3
5 17
7 12
13 5
21 20
11 26
26 28
14 23
2 1
5 1
3 6
27 15
22 24
5 26
3 19
12 3
27 25
14 24
4 27
3 1
20 5
12 16
3 8
14
10 6
5 4
8 9
8 10
2 8
1 11
6 12
6 7
14 3
10 1
11 14
11 4
13 14
23
1 3
1 20
19 1
2 1
8 1
10 1
1 18
1 7
15 1
12 1
1 5
13 1
1 22
6 1
1 9
1 11
1 14
4 1
1 23
16 1
1 21
1 17
29
21 1
1 19
1 23
14 1
1 12
1 17
1 22
16 1
1 29
1 28
1 2
1 13
1 18
24 1
1 6
1 10
1 20
1 15
5 1
3 1
26 1
1 27
1 8
11 1
25 1
4 1
7 1
9 1
27
1 11
16 1
1 5
1 4
1 14
1 19
1 10
1 2
18 1
1 24
17 1
25 1
1 27
13 1
1 3
8 1
1 15
1 20
1 21
1 6
1 12
1 7
26 1
9 1
1 22
23 1
15
2 8
5 12
11 1
2 14
1 10
14 7
1 14
13 12
6 1
2 3
14 12
6 9
15 3
9 4
25
21 25
20 15
17 10
7 16
2 6
9 7
21 3
17 13
18 6
12 20
5 1
25 2
8 15
6 24
11 25
17 4
19 12
5 4
4 7
20 5
1 2
23 15
21 14
12 22
12
3 8
7 9
10 11
4 11
7 6
11 8
10 12
6 1
2 6
4 1
5 6
25
15 4
5 21
25 18
4 1
2 16
14 7
19 16
23 14
23 12
24 10
3 8
13 12
15 6
24 25
20 10
18 6
17 9
19 8
11 13
5 2
9 22
7 17
22 21
3 20
12
11 12
12 5
6 2
12 1
4 11
8 5
2 9
1 9
9 3
7 5
11 10
11
7 11
9 4
8 10
7 3
10 6
5 1
3 2
5 11
2 9
4 6
27
10 9
16 12
14 23
21 11
11 8
13 1
17 27
18 8
14 11
19 22
7 2
9 13
6 2
5 10
3 8
16 6
14 15
2 24
27 25
21 1
22 9
4 10
6 21
20 16
27 13
22 26
10
1 2
7 1
10 1
9 1
1 8
1 5
1 4
1 6
1 3
28
22 6
4 7
1 15
13 26
16 20
28 21
19 18
3 1
7 14
7 23
9 24
15 25
28 7
9 6
1 13
27 1
16 11
10 13
19 3
24 13
14 1
5 18
14 17
12 14
14 8
7 2
10 16
21
13 15
14 20
1 4
7 12
3 10
9 6
2 12
11 20
3 11
1 6
2 21
8 20
17 9
1 18
3 5
1 3
9 21
6 15
16 19
19 15
28
3 15
4 22
25 17
16 27
5 1
16 17
13 6
3 10
3 2
14 4
22 16
20 22
21 24
26 16
18 9
13 15
13 18
23 21
7 12
3 16
11 10
16 8
15 1
19 1
22 7
23 13
28 2
25
13 12
21 22
17 16
14 8
18 3
11 16
7 8
4 20
14 9
19 16
25 12
18 5
6 21
2 23
23 14
11 1
12 20
18 6
1 9
15 8
6 9
11 20
23 10
24 21
17
3 2
14 9
6 16
11 9
13 4
10 7
13 16
5 17
11 15
12 14
4 17
6 1
8 15
8 7
3 12
5 10
13
13 2
7 4
9 2
11 13
10 3
4 8
6 5
9 5
1 5
8 9
2 10
5 12
27
5 12
9 21
14 6
6 4
20 8
10 9
16 9
13 15
8 7
6 8
10 3
23 26
12 10
11 20
22 26
1 7
24 26
15 23
27 3
1 3
25 12
15 18
27 19
23 7
2 27
20 17
12
5 6
5 1
2 8
5 8
6 4
8 10
7 9
3 9
6 12
11 3
9 1
14
10 6
2 1
6 5
9 1
12 2
13 8
8 9
11 1
14 1
9 6
12 3
4 2
7 2
11
1 2
1 9
1 10
7 9
6 1
3 9
2 5
1 4
8 9
11 1
29
9 6
17 26
27 18
21 17
22 12
16 3
28 25
7 27
9 3
20 26
20 10
15 10
12 24
2 14
18 6
4 11
14 21
25 29
29 15
1 28
13 23
2 8
19 13
16 19
22 23
11 7
4 5
5 8
15
2 1
4 1
1 12
1 10
1 15
14 1
7 1
6 1
1 3
1 8
13 1
1 9
5 1
1 11
12
1 3
8 5
2 9
4 3
5 6
12 1
12 9
12 10
11 4
3 5
4 7
22
19 7
11 3
8 14
21 3
19 16
11 6
18 15
15 2
4 22
14 13
13 10
5 10
4 1
5 22
17 2
17 9
20 12
9 16
18 21
6 8
7 12
29
17 28
11 26
16 20
7 15
2 18
25 3
21 14
29 25
21 28
6 27
1 12
4 20
15 16
22 24
18 13
7 13
14 9
9 5
17 27
8 5
22 26
11 4
10 24
12 19
23 2
19 29
8 3
23 6
18
6 9
17 9
7 12
14 3
15 1
11 12
6 2
4 10
18 7
16 7
5 16
10 7
12 8
3 9
13 9
7 1
6 10
19
14 1
1 17
7 1
1 2
8 1
18 1
12 1
1 19
6 1
1 4
13 1
15 1
1 3
1 10
11 1
5 1
1 16
9 1
14
1 2
12 10
3 14
14 10
1 10
14 13
14 11
7 9
11 9
8 6
5 4
5 6
5 10
14
7 1
1 12
11 1
4 1
8 1
1 9
1 5
1 10
13 1
1 14
1 6
1 3
2 1
19
17 1
1 18
3 13
16 15
4 13
12 7
7 9
7 2
13 2
11 6
17 5
10 8
3 1
14 7
9 8
15 11
13 15
15 19
11
6 8
3 9
7 5
10 9
11 9
6 3
4 7
1 7
1 3
6 2
17
1 17
1 2
1 8
12 1
16 1
1 9
6 1
3 1
10 1
11 1
1 4
1 13
1 14
1 15
5 1
7 1
18
3 12
18 2
12 13
2 4
6 9
5 14
5 10
17 5
11 13
18 9
7 15
17 4
18 1
7 8
8 2
4 12
4 16
23
1 12
10 1
1 16
1 4
3 1
1 8
1 20
22 1
11 1
1 5
1 19
18 1
14 1
1 7
1 23
2 1
1 21
15 1
17 1
1 6
13 1
9 1
14
6 14
14 4
12 8
3 7
11 3
7 9
10 13
10 6
9 4
2 5
12 1
2 8
5 13
24
3 22
1 14
18 7
8 18
5 2
7 9
24 23
15 13
2 22
3 11
6 2
22 1
19 4
16 15
18 14
17 7
19 15
12 4
21 8
8 20
19 14
4 10
24 3
11
1 8
1 11
1 4
9 1
1 3
7 1
1 10
1 5
1 6
2 1
23
17 14
16 20
8 12
2 20
20 5
23 10
4 12
16 18
19 2
16 10
20 14
20 22
1 10
2 9
11 18
4 23
7 13
6 9
15 16
6 21
18 13
3 23
27
1 18
1 24
1 7
1 14
26 1
1 23
12 1
1 10
1 2
1 11
1 22
1 3
1 6
21 1
1 25
8 1
19 1
20 1
5 1
1 4
16 1
1 15
9 1
17 1
1 27
1 13
20
1 2
8 1
16 1
1 11
19 1
1 17
1 13
1 15
4 1
1 10
12 1
3 1
1 7
5 1
6 1
14 1
1 18
20 1
1 9
19
8 1
16 1
1 2
1 5
1 17
1 10
15 1
1 11
1 18
7 1
1 6
1 14
3 1
12 1
13 1
1 4
1 19
9 1
29
3 1
1 12
1 2
23 1
10 1
9 1
1 18
28 1
4 1
20 1
26 1
16 1
1 7
13 1
8 1
1 5
1 19
1 14
1 11
1 25
1 24
1 15
1 17
1 21
6 1
1 22
29 1
1 27
10
5 9
6 2
10 9
9 1
1 2
3 2
5 7
10 8
5 4
17
10 1
2 1
7 1
15 1
1 14
1 9
1 4
1 16
3 1
6 1
1 5
17 1
1 12
1 8
11 1
1 13
13
1 8
1 2
1 13
1 3
1 10
4 1
1 11
1 12
5 1
1 7
6 1
9 1
19
10 3
14 16
12 5
6 14
19 5
1 11
7 5
14 4
16 5
1 16
11 10
17 7
13 4
9 15
18 16
8 4
1 2
9 3
17
16 11
13 8
7 3
9 14
13 1
3 17
10 2
4 16
5 2
14 6
11 8
10 17
12 9
7 15
6 5
4 15
15
5 2
8 9
4 6
3 13
7 11
2 12
8 3
4 14
10 5
14 10
15 11
9 7
1 12
6 15
15
1 4
13 1
8 1
1 12
10 1
2 1
1 15
14 1
5 1
3 1
11 1
7 1
9 1
1 6
29
26 20
21 5
26 9
3 23
25 27
24 2
20 1
15 6
14 6
16 10
12 14
24 28
24 26
1 12
8 16
7 27
5 18
17 6
23 10
20 25
23 4
29 25
12 10
11 27
22 9
5 14
13 16
19 9
25
15 18
10 6
10 24
9 12
4 10
15 1
6 7
22 6
23 6
8 23
3 19
20 25
4 20
2 19
24 17
5 11
4 16
1 12
10 13
5 2
14 9
2 4
3 21
4 1
15
1 15
11 5
13 7
9 1
9 7
10 15
7 4
6 3
3 8
10 14
2 10
15 5
3 9
5 12
27
1 9
1 11
5 1
1 6
1 10
19 1
25 1
24 1
1 16
13 1
1 23
1 18
4 1
20 1
3 1
2 1
1 21
8 1
14 1
1 27
7 1
22 1
1 17
15 1
1 12
26 1
23
17 10
22 3
8 22
12 6
12 21
11 20
23 21
2 4
2 1
2 16
10 11
15 21
10 13
10 19
18 11
7 9
15 7
11 8
18 1
21 4
14 2
5 11
28
4 3
9 2
17 20
24 18
5 28
13 9
11 15
15 22
1 11
3 19
5 22
24 23
14 28
26 16
4 2
17 26
12 6
25 21
7 16
12 18
10 13
20 14
8 19
8 27
10 7
27 6
23 25
10
6 8
3 6
3 10
5 1
5 4
9 10
8 2
7 2
4 7
29
24 1
1 15
1 16
4 1
21 1
1 6
1 3
1 9
2 1
1 18
1 26
17 1
12 1
5 1
27 1
28 1
1 10
1 29
1 23
14 1
8 1
22 1
25 1
13 1
20 1
11 1
1 7
19 1
13
5 6
6 12
1 12
7 4
13 9
3 13
13 10
7 3
12 8
2 6
3 1
7 11
25
12 14
15 7
25 11
4 9
6 2
8 5
24 1
13 7
24 18
3 19
19 21
22 9
16 12
7 3
5 23
24 11
18 5
11 9
18 12
19 6
6 20
17 25
1 3
10 25
18
1 8
7 6
10 5
13 16
15 2
3 17
18 14
12 9
13 15
8 5
17 18
4 12
11 10
11 16
4 6
3 9
2 14
12
1 11
4 1
8 1
5 1
3 1
1 6
7 1
10 1
1 12
9 1
2 1
22
18 1
11 1
1 14
17 1
19 1
1 15
5 1
1 22
12 1
8 1
1 7
1 21
4 1
1 6
1 20
1 10
1 16
1 3
1 9
1 2
13 1
29
29 1
1 23
1 8
12 1
1 22
25 1
13 1
3 1
1 16
1 14
24 1
2 1
15 1
9 1
1 26
21 1
17 1
18 1
7 1
1 5
6 1
1 11
10 1
1 28
1 20
19 1
1 27
1 4
11
11 1
1 9
1 8
6 1
4 1
1 10
5 1
1 2
1 7
1 3
20
15 7
14 12
15 20
10 17
17 11
2 19
4 8
13 7
12 20
11 2
19 8
4 3
1 5
6 16
14 9
5 9
10 13
6 3
16 18
26
15 12
4 10
2 8
22 19
23 4
13 26
4 24
21 3
18 12
20 1
24 11
24 16
2 1
1 25
7 17
12 1
1 10
17 6
15 9
10 3
17 1
26 9
12 22
14 26
6 5
26
17 24
14 11
9 16
20 13
8 24
16 21
4 13
26 6
10 11
3 4
3 1
7 12
17 1
6 17
13 25
11 3
26 15
5 23
19 8
4 7
5 6
18 5
22 8
2 26
16 24
15
8 2
2 10
7 12
6 9
13 1
5 13
10 12
3 11
1 15
12 1
11 4
9 1
4 15
12 14
29
18 26
24 17
21 24
12 8
8 18
22 27
1 28
25 11
17 28
5 14
9 2
4 11
15 7
6 24
29 3
29 20
17 11
28 23
7 8
23 29
9 19
14 15
14 16
7 1
10 18
9 23
13 22
15 22
17
2 15
1 15
10 9
3 13
1 6
5 3
12 4
3 6
9 6
11 16
6 17
8 6
8 7
12 17
11 1
6 14
23
9 2
1 19
4 13
4 21
15 3
5 12
13 7
21 1
13 8
20 21
23 3
5 19
10 17
16 6
19 16
10 20
16 11
2 20
22 5
10 14
2 18
4 3
28
22 1
4 1
14 1
19 1
27 1
11 1
1 21
5 1
7 1
1 10
16 1
1 17
24 1
12 1
25 1
1 2
1 28
8 1
1 20
13 1
6 1
1 26
9 1
1 18
23 1
1 15
3 1
27
10 4
9 11
12 9
27 7
21 1
4 17
13 27
8 25
2 13
21 18
23 17
5 15
26 6
8 12
19 20
11 24
20 10
24 3
15 3
2 26
19 14
5 14
16 6
18 25
16 22
22 23
19
13 1
17 2
12 1
12 19
6 5
15 5
18 3
16 7
10 8
4 9
4 14
18 9
1 11
8 11
1 18
8 17
16 9
11 15
14
2 7
11 3
4 10
13 6
1 7
1 12
1 14
8 13
7 5
12 4
13 1
3 14
9 8
13
6 10
8 12
2 12
2 5
8 13
9 5
9 7
10 3
11 3
6 7
1 13
11 4
29
20 5
20 16
2 26
9 19
7 17
8 28
14 23
11 18
23 9
29 12
19 5
7 24
6 25
3 28
24 4
6 8
17 18
10 15
3 14
25 21
22 16
4 15
27 13
26 27
29 2
12 21
11 13
22 1
16
10 15
1 12
6 8
16 12
9 11
11 14
6 15
5 13
5 9
2 7
4 10
8 3
2 13
4 14
3 16
14
6 3
12 4
10 4
9 8
8 2
7 9
11 13
9 11
9 3
9 1
4 9
5 9
14 1
24
1 6
20 1
11 1
1 19
1 7
12 1
1 21
1 4
1 24
1 9
8 1
10 1
1 2
1 16
1 18
3 1
1 17
13 1
1 5
22 1
1 14
1 23
15 1
19
17 3
9 7
15 16
10 11
4 6
8 5
5 9
2 19
12 13
18 10
14 3
12 16
18 2
4 19
11 8
1 15
7 17
13 6
19
3 13
9 6
17 3
11 2
13 12
5 10
17 7
7 4
18 10
9 12
16 5
2 15
8 15
19 11
16 8
18 1
19 14
14 4
18
14 13
14 12
11 5
6 13
1 17
10 2
16 12
2 9
11 15
6 18
10 15
7 4
5 17
8 3
18 7
9 4
8 16
27
5 12
23 19
15 20
19 2
17 27
2 14
14 7
10 13
22 2
17 22
26 9
26 21
1 6
13 25
11 14
5 3
18 15
9 13
16 17
19 8
6 9
1 22
24 26
15 4
5 4
4 6
20
8 6
19 2
19 13
18 17
5 10
3 12
7 8
5 15
18 10
4 8
5 20
10 11
19 6
12 11
9 18
6 1
11 1
14 3
16 12
18
7 9
2 4
1 17
5 18
11 7
13 1
1 7
3 1
5 15
5 16
1 6
7 2
9 14
15 12
13 8
4 10
14 15
23
5 23
18 21
12 14
11 8
18 7
4 16
9 22
2 7
19 3
4 3
10 12
15 2
16 6
23 14
22 13
9 20
1 21
13 15
17 20
17 11
19 8
5 6
22
10 18
4 11
5 12
13 7
3 8
1 8
12 6
6 1
3 11
2 11
20 15
9 15
15 6
22 21
21 16
13 17
16 8
14 12
16 10
13 3
19 21
21
19 17
12 14
18 17
20 4
1 9
8 10
16 5
6 19
2 11
7 21
16 18
2 3
15 13
14 5
4 11
7 12
9 6
13 3
15 10
8 21
12
2 1
10 1
1 5
1 11
1 3
12 1
7 1
8 1
1 9
4 1
6 1
26
11 19
17 26
3 26
19 22
25 7
6 11
21 5
22 15
11 25
24 2
9 12
17 13
15 10
9 20
1 3
4 21
21 26
16 24
23 6
22 24
8 25
15 18
19 1
6 14
3 9
23
6 1
17 1
3 1
18 1
1 13
1 15
1 22
1 9
1 19
2 1
1 16
1 20
1 11
8 1
1 7
5 1
1 4
21 1
10 1
12 1
23 1
14 1
16
1 16
1 5
1 9
6 1
13 1
14 1
10 1
1 12
1 15
3 1
1 4
7 1
1 2
11 1
1 8
28
16 22
20 23
18 26
17 1
28 3
22 15
26 5
19 8
26 14
7 6
9 25
12 1
12 6
10 25
6 3
27 8
11 12
23 2
5 17
11 13
22 11
4 17
4 25
23 4
13 21
24 13
5 8
29
7 27
5 29
19 4
22 26
19 5
20 14
23 10
11 17
12 22
1 22
20 10
28 12
17 18
17 3
8 11
17 19
24 20
9 4
1 15
5 16
1 20
6 9
7 1
20 17
13 25
20 2
5 25
21 1
27
27 1
1 3
1 15
12 1
25 1
1 22
1 24
13 1
1 26
6 1
1 9
10 1
5 1
2 1
1 4
17 1
1 20
11 1
1 21
16 1
18 1
8 1
1 7
14 1
19 1
1 23
25
16 14
15 21
1 19
13 7
23 12
5 11
12 24
7 17
10 15
25 3
10 13
2 20
18 14
19 9
20 5
4 25
4 21
18 11
17 8
9 22
22 3
6 16
24 2
6 8
18
11 6
10 17
4 8
18 9
16 15
5 17
14 2
12 17
16 4
13 5
5 1
9 13
7 13
3 16
9 6
8 2
1 15
13
4 10
9 10
8 6
9 3
13 8
12 11
7 2
7 9
5 12
5 4
1 6
1 5
19
15 1
5 6
17 16
18 12
13 12
19 8
6 11
19 9
15 8
10 15
10 4
3 6
10 7
11 1
8 12
2 19
11 16
16 14
21
12 8
15 5
5 19
6 2
17 3
16 3
16 2
10 12
14 18
4 15
21 14
10 14
11 3
16 1
1 9
7 12
5 9
20 2
9 10
13 15
20
11 1
10 1
1 4
1 5
1 7
9 1
8 1
1 13
1 19
12 1
1 20
1 16
1 3
17 1
18 1
6 1
2 1
1 14
15 1
26
12 20
6 11
22 2
26 19
21 24
16 8
12 5
21 23
25 13
17 10
14 16
3 1
26 4
18 7
4 6
19 9
20 22
9 10
7 14
13 18
8 15
11 15
5 24
23 17
25 3
28
27 6
6 14
16 26
4 10
25 20
10 24
13 22
16 22
17 4
2 14
1 17
21 12
8 2
28 19
9 15
11 15
11 8
23 13
23 5
7 21
19 26
12 25
28 20
18 3
24 18
3 9
5 27
28
11 22
17 2
27 21
6 5
18 19
9 4
19 5
6 13
14 28
24 26
3 6
14 10
4 17
25 11
21 12
15 4
21 17
1 2
8 7
28 26
10 8
5 2
14 1
10 23
28 11
19 16
20 26
20
16 18
7 14
3 4
18 5
17 12
4 20
3 7
15 5
19 8
2 9
19 13
6 15
12 2
17 10
10 14
9 11
16 20
1 11
8 6
21
7 3
2 21
5 12
6 18
16 6
11 1
14 16
9 16
5 17
4 18
7 19
18 20
1 17
6 17
11 7
15 13
13 11
2 8
10 13
5 2
23
15 5
18 2
6 8
3 13
22 20
3 23
21 12
11 9
17 23
19 2
5 14
10 8
13 21
17 1
15 18
4 16
22 12
9 7
19 6
16 10
11 4
20 14
13
3 5
5 13
9 7
1 7
5 8
10 12
10 7
6 3
1 3
11 10
9 2
4 9
20
4 2
5 14
9 8
17 15
13 7
16 4
4 13
1 18
1 5
13 20
17 1
4 1
3 18
10 12
19 20
17 11
6 1
6 12
8 13
28
16 5
16 22
2 11
20 19
24 21
23 27
23 14
14 17
11 5
27 3
3 26
28 8
28 2
20 24
18 10
6 26
9 17
9 15
18 12
1 25
21 4
7 4
13 12
13 6
22 7
8 10
15 25
26
9 1
23 1
8 1
21 1
19 1
7 1
1 17
13 1
1 10
4 1
1 14
2 1
24 1
1 6
1 12
1 20
15 1
1 5
1 22
1 26
1 16
1 18
3 1
25 1
11 1
14
1 5
8 2
8 9
7 5
13 3
11 6
10 12
12 6
3 14
9 4
7 14
4 11
13 10
20
4 1
1 16
1 9
1 12
3 1
1 2
10 1
13 1
19 1
1 8
17 1
1 11
20 1
1 6
1 7
18 1
1 15
14 1
5 1
23
7 6
18 4
19 2
7 15
4 20
5 21
16 21
8 10
2 12
19 11
20 9
16 14
23 14
22 12
17 5
3 13
8 3
13 6
1 9
18 22
10 11
15 17
17
1 6
1 2
1 13
12 1
7 1
1 8
1 4
10 1
16 1
1 15
5 1
1 3
14 1
17 1
1 9
11 1
25
15 9
1 15
20 13
22 2
12 20
18 15
5 3
6 3
8 2
8 17
24 1
1 21
11 6
2 11
2 1
10 1
19 13
16 8
23 2
23 14
4 8
7 16
25 19
12 1
16
14 4
8 16
2 14
4 13
5 12
1 12
12 16
3 14
15 5
7 5
11 15
10 16
9 13
13 6
4 1
20
7 10
7 13
10 18
4 3
14 20
20 13
7 5
17 1
2 16
20 1
4 20
7 8
15 4
6 10
13 11
2 11
13 19
9 20
19 12
27
3 15
13 21
25 8
10 18
13 10
22 7
19 3
8 6
18 5
16 22
4 17
1 20
15 4
12 25
2 11
20 17
9 21
9 23
11 26
27 14
12 16
6 5
7 2
19 23
24 27
26 24
20
9 5
18 6
1 5
6 13
13 17
17 3
15 17
10 19
2 18
8 13
1 19
8 1
15 11
11 20
4 7
7 6
14 1
16 7
12 7
17
8 9
14 9
1 2
9 6
15 10
1 4
1 16
1 9
7 2
5 17
10 12
2 17
1 15
15 3
1 11
13 3
12
3 1
8 1
1 5
1 6
10 1
9 1
1 2
12 1
1 11
1 7
1 4
26
1 13
12 1
11 1
1 21
25 1
1 22
8 1
1 7
1 19
17 1
24 1
3 1
6 1
2 1
20 1
14 1
16 1
26 1
1 10
1 5
15 1
9 1
1 23
18 1
4 1
23
9 12
7 9
16 1
23 17
22 21
8 16
18 9
5 2
6 10
11 20
5 19
1 19
19 23
11 16
21 14
4 2
1 6
21 15
19 22
13 14
23 12
9 3
15
1 5
8 3
8 12
9 12
9 4
15 8
13 2
8 1
15 11
14 7
15 14
10 12
8 6
15 13
14
13 9
12 4
13 7
5 2
3 1
14 8
10 11
14 2
10 5
3 6
4 9
11 12
6 8
10
7 9
4 2
6 9
8 5
2 3
8 10
8 4
4 1
1 9
23
12 23
7 10
15 17
14 22
13 16
19 8
19 12
18 23
17 9
18 3
14 7
15 11
16 20
13 6
10 5
8 1
11 5
4 21
2 20
3 21
22 6
9 4
24
22 23
11 17
5 1
1 9
24 7
21 6
10 4
9 19
11 9
21 22
22 9
9 20
19 13
5 18
12 19
4 16
3 19
7 1
8 12
20 2
14 1
21 15
11 4
19
4 13
2 18
6 16
8 1
14 11
5 7
12 5
4 14
3 8
11 15
12 6
10 3
19 13
7 2
9 19
16 17
15 18
10 9
15
1 3
1 2
10 1
1 14
1 7
1 8
1 5
13 1
1 6
1 15
1 4
1 12
1 9
11 1
29
27 15
15 12
25 9
17 19
20 16
28 8
15 1
24 18
25 16
14 2
18 1
13 8
3 7
17 18
13 15
4 22
11 3
3 13
18 6
4 19
13 26
9 10
18 23
29 21
25 21
5 11
2 22
15 25
18
13 17
11 10
17 18
7 5
4 9
18 1
16 7
16 3
14 5
17 15
6 11
8 11
9 18
2 9
5 12
7 8
1 8
27
2 5
16 12
8 18
23 9
18 27
3 1
22 19
1 16
1 13
16 11
18 4
19 7
6 16
20 16
26 25
8 17
24 20
6 10
19 15
19 6
8 6
1 5
18 14
1 21
9 20
1 25
24
6 1
12 9
14 13
5 2
12 4
6 21
9 16
8 19
20 10
22 24
8 23
3 11
16 22
7 17
3 14
5 18
24 20
15 11
21 2
10 7
23 13
18 15
17 19
28
10 16
28 11
25 1
27 1
20 13
18 23
13 6
5 23
9 15
3 1
3 13
17 8
28 14
17 7
17 27
21 28
27 16
18 27
11 12
10 26
27 28
20 2
27 24
4 6
22 3
19 3
9 16
22
16 11
18 5
17 15
2 6
7 1
19 18
18 7
8 15
3 16
1 4
20 9
10 2
15 7
3 4
2 3
12 16
14 9
22 20
13 22
20 4
21 9
19
15 1
1 12
1 3
19 1
1 5
17 1
1 4
9 1
1 11
1 6
1 2
10 1
1 18
1 7
1 8
13 1
16 1
1 14
13
2 3
13 9
10 2
3 11
2 7
1 13
13 5
6 12
6 13
10 1
6 4
13 8
20
11 1
1 16
8 1
18 1
15 1
1 3
1 19
4 1
14 1
6 1
20 1
1 10
9 1
1 5
1 2
12 1
7 1
13 1
1 17
29
14 21
21 3
4 29
27 8
1 29
17 29
7 19
5 26
9 16
10 14
23 19
25 6
11 14
6 22
1 11
17 19
16 28
17 26
16 4
15 6
25 11
13 26
2 20
20 25
20 12
24 21
4 8
8 18
21
14 17
15 6
14 1
11 9
3 19
5 17
19 16
8 4
14 6
13 9
16 1
12 9
18 3
1 12
13 2
19 8
7 21
16 20
21 10
10 6
10
7 2
5 6
8 3
9 2
1 3
3 4
1 9
6 9
10 6
15
11 12
11 13
6 15
11 1
4 14
6 4
4 10
13 9
13 5
12 2
3 15
1 6
7 15
8 12
13
6 13
9 12
5 3
5 8
4 9
1 9
13 3
12 10
11 13
3 1
12 7
2 5
27
16 24
27 11
13 14
25 13
1 24
5 15
27 9
13 1
8 24
21 12
7 6
18 27
23 22
19 13
13 5
1 17
2 3
3 13
23 24
16 4
12 14
27 17
3 7
13 10
26 12
20 15
21
11 3
19 14
9 16
4 8
20 9
12 2
20 5
4 17
7 2
6 21
19 15
1 17
14 12
10 18
18 6
13 3
11 5
8 21
16 15
13 10
10
1 4
9 1
6 1
1 10
1 5
8 1
1 7
1 2
3 1
29
27 19
11 19
19 3
10 5
28 9
22 12
4 15
9 8
4 23
28 17
1 6
6 26
7 8
29 18
7 24
12 4
29 6
19 13
6 20
6 25
1 15
21 3
10 15
1 3
12 2
10 8
14 8
10 16
14
2 1
1 7
3 1
1 13
1 5
1 11
8 1
1 4
1 14
1 12
1 6
10 1
1 9
24
23 21
9 3
16 1
21 5
22 15
12 11
14 22
11 9
8 4
24 15
7 18
19 6
16 10
20 13
13 2
12 24
23 6
17 3
14 19
5 4
20 8
17 10
18 2
25
12 15
4 10
20 3
16 1
21 23
19 2
13 23
22 13
1 3
4 7
6 5
19 15
5 15
8 9
18 7
3 8
21 24
3 4
14 8
11 4
17 1
1 13
12 1
11 25
12
11 5
6 11
1 4
1 11
4 3
8 10
5 2
5 12
10 4
9 6
6 7
21
15 3
14 18
20 18
9 18
17 10
13 1
3 2
12 19
20 4
7 20
2 11
17 21
5 20
20 16
8 12
6 20
12 18
1 20
12 2
21 1
27
25 4
5 22
16 18
11 4
14 22
16 2
13 1
5 7
12 18
2 26
17 7
14 19
20 19
8 24
23 21
12 10
9 25
6 20
24 9
8 10
15 3
11 23
17 21
3 13
6 27
15 27
21
10 19
4 3
11 18
9 3
16 5
3 16
6 21
21 10
13 3
12 13
14 3
3 1
3 15
1 8
18 19
14 20
13 2
4 19
7 12
1 17
25
1 23
1 6
20 1
13 1
5 1
9 1
21 1
1 2
1 11
8 1
10 1
15 1
1 25
12 1
17 1
7 1
1 19
22 1
1 3
24 1
4 1
1 16
1 14
18 1
10
4 10
6 7
3 9
5 6
3 8
1 7
4 1
8 1
2 3
27
1 9
27 1
1 2
3 1
23 1
10 1
1 19
1 7
1 15
1 22
1 21
1 11
14 1
1 24
1 18
1 12
1 17
8 1
26 1
1 5
1 6
4 1
1 25
13 1
16 1
20 1
29
22 6
6 17
6 11
20 21
6 26
1 28
3 17
27 23
8 5
2 29
26 8
7 12
1 17
11 19
5 18
9 3
20 27
17 10
15 3
7 25
1 13
20 24
27 16
12 1
23 17
1 2
4 2
14 3
23
23 12
5 18
6 13
17 16
18 15
19 16
7 9
9 20
5 11
19 4
3 8
10 22
2 21
8 1
12 4
14 7
11 23
3 14
10 20
17 13
2 22
6 21
25
3 24
12 8
5 13
15 7
25 13
11 3
3 1
6 25
23 10
1 9
22 13
2 12
25 4
18 4
13 3
21 20
15 16
19 10
10 3
3 17
8 15
14 7
3 21
8 1
25
17 1
7 1
16 1
22 1
10 1
13 1
1 5
6 1
21 1
1 23
1 20
25 1
1 9
1 12
2 1
14 1
8 1
1 24
11 1
18 1
1 19
15 1
1 4
1 3
27
22 10
26 5
22 18
27 6
23 25
25 3
10 17
1 14
19 15
23 1
6 24
9 12
23 20
1 11
12 4
19 7
2 8
6 23
1 26
8 23
15 16
18 21
10 13
4 8
1 22
7 23
18
1 6
1 8
4 1
12 1
1 15
7 1
18 1
1 17
1 9
11 1
1 3
16 1
1 13
1 2
5 1
10 1
14 1
24
11 20
7 6
22 15
2 18
19 9
10 2
18 4
2 24
18 6
1 14
14 12
2 21
24 15
8 14
11 3
16 6
13 5
20 18
23 18
8 18
17 23
5 18
9 18
11
8 10
5 8
3 1
4 1
11 5
1 5
7 2
6 5
10 7
5 9
15
8 15
6 8
10 8
3 5
12 3
13 2
4 9
6 14
2 1
11 3
3 1
3 8
4 10
5 7
26
1 8
1 15
1 20
25 1
1 4
1 2
1 14
5 1
23 1
3 1
21 1
1 22
1 7
10 1
1 19
6 1
12 1
17 1
1 9
1 11
18 1
13 1
16 1
26 1
24 1
21
1 6
10 1
1 18
21 1
1 3
8 1
20 1
1 5
1 12
2 1
1 19
1 4
1 13
15 1
1 7
1 17
9 1
1 11
1 14
1 16
11
9 5
3 6
10 4
2 6
1 4
7 8
11 5
10 11
2 7
8 9
19
10 4
14 7
18 11
2 4
1 19
14 5
9 1
16 3
19 14
17 15
11 8
3 9
3 6
13 17
19 17
11 12
4 12
9 12
18
9 17
11 14
10 7
6 18
13 14
17 16
8 16
3 9
13 3
15 1
10 4
2 4
11 2
5 15
8 6
12 7
18 5
12
8 7
5 7
6 12
8 4
10 1
12 1
7 3
1 11
5 2
11 9
12 8
14
7 9
1 3
5 12
3 2
13 14
13 12
1 13
9 14
6 8
6 11
6 14
4 14
12 10
22
1 15
19 1
1 5
1 13
22 1
1 7
1 6
1 3
9 1
1 11
8 1
1 16
1 4
1 17
20 1
1 10
2 1
1 18
1 14
12 1
21 1
18
3 14
4 3
4 10
17 13
9 7
16 15
4 18
1 11
6 2
14 2
11 15
3 13
9 11
15 5
2 8
1 14
9 12
10
6 8
2 1
7 3
7 1
10 8
1 5
4 1
1 9
8 1
14
13 1
1 3
1 6
12 1
1 14
1 11
1 9
8 1
1 7
4 1
1 5
2 1
10 1
10
2 7
4 10
7 8
1 2
3 5
9 10
6 5
1 5
2 10
24
10 14
24 15
6 24
13 21
23 1
3 4
13 6
19 2
2 22
18 17
5 8
16 12
10 4
3 9
9 7
11 23
18 20
8 14
5 16
21 17
19 20
11 22
12 15
24
4 1
23 1
1 21
8 1
1 18
1 12
1 5
9 1
1 20
24 1
1 11
1 16
14 1
10 1
19 1
7 1
3 1
17 1
1 2
1 15
1 6
13 1
22 1
11
1 11
5 1
1 4
9 1
6 1
8 1
2 1
7 1
10 1
1 3
18
11 1
2 1
18 1
17 1
1 8
12 1
4 1
1 7
9 1
1 10
15 1
14 1
6 1
1 16
3 1
1 5
13 1
15
1 3
9 1
11 1
10 1
1 12
1 2
8 1
14 1
7 1
1 4
1 13
1 5
1 6
1 15
26
10 19
11 10
6 18
15 3
6 16
26 19
13 12
3 12
21 11
1 7
25 11
24 22
24 7
15 18
5 6
2 8
15 1
20 4
8 23
4 17
10 7
9 24
14 12
8 18
4 3
20
5 6
15 8
9 18
13 6
19 10
11 3
2 7
9 10
14 2
20 19
4 20
12 13
15 17
3 5
7 17
16 4
18 8
14 1
11 16
18
15 10
9 11
6 2
12 3
13 15
8 17
18 5
3 11
16 2
4 5
9 18
7 14
13 12
1 17
6 4
7 8
14 16
17
8 16
7 11
1 8
10 7
17 14
11 12
8 5
2 4
6 14
4 17
17 11
4 1
9 4
13 17
15 2
16 3
12
3 1
7 1
7 5
8 4
12 11
12 1
2 11
10 7
12 6
9 1
8 1
12
3 7
5 6
2 11
3 9
12 10
10 8
1 12
6 9
4 11
7 4
2 8
10
10 7
4 2
3 8
5 9
4 6
2 7
9 1
3 5
8 10
29
12 13
27 21
17 19
15 7
29 10
12 15
16 25
20 15
14 1
17 26
7 27
23 21
10 8
5 19
11 5
12 2
22 24
9 10
29 25
28 25
1 7
14 19
18 5
17 3
22 4
29 14
6 21
27 22
27
1 14
1 26
1 24
1 22
25 1
1 6
18 1
10 1
1 8
3 1
15 1
1 17
1 19
21 1
16 1
2 1
5 1
1 13
4 1
11 1
1 12
1 27
1 23
20 1
9 1
1 7
10
8 7
2 4
3 1
9 4
8 10
8 6
9 1
8 1
3 5
27
14 27
8 16
3 14
7 14
23 26
17 1
10 21
18 13
26 7
24 26
5 12
22 19
16 14
19 25
27 4
20 15
6 26
3 9
15 17
19 1
11 1
9 10
12 14
14 19
2 19
19 13
13
7 1
11 1
1 3
1 13
4 1
12 1
1 5
2 1
10 1
1 8
1 6
9 1
16
5 12
14 4
8 6
12 4
16 3
6 14
8 9
5 2
10 11
9 15
13 1
16 7
2 7
10 15
13 11
28
20 19
7 11
26 24
22 14
3 23
22 20
28 21
12 24
21 18
9 16
16 23
23 2
17 7
1 9
11 9
4 8
19 12
22 25
27 24
10 13
5 8
15 11
6 10
21 16
20 10
8 12
19 1
21
1 17
15 1
20 1
1 5
1 18
3 1
14 1
1 19
1 9
8 1
12 1
11 1
4 1
1 6
1 13
1 16
1 10
1 2
1 21
1 7
28
17 7
11 15
27 25
4 6
21 16
2 25
8 5
3 18
12 21
19 6
5 13
26 16
27 7
4 24
28 10
15 12
11 19
28 22
17 23
23 1
13 3
2 24
14 10
26 8
9 22
18 9
20 14
11
1 2
9 8
7 3
7 1
4 2
11 4
2 8
10 7
6 4
8 5
24
16 9
13 15
10 20
5 24
12 20
11 5
19 7
1 24
6 9
3 14
12 22
4 22
17 15
4 18
21 23
17 14
23 2
13 2
3 10
11 8
6 19
8 16
21 7
18
2 8
8 5
1 5
14 6
2 7
3 16
16 17
8 12
3 1
11 3
16 10
9 12
12 15
13 11
11 4
6 18
5 6
14
5 1
14 2
12 1
13 3
3 9
4 11
4 8
9 7
6 1
2 9
1 10
3 5
11 6
23
8 17
14 10
22 9
4 19
1 3
7 12
22 11
7 16
3 21
18 20
17 5
15 3
22 6
16 13
10 18
15 10
23 19
7 9
1 2
17 12
7 1
23 3
14
5 12
8 10
6 5
13 9
9 5
4 10
3 6
4 14
5 7
14 2
9 1
1 4
10 11
16
10 7
7 15
5 11
1 16
16 2
11 1
9 1
14 12
6 5
3 11
13 4
11 12
12 4
1 10
16 8
23
1 7
1 6
21 1
1 4
23 1
3 1
1 22
1 12
10 1
1 16
18 1
15 1
20 1
19 1
2 1
1 17
1 13
1 8
5 1
14 1
11 1
1 9
15
6 3
4 9
3 7
5 12
8 13
8 7
6 11
15 2
14 10
14 4
15 10
12 1
11 5
13 2
24
24 8
4 14
17 4
6 16
1 11
9 20
17 15
20 13
7 22
7 2
3 6
21 5
12 18
8 14
24 11
19 16
23 18
5 19
9 15
21 13
2 23
12 10
22 3
11
3 7
4 5
10 9
8 2
4 3
2 7
9 6
11 6
5 1
8 11
21
20 1
2 1
12 1
1 19
1 17
1 11
4 1
18 1
10 1
3 1
1 8
7 1
1 21
9 1
1 16
1 13
1 15
6 1
1 5
14 1
28
11 16
1 21
16 20
9 28
28 18
5 10
22 17
26 6
26 5
18 24
19 21
25 4
19 8
9 20
3 8
23 4
8 7
26 21
18 13
16 27
2 14
4 28
15 14
14 19
9 1
20 17
17 12
28
21 1
22 1
1 28
23 1
13 1
1 19
12 1
1 10
6 1
1 11
1 17
1 18
20 1
27 1
15 1
3 1
26 1
1 5
2 1
1 4
14 1
1 25
8 1
1 24
9 1
1 16
1 7
16
7 1
1 16
10 1
1 4
6 1
12 1
1 5
15 1
11 1
1 3
14 1
13 1
2 1
1 9
8 1
18
10 13
18 17
3 11
5 7
3 16
2 15
1 14
16 8
18 13
4 14
9 11
17 12
5 10
6 2
12 9
15 4
6 7
16
10 15
16 12
13 14
2 4
1 12
8 16
6 5
15 7
5 11
2 6
11 9
4 3
7 14
13 8
3 10
21
10 7
18 12
18 2
17 2
10 19
1 15
21 16
5 6
8 14
8 19
11 12
20 6
4 14
3 15
16 13
3 9
5 4
20 9
21 17
11 7
16
14 1
13 1
11 1
4 1
1 8
16 1
10 1
3 1
9 1
6 1
1 5
2 1
12 1
7 1
1 15
19
14 1
7 1
1 5
3 1
1 15
17 1
11 1
1 2
1 8
19 1
4 1
1 10
6 1
9 1
1 12
16 1
1 13
1 18
29
3 18
28 1
17 29
3 2
23 24
20 19
20 14
27 21
9 12
7 23
5 7
4 29
12 2
16 28
10 13
3 1
28 7
22 16
6 23
27 25
27 2
10 18
20 16
15 12
26 5
11 5
10 8
18 29
25
5 23
24 4
3 9
7 25
24 1
18 8
24 15
22 5
10 9
16 1
16 18
9 17
6 8
18 25
16 10
12 4
21 25
14 15
10 5
2 4
20 15
13 2
8 19
2 11
14
7 8
6 12
12 9
11 2
3 13
10 7
8 6
4 3
13 2
5 14
11 1
5 9
4 10
10
3 4
8 7
5 6
10 6
1 8
7 9
3 2
5 4
9 10
22
3 1
10 1
6 1
1 7
1 16
19 1
1 11
1 12
1 21
1 4
14 1
20 1
2 1
1 9
18 1
15 1
22 1
17 1
1 13
5 1
1 8
25
7 9
16 6
11 18
15 1
1 3
17 20
14 1
12 22
20 5
12 4
7 10
6 24
19 8
18 7
2 23
7 1
20 7
2 1
5 25
14 12
8 13
1 24
24 19
21 8
13
1 11
4 13
4 11
9 10
2 6
8 10
11 10
7 2
4 5
12 2
12 1
12 3
28
11 1
1 2
1 22
24 1
1 27
20 1
12 1
1 18
8 1
26 1
1 10
1 4
9 1
1 21
1 25
15 1
7 1
1 17
1 19
5 1
1 6
1 16
14 1
1 28
1 13
23 1
1 3
17
17 1
4 1
11 1
12 1
1 7
13 1
6 1
10 1
2 1
16 1
15 1
5 1
3 1
9 1
8 1
14 1
10
7 1
9 1
3 1
1 10
8 1
6 1
4 1
2 1
1 5
22
18 12
6 5
9 18
9 7
5 1
5 21
19 12
22 17
1 18
16 20
14 12
11 16
2 6
17 21
6 16
3 15
2 13
9 4
21 15
8 17
10 15
15
7 11
6 12
15 1
15 11
13 10
14 15
8 7
6 5
15 2
6 1
6 3
12 10
4 14
12 9
26
3 1
16 1
7 1
19 1
1 13
1 9
22 1
1 24
1 15
1 8
5 1
1 12
1 18
4 1
1 23
1 2
10 1
1 26
1 21
1 20
11 1
25 1
1 14
17 1
1 6
28
21 24
22 27
5 7
28 5
19 5
21 12
10 20
15 9
5 6
1 21
18 26
24 2
1 27
24 3
10 24
14 9
3 4
15 24
1 16
1 8
9 13
22 5
27 25
17 8
15 11
26 21
12 23
24
8 4
11 10
23 21
6 4
12 9
20 18
20 14
21 8
2 16
15 12
17 5
24 22
19 14
24 1
22 2
17 7
23 13
19 10
13 16
9 18
15 5
3 11
3 6
25
1 18
1 22
1 24
1 2
1 25
1 23
1 20
16 1
1 4
1 15
8 1
1 10
5 1
1 13
19 1
1 14
1 6
17 1
1 7
1 11
1 9
3 1
1 21
1 12
18
8 2
4 2
5 9
16 17
6 18
14 6
5 15
11 14
17 3
12 7
9 8
7 11
18 13
10 15
13 16
10 3
4 1
12
3 7
11 7
8 9
11 12
8 5
12 6
3 9
10 2
4 2
4 6
5 1
17
17 13
9 7
6 3
16 2
2 14
15 10
11 7
15 17
14 1
9 12
5 13
10 11
6 4
3 8
16 5
4 12
25
12 11
2 9
18 22
22 13
4 22
17 5
15 10
13 17
16 13
19 9
3 24
24 12
7 16
20 11
21 8
22 1
15 9
15 20
14 20
25 9
8 13
11 1
25 23
6 15
24
5 16
3 19
8 23
24 15
11 18
6 24
13 18
3 12
21 13
1 5
4 22
4 9
16 21
22 23
17 15
20 8
6 19
17 7
7 9
12 2
14 11
20 10
10 14
27
21 22
11 26
11 25
13 12
13 10
20 4
14 18
14 2
8 6
20 17
11 2
9 6
16 24
15 9
21 1
7 14
5 9
3 20
23 22
13 6
24 19
21 2
27 22
4 8
1 8
24 4
17
3 2
4 6
16 5
8 12
2 14
8 14
16 15
11 8
7 9
13 16
15 4
10 7
1 14
4 17
1 15
2 7
15
13 5
3 13
2 9
1 2
11 9
15 10
10 2
1 5
12 5
4 12
9 8
12 6
13 14
7 10
20
12 7
11 9
19 18
14 10
2 17
1 8
17 10
3 2
4 18
16 12
11 13
8 12
2 6
1 19
17 8
19 11
5 7
15 18
10 20
23
6 11
6 1
14 1
9 18
14 17
22 19
8 15
2 6
3 21
10 5
21 13
6 15
14 4
20 19
21 6
23 16
9 20
6 10
16 1
20 1
15 12
3 7
15
14 1
10 4
9 5
2 3
13 1
14 4
8 14
1 2
12 2
6 12
7 3
11 15
15 4
5 2
13
1 2
6 10
2 9
7 3
2 11
10 13
7 8
3 1
12 7
3 10
4 9
9 5
27
1 5
26 1
1 19
1 14
2 1
1 22
3 1
15 1
25 1
1 9
21 1
16 1
10 1
24 1
1 23
17 1
1 8
1 12
1 4
7 1
1 20
6 1
1 18
27 1
13 1
11 1
16
8 2
14 16
15 12
12 13
4 10
5 7
14 6
11 10
9 3
2 11
1 9
11 5
12 1
14 12
11 1
17
13 14
15 6
5 12
6 3
2 17
2 10
9 8
12 11
6 9
13 16
1 15
12 17
7 9
1 17
13 15
4 2
19
10 6
16 4
2 8
3 15
13 3
12 5
2 19
14 3
14 12
18 19
7 10
10 8
1 14
4 9
19 11
8 4
2 1
17 12
10
2 8
9 4
8 5
6 4
9 3
9 10
1 4
7 6
8 1
22
9 1
1 7
5 1
1 12
1 21
3 1
15 1
1 6
19 1
1 11
1 4
16 1
20 1
2 1
1 13
14 1
22 1
1 10
1 17
1 8
1 18
23
10 1
9 1
1 23
21 1
1 11
1 19
7 1
8 1
1 3
6 1
1 13
1 14
15 1
5 1
17 1
1 12
20 1
1 18
16 1
22 1
1 4
2 1
14
7 10
1 9
4 8
12 10
3 5
13 5
5 1
8 2
10 13
11 9
6 2
14 11
8 9
17
1 13
12 1
16 1
1 11
1 14
1 10
1 6
15 1
2 1
9 1
7 1
1 8
1 17
3 1
5 1
4 1
25
8 7
15 8
16 24
3 17
18 1
23 24
9 8
21 7
11 25
14 12
4 13
7 23
10 12
12 22
18 22
25 20
5 25
20 18
20 13
3 22
1 23
19 13
2 24
3 6
28
27 21
21 9
15 16
14 4
26 9
6 24
3 10
1 7
9 18
3 1
1 9
17 9
23 21
15 26
23 24
8 28
8 9
2 26
8 11
22 25
12 21
5 11
26 4
19 20
20 9
1 13
24 25
15
4 6
7 12
2 3
6 9
15 9
14 10
14 11
3 13
10 8
4 5
8 15
5 1
13 12
11 2
15
1 5
4 1
1 8
1 15
1 3
1 7
1 9
10 1
11 1
12 1
14 1
2 1
1 13
6 1
29
10 17
16 6
13 24
11 18
27 3
27 29
8 13
20 17
19 26
1 2
20 28
25 22
22 19
8 9
18 28
10 21
16 7
23 2
23 11
15 12
5 4
15 4
12 7
25 24
3 21
9 14
14 6
5 29
13
2 1
1 12
1 8
9 1
1 7
1 11
1 3
6 1
5 1
4 1
1 13
1 10
23
17 18
16 3
21 9
4 18
20 1
20 23
13 6
23 12
5 15
14 22
7 17
11 5
19 2
3 9
8 22
10 12
4 13
21 15
7 10
19 8
16 2
6 14
13
13 1
9 1
1 10
1 8
1 2
1 6
1 12
7 1
1 4
1 3
1 11
1 5
12
1 7
12 1
5 1
1 4
1 6
1 9
1 10
3 1
11 1
1 8
2 1
16
9 1
1 3
1 15
1 13
12 1
1 7
6 1
1 4
1 11
1 14
1 16
2 1
1 8
1 10
5 1
10
9 6
2 5
10 3
1 8
3 7
8 4
4 6
10 5
9 7
28
24 23
6 10
6 5
15 11
20 21
8 24
25 8
21 17
16 9
4 1
14 15
15 27
14 19
16 1
11 18
1 8
3 18
18 26
18 21
13 15
7 11
11 6
12 7
1 18
11 28
22 2
15 2
29
26 7
27 17
24 11
28 2
10 14
17 6
10 29
25 26
22 11
1 29
18 25
21 5
27 3
28 23
7 4
9 2
19 15
5 4
23 21
8 12
24 20
18 3
16 13
13 12
15 16
22 9
14 19
6 8
11
6 1
9 11
6 8
11 3
9 10
9 5
6 9
2 11
5 7
11 4
16
15 1
2 1
1 5
13 1
10 1
1 4
6 1
9 1
8 1
14 1
11 1
3 1
16 1
7 1
1 12
19
5 19
18 11
7 14
10 6
5 11
17 7
8 14
19 10
12 2
3 17
2 4
13 16
3 1
8 15
12 9
15 9
4 18
6 13
20
13 6
10 20
2 15
3 11
16 12
19 14
7 9
17 5
8 20
8 7
1 19
14 18
16 5
15 13
17 3
4 2
18 9
10 12
11 6
24
23 1
19 1
1 3
24 1
7 1
11 1
1 21
1 16
1 14
1 18
1 12
2 1
1 6
22 1
17 1
20 1
1 15
1 8
4 1
13 1
1 9
10 1
1 5
11
10 1
1 8
1 9
1 6
1 3
1 2
4 1
1 5
1 11
7 1
19
7 1
13 15
12 7
16 6
2 11
13 2
4 8
5 18
15 9
14 3
9 16
10 17
11 10
19 18
14 8
19 4
6 3
5 12
20
9 8
12 16
7 5
17 8
2 14
16 13
15 5
7 20
18 1
19 11
19 14
10 6
20 2
6 4
9 15
3 18
12 4
3 10
13 17
16
13 1
1 4
1 9
8 1
3 1
14 1
1 6
5 1
1 15
1 16
1 2
12 1
1 10
1 7
11 1
23
4 16
23 15
17 16
10 5
11 20
14 18
2 22
2 8
7 15
21 12
11 23
21 18
1 12
3 5
17 13
22 6
19 4
19 14
8 10
20 9
3 13
7 6
28
23 21
17 21
13 11
3 4
9 26
24 18
6 2
20 27
10 22
15 23
16 5
14 28
26 6
12 18
2 27
10 19
11 7
5 1
20 25
25 8
8 14
22 3
7 4
13 9
28 15
16 12
24 17
15
6 10
5 11
9 4
14 3
7 1
9 7
11 15
7 14
5 1
6 12
13 14
2 11
6 5
8 9
21
14 5
20 1
21 17
9 17
7 15
16 4
21 1
19 11
19 14
10 19
18 15
13 15
16 21
20 14
5 8
12 18
6 5
17 3
16 2
18 20
24
18 1
1 19
1 9
21 1
14 1
1 5
1 11
20 1
1 2
1 24
4 1
12 1
1 10
1 23
8 1
16 1
22 1
7 1
17 1
1 15
1 13
1 6
1 3
26
15 18
5 17
23 6
2 15
13 2
1 20
17 23
25 9
12 20
8 14
25 1
26 19
7 4
10 13
13 8
24 3
22 11
24 20
1 7
16 22
25 2
21 7
23 22
20 23
26 20
12
10 6
2 12
4 5
6 12
7 9
10 3
5 7
1 7
10 11
1 6
12 8
19
12 9
17 5
8 16
13 3
11 5
1 9
5 1
13 19
6 17
3 5
14 16
13 7
18 9
10 13
2 9
1 4
8 9
11 15
27
20 4
13 20
1 3
10 7
10 26
1 12
3 11
6 27
22 1
23 14
24 2
8 27
1 27
23 24
22 20
21 8
27 18
20 19
5 9
18 17
21 16
27 25
23 6
5 6
15 13
10 19
27
4 20
26 4
1 25
4 5
6 11
3 5
19 25
21 26
2 15
11 17
13 1
16 9
18 4
3 25
8 3
4 22
11 10
7 1
9 17
24 15
24 23
1 11
10 23
18 27
3 14
12 22
22
14 13
6 7
16 9
15 4
19 2
3 10
18 3
9 22
14 10
11 17
12 11
22 8
12 6
15 1
8 20
2 4
21 13
21 19
5 18
7 5
16 17
16
1 16
3 15
8 9
9 14
15 10
7 8
12 15
6 12
11 13
16 9
11 4
12 1
5 16
12 4
14 2
16
10 1
1 8
2 1
16 1
1 9
7 1
1 3
1 4
14 1
15 1
1 12
1 13
5 1
6 1
11 1
11
8 11
6 7
2 9
6 1
1 3
1 4
9 10
6 9
2 5
9 11
25
3 16
10 21
2 12
22 18
16 11
22 25
25 2
23 1
3 24
14 19
6 7
19 10
1 7
9 2
16 20
21 4
25 16
1 16
8 25
15 4
5 9
4 16
4 17
7 13
11
2 6
9 7
10 6
11 4
1 5
11 7
8 3
5 9
8 10
2 4
17
7 14
13 11
4 9
1 12
11 7
1 16
3 2
15 1
1 2
5 10
3 6
1 11
8 17
8 12
2 9
5 11
16
12 8
8 15
6 7
6 2
4 10
10 16
5 16
13 12
11 13
5 9
15 14
11 7
1 2
3 4
14 9
25
25 7
19 12
18 6
4 20
11 2
22 9
24 18
12 11
2 10
4 23
13 15
21 14
16 2
9 1
1 12
22 8
19 4
13 3
11 25
21 17
21 22
25 5
19 18
9 13
26
25 20
21 25
15 22
19 10
3 24
25 11
10 6
9 2
16 2
1 7
1 3
14 2
4 8
23 17
18 12
25 8
18 20
8 15
11 23
13 11
14 25
5 8
1 6
21 6
26 12
26
2 6
26 6
6 20
19 13
10 14
6 21
25 2
5 24
15 26
25 10
2 9
19 23
1 25
4 22
7 8
18 26
19 1
1 7
10 11
12 25
4 8
5 8
6 16
9 3
25 17
18
13 18
10 1
12 1
11 8
7 13
4 10
15 1
1 17
1 2
5 18
9 16
8 5
3 10
14 18
1 5
6 5
9 5
11
1 2
9 1
1 8
10 1
7 1
1 6
1 4
1 3
5 1
11 1
14
8 4
14 3
12 6
5 8
11 10
7 9
11 4
12 13
6 2
3 2
9 13
7 5
14 1
29
9 26
7 22
24 19
2 12
22 18
17 28
6 18
14 8
2 9
15 4
27 6
17 16
23 1
5 13
28 24
27 3
7 10
26 25
21 11
15 19
3 21
25 11
20 10
14 29
20 4
23 12
13 8
16 29
12
8 5
9 3
10 4
4 6
1 2
7 2
1 6
11 4
9 12
2 8
6 9
28
5 20
28 9
2 10
14 25
28 4
16 14
5 2
15 27
1 28
23 11
11 27
18 6
24 8
21 12
17 11
13 23
10 12
8 21
22 28
2 28
4 3
23 19
28 23
14 2
18 7
6 11
26 28
22
21 7
8 14
14 15
22 19
2 14
21 12
5 12
16 13
1 8
21 4
17 13
19 18
9 3
17 19
7 1
20 12
10 4
6 4
9 8
11 9
17 7
16
7 1
3 1
1 16
11 1
14 1
8 1
1 5
13 1
15 1
2 1
1 12
6 1
1 9
1 4
10 1
12
9 1
11 1
6 1
10 1
1 7
5 1
8 1
4 1
3 1
1 2
12 1
24
7 5
24 4
19 21
4 14
20 12
6 18
9 11
19 15
21 8
2 9
16 5
7 14
18 24
10 20
22 17
23 15
1 16
3 11
17 2
10 13
12 8
13 3
22 6
19
16 12
10 7
16 2
7 5
3 4
8 3
2 15
6 19
7 8
11 19
8 1
3 14
16 1
2 13
9 12
17 9
12 19
18 9
11
2 1
3 1
10 1
4 1
9 1
1 6
1 5
11 1
7 1
1 8
15
1 9
11 7
9 4
2 4
7 13
12 11
1 7
13 15
13 8
14 3
10 4
5 11
14 9
14 6
14
1 9
7 1
13 1
1 10
3 1
1 2
14 1
1 11
1 8
6 1
1 12
5 1
4 1
21
1 20
1 7
3 1
16 1
1 21
10 1
4 1
1 18
11 1
9 1
13 1
1 6
1 12
14 1
19 1
1 5
1 2
17 1
1 15
8 1
13
12 5
6 5
10 7
9 8
1 6
7 1
13 5
3 8
4 11
11 7
8 6
2 11
17
1 11
14 17
8 16
3 9
6 2
17 12
15 13
2 4
13 9
2 11
12 16
5 9
11 13
12 1
7 17
10 16
12
1 7
1 6
9 1
8 1
10 1
12 1
5 1
1 3
1 11
2 1
4 1
28
17 1
2 17
16 28
6 12
4 9
27 4
19 13
17 25
26 1
9 24
23 12
11 20
17 22
16 3
4 17
17 5
18 3
7 20
15 21
3 23
10 15
11 4
1 8
13 15
14 1
4 13
3 1
19
19 10
14 6
19 6
4 15
12 13
3 19
5 7
12 8
15 7
17 7
9 11
6 18
13 10
2 11
1 10
7 6
11 7
13 16
26
14 22
6 7
6 20
5 1
23 10
4 2
4 9
8 23
11 19
19 25
4 3
7 11
18 23
14 4
15 17
20 26
24 1
22 6
12 7
17 3
13 18
1 21
22 1
16 4
6 10
25
14 4
15 19
25 12
1 18
8 9
5 15
9 20
18 4
24 17
11 7
3 24
14 16
23 9
24 7
12 18
14 2
20 22
7 15
12 13
11 20
22 21
10 22
11 1
4 6
19
9 10
7 14
2 6
3 11
15 19
14 12
6 12
10 7
4 1
19 3
5 8
8 11
18 16
17 13
13 4
17 15
9 5
16 2
15
1 6
8 11
9 10
11 2
3 14
11 6
7 5
10 4
5 13
3 12
3 6
9 1
10 15
5 9
20
7 13
4 17
11 12
5 12
20 1
10 12
19 16
10 20
7 3
2 17
14 20
17 18
4 7
1 4
10 15
14 19
15 9
14 8
15 6
19
11 7
10 7
14 7
12 2
13 18
11 2
18 15
5 19
6 3
9 18
2 1
6 17
16 12
5 8
1 13
12 4
11 6
5 13
26
25 4
18 10
5 21
17 16
25 6
17 3
8 12
22 24
14 22
9 4
3 15
12 2
11 13
19 23
11 15
1 18
14 16
10 20
7 9
23 26
19 8
20 13
7 21
26 24
2 5
24
10 9
11 1
4 2
11 17
3 14
23 24
8 17
22 11
22 10
13 1
11 21
16 12
22 18
7 11
20 11
14 20
15 22
19 7
22 12
1 6
4 10
11 5
23 19
20
18 20
8 1
14 19
20 15
12 10
7 3
5 13
4 14
16 14
8 5
10 8
11 16
4 15
1 4
9 10
15 7
5 2
6 20
17 7
10
1 8
1 10
6 1
1 4
1 3
7 1
1 5
9 1
2 1
21
4 6
20 11
15 12
19 12
18 2
13 5
17 11
1 14
3 19
4 3
14 21
11 14
9 5
5 3
12 2
10 4
1 19
21 7
2 8
16 21
25
17 12
22 25
18 10
4 1
14 6
3 1
23 6
21 9
24 8
7 15
12 10
9 19
16 23
8 23
7 12
2 5
5 25
23 9
25 10
20 5
1 10
11 24
13 5
1 9
16
15 9
1 14
4 14
11 5
13 12
6 4
2 15
12 3
5 16
15 14
4 7
1 8
10 11
8 11
8 12
28
23 22
27 23
18 10
9 19
9 3
19 28
15 24
6 22
8 18
20 21
2 14
21 5
14 23
16 18
1 27
16 21
11 25
17 15
26 24
12 22
13 14
17 16
15 25
24 4
27 9
25 7
1 17
26
14 10
9 21
16 11
24 13
8 15
4 15
18 25
2 5
22 2
18 5
23 11
6 3
19 1
20 12
9 17
26 7
8 20
16 13
23 7
12 10
3 21
6 14
25 24
17 22
19 4
15
11 14
14 10
3 5
15 5
13 2
1 2
4 3
11 15
6 4
9 7
8 6
8 7
12 9
13 10
18
15 17
10 9
8 13
8 11
13 4
2 5
18 10
7 18
2 13
9 14
1 10
1 4
3 17
18 12
4 17
16 2
6 9
25
16 19
6 15
11 10
3 2
17 5
13 21
19 14
25 6
4 16
24 20
18 5
14 6
5 3
23 14
8 2
16 7
1 19
20 10
2 22
9 13
20 13
12 10
3 24
24 1
10
5 1
1 4
1 6
1 10
9 1
1 8
2 1
1 7
3 1
23
1 15
1 12
1 13
2 1
1 4
9 1
17 1
1 22
18 1
1 6
1 7
1 21
1 23
10 1
1 20
19 1
8 1
1 5
1 16
14 1
11 1
3 1
18
17 1
1 7
4 1
10 1
1 11
1 15
1 18
8 1
1 5
1 12
9 1
3 1
1 2
1 14
13 1
1 16
1 6
17
6 16
3 4
17 7
14 17
7 15
8 16
2 9
16 9
8 1
16 4
7 13
12 2
5 12
6 11
10 7
14 9
11
6 4
5 3
11 4
10 1
9 2
9 8
7 3
9 1
10 3
10 4
16
15 9
1 8
8 10
12 10
15 5
16 8
11 16
9 3
4 14
3 13
3 6
4 15
1 9
16 7
10 2
11
2 8
5 11
3 8
7 4
4 10
9 10
2 1
9 11
7 6
6 3
25
1 9
10 5
11 19
4 16
25 23
17 5
14 15
15 6
12 9
4 13
18 7
1 16
8 11
18 12
20 13
4 23
5 3
15 3
2 23
22 12
9 11
13 21
24 18
3 16
15
11 1
2 1
7 1
15 1
1 10
1 3
5 1
4 1
1 9
1 12
1 14
13 1
1 6
1 8
24
1 8
1 9
1 3
1 23
11 1
24 1
1 12
19 1
1 21
20 1
1 10
1 6
1 2
1 22
16 1
1 18
1 14
17 1
1 4
13 1
15 1
7 1
1 5
26
9 24
10 13
14 16
4 15
25 10
17 15
13 15
23 11
16 22
20 9
18 22
20 13
18 21
26 23
18 7
7 19
8 24
24 12
1 20
10 2
21 5
16 6
7 3
23 9
22 1
22
9 6
8 22
13 6
11 3
1 6
14 4
21 4
11 12
4 1
2 12
7 19
20 12
2 17
13 15
16 7
18 19
20 4
19 12
10 20
1 22
5 2
15
6 8
13 5
11 10
10 7
2 12
3 6
4 12
2 13
15 8
9 7
3 4
5 9
1 15
11 14
11
11 1
5 3
4 5
9 5
4 7
4 6
11 4
4 2
11 10
8 1
24
2 6
16 17
2 18
9 1
14 4
10 9
9 17
11 3
8 5
4 1
7 11
5 12
13 20
4 5
7 1
23 24
8 19
21 16
18 11
21 22
24 8
20 14
15 17
29
25 10
9 1
4 18
12 19
5 21
1 20
18 15
12 14
25 28
27 29
10 8
25 9
3 13
22 24
6 28
5 29
29 9
11 3
22 20
20 11
16 27
5 2
27 17
7 10
18 11
23 3
22 12
28 26
17
4 6
15 6
15 1
10 16
12 2
8 1
3 17
3 11
16 14
9 17
13 3
5 6
17 8
15 16
8 12
12 7
10
4 7
8 2
2 5
6 8
10 4
6 10
7 9
3 5
1 3
25
5 3
22 8
14 9
9 3
15 10
4 25
10 14
11 7
24 11
12 19
5 17
2 18
23 6
13 20
25 24
8 19
2 6
20 7
1 21
16 22
21 15
23 16
12 4
13 17
26
15 1
20 1
24 1
1 25
1 4
1 11
2 1
19 1
1 26
21 1
1 13
1 23
1 17
9 1
1 8
10 1
1 12
3 1
16 1
1 22
1 7
1 18
14 1
6 1
5 1
16
6 3
9 1
4 16
7 2
7 9
13 12
15 10
11 12
15 5
6 8
10 14
3 14
8 13
2 11
16 5
23
6 16
23 9
21 16
3 17
22 20
8 11
13 1
2 20
4 22
17 4
13 8
16 20
8 14
5 23
23 4
22 1
2 18
19 2
15 17
12 13
7 12
12 10
18
15 16
1 13
13 10
8 4
8 1
12 5
8 12
3 17
13 7
12 11
3 9
14 17
13 17
2 6
2 10
18 16
1 16
21
19 5
12 20
7 9
5 3
11 19
17 7
10 9
3 8
6 18
1 6
20 1
14 19
5 7
17 15
16 2
1 7
18 13
12 2
21 12
4 9
19
10 16
17 18
1 12
6 7
2 14
11 8
13 18
9 16
2 15
12 8
3 7
12 2
16 5
9 7
13 1
4 8
18 19
9 13
29
29 17
10 22
22 11
17 12
21 3
11 25
14 23
28 26
27 24
14 7
6 19
10 5
8 25
20 21
18 16
29 3
9 2
19 27
13 2
7 13
16 12
5 6
1 8
28 23
24 9
20 4
18 26
4 15
17
3 14
1 15
13 17
2 12
9 8
16 15
11 4
12 14
9 11
7 16
3 17
8 10
2 10
6 5
13 6
7 5
12
10 3
4 3
5 6
2 1
8 7
11 10
5 2
5 9
2 8
8 12
1 10
17
1 9
4 1
10 1
1 13
1 3
1 14
1 15
11 1
1 17
2 1
1 8
1 12
1 16
1 6
1 5
7 1
14
8 13
2 4
12 1
7 6
7 9
4 11
13 12
1 9
10 7
5 13
14 3
3 9
12 4
19
1 6
12 9
10 8
18 1
7 16
19 1
3 10
13 19
14 3
11 19
5 11
1 16
19 17
3 11
2 4
1 2
12 15
18 12
10
4 7
8 10
2 9
7 8
10 5
7 6
8 1
2 1
2 3
29
20 13
14 19
1 19
6 15
7 23
27 17
27 20
8 11
5 27
24 23
12 2
23 9
12 4
14 25
14 11
4 16
10 13
28 6
1 29
11 22
12 21
20 19
29 9
16 3
18 13
16 26
29 4
9 6
13
2 4
1 8
1 12
7 3
8 7
6 11
7 9
4 5
11 13
12 10
4 12
8 11
26
21 20
16 8
14 13
22 25
14 3
6 15
12 14
5 1
4 24
10 9
24 26
16 17
16 7
26 5
1 12
11 20
2 24
10 19
17 5
26 25
6 18
12 18
18 20
10 17
25 23
29
6 28
20 19
22 28
18 8
21 17
21 26
11 2
29 27
25 13
19 24
29 1
10 23
9 7
29 25
12 1
4 26
16 21
7 27
29 11
27 20
5 16
18 2
25 14
1 22
1 15
4 3
7 23
26 1
28
25 1
1 15
1 14
1 22
9 1
2 1
16 1
1 23
10 1
1 5
1 21
4 1
24 1
1 6
1 17
1 18
1 3
1 8
7 1
28 1
1 20
12 1
1 26
1 13
11 1
1 27
1 19
24
21 18
21 9
1 7
22 24
15 12
1 8
6 14
23 16
2 7
3 15
20 17
10 17
8 17
18 13
8 22
11 14
8 9
11 12
14 16
5 21
4 19
4 1
1 14
13
1 13
2 10
6 12
10 7
1 4
11 1
6 1
3 10
11 8
9 4
8 5
11 10
20
14 12
16 8
18 5
6 5
7 5
14 8
1 8
7 11
14 3
14 2
8 13
6 4
14 5
11 10
17 16
7 19
20 4
8 9
15 2
17
1 14
1 16
1 8
1 11
1 9
1 2
1 5
17 1
6 1
10 1
1 7
1 13
1 3
1 4
1 15
1 12
13
1 3
9 1
8 7
13 1
5 10
8 4
3 11
11 7
2 1
6 13
11 5
13 12
22
3 1
1 18
1 11
1 2
14 1
1 5
16 1
13 1
1 4
1 6
12 1
1 7
9 1
1 17
1 10
1 21
1 8
1 22
20 1
15 1
1 19
20
7 9
17 8
18 13
1 15
5 7
9 1
19 8
7 3
2 12
6 2
8 9
11 14
18 20
16 6
20 11
20 15
11 10
15 2
4 18
21
1 16
12 1
1 19
1 5
1 9
6 1
1 18
1 21
1 2
15 1
3 1
1 10
17 1
1 7
1 4
1 13
1 14
11 1
8 1
20 1
11
1 7
1 5
2 1
1 3
1 4
1 9
11 1
6 1
1 8
1 10
17
1 6
7 8
5 17
11 9
14 12
14 4
5 3
15 13
7 2
16 9
8 6
17 16
2 11
15 12
3 13
10 4
21
12 1
4 1
13 1
19 1
14 1
7 1
8 1
17 1
1 6
20 1
1 11
18 1
15 1
3 1
9 1
21 1
1 16
2 1
1 10
1 5
19
1 16
1 7
1 8
10 1
12 1
1 5
15 1
1 14
6 1
13 1
1 3
1 9
1 4
1 19
1 11
2 1
1 17
18 1
20
10 5
6 7
9 2
17 16
2 3
19 16
11 5
15 19
13 4
14 12
18 7
8 3
20 15
11 20
18 14
8 10
13 12
1 9
4 17
15
5 3
15 1
15 4
15 14
7 3
5 11
1 3
13 7
9 4
14 10
8 4
14 2
5 12
7 6
13
4 10
12 10
2 11
6 2
13 7
7 6
8 12
4 11
3 5
5 8
9 3
13 1
23
1 16
5 1
1 9
12 1
1 18
1 15
1 14
1 11
20 1
6 1
4 1
2 1
1 8
22 1
19 1
1 3
1 17
1 7
23 1
1 13
10 1
21 1
29
1 29
1 12
1 14
25 1
1 8
13 1
1 19
1 4
1 11
24 1
1 20
3 1
1 7
1 5
1 10
1 17
1 22
1 16
2 1
6 1
1 28
27 1
23 1
21 1
1 18
1 15
9 1
26 1
15
10 8
12 15
6 8
1 7
4 9
4 11
14 3
6 13
10 2
7 5
12 14
9 15
13 5
2 11
19
17 6
5 11
17 15
9 15
16 14
18 2
10 13
15 5
1 7
15 19
2 1
19 1
3 19
19 14
12 2
13 4
10 5
10 8
20
17 18
5 7
17 2
19 1
9 10
15 2
13 11
8 13
19 10
11 17
19 16
3 16
8 6
14 8
11 1
12 16
4 7
20 10
13 7
29
22 17
7 19
11 5
15 6
26 24
13 3
26 10
26 29
29 14
16 6
21 26
12 20
2 18
4 16
6 1
7 13
25 26
8 2
6 17
1 27
6 3
15 2
20 1
20 28
6 11
9 12
29 6
23 2
26
1 16
23 1
18 1
14 1
1 24
21 1
1 17
22 1
5 1
20 1
1 13
1 25
8 1
3 1
15 1
6 1
7 1
1 2
1 10
1 12
1 19
9 1
1 11
1 4
26 1
21
20 1
3 1
1 5
1 4
17 1
12 1
1 15
1 13
1 11
6 1
1 18
2 1
16 1
1 7
8 1
1 9
1 19
1 14
10 1
21 1
10
6 7
3 5
9 1
1 2
4 6
5 4
10 1
4 1
8 4
14
3 4
11 5
14 12
10 1
12 10
9 3
7 2
4 2
11 9
6 13
8 7
13 14
5 6
20
10 13
1 6
14 8
17 20
4 13
17 11
3 16
12 17
19 15
8 9
16 6
16 2
11 4
6 8
5 13
15 11
1 4
10 7
15 18
12
5 7
4 8
1 9
4 11
2 11
4 10
7 12
1 5
6 4
3 11
11 5
13
8 7
10 5
9 1
2 5
6 9
1 11
8 13
11 8
9 3
5 11
6 4
6 12
24
8 4
20 9
15 16
7 17
5 13
12 11
2 21
23 22
20 5
22 17
21 8
6 19
14 16
17 13
1 6
16 13
18 8
12 21
17 1
3 10
10 7
24 20
21 5
27
16 2
17 27
24 22
14 8
4 23
7 10
19 3
10 12
25 1
17 22
4 13
21 16
14 6
8 24
26 7
20 9
27 18
5 12
26 15
13 6
25 15
11 21
11 5
2 3
18 20
23 19
16
14 16
16 13
1 11
14 1
6 14
3 2
12 7
9 10
15 9
8 2
12 6
11 5
8 6
15 1
16 4
13
11 5
4 10
2 10
7 3
12 11
9 8
7 13
6 13
8 5
3 12
2 6
1 4
10
5 2
6 8
6 9
9 1
7 3
10 5
3 1
4 3
5 9
14
4 7
14 8
12 3
14 2
11 1
5 9
10 7
6 4
2 13
9 8
6 5
13 11
3 10
21
19 14
13 16
4 17
17 8
11 3
10 2
3 18
13 12
9 11
11 1
21 19
18 15
19 3
10 7
1 4
17 5
4 13
9 6
20 18
10 9
25
20 25
7 8
7 20
11 21
15 18
1 17
16 9
5 22
8 11
5 6
24 12
23 14
3 18
25 15
4 10
16 3
21 22
9 2
13 10
24 19
2 12
17 23
14 4
13 19
29
5 7
23 2
9 8
10 7
1 23
28 10
15 1
28 26
4 18
7 12
14 29
6 11
16 10
14 16
23 27
3 9
14 3
22 26
7 19
1 17
11 3
26 25
5 18
21 12
1 16
7 13
2 20
1 24
20
5 20
20 2
3 12
2 18
10 15
11 10
6 8
3 11
13 4
18 16
14 19
1 15
5 9
8 4
19 17
7 16
17 9
7 12
6 14
10
3 1
2 5
7 8
1 4
6 8
6 9
10 1
2 1
6 2
25
18 16
17 19
16 7
17 6
24 11
3 19
20 13
10 25
18 13
12 16
5 1
22 13
13 1
14 19
15 22
17 25
8 14
23 24
19 4
19 2
11 18
13 21
17 9
2 1
16
6 1
7 11
13 8
10 16
6 14
12 4
16 2
7 9
4 10
14 11
12 13
5 3
8 15
2 5
3 9
10
1 3
7 1
9 1
5 1
6 1
1 4
8 1
1 2
1 10
25
17 3
6 11
4 8
20 25
15 19
3 11
10 2
5 18
12 20
6 25
24 5
9 10
7 23
7 9
1 22
15 14
21 12
14 23
13 19
2 24
17 16
22 8
16 18
21 4
29
8 26
21 22
7 27
7 29
14 21
11 12
27 25
12 9
13 23
7 2
8 10
1 22
12 5
11 20
8 23
19 24
22 11
21 3
17 3
16 3
20 18
27 13
1 13
6 25
24 28
20 15
23 24
25 4
26
1 21
13 12
10 20
15 17
10 1
8 19
8 10
16 21
18 20
25 21
2 7
15 14
4 18
22 2
15 16
20 3
16 2
5 25
12 6
9 3
5 24
12 25
11 5
26 8
23 3
20
7 1
9 1
1 18
1 4
1 12
11 1
15 1
1 17
20 1
1 5
1 8
2 1
3 1
14 1
19 1
1 16
13 1
1 10
1 6
25
20 17
5 23
11 5
23 19
12 19
14 15
15 17
22 10
25 4
18 2
11 10
24 25
16 9
21 3
21 22
1 14
9 18
20 13
8 6
7 8
16 6
2 3
4 7
12 13
14
6 3
13 14
12 6
13 7
5 6
2 13
14 11
10 8
14 4
13 6
13 10
10 9
6 1
10
1 4
6 1
1 5
8 1
10 1
9 1
3 1
2 1
1 7
17
9 6
13 2
3 1
2 6
1 7
3 6
10 16
12 1
17 6
5 9
8 3
11 6
15 4
16 1
6 14
6 15
15
7 1
13 1
4 1
5 1
9 1
1 15
8 1
2 1
1 10
11 1
1 3
1 12
6 1
14 1
28
5 4
1 12
1 16
17 22
11 18
8 2
15 11
15 1
25 19
24 13
8 12
14 2
12 9
14 26
19 5
19 20
1 6
4 7
12 23
24 1
17 21
4 27
1 25
3 10
28 25
25 21
5 3
24
16 7
9 18
4 22
20 19
2 10
18 16
17 18
11 16
18 2
15 17
23 9
21 18
12 16
9 1
24 3
5 6
24 8
20 22
24 13
8 1
14 18
24 22
5 18
18
2 13
13 8
9 6
18 17
6 14
7 3
3 12
8 3
18 11
16 11
6 17
11 4
18 1
8 1
15 13
10 5
5 17
15
2 15
1 6
2 14
1 11
5 4
10 6
3 8
12 8
13 10
11 4
6 2
11 8
7 10
4 9
14
6 1
1 11
13 9
1 14
7 11
2 1
5 13
1 10
13 4
3 10
9 12
8 14
13 1
22
18 10
11 7
9 5
4 15
12 20
4 21
22 16
17 13
3 14
2 10
9 8
21 5
3 7
15 11
22 2
6 14
6 20
1 13
18 19
17 16
8 19
24
22 15
16 4
18 1
12 5
9 11
3 22
13 12
4 6
2 8
18 24
10 17
24 5
6 23
19 7
8 21
9 2
23 20
16 7
19 14
3 17
10 13
21 15
20 11
13
11 2
1 6
9 11
13 7
5 12
6 13
2 8
1 11
6 5
5 4
13 3
2 10
29
18 27
6 5
3 22
22 2
12 27
25 6
4 18
7 29
10 4
19 15
26 20
24 5
15 8
24 2
23 11
28 1
21 9
7 11
12 13
16 10
14 16
26 29
8 21
13 25
23 17
3 19
17 14
9 28
19
4 14
12 9
7 12
2 17
12 18
12 3
11 6
8 13
12 13
18 1
7 5
16 18
13 15
6 16
1 19
4 2
18 4
2 10
11
9 1
3 1
11 1
5 1
1 2
1 10
7 1
8 1
6 1
1 4
14
1 14
7 1
1 2
5 1
6 1
8 1
1 12
1 4
1 9
1 3
10 1
1 13
11 1
23
16 12
21 9
22 8
18 2
15 10
4 18
5 23
7 10
13 17
7 14
3 8
6 11
16 15
12 20
9 11
21 19
13 3
5 6
22 2
1 4
20 17
23 14
29
20 1
1 10
9 1
1 7
1 3
1 6
1 22
23 1
1 16
13 1
24 1
19 1
15 1
18 1
5 1
1 2
1 25
1 12
1 26
8 1
1 14
27 1
1 4
1 11
29 1
21 1
1 28
1 17
27
2 9
17 5
17 23
27 10
18 6
23 4
15 2
16 27
12 16
19 9
13 8
21 25
15 10
7 20
7 3
21 24
13 22
18 20
5 14
19 1
24 11
26 25
4 3
14 11
8 6
12 22
12
3 8
11 8
1 10
12 9
11 5
7 6
7 5
9 4
10 4
2 6
2 12
28
5 1
18 1
8 1
1 2
1 9
19 1
1 10
22 1
7 1
28 1
11 1
1 24
13 1
3 1
14 1
1 27
1 26
23 1
20 1
1 25
1 15
21 1
1 6
4 1
1 12
1 16
1 17
13
13 6
11 7
5 8
11 13
10 11
12 7
9 13
11 1
13 2
3 13
8 1
4 10
27
11 16
9 22
10 17
5 9
18 24
8 23
12 5
25 3
6 2
19 21
15 12
19 20
13 15
4 26
6 23
24 4
1 8
7 22
20 7
16 10
27 3
14 27
11 13
18 21
17 2
26 14
17
2 11
17 12
13 11
3 10
11 4
9 1
6 2
17 8
6 16
15 10
5 7
10 9
5 14
17 9
2 1
6 5
17
8 16
4 15
15 14
11 7
2 8
14 1
12 15
6 8
10 3
9 3
14 11
10 5
13 3
2 1
17 11
10 2
29
9 1
16 1
24 1
1 23
20 1
1 15
1 2
29 1
13 1
1 26
1 14
1 19
6 1
1 17
18 1
10 1
12 1
1 5
1 27
3 1
7 1
4 1
1 8
25 1
1 21
22 1
1 28
1 11
23
20 19
3 19
7 9
14 13
5 6
6 12
21 15
2 10
11 22
4 15
5 17
17 16
16 22
12 7
20 13
21 23
3 10
9 2
18 14
23 8
1 8
4 18
15
2 1
1 3
1 10
5 1
1 9
1 6
4 1
8 1
1 14
1 11
15 1
1 7
1 12
13 1
19
8 12
15 12
18 2
8 3
9 4
10 2
5 4
12 17
8 1
3 13
4 6
11 2
10 6
10 19
16 19
7 19
14 3
1 6
20
8 19
4 9
17 18
14 8
4 1
15 7
9 18
13 7
16 11
12 10
7 5
10 9
20 4
18 6
8 5
2 10
20 16
3 20
5 1
13
13 12
3 9
10 8
12 7
5 7
3 2
2 10
11 12
4 7
3 1
6 3
1 12
25
15 24
25 7
16 11
8 2
19 6
11 3
25 13
21 6
2 12
13 1
22 10
1 4
1 24
18 5
17 8
23 19
20 14
18 4
9 22
22 15
14 22
2 13
15 19
16 4
14
1 8
4 1
10 1
6 1
1 14
1 9
7 1
13 1
3 1
12 1
11 1
1 5
1 2
27
11 13
12 10
22 5
10 18
1 7
12 20
12 25
9 7
5 1
8 26
7 27
3 21
9 3
11 17
24 19
22 15
4 3
5 10
18 6
11 9
2 24
22 23
16 18
27 26
24 27
26 14
28
12 16
28 8
1 2
10 5
20 16
15 9
12 25
21 8
28 25
18 4
25 14
22 12
5 13
28 23
28 7
24 15
13 15
24 26
12 19
1 16
27 16
3 5
6 3
1 10
28 4
19 11
17 10
12
8 6
3 5
4 1
4 9
5 9
12 10
3 2
10 8
7 11
2 12
6 7
27
23 24
6 16
12 27
7 14
24 25
3 13
12 18
6 27
17 9
9 19
10 21
22 3
23 21
22 5
10 1
14 20
15 8
5 2
19 18
17 4
7 13
26 20
11 26
2 4
15 25
8 11
12
10 12
1 10
5 4
9 6
12 8
4 10
2 9
4 11
9 1
12 3
6 7
23
14 21
4 15
9 23
17 9
18 21
11 16
11 22
13 2
19 16
20 2
20 8
14 10
19 17
1 10
3 7
4 13
12 15
22 6
6 7
18 5
3 5
12 23
19
1 10
17 1
12 1
1 13
16 1
2 1
6 1
19 1
8 1
18 1
1 5
1 11
1 4
15 1
1 3
1 14
1 9
7 1
27
20 4
12 17
18 10
17 26
8 22
16 14
4 14
13 9
12 11
7 12
4 24
25 24
6 2
27 23
6 17
1 12
4 15
27 15
12 3
15 1
6 5
8 1
18 17
4 19
21 17
9 7
13
1 12
1 2
1 10
1 11
3 1
7 1
1 4
1 6
1 13
1 5
9 1
1 8
22
21 12
1 10
16 19
10 20
4 10
14 22
11 15
13 9
10 2
16 17
14 1
5 3
1 9
10 12
10 7
8 2
11 18
14 11
3 16
16 10
6 15
17
1 13
1 5
7 1
1 9
12 1
10 1
3 1
16 1
4 1
1 15
1 8
17 1
6 1
1 11
2 1
1 14
16
15 11
8 4
6 3
3 5
2 8
16 9
6 13
7 12
10 14
9 1
10 4
5 16
13 12
15 7
11 14
18
5 14
13 9
7 17
10 12
18 16
4 7
2 5
12 17
18 8
1 3
1 7
3 18
5 3
17 13
11 4
6 4
12 15
25
6 20
12 18
4 23
14 21
22 5
25 8
1 22
18 15
1 2
5 24
3 13
11 21
9 2
7 21
10 20
9 4
18 11
25 5
16 25
19 3
11 2
22 3
20 9
17 4
29
1 5
29 22
1 21
1 17
25 9
5 14
20 23
18 2
19 23
11 9
24 28
2 7
22 3
10 9
22 6
10 5
29 16
17 26
4 15
1 2
2 8
22 17
27 18
2 23
8 4
8 24
13 12
13 17
25
25 9
24 23
12 7
22 3
14 22
13 15
13 9
2 17
7 2
4 20
20 11
10 16
1 5
14 4
12 6
11 16
24 6
15 3
23 18
19 8
18 5
8 25
10 17
19 21
28
22 1
1 8
16 1
1 9
25 1
1 15
1 21
14 1
1 4
11 1
1 28
6 1
1 10
26 1
1 18
27 1
1 3
1 19
24 1
20 1
1 23
2 1
17 1
13 1
5 1
1 7
12 1
23
15 18
6 7
3 22
1 11
19 21
14 4
7 16
22 1
8 21
8 13
22 6
7 9
8 22
4 2
1 23
20 4
4 17
4 8
5 1
10 5
1 15
1 12
18
16 14
17 16
2 18
12 8
5 12
11 15
3 18
11 9
15 7
1 13
7 10
2 8
6 3
5 13
6 9
10 17
14 4
16
5 3
13 2
9 14
1 15
4 10
5 8
12 8
9 15
1 11
6 4
16 1
10 13
7 10
16 8
10 16
12
1 10
2 1
3 1
1 7
1 5
9 1
1 8
12 1
1 6
11 1
4 1
27
12 4
15 16
6 20
4 19
8 14
25 11
10 9
11 24
18 24
5 1
6 5
19 15
21 23
21 17
3 2
27 18
10 8
25 13
12 22
2 20
27 22
23 26
7 14
17 16
26 9
3 13
17
13 8
11 8
7 5
1 14
2 10
8 6
11 15
14 7
16 15
12 7
3 15
2 4
9 14
9 2
17 9
11 1
17
12 16
10 13
3 4
16 5
9 3
6 14
12 17
1 7
11 14
8 10
15 9
15 17
5 8
4 2
11 13
7 6
17
16 1
17 1
15 1
1 11
1 3
4 1
12 1
10 1
8 1
7 1
1 13
1 6
14 1
1 2
1 9
1 5
16
11 3
1 13
5 12
2 4
4 14
16 14
13 16
12 15
10 11
8 10
3 6
6 15
8 2
7 5
9 7
18
8 3
4 2
1 5
6 15
5 3
3 14
18 17
15 5
10 15
17 9
1 18
9 11
13 7
4 16
9 12
13 17
4 18
10
4 9
1 10
9 7
6 7
3 4
8 10
10 2
9 1
4 5
23
10 7
15 18
13 17
21 23
5 12
14 3
19 7
11 22
8 13
16 22
19 3
1 20
12 4
20 6
2 18
9 17
15 5
2 23
10 11
8 16
4 6
21 9
25
3 10
24 15
22 10
19 4
7 15
20 13
20 8
5 6
9 2
2 12
25 14
24 17
16 3
4 6
14 18
21 13
8 23
7 16
18 22
17 11
25 21
5 1
23 9
12 19
16
11 3
4 7
1 3
14 5
12 2
8 16
10 8
9 1
10 5
3 8
15 1
13 4
3 2
2 6
2 7
14
3 14
6 13
13 3
2 1
5 6
3 7
2 9
9 4
1 13
8 6
2 11
12 11
9 10
16
6 1
15 1
5 1
16 1
12 1
10 1
1 4
1 8
14 1
11 1
3 1
7 1
9 1
13 1
1 2
18
2 6
6 3
18 1
16 13
9 7
17 9
8 3
5 2
9 4
10 16
4 6
12 14
18 12
11 12
2 15
18 16
4 1
17
11 8
4 17
11 10
15 7
8 1
2 7
1 15
3 5
12 4
15 3
11 9
3 16
7 13
4 8
6 16
16 14
17
10 8
12 14
5 14
7 6
17 16
15 12
12 13
14 4
2 6
9 16
1 4
8 4
7 1
7 16
6 3
8 11
12
2 3
8 4
9 11
5 4
9 6
12 1
3 1
7 10
5 1
11 1
3 7
26
1 17
1 4
22 1
1 25
10 1
1 16
1 18
1 5
26 1
23 1
1 3
1 12
1 8
1 19
1 13
1 2
14 1
1 15
1 21
24 1
1 11
9 1
7 1
20 1
6 1
19
5 13
12 2
19 11
7 10
16 1
5 6
17 18
16 14
12 8
4 3
7 14
4 10
9 13
3 8
11 15
18 19
2 6
17 9
23
14 20
6 7
15 3
17 18
1 17
10 13
13 1
11 20
18 16
15 10
20 17
21 8
7 10
7 19
22 5
9 8
5 12
2 5
13 12
23 18
15 4
12 8
27
17 4
22 9
20 15
26 6
22 11
1 5
6 3
14 15
19 10
24 25
20 4
9 8
16 23
18 8
19 26
16 12
10 5
11 24
27 3
17 21
13 25
7 2
13 12
14 27
2 23
21 18
20
8 2
6 18
9 19
16 4
13 16
2 6
6 1
19 12
11 7
5 8
8 15
19 1
10 13
18 14
1 13
3 14
20 12
12 11
17 12
16
16 4
11 8
10 3
7 4
6 10
11 1
3 16
13 8
16 12
11 9
5 8
3 1
2 9
14 10
9 15
19
11 14
12 17
7 15
10 17
18 11
17 3
5 12
13 2
17 16
4 17
4 19
12 9
13 17
15 9
8 13
1 12
18 4
6 8
27
15 1
19 1
1 9
13 1
1 2
6 1
1 27
1 3
21 1
8 1
1 12
7 1
1 23
1 24
1 18
11 1
17 1
1 10
1 25
22 1
1 26
20 1
1 14
16 1
1 4
1 5
16
11 9
1 3
2 9
5 16
9 7
1 8
16 13
10 9
1 5
1 14
15 6
4 14
9 5
15 2
12 1
15
5 3
3 13
14 7
15 8
12 10
4 14
10 1
6 12
12 9
4 3
1 4
15 10
14 2
11 15
13
13 11
10 4
7 1
5 8
4 6
2 11
12 2
9 3
5 10
7 9
8 13
3 6
18
8 1
2 1
11 1
7 1
1 9
1 15
6 1
13 1
1 4
1 3
14 1
5 1
10 1
12 1
1 17
16 1
1 18
18
1 16
2 1
11 1
5 1
10 1
6 1
9 1
4 1
1 3
13 1
15 1
14 1
12 1
1 17
1 8
7 1
1 18
29
1 11
15 1
1 26
1 2
13 1
3 1
1 25
27 1
1 5
19 1
17 1
12 1
28 1
8 1
1 14
10 1
1 9
1 29
1 7
21 1
1 23
1 16
6 1
24 1
1 4
1 18
1 20
22 1
15
3 13
2 1
7 11
2 8
4 5
1 10
4 3
11 1
10 12
6 14
2 4
10 15
11 9
14 1
20
1 14
1 10
8 1
1 16
1 12
5 1
1 2
1 11
9 1
1 13
17 1
4 1
3 1
1 20
1 7
1 15
1 19
1 6
18 1
16
3 5
6 2
3 10
5 4
15 1
1 13
1 5
5 14
8 9
5 8
6 3
1 12
14 7
16 11
6 16
21
13 1
4 1
19 1
1 9
6 1
1 8
1 7
11 1
1 5
1 20
1 16
10 1
14 1
2 1
17 1
1 21
3 1
1 18
12 1
15 1
17
2 17
3 10
9 2
10 1
10 13
6 12
15 13
3 7
16 3
9 12
12 11
2 8
5 13
1 9
4 16
16 14
13
8 12
1 8
2 1
11 6
7 1
3 12
9 11
10 5
4 10
13 10
10 1
10 9
28
19 1
1 13
8 1
18 1
26 1
16 1
1 11
12 1
1 2
1 3
20 1
1 9
5 1
17 1
1 15
1 25
27 1
14 1
28 1
1 10
4 1
1 23
22 1
1 6
1 24
21 1
1 7
16
9 3
4 1
11 16
8 16
12 5
1 12
14 2
9 7
11 1
11 6
7 1
13 7
11 10
5 15
14 15
27
2 12
26 11
1 17
16 18
13 12
23 9
15 24
4 26
22 27
15 6
20 7
3 2
26 18
27 21
13 25
10 2
14 9
17 27
1 16
17 12
6 9
7 19
18 7
15 5
8 13
6 16
10
9 4
6 9
7 1
3 10
5 2
7 3
9 1
7 2
8 2
15
8 1
14 1
11 1
13 1
1 7
1 3
1 4
6 1
1 12
1 2
15 1
1 10
1 9
1 5
10
3 2
1 3
5 3
8 1
7 2
4 8
4 9
3 6
5 10
10
8 2
10 5
2 9
6 3
7 5
7 4
8 6
10 3
1 9
22
12 21
9 1
6 22
17 2
20 21
19 1
4 14
22 13
15 5
14 17
3 19
11 2
7 3
14 12
1 14
13 18
22 8
6 14
16 13
19 10
15 3
16
14 11
2 7
12 1
16 7
5 8
14 15
8 3
15 9
2 13
13 6
5 12
10 16
4 11
6 9
4 3
28
12 24
7 3
4 5
14 7
26 18
20 28
23 13
19 10
10 13
17 2
24 16
27 4
21 20
5 15
27 8
6 9
15 25
28 11
8 23
26 12
19 22
17 9
25 18
21 22
2 14
1 6
16 3
26
9 3
17 11
15 8
7 6
1 14
22 10
1 5
24 22
8 5
16 3
25 6
25 17
10 23
1 25
15 2
4 20
20 8
5 3
8 12
19 3
20 21
3 18
3 22
26 1
3 13
28
2 1
1 10
1 25
1 18
9 1
1 4
3 1
1 19
1 24
1 22
8 1
1 6
1 28
26 1
1 17
1 5
1 7
16 1
27 1
12 1
1 13
15 1
20 1
14 1
1 21
1 11
1 23
21
6 14
19 20
12 10
3 20
1 10
5 13
17 9
12 15
9 18
4 19
18 21
20 2
9 4
14 19
1 4
18 11
12 16
7 13
10 13
14 8
17
17 10
11 8
17 8
14 15
2 6
9 13
4 1
13 6
3 7
2 7
16 14
11 3
16 5
4 12
5 10
12 9
14
3 14
10 1
5 11
7 4
5 4
13 8
12 3
6 10
14 9
11 2
9 13
2 12
6 8
27
1 13
1 16
22 1
1 17
21 1
25 1
18 1
1 8
15 1
20 1
1 26
12 1
1 6
4 1
1 11
19 1
1 5
1 7
1 27
1 24
1 3
2 1
23 1
14 1
1 10
1 9
28
17 4
26 15
27 25
10 17
7 26
21 13
28 21
6 8
1 5
4 15
25 19
3 24
3 14
20 14
18 7
27 16
6 23
18 19
9 12
9 11
20 16
13 22
2 23
12 5
24 22
8 28
2 11
14
4 9
7 8
2 1
9 11
5 1
10 2
6 14
5 8
10 3
14 2
5 9
12 10
8 13
14
1 7
2 3
4 11
2 4
5 11
13 6
7 10
7 13
14 2
9 10
8 11
1 4
10 12
25
13 22
17 8
13 1
8 16
12 2
21 12
9 5
5 22
17 12
17 1
12 24
1 14
18 20
11 12
17 4
22 15
10 23
13 10
7 21
19 2
25 20
13 20
14 6
12 3
15
5 7
5 14
2 6
13 2
4 11
5 9
6 4
3 12
3 10
4 15
9 3
2 8
1 9
6 1
11
3 7
11 1
9 3
1 5
6 10
1 3
4 8
2 11
4 11
10 5
29
1 9
1 2
22 1
11 1
4 1
1 19
10 1
7 1
8 1
23 1
18 1
1 14
1 17
5 1
24 1
28 1
1 16
6 1
1 25
1 21
12 1
1 3
27 1
26 1
15 1
13 1
20 1
1 29
17
16 8
2 15
12 10
4 14
2 12
10 9
11 8
11 5
9 16
1 6
4 5
7 6
3 13
14 7
3 17
17 15
12
8 6
4 7
9 5
12 10
8 11
10 2
11 7
3 5
6 9
1 12
2 3
27
18 1
6 14
19 9
11 20
27 20
18 24
21 8
14 1
14 10
22 24
23 26
13 10
2 16
17 26
26 15
19 23
22 4
24 16
23 18
7 8
8 6
3 10
22 5
25 16
6 20
12 19
25
21 7
23 16
8 14
12 22
24 10
18 25
5 13
19 25
11 12
14 18
10 2
20 17
4 1
20 11
21 4
19 16
8 22
7 15
24 15
3 6
23 3
13 17
9 2
9 6
18
1 7
15 1
17 1
8 1
1 5
1 6
1 9
14 1
1 12
13 1
1 10
1 4
11 1
18 1
2 1
3 1
16 1
13
2 3
4 3
5 2
1 12
8 10
11 8
9 12
6 2
2 13
3 7
2 10
5 1
25
12 14
3 15
10 5
18 16
6 22
19 10
9 16
7 20
11 6
18 1
22 24
14 25
3 7
2 17
1 15
15 25
21 7
22 8
23 17
4 14
13 16
6 18
25 17
3 10
26
13 4
5 17
11 25
6 19
25 9
11 16
25 15
7 11
6 1
10 12
22 7
10 18
5 24
16 23
21 11
18 26
20 11
18 3
18 13
14 26
16 26
11 1
5 18
12 2
5 8
24
18 11
5 23
3 23
20 12
20 23
5 22
23 2
1 6
15 7
4 22
14 8
8 13
14 3
14 21
1 3
24 3
23 10
21 17
11 12
9 20
19 12
7 13
16 11
10
9 3
6 10
3 7
7 1
4 5
2 5
6 4
8 2
9 8
29
29 2
12 5
11 9
3 14
1 13
29 10
15 7
18 26
21 6
11 23
22 7
12 13
5 25
13 15
28 7
17 6
16 9
24 15
19 14
16 1
16 19
6 12
9 29
19 18
4 5
27 14
11 20
8 18
28
1 2
3 1
24 1
1 7
1 25
1 13
4 1
5 1
1 23
12 1
1 19
1 8
11 1
27 1
17 1
9 1
1 26
1 10
20 1
22 1
6 1
15 1
1 28
1 18
16 1
1 14
21 1
29
3 29
6 1
5 15
29 11
7 19
1 16
1 14
23 29
15 21
11 2
22 1
17 18
2 8
19 12
29 1
26 20
1 21
26 22
12 28
23 4
23 24
13 20
29 28
11 25
23 27
26 10
9 22
18 10
16
16 1
1 11
9 1
1 5
7 1
1 14
1 13
1 10
3 1
12 1
8 1
4 1
1 6
15 1
1 2
28
1 10
25 1
1 26
11 1
14 1
6 1
1 28
2 1
1 17
9 1
1 20
16 1
21 1
18 1
1 7
1 24
1 15
1 4
1 13
12 1
1 19
1 3
1 8
1 27
5 1
1 23
22 1
21
14 10
9 4
21 17
1 19
3 5
18 21
16 17
10 13
12 17
21 19
8 4
6 10
2 8
14 19
8 15
1 4
3 11
20 9
14 3
9 7
24
16 1
1 22
1 8
19 1
1 10
3 1
1 5
1 17
1 15
12 1
21 1
1 24
18 1
1 6
1 20
1 4
1 11
13 1
1 2
1 7
14 1
1 23
9 1
14
6 14
1 9
3 11
11 10
9 5
12 7
4 12
7 11
13 5
11 8
8 1
12 2
11 6
13
7 8
11 5
1 9
6 11
10 6
12 8
5 9
10 3
2 7
12 4
2 3
4 13
29
1 19
1 11
1 16
29 1
1 7
3 1
1 13
1 9
18 1
22 1
10 1
1 25
1 20
1 24
15 1
23 1
14 1
1 26
6 1
8 1
27 1
1 2
1 17
1 4
1 28
12 1
1 21
5 1
18
4 1
10 1
14 1
17 1
1 11
9 1
16 1
18 1
1 2
1 8
3 1
1 13
15 1
1 5
7 1
6 1
1 12
15
6 12
8 9
13 9
4 5
14 7
14 10
8 4
15 12
3 11
13 1
3 5
10 2
11 15
6 2
22
11 12
13 2
3 1
4 3
21 5
4 2
13 15
6 16
22 21
11 7
18 19
8 14
20 10
14 16
17 20
17 18
5 6
19 9
22 10
9 7
12 15
20
20 2
11 1
12 1
16 1
12 13
9 6
19 18
1 7
15 16
14 10
13 8
3 11
12 9
4 5
5 19
10 18
17 18
18 1
4 2
13
3 5
11 3
2 6
1 12
8 4
4 12
6 13
2 9
4 10
2 1
3 12
7 6
11
7 6
5 1
10 6
4 10
3 8
3 1
2 3
9 3
11 5
6 3
22
11 5
10 16
19 17
21 17
4 9
18 8
17 14
12 20
5 1
4 8
1 12
13 10
22 1
20 15
1 10
3 4
5 7
2 15
5 21
10 8
12 6
28
1 6
1 15
1 24
1 27
16 1
1 4
17 1
1 21
2 1
5 1
28 1
26 1
22 1
20 1
1 18
1 25
14 1
1 9
1 7
1 19
11 1
12 1
23 1
10 1
3 1
1 8
13 1
18
13 5
5 9
11 7
18 15
4 12
11 3
10 1
18 8
4 17
13 6
8 2
6 14
10 16
15 7
3 14
12 2
16 9
25
25 7
20 5
6 18
24 11
8 25
3 9
1 9
15 16
17 23
10 24
6 17
12 23
4 22
15 12
8 16
4 19
13 19
10 13
22 21
14 2
3 7
11 5
21 2
14 18
23
3 5
2 3
21 6
13 14
1 15
17 22
15 13
12 9
8 9
19 5
23 10
4 18
7 11
12 4
22 10
18 19
21 14
8 20
6 2
16 11
17 7
20 23
10
6 2
9 7
6 5
8 7
6 10
8 6
7 1
4 8
7 3
23
1 22
14 1
1 13
12 1
1 7
23 1
20 1
16 1
17 1
1 8
1 15
18 1
10 1
3 1
5 1
6 1
21 1
1 11
2 1
9 1
4 1
19 1
26
21 4
25 26
21 17
3 1
24 8
10 1
21 25
5 20
1 12
14 7
25 22
20 1
23 21
4 18
7 6
19 10
25 1
16 9
7 1
20 9
2 1
8 6
2 15
25 11
21 13
20
19 16
20 5
8 13
15 1
17 11
15 5
19 7
8 1
15 17
4 5
13 18
11 3
6 13
17 12
12 10
9 11
14 20
8 19
2 12
27
10 20
17 1
7 19
15 3
9 24
24 15
4 22
8 20
21 2
4 5
12 25
16 11
25 23
24 26
15 17
1 11
4 16
14 19
19 16
11 10
21 13
20 18
25 10
27 3
3 6
21 17
13
8 1
1 6
9 1
1 11
1 2
7 1
12 1
1 10
4 1
1 5
3 1
1 13
16
9 16
12 1
6 5
12 15
15 2
10 3
8 4
11 14
3 4
13 14
16 7
8 2
9 5
6 11
13 10
13
7 3
10 5
4 13
12 9
12 3
13 6
2 5
3 1
12 11
5 8
10 1
13 10
21
15 7
5 16
5 9
21 20
2 11
12 15
7 6
5 19
1 12
20 12
10 7
14 2
4 17
13 19
17 15
13 3
19 1
8 17
20 2
18 13
11
4 1
11 7
7 9
6 7
3 5
11 1
2 5
11 5
10 4
4 8
21
15 11
20 4
5 21
15 16
12 4
16 13
19 12
18 17
20 13
10 5
3 21
14 1
10 19
6 11
7 6
2 17
9 3
9 8
18 8
2 14
19
6 9
13 19
11 4
18 16
1 14
7 3
2 1
14 5
9 1
12 8
17 1
8 14
7 18
1 18
13 9
5 10
4 9
15 17
25
10 16
18 2
9 2
12 7
6 24
8 10
20 7
14 17
18 12
9 4
23 19
8 25
23 5
14 11
24 19
21 17
11 13
16 22
15 20
5 4
3 25
13 1
6 3
21 15
21
9 6
3 5
1 4
20 10
18 15
3 11
4 3
10 4
17 14
18 2
1 21
8 18
15 21
9 16
7 10
14 9
12 17
15 13
21 14
17 19
23
19 18
5 1
16 8
10 2
1 10
10 15
12 19
18 11
19 7
18 6
7 1
14 4
20 21
17 5
1 23
10 8
18 13
9 23
22 12
19 4
21 7
3 22
23
23 3
3 18
12 2
17 11
21 12
18 1
20 6
14 4
17 22
16 1
5 9
3 13
19 5
20 18
20 19
7 22
10 15
14 3
1 2
17 3
10 22
18 8
28
14 11
13 1
9 14
9 3
17 11
14 27
28 19
7 8
19 20
1 27
13 25
16 7
6 11
15 20
23 18
13 20
27 24
12 21
24 10
18 25
12 24
12 26
25 7
10 4
5 10
9 2
18 22
23
7 1
23 1
8 18
1 17
9 4
1 3
1 13
3 20
19 1
10 14
10 15
2 19
23 11
3 4
5 3
8 20
22 8
3 6
20 12
10 5
9 21
16 13
10
5 8
9 10
10 1
8 9
6 7
2 3
5 7
2 6
3 4
20
13 20
5 20
10 16
17 8
9 7
11 10
8 5
18 6
12 15
4 9
3 7
16 19
19 2
15 14
1 17
14 18
2 3
11 6
13 12
23
17 21
7 22
8 20
15 5
18 8
15 23
15 4
18 11
1 5
21 20
14 3
11 19
14 5
2 11
20 22
13 16
1 8
6 13
22 9
21 12
14 10
18 13
28
1 26
11 1
1 20
25 1
4 1
22 1
2 1
21 1
1 8
1 23
1 9
12 1
1 13
1 24
1 5
1 7
1 27
6 1
28 1
17 1
10 1
1 16
18 1
15 1
14 1
1 19
3 1
28
23 20
13 24
7 27
19 26
1 3
10 22
3 16
5 20
4 18
10 2
11 4
11 14
18 1
24 4
28 12
7 25
11 17
26 9
9 18
16 28
16 10
23 7
20 8
6 24
9 15
21 28
23 3
21
16 4
10 3
6 8
14 16
7 11
17 6
2 13
20 5
1 8
19 20
2 8
16 9
2 21
14 20
12 14
18 6
1 12
10 11
12 11
15 10
20
1 3
19 1
1 4
12 1
1 17
13 1
1 15
14 1
8 1
1 5
1 7
1 18
1 20
2 1
1 10
1 16
1 11
1 6
9 1
28
3 11
4 19
14 23
21 1
26 4
14 20
24 6
11 10
4 5
23 1
23 19
17 28
28 22
1 11
27 16
23 9
19 25
7 12
11 24
11 13
21 8
18 4
2 11
23 22
9 27
24 12
15 28
29
23 7
10 9
19 8
6 4
2 5
1 28
19 20
22 9
18 16
11 16
12 23
2 3
3 12
24 4
20 25
29 27
7 17
17 15
14 15
18 5
25 29
24 13
28 26
8 14
22 11
13 21
21 10
27 26
22
5 18
9 10
10 19
3 1
11 4
17 16
13 22
5 2
15 20
14 13
8 19
9 14
7 4
7 22
21 20
12 3
6 21
11 16
15 18
6 17
12 8
26
10 1
4 1
1 17
1 5
20 1
1 26
1 15
19 1
1 23
6 1
1 16
2 1
1 21
1 24
14 1
1 13
25 1
1 8
9 1
22 1
3 1
11 1
1 18
1 7
1 12
25
23 1
3 1
1 6
1 19
1 12
1 24
1 7
9 1
1 10
1 17
13 1
11 1
5 1
1 25
1 4
18 1
1 8
2 1
21 1
14 1
1 20
15 1
1 22
1 16
20
5 7
19 12
3 14
11 7
3 12
10 4
15 11
9 18
4 2
8 6
20 8
13 19
14 16
1 10
17 6
16 18
13 17
20 15
2 9
21
6 1
1 16
1 13
4 1
8 1
1 14
1 21
11 1
7 1
12 1
20 1
17 1
18 1
5 1
1 9
2 1
1 10
1 19
3 1
15 1
27
8 2
9 23
11 15
8 6
18 13
21 16
14 13
1 5
24 26
3 10
27 11
17 3
25 9
7 14
22 16
6 16
14 3
12 26
8 4
5 19
19 26
20 13
7 6
19 9
11 5
7 1
22
14 16
15 11
20 11
18 3
5 17
19 1
15 12
14 18
20 9
5 4
19 11
22 15
19 5
21 18
20 6
4 13
17 8
16 2
16 7
1 14
10 17
16
1 8
1 15
1 12
13 1
1 6
2 1
1 16
1 11
1 4
1 3
10 1
1 7
9 1
1 14
5 1
13
8 3
3 9
13 11
8 1
10 5
11 1
10 11
4 12
7 3
4 8
6 10
4 2
16
15 12
1 3
11 9
5 14
3 13
13 16
15 10
8 6
4 5
3 15
8 1
1 14
8 7
2 8
11 12
15
6 2
2 1
3 2
4 10
9 4
15 1
10 13
11 1
9 7
12 8
6 5
6 12
1 10
3 14
28
20 11
23 25
12 23
4 19
17 13
18 28
9 4
15 24
21 11
12 7
20 8
26 3
14 13
11 3
4 6
1 20
24 9
8 5
12 13
22 28
8 28
23 10
24 2
27 5
9 7
7 1
16 5
21
18 1
3 1
1 19
1 15
21 1
1 16
1 5
2 1
1 12
1 10
17 1
4 1
13 1
1 9
1 14
1 7
8 1
20 1
6 1
11 1
21
4 7
3 6
11 13
11 9
2 8
19 18
15 21
4 20
5 21
17 5
17 19
10 14
7 13
2 16
20 12
14 15
16 6
18 3
12 10
1 8
27
8 21
18 10
14 6
4 16
6 17
21 9
11 4
2 10
16 27
25 7
12 11
14 3
2 23
19 5
15 20
26 18
23 3
24 25
13 15
24 20
19 8
27 26
13 17
5 1
9 12
22 7
25
14 1
23 20
1 21
3 6
9 7
21 24
12 15
3 4
25 13
15 21
20 2
10 11
11 3
20 7
22 11
16 15
1 4
19 21
3 13
4 18
17 12
8 23
20 10
5 4
12
6 10
8 2
4 9
11 5
4 11
7 2
8 5
12 10
6 3
7 3
12 1
18
7 1
1 2
1 14
1 6
5 1
1 16
1 15
12 1
10 1
17 1
1 9
1 13
1 4
1 11
1 3
1 18
8 1
21
13 1
3 1
1 21
1 12
1 6
1 15
1 8
18 1
1 14
11 1
4 1
9 1
16 1
1 20
5 1
1 10
1 19
17 1
2 1
7 1
19
8 14
12 10
10 13
13 11
16 9
15 7
12 1
4 1
15 14
1 17
18 3
14 5
6 14
6 16
1 19
14 1
2 14
3 16
26
7 13
11 18
10 1
17 20
1 4
6 16
25 3
9 19
6 1
21 19
19 14
24 23
8 12
26 5
4 11
1 17
19 2
4 22
8 1
4 15
17 5
1 9
7 14
25 19
4 24
19
19 1
1 9
18 1
1 6
1 11
5 1
16 1
17 1
10 1
1 4
8 1
1 2
3 1
7 1
1 15
13 1
14 1
12 1
27
20 4
18 17
14 16
21 11
15 2
6 23
24 21
4 5
17 24
26 3
27 9
24 3
12 17
25 3
16 22
27 13
10 15
4 11
6 19
23 1
8 6
11 15
23 13
13 16
1 21
7 27
10
6 8
3 9
3 8
7 6
4 7
9 5
10 1
10 2
2 4
10
4 2
10 7
6 8
5 7
1 3
10 3
6 9
9 2
4 5
25
18 6
22 15
12 1
3 25
13 22
21 24
23 18
23 16
12 19
5 6
21 12
11 8
2 7
21 4
17 4
2 14
22 2
25 21
10 21
18 1
1 14
8 16
18 9
1 20
23
13 12
5 15
15 14
6 21
22 7
10 12
3 19
3 17
7 16
8 5
10 6
9 4
19 14
2 18
13 16
9 22
1 23
11 23
2 20
21 18
17 11
20 8
22
8 1
1 15
1 12
21 1
1 14
1 5
1 11
9 1
10 1
1 3
1 4
2 1
1 22
1 18
20 1
7 1
19 1
1 6
17 1
1 16
1 13
24
17 16
12 23
17 12
24 20
11 3
1 15
7 15
12 22
8 12
11 10
5 18
1 10
15 6
2 19
14 1
7 4
22 1
14 19
5 22
9 23
21 17
20 11
13 8
24
14 11
7 13
13 3
12 2
4 19
23 21
16 8
21 22
12 1
24 7
9 19
10 20
20 23
3 9
16 17
2 5
15 10
22 4
6 18
5 18
24 14
8 15
11 6
27
3 24
16 1
4 21
5 25
9 18
5 1
22 27
18 13
20 21
11 19
16 20
25 17
5 8
14 25
2 3
12 24
11 8
6 2
2 10
26 11
7 21
23 24
22 15
20 22
18 8
16 3
27
5 10
26 1
18 8
12 6
3 21
21 26
25 23
27 10
11 18
14 5
3 9
2 27
17 7
15 2
6 13
7 16
25 24
22 24
8 13
19 23
15 16
20 19
9 12
11 22
4 14
20 4
26
15 1
24 22
25 9
13 20
12 4
9 20
24 1
15 8
19 2
24 16
18 24
24 17
24 7
4 23
5 1
18 6
3 15
18 25
21 8
11 1
2 10
1 26
14 7
2 6
16 4
25
2 21
11 24
25 10
20 8
4 14
23 14
15 18
14 9
16 5
13 24
7 5
25 3
17 24
2 5
8 9
13 18
6 2
1 6
13 12
8 22
12 1
6 25
19 18
9 12
22
4 8
15 7
12 13
11 1
12 15
22 10
17 12
8 1
1 2
1 15
18 16
5 15
12 19
3 6
16 21
14 7
4 20
10 13
10 9
13 16
12 3
29
19 12
22 4
17 23
22 7
11 3
15 13
18 15
27 8
14 9
27 5
25 5
26 12
4 3
4 25
27 21
14 23
9 12
5 15
28 9
14 1
25 1
20 28
17 16
22 2
23 24
10 28
3 29
6 17
17
2 14
10 9
6 3
1 5
12 17
3 8
13 16
1 7
15 2
11 12
4 10
7 12
7 2
13 10
3 5
5 13
28
6 19
2 5
15 21
22 6
8 6
24 15
8 13
5 18
25 3
7 11
5 20
5 9
19 28
10 18
27 5
9 4
3 8
16 27
5 1
23 9
3 26
16 7
12 6
5 8
15 27
17 27
14 28
16
16 1
3 1
11 1
1 12
1 2
1 13
4 1
1 9
1 14
15 1
8 1
6 1
1 10
7 1
5 1
22
1 17
1 7
21 1
1 2
20 1
1 11
15 1
1 16
1 13
1 6
1 19
1 4
1 9
10 1
1 18
3 1
14 1
8 1
12 1
1 5
22 1
15
5 10
12 6
15 14
11 1
15 9
11 6
4 13
11 15
1 8
3 10
6 7
10 8
8 4
4 2
10
2 1
4 5
1 8
5 2
8 6
5 3
10 7
8 9
2 7
16
7 3
4 16
5 7
6 14
16 15
4 1
14 5
16 2
5 1
9 13
4 9
3 8
10 9
11 14
7 12
27
3 20
14 26
3 2
26 27
13 24
9 10
4 16
13 22
27 16
7 5
26 11
24 27
1 24
8 15
8 9
15 1
16 25
5 17
8 5
3 19
18 23
9 6
21 13
23 12
23 2
2 15
26
13 19
22 21
25 18
14 10
19 9
9 5
4 3
10 26
26 24
23 16
11 25
12 19
26 1
17 3
12 1
24 3
2 23
14 7
6 14
21 15
23 10
21 12
24 25
13 8
13 20
11
7 3
7 5
1 2
2 4
10 5
9 6
10 8
11 8
11 9
4 6
13
1 9
13 1
3 1
6 1
1 10
12 1
1 11
1 8
1 4
7 1
2 1
1 5
14
1 5
1 12
1 10
1 7
11 1
1 9
1 6
1 4
1 2
14 1
13 1
8 1
3 1
18
14 1
10 4
6 7
9 10
11 2
15 4
5 8
16 2
16 7
6 3
8 15
13 17
13 9
14 18
12 5
12 18
17 11
18
7 14
7 8
8 1
8 9
2 3
11 17
13 16
10 9
12 7
18 2
2 15
13 9
5 11
6 10
15 11
4 13
15 1
12
6 1
1 3
1 7
1 5
2 1
1 11
1 10
9 1
1 8
4 1
1 12
29
12 16
2 18
12 28
5 23
10 19
26 11
21 20
6 14
6 9
13 9
8 24
5 25
18 19
14 17
23 13
15 11
28 1
8 20
26 4
16 7
7 24
15 27
21 17
3 2
22 29
3 4
10 25
27 22
22
6 3
9 6
13 3
14 7
5 20
17 10
20 16
14 8
11 13
1 10
8 11
19 2
22 17
19 21
16 9
18 12
18 2
4 15
22 12
5 15
4 21
29
20 3
7 10
27 22
25 27
10 20
26 21
29 15
18 6
7 8
23 14
4 27
24 6
16 29
1 25
28 25
7 1
22 14
12 29
19 11
5 3
22 17
29 2
21 10
4 19
4 13
6 25
10 16
9 7
10
2 10
7 3
9 8
8 5
7 4
6 10
1 4
6 9
3 2
13
10 5
10 8
1 6
2 5
3 9
13 3
12 7
11 12
7 4
6 4
11 2
13 8
10
7 3
6 5
9 2
3 1
7 9
5 10
4 2
4 8
8 10
21
2 18
7 15
11 17
2 13
20 16
2 6
18 9
12 5
11 2
3 17
4 1
6 19
8 10
2 7
5 1
6 1
21 1
16 18
13 10
11 14
27
15 11
12 7
7 22
1 23
14 16
3 16
18 6
9 26
20 5
25 24
27 10
10 26
18 8
25 4
23 2
11 21
15 17
24 2
9 12
21 27
14 6
3 13
13 5
4 20
8 19
17 19
20
20 1
16 1
15 1
4 1
17 1
3 1
1 9
6 1
19 1
1 2
14 1
1 13
8 1
5 1
1 11
1 7
1 12
18 1
10 1
12
11 1
12 1
6 1
4 1
1 7
1 8
1 10
5 1
3 1
9 1
2 1
14
3 14
10 7
3 1
4 12
8 12
11 2
7 9
4 7
4 1
13 12
5 11
11 3
14 6
11
2 9
1 3
9 8
1 2
4 3
3 10
2 7
9 11
6 7
5 7
10
1 6
1 8
1 4
1 7
1 5
2 1
10 1
3 1
9 1
20
3 7
13 12
1 14
16 3
5 13
6 4
3 14
17 19
18 17
20 16
1 5
2 4
13 8
10 11
10 5
15 4
10 9
15 14
17 15
22
7 18
6 20
4 19
21 19
7 22
11 10
3 12
15 13
3 10
9 5
18 2
17 22
8 14
15 16
20 12
1 9
13 17
16 4
5 21
14 6
11 2
29
25 11
1 23
19 11
3 8
15 23
14 15
21 25
27 29
11 20
1 2
8 29
21 26
16 7
25 2
15 16
16 6
5 21
2 29
8 9
28 18
13 10
27 22
4 27
17 18
12 18
23 28
10 24
10 28
27
24 1
25 1
13 1
11 1
1 10
1 8
23 1
20 1
1 9
27 1
19 1
14 1
6 1
21 1
1 2
17 1
16 1
1 12
1 4
22 1
7 1
26 1
3 1
1 18
1 15
1 5
14
11 2
12 4
5 10
3 9
4 2
5 13
4 1
8 2
9 13
13 1
12 14
6 9
12 7
16
12 11
13 9
6 9
12 4
14 13
1 9
7 3
8 10
1 11
5 13
15 6
6 16
2 8
8 11
12 7
19
2 7
19 12
6 15
17 14
17 16
11 7
4 5
7 8
10 9
15 17
1 8
18 9
5 3
6 1
6 19
13 19
9 8
5 15
11
7 8
2 11
1 7
9 6
11 10
9 1
11 3
4 5
5 2
2 7
20
9 2
16 8
19 17
12 11
16 20
5 20
14 11
3 5
17 15
2 8
4 14
18 10
6 4
7 1
18 6
15 9
7 13
13 12
19 10
16
9 10
11 12
7 14
4 2
1 13
13 7
12 6
9 16
13 9
8 5
12 4
15 7
11 1
5 11
5 3
27
1 19
23 1
1 10
1 6
1 21
3 1
1 7
1 16
4 1
1 26
14 1
1 27
1 24
15 1
2 1
1 18
11 1
1 8
12 1
5 1
1 17
22 1
13 1
1 20
1 25
1 9
20
6 19
7 17
4 8
4 5
9 16
15 18
12 20
7 11
2 3
12 5
14 11
13 14
13 20
6 15
9 10
17 18
3 19
2 16
1 8
24
11 18
9 6
21 20
19 14
7 3
13 17
1 3
8 23
2 17
4 22
18 23
2 14
19 10
6 24
7 11
12 9
16 5
15 10
13 5
21 4
16 24
8 20
22 15
23
1 19
1 16
1 2
1 23
1 13
1 20
6 1
1 4
10 1
17 1
1 14
22 1
5 1
1 3
18 1
1 9
1 7
1 15
1 12
8 1
21 1
11 1
19
2 7
18 6
17 8
12 9
15 3
15 19
15 11
8 14
14 1
4 11
16 7
14 12
10 18
8 13
11 1
7 4
18 4
12 5
22
13 3
19 10
13 22
8 7
5 20
6 17
15 11
19 18
2 12
17 2
15 22
16 1
4 9
3 20
16 21
11 7
5 18
12 10
14 8
14 21
9 6
15
6 4
13 15
10 8
4 1
7 9
11 5
13 11
9 5
7 10
3 8
12 6
15 14
14 2
3 12
15
1 12
7 8
7 10
15 12
14 5
12 7
15 3
5 4
13 2
14 13
14 1
15 9
11 5
6 13
29
28 4
2 3
20 17
19 1
26 10
26 20
27 13
16 24
25 6
19 16
4 1
25 22
9 13
9 23
14 12
11 19
1 7
14 1
26 21
25 16
9 18
13 3
15 25
5 26
13 19
20 9
15 29
8 11
24
21 1
1 11
1 17
13 1
12 1
20 1
3 1
10 1
1 14
9 1
23 1
1 16
6 1
15 1
1 8
5 1
7 1
19 1
1 24
1 18
22 1
1 4
1 2
13
8 1
1 11
13 1
1 9
1 10
7 1
1 4
1 5
1 2
1 6
1 3
12 1
12
12 8
10 6
4 3
11 7
9 6
4 2
3 5
8 5
10 2
12 1
11 9
26
11 7
5 13
4 25
22 26
20 19
24 14
24 25
17 11
23 18
2 6
9 23
10 16
13 21
3 5
1 8
8 3
15 14
18 16
4 12
12 9
22 19
7 21
15 17
6 26
10 2
22
1 8
11 6
8 16
14 17
19 14
13 20
1 6
16 9
21 11
16 22
12 19
3 17
5 8
7 5
5 2
21 10
17 15
6 14
21 18
11 20
4 19
14
8 6
3 8
2 12
12 3
13 14
10 11
11 6
14 11
7 1
12 4
6 1
2 5
9 7
26
18 2
8 25
6 10
1 11
11 9
23 17
11 17
17 12
2 13
24 21
14 1
6 26
13 25
10 1
22 20
7 2
5 18
17 4
2 9
16 17
19 6
1 20
3 2
3 21
1 15
24
15 17
9 20
20 1
9 3
10 1
17 2
17 24
1 17
12 14
24 18
13 4
16 20
8 23
4 9
19 15
22 7
1 7
20 11
5 15
8 12
17 21
6 10
8 17
22
1 6
9 1
3 1
1 17
5 1
1 20
1 10
4 1
1 18
13 1
11 1
12 1
14 1
1 16
21 1
1 2
7 1
8 1
19 1
1 22
1 15
27
10 1
1 22
27 1
1 6
23 1
1 17
1 21
1 12
20 1
1 25
1 7
1 8
1 19
1 24
1 16
26 1
15 1
18 1
5 1
1 13
1 3
9 1
4 1
1 11
1 2
1 14
18
6 7
1 5
9 12
8 14
13 9
3 10
12 4
11 15
2 17
3 8
18 13
2 7
11 4
16 15
6 10
14 18
5 17
19
7 6
13 9
5 15
13 2
3 14
6 19
8 1
14 8
11 16
5 12
11 10
14 17
11 18
18 1
4 6
5 19
13 18
19 8
22
1 10
22 17
7 10
8 2
7 11
19 7
3 1
10 21
6 19
9 2
10 5
13 20
15 14
1 16
1 17
15 2
1 13
18 15
2 4
10 12
4 10
27
4 2
6 2
13 24
26 8
20 26
4 19
9 8
15 23
11 7
14 16
22 5
16 3
7 1
25 10
18 17
18 9
17 21
10 27
5 3
20 25
12 24
14 19
13 6
12 27
21 15
11 23
27
13 14
16 19
26 7
9 4
23 12
22 19
11 7
4 19
8 7
21 25
6 8
22 10
1 6
27 13
16 1
5 6
13 8
12 5
5 20
18 12
21 17
21 16
24 20
4 15
3 20
22 2
15
1 11
1 5
4 1
1 15
3 1
1 12
9 1
1 8
1 2
7 1
6 1
1 10
14 1
1 13
22
9 13
19 5
16 11
2 22
15 16
12 15
13 2
17 19
9 12
4 1
18 14
6 3
5 7
10 21
17 21
20 6
4 10
22 7
14 8
11 20
3 8
19
6 7
1 17
16 3
14 1
12 5
15 10
12 4
7 18
14 8
11 1
19 12
2 1
12 9
15 12
3 19
19 13
6 2
14 12
10
8 6
9 10
5 4
2 10
1 5
7 3
6 4
3 9
2 8
19
11 10
6 8
19 1
10 9
17 4
9 5
14 18
9 1
4 3
17 10
17 15
19 16
1 12
1 14
7 18
8 14
13 2
13 12
21
1 7
16 11
13 20
9 8
2 20
14 10
2 7
17 15
16 3
5 6
21 20
6 12
6 17
18 8
19 14
18 1
4 8
18 14
7 17
16 2
17
17 10
11 14
10 4
7 3
12 14
16 11
2 9
2 8
9 16
1 6
8 5
13 6
5 13
7 15
12 4
17 3
17
1 12
1 8
1 7
1 3
6 1
5 1
1 10
16 1
17 1
11 1
4 1
13 1
2 1
15 1
1 9
1 14
25
9 23
1 9
20 11
23 3
8 16
9 13
14 21
25 2
15 16
19 14
1 5
25 7
22 24
24 20
1 16
11 17
4 14
1 10
18 23
6 24
19 17
23 7
9 19
16 12
25
20 1
1 25
17 1
1 7
1 10
1 8
1 5
18 1
12 1
1 11
9 1
1 2
24 1
1 6
3 1
14 1
1 19
15 1
16 1
1 4
21 1
23 1
13 1
1 22
21
1 4
7 1
1 17
1 18
1 11
1 15
14 1
1 10
1 9
19 1
20 1
6 1
16 1
1 21
1 8
1 2
12 1
5 1
13 1
3 1
17
1 11
1 4
1 10
3 1
1 17
1 8
16 1
15 1
1 13
1 5
1 9
12 1
1 6
7 1
1 2
1 14
17
9 1
11 1
1 4
1 2
1 13
1 8
3 1
1 16
10 1
1 14
1 6
12 1
1 7
5 1
17 1
1 15
21
16 1
15 1
5 1
6 1
3 1
1 9
21 1
10 1
1 13
1 20
4 1
18 1
12 1
17 1
1 8
1 7
1 11
14 1
1 2
1 19
28
12 3
4 17
18 23
2 17
10 1
27 15
10 13
24 10
9 6
21 5
26 15
22 21
12 19
24 12
1 5
18 21
10 6
27 12
14 24
5 8
18 7
4 10
25 5
28 18
11 27
22 16
20 27
12
1 6
8 12
6 8
5 3
3 9
6 2
11 7
4 3
1 5
11 10
5 11
25
1 19
1 14
11 1
4 1
24 1
1 20
2 1
1 18
1 15
1 9
21 1
1 22
1 10
23 1
12 1
8 1
16 1
17 1
25 1
1 13
3 1
1 7
1 5
6 1
22
2 17
7 19
8 20
4 2
2 22
22 8
2 3
12 9
7 5
5 10
12 13
14 13
14 7
8 11
1 16
17 6
21 7
1 13
19 18
14 8
12 15
10
10 3
8 6
9 6
6 5
9 7
2 1
9 4
3 9
1 9
19
8 17
19 3
1 12
9 3
18 16
2 13
17 11
12 18
8 19
18 15
19 10
17 5
1 8
14 2
6 3
12 2
10 7
10 4
15
4 1
6 15
2 1
9 1
5 6
7 1
7 11
14 10
10 6
2 3
12 14
2 8
7 13
2 6
11
3 1
1 7
2 1
11 1
10 1
6 1
1 9
4 1
8 1
1 5
10
3 9
7 9
5 8
1 10
2 10
2 5
3 4
6 7
4 8
16
7 13
3 15
5 10
16 14
13 12
9 8
3 4
10 11
14 8
11 14
1 2
10 6
13 2
1 11
2 3
11
11 10
9 5
6 3
1 4
3 1
4 2
2 7
8 5
5 1
11 5
11
8 1
3 5
11 10
4 9
6 4
9 5
7 2
8 3
6 10
11 7
10
3 9
9 10
4 10
3 5
6 7
8 2
8 4
1 5
6 2
15
14 10
4 15
8 5
7 3
6 9
1 10
11 13
3 2
6 12
13 8
11 12
5 14
9 4
2 15
22
19 12
17 4
22 18
5 16
7 13
5 1
19 15
8 1
10 9
19 20
5 2
16 11
2 7
15 6
22 16
19 4
19 16
11 14
10 5
16 21
3 15
19
18 5
18 4
17 13
5 6
15 8
12 15
7 1
12 9
1 19
5 14
1 11
13 18
8 1
3 8
7 10
18 1
2 10
5 16
28
11 18
25 20
16 11
28 10
9 28
6 19
1 3
13 15
12 26
24 8
6 14
26 21
8 9
13 23
18 3
24 7
8 1
17 22
11 4
28 27
22 2
14 22
3 14
5 6
18 26
24 25
13 9
12
1 7
2 7
9 2
6 12
12 3
8 10
2 11
7 12
10 4
10 1
8 5
14
11 1
1 5
3 1
2 1
1 9
1 6
1 10
8 1
1 12
7 1
13 1
14 1
1 4
13
3 13
13 8
2 1
10 12
11 2
13 4
8 1
12 5
12 8
9 6
9 7
9 2
22
10 9
19 15
10 5
8 12
17 8
18 2
14 16
17 7
16 20
21 12
11 22
2 20
1 3
11 6
19 5
21 15
3 13
7 13
22 4
6 9
4 14
24
5 17
11 7
1 14
21 17
24 12
2 9
12 20
22 6
13 12
3 19
19 10
16 4
2 18
8 6
1 10
16 19
8 2
24 17
24 14
6 15
11 23
8 14
10 11
22
1 19
11 1
1 6
1 8
1 16
2 1
1 10
17 1
1 13
1 3
1 20
1 12
1 15
14 1
7 1
1 4
1 21
18 1
9 1
5 1
1 22
21
17 1
10 20
8 9
4 13
11 6
5 17
3 7
12 21
15 17
9 12
17 6
14 15
12 3
10 15
21 18
14 2
16 19
4 9
18 17
19 18
29
6 21
27 9
25 13
6 26
8 6
10 13
7 15
1 8
11 23
4 19
9 11
25 7
28 2
3 25
27 24
3 9
4 18
19 8
29 2
20 13
7 17
4 5
19 2
11 12
26 16
3 1
22 26
14 27
29
12 4
10 19
8 28
3 2
15 10
18 12
1 12
13 7
22 2
14 6
20 2
4 14
10 20
11 14
26 25
9 13
22 17
11 23
19 26
5 19
21 13
6 29
1 13
1 24
27 8
27 6
20 16
20 1
14
1 13
5 1
7 1
1 12
6 1
1 10
1 3
9 1
2 1
14 1
8 1
1 11
4 1
25
14 4
11 10
23 18
24 11
25 7
6 21
18 22
8 20
25 18
25 17
19 21
5 17
3 20
11 16
7 6
14 6
21 12
20 15
8 24
14 9
1 7
2 8
13 17
1 24
27
5 1
18 1
9 1
1 13
1 20
25 1
14 1
1 26
8 1
1 21
12 1
1 4
1 17
1 11
1 24
22 1
1 15
23 1
1 2
19 1
1 16
6 1
3 1
1 10
1 7
27 1
17
3 16
3 12
10 8
9 17
16 1
1 10
1 5
11 9
16 6
13 9
2 6
5 13
2 4
14 10
15 13
7 13
17
11 16
2 5
9 4
7 9
17 14
17 9
12 2
3 15
1 11
6 16
14 15
13 15
11 2
10 16
1 17
8 14
29
1 16
1 19
1 10
1 12
8 1
1 9
20 1
4 1
1 29
5 1
1 11
2 1
7 1
27 1
1 13
24 1
18 1
21 1
1 15
28 1
1 22
6 1
1 3
1 14
1 17
1 23
25 1
1 26
19
1 17
2 1
7 1
3 1
10 1
5 1
19 1
18 1
12 1
9 1
1 8
4 1
1 16
13 1
14 1
1 15
11 1
6 1
14
7 10
2 9
4 12
7 8
10 1
10 13
5 13
12 11
9 11
11 1
14 9
13 3
6 7
18
11 7
5 10
7 16
12 2
6 8
9 14
2 3
5 17
3 6
1 18
13 12
13 10
14 16
4 15
18 11
15 17
8 9
13
13 8
13 5
2 11
4 5
9 12
10 9
7 3
11 10
4 2
1 8
6 3
12 7
23
11 2
7 21
9 4
12 8
2 1
3 4
19 7
13 16
10 18
14 15
11 5
20 12
22 17
16 19
6 3
23 15
5 23
9 18
14 20
10 17
13 6
8 21
17
9 13
11 17
11 14
7 6
3 16
10 13
14 1
8 2
15 8
17 4
12 5
10 12
3 5
2 6
15 4
16 7
29
9 1
26 27
14 20
23 27
18 16
13 9
22 1
16 25
21 24
11 2
29 3
10 8
23 13
16 21
25 11
13 17
15 12
19 28
7 9
12 20
9 2
7 8
8 5
1 20
19 6
11 6
4 1
3 8
20
1 9
1 5
1 14
1 17
1 7
20 1
1 4
1 15
1 19
3 1
16 1
13 1
2 1
1 10
1 18
1 12
6 1
1 8
11 1
12
2 9
12 1
11 6
1 10
3 10
5 1
8 3
7 1
2 10
4 5
10 11
29
8 3
21 3
26 20
27 18
10 16
1 7
4 10
28 11
17 18
28 24
25 12
2 14
5 6
22 20
9 23
12 15
13 24
11 16
4 8
25 22
15 6
23 13
21 5
14 17
9 29
19 2
29 7
26 27
18
16 6
2 10
13 8
18 5
6 8
14 3
9 1
18 8
6 15
4 1
18 1
11 1
12 6
4 7
3 1
18 17
17 2
22
17 14
6 8
1 22
5 6
19 5
15 10
7 16
14 6
12 4
19 16
13 8
10 11
1 5
22 2
16 21
12 9
20 2
18 8
3 2
19 10
12 22
22
1 14
5 1
10 1
1 12
1 16
1 17
1 18
4 1
1 21
1 6
2 1
22 1
20 1
1 8
7 1
1 11
13 1
9 1
1 15
1 19
1 3
17
14 6
3 9
3 2
4 15
10 15
8 11
5 17
17 10
12 7
12 16
7 11
8 6
4 16
5 13
13 1
14 9
16
9 2
13 5
6 7
16 14
4 3
6 15
3 13
15 14
4 9
8 10
12 5
10 16
1 8
7 2
11 12
25
19 23
21 4
13 23
9 25
6 18
3 17
7 18
21 18
4 1
24 15
24 21
5 4
25 12
23 5
2 8
22 25
20 24
22 10
22 1
17 11
2 16
14 10
10 17
2 5
19
11 19
9 14
13 18
15 14
16 5
4 17
11 8
5 18
1 7
16 6
17 3
19 17
1 19
16 2
7 14
18 10
11 12
5 7
27
13 10
14 26
20 2
25 1
7 9
17 1
24 1
4 24
23 24
10 4
10 14
12 1
24 8
25 2
3 2
16 14
9 21
12 21
19 9
9 5
12 11
18 6
14 27
15 9
6 14
22 12
19
11 12
19 14
6 4
3 18
11 16
9 4
17 7
11 14
13 17
10 4
11 15
2 18
4 5
17 4
11 1
1 17
1 18
8 7
24
20 15
16 2
23 13
15 21
21 1
3 4
22 11
17 1
10 21
21 5
21 6
10 9
13 14
12 22
14 8
1 7
3 24
19 13
5 18
3 10
1 22
16 5
1 14
18
12 11
13 15
3 18
1 14
5 12
15 2
4 6
16 10
9 8
18 17
7 2
16 4
11 17
7 14
13 8
9 3
5 6
27
7 4
5 20
3 9
8 23
22 2
21 2
6 12
19 10
14 20
16 19
25 3
27 8
4 17
22 17
16 14
11 26
18 13
15 26
10 18
1 11
7 13
15 27
21 23
25 5
24 12
9 24
22
8 4
20 6
19 4
16 15
16 5
11 2
9 11
17 3
10 13
7 18
18 21
19 13
11 15
22 6
19 17
13 12
18 8
16 14
1 15
8 6
4 1
20
11 13
17 11
11 16
7 19
7 2
16 14
3 8
10 4
5 6
18 12
8 6
1 14
10 8
6 16
19 9
1 20
7 15
14 7
7 18
11
9 11
10 6
5 11
7 5
1 3
9 4
4 8
2 4
2 10
4 1
15
7 12
11 13
13 15
2 6
13 5
5 8
10 12
9 2
3 1
1 5
12 3
3 2
8 4
14 8
25
3 18
23 25
8 4
21 10
13 1
12 21
13 22
12 4
9 20
13 9
5 2
11 9
17 25
16 24
2 16
6 19
14 24
23 15
7 12
1 25
9 10
1 19
18 23
1 16
18
16 1
1 15
1 9
1 11
1 8
1 18
14 1
13 1
1 4
7 1
1 3
12 1
1 2
1 17
1 10
6 1
5 1
17
6 9
17 2
11 16
7 10
8 11
14 7
6 14
13 1
13 3
16 12
15 4
5 3
2 12
17 9
5 4
10 15
22
7 1
1 2
4 1
1 22
15 1
1 8
18 1
9 1
20 1
1 19
1 12
13 1
1 10
1 14
21 1
16 1
6 1
3 1
1 11
17 1
1 5
18
16 2
8 7
13 1
6 18
10 3
7 9
17 15
13 16
3 4
12 3
16 14
11 18
7 11
1 11
4 15
18 5
4 13
13
1 6
8 3
7 1
7 8
11 9
11 6
2 6
4 5
11 10
8 13
5 7
12 5
11
1 7
1 11
9 1
3 1
2 1
8 1
1 4
1 10
6 1
5 1
16
10 1
9 2
10 3
1 15
12 4
4 13
9 11
10 6
8 5
5 15
1 14
1 4
16 15
5 9
7 8
13
6 4
7 12
9 8
10 3
1 2
3 5
7 6
13 5
12 11
13 11
4 8
10 2
27
1 8
1 3
20 1
16 1
10 1
1 22
13 1
1 7
21 1
1 2
9 1
5 1
6 1
26 1
15 1
1 17
25 1
11 1
18 1
12 1
4 1
14 1
24 1
27 1
1 19
23 1
26
3 18
22 2
18 11
4 19
22 14
14 16
7 13
7 11
24 6
2 8
23 9
10 17
8 15
15 10
5 9
26 17
21 3
25 1
4 12
13 26
20 12
25 23
6 5
16 20
19 24
26
15 12
7 19
26 1
21 6
14 12
5 16
26 12
3 11
25 1
18 13
22 8
19 20
13 7
11 10
24 5
4 19
11 2
16 21
23 13
16 25
8 10
5 9
10 26
25 7
21 17
18
16 1
1 14
5 1
1 4
7 1
1 11
1 13
1 17
10 1
3 1
1 15
18 1
6 1
2 1
1 12
8 1
1 9
10
6 10
5 2
4 2
7 3
9 3
6 1
1 5
8 6
3 5
23
14 11
2 17
19 14
17 7
8 3
4 1
9 11
15 13
21 22
16 4
5 18
18 15
21 12
20 7
5 10
13 22
19 23
6 23
8 12
10 2
6 16
9 20
27
27 20
26 6
18 23
15 17
21 25
7 4
10 16
14 12
20 3
19 25
23 9
13 6
11 25
14 16
24 1
20 9
6 11
22 7
16 7
17 24
10 9
14 5
24 11
10 1
23 2
8 17
17
11 12
7 5
10 7
13 14
13 6
2 17
11 15
17 9
8 15
13 2
5 11
4 15
5 1
16 7
3 17
2 1
16
1 10
1 16
8 1
11 1
1 4
13 1
12 1
9 1
6 1
5 1
15 1
7 1
2 1
1 14
1 3
28
1 21
28 1
1 2
5 1
8 1
20 1
1 11
1 24
1 27
1 13
17 1
1 14
9 1
18 1
1 19
10 1
4 1
1 15
1 26
1 3
1 23
1 7
22 1
1 25
6 1
12 1
1 16
10
1 10
10 8
3 7
3 5
4 2
4 6
10 4
8 9
1 3
19
1 15
1 6
1 13
5 1
1 10
2 1
11 1
1 4
16 1
17 1
3 1
1 7
18 1
1 12
1 9
14 1
19 1
8 1
29
24 18
26 10
20 2
8 6
15 13
7 3
4 14
9 17
4 27
12 15
12 4
7 9
11 2
2 19
21 15
1 17
8 9
18 29
1 22
22 19
25 26
23 29
7 28
16 29
26 19
17 12
5 8
18 22
10
8 5
2 9
1 4
3 2
1 2
1 7
6 1
7 10
5 7
13
12 8
6 7
7 10
4 13
5 10
4 8
6 1
3 2
9 3
2 11
5 13
11 12
24
3 6
7 11
12 14
13 18
1 13
7 19
6 1
21 15
16 21
12 1
5 1
11 10
21 8
15 4
22 4
20 15
2 18
21 24
13 17
9 8
23 15
18 7
15 13
21
1 16
1 14
1 21
5 1
1 20
8 1
1 4
1 12
3 1
1 10
15 1
1 13
1 7
2 1
1 9
1 17
6 1
18 1
11 1
19 1
13
12 8
7 11
10 12
1 4
4 5
1 2
8 13
10 4
6 13
10 9
4 3
7 5
25
1 16
18 8
20 12
15 3
2 15
7 15
13 19
15 6
18 10
16 9
17 6
10 12
14 11
24 11
16 20
23 22
12 14
4 20
13 3
20 5
14 22
25 15
20 15
20 21
18
12 1
1 3
10 1
9 1
16 1
13 1
14 1
1 2
1 6
15 1
17 1
1 11
4 1
18 1
1 5
8 1
7 1
12
6 4
1 7
2 7
1 8
9 10
4 8
3 4
1 11
5 4
4 9
11 12
28
1 16
12 1
1 6
3 1
1 11
1 22
1 5
1 9
1 7
1 17
10 1
14 1
1 23
20 1
1 21
8 1
15 1
1 18
1 2
1 24
27 1
28 1
1 13
4 1
19 1
26 1
25 1
22
13 21
12 4
9 17
21 15
20 14
1 22
18 19
14 16
11 14
22 18
6 20
10 9
1 13
2 20
20 13
22 17
18 7
20 4
8 4
5 6
3 17
23
19 6
23 11
9 16
21 11
19 13
11 12
14 19
22 2
7 16
1 7
20 8
8 15
7 8
2 12
5 2
12 4
18 3
4 13
16 10
17 18
13 18
4 1
17
7 4
10 1
12 11
14 8
10 6
5 6
15 3
13 12
7 16
7 12
14 11
14 2
9 6
17 3
3 10
11 1
26
11 3
23 18
21 24
14 17
2 16
9 25
26 8
13 6
26 25
8 7
19 11
10 5
22 18
16 4
19 12
9 2
17 20
7 14
12 6
4 21
22 15
15 3
10 13
1 23
24 5
18
8 1
7 1
5 1
18 1
12 1
1 16
1 15
2 1
9 1
1 10
14 1
4 1
6 1
1 3
13 1
1 11
1 17
27
19 24
27 20
15 24
27 23
21 11
1 22
13 4
15 12
25 18
18 9
3 22
13 26
1 23
7 21
17 22
2 22
24 8
14 21
25 1
15 1
10 5
22 21
22 5
7 6
16 2
13 25
28
7 24
26 16
21 6
2 10
18 15
1 7
14 19
1 15
25 11
13 26
14 20
27 3
24 25
7 19
2 26
12 18
8 12
10 28
17 6
12 23
27 9
6 24
22 25
2 15
19 4
10 5
27 18
18
16 3
13 7
3 17
18 4
1 7
1 17
16 6
13 10
18 17
14 11
18 2
12 13
7 11
16 8
11 9
3 5
5 15
22
6 13
5 12
1 5
17 4
15 12
22 3
3 2
19 11
5 10
12 11
15 7
3 8
11 14
1 8
18 20
4 8
15 9
10 18
18 21
6 10
4 16
11
1 6
1 3
7 5
8 9
1 10
4 1
6 11
5 1
8 10
2 9
18
17 9
11 15
14 7
7 12
7 5
6 15
13 16
1 2
16 1
7 17
7 2
11 8
10 7
18 1
18 15
3 14
4 2
14
6 9
8 6
5 14
10 7
11 12
13 10
9 4
14 11
7 3
13 2
12 3
4 2
1 5
16
2 4
7 13
9 5
1 5
6 3
9 12
8 11
16 13
6 4
15 10
7 10
14 3
2 11
8 12
14 15
28
15 1
13 1
9 1
17 1
1 19
28 1
8 1
7 1
1 23
1 24
18 1
1 27
1 22
16 1
11 1
26 1
6 1
3 1
10 1
2 1
5 1
25 1
12 1
20 1
1 14
1 21
4 1
22
11 2
15 19
5 22
20 15
10 22
1 10
17 18
1 18
12 6
6 1
3 11
10 8
22 16
9 6
12 15
12 21
13 18
4 18
10 14
11 12
18 7
29
25 15
6 23
19 21
29 4
3 14
15 5
1 15
9 27
7 1
8 19
13 25
3 28
29 24
29 18
20 13
26 17
13 10
2 19
11 6
22 17
9 12
7 24
6 5
7 8
24 9
25 16
8 17
5 3
18
9 14
11 3
16 6
13 7
12 2
15 18
13 16
8 18
17 1
17 6
14 3
11 5
5 10
12 15
10 4
7 8
4 2
18
14 15
7 8
18 5
9 10
5 12
13 6
4 14
1 16
13 16
10 2
3 11
9 18
17 7
11 8
6 2
3 4
15 12
12
9 10
7 6
3 10
10 1
1 8
12 11
8 5
9 12
7 1
4 1
12 2
17
11 7
3 8
15 17
5 14
4 1
7 6
11 5
15 1
11 1
16 11
9 2
10 15
5 12
8 5
7 13
9 7
29
1 5
25 1
4 1
1 19
1 27
8 1
18 1
3 1
17 1
1 6
2 1
1 12
20 1
23 1
1 11
1 16
9 1
14 1
22 1
7 1
21 1
1 10
1 15
24 1
13 1
28 1
26 1
29 1
29
18 16
24 12
13 23
11 12
20 8
1 26
27 2
29 16
27 3
23 6
26 18
26 17
17 20
5 9
5 22
15 3
20 7
10 16
5 18
28 25
14 3
4 28
4 23
28 19
2 1
21 17
2 4
27 12
28
7 4
13 25
23 8
7 24
19 3
10 26
25 4
9 16
6 8
21 23
5 18
12 17
20 14
2 21
13 22
19 17
18 26
11 14
9 28
6 3
27 22
1 10
28 11
27 16
12 20
24 15
2 5
10
4 10
2 6
6 7
10 9
7 1
3 8
2 5
5 3
8 9
11
3 9
6 1
5 11
2 8
3 10
1 9
4 9
1 7
5 8
5 9
13
4 9
5 13
7 1
1 6
2 6
1 11
7 12
9 8
9 1
10 3
3 9
7 5
15
1 8
5 1
11 1
6 1
1 9
1 4
1 14
7 1
10 1
13 1
1 3
2 1
1 15
12 1
27
11 7
2 1
5 4
6 26
23 18
17 12
10 13
15 21
25 19
4 20
3 19
16 24
9 14
12 22
2 3
6 14
8 5
25 11
18 27
27 8
26 10
22 24
17 13
16 20
15 7
23 21
24
1 18
20 1
16 1
13 1
14 1
1 3
21 1
1 6
23 1
1 11
8 1
1 17
1 10
15 1
19 1
24 1
1 4
5 1
2 1
12 1
1 7
22 1
1 9
25
16 21
2 23
7 17
14 11
10 19
13 10
24 3
25 10
7 9
8 2
18 12
24 21
13 5
1 13
4 5
22 3
1 3
20 21
18 6
22 7
18 5
22 14
24 2
15 14
25
8 3
9 23
21 19
15 24
4 7
1 4
5 6
13 25
20 13
2 9
3 18
22 5
20 10
14 19
12 17
2 11
17 18
15 16
21 10
14 8
7 25
11 12
23 6
22 16
13
7 8
6 9
7 13
2 11
6 10
2 4
11 12
6 13
1 2
13 1
11 5
7 3
24
23 1
1 7
1 6
22 1
1 9
1 14
1 10
18 1
1 15
1 3
1 5
24 1
1 19
11 1
1 8
1 13
1 17
4 1
21 1
1 2
1 20
16 1
1 12
28
9 7
12 2
15 21
8 16
17 2
22 7
14 20
21 1
24 26
1 12
23 3
14 11
3 15
26 9
3 10
8 15
13 4
14 5
18 8
6 26
7 28
17 27
19 2
9 12
20 21
4 20
4 25
22
8 2
1 21
19 22
6 11
20 5
14 10
10 9
22 6
21 13
12 22
6 21
9 16
19 3
8 6
1 15
5 18
21 20
17 8
4 8
7 1
1 14
11
7 6
9 5
1 10
2 8
9 10
6 3
11 8
10 8
4 9
1 6
27
14 1
27 1
1 4
1 12
1 17
21 1
1 24
1 15
1 19
1 8
1 5
20 1
11 1
7 1
13 1
1 22
16 1
2 1
1 9
1 6
1 25
1 3
26 1
1 23
1 18
10 1
27
22 12
9 25
12 20
19 8
10 6
1 24
10 21
3 14
15 11
26 18
22 16
2 27
11 3
25 6
27 20
4 23
24 26
18 15
23 9
2 4
19 17
7 5
13 14
17 16
5 8
13 21
26
19 7
15 9
2 26
7 4
7 21
6 5
17 22
13 2
8 10
9 7
7 12
1 25
9 14
16 1
3 18
22 1
23 2
20 14
13 25
25 11
8 17
24 20
14 1
18 9
25 5
21
2 7
17 3
14 21
5 18
12 11
8 6
4 12
2 10
10 18
7 8
9 13
20 15
19 13
1 19
15 4
21 6
5 20
11 9
3 16
16 14
29
27 23
5 6
14 1
2 23
23 9
8 18
2 20
9 5
28 17
25 8
29 16
13 26
22 19
25 12
26 7
21 13
15 24
23 24
28 23
29 24
24 4
11 4
23 3
19 1
5 25
14 25
28 13
10 24
13
6 3
11 6
9 7
10 6
1 4
13 9
2 5
1 3
3 2
12 2
4 9
8 4
12
1 10
1 8
7 1
12 1
1 3
1 2
1 9
1 4
1 5
1 6
1 11
23
15 4
3 16
5 15
18 19
23 1
10 22
3 21
10 7
2 19
3 23
6 12
10 14
23 4
16 17
11 16
13 15
9 21
4 12
20 12
1 22
22 19
8 21
13
7 1
13 1
1 11
1 3
1 4
1 9
1 12
1 5
8 1
1 6
1 10
1 2
18
15 7
14 1
6 13
10 14
9 4
13 10
7 16
9 11
8 3
1 16
18 2
18 12
18 16
17 7
13 5
3 10
14 9
16
1 5
12 1
1 13
1 3
4 1
1 16
1 9
1 2
1 14
1 11
7 1
1 10
1 6
8 1
1 15
25
22 21
24 8
7 6
10 12
11 24
24 3
5 6
23 2
18 5
11 15
8 1
23 13
13 1
22 12
20 3
9 23
13 6
5 14
16 11
17 21
19 21
25 12
8 22
4 3
29
13 21
17 16
16 25
15 23
20 1
13 24
18 9
14 11
4 5
8 27
10 6
4 22
15 25
7 6
8 19
10 29
9 2
23 11
14 24
12 5
22 26
21 28
18 20
29 12
3 17
7 2
26 28
3 19
11
10 4
2 9
5 1
6 5
9 3
11 6
5 9
10 1
8 6
7 10
28
16 8
17 1
12 4
15 19
9 27
21 15
13 15
25 27
17 14
16 9
22 20
20 18
14 3
28 24
5 1
2 20
5 13
11 10
24 23
22 5
22 10
6 16
9 17
27 26
7 10
4 14
24 13
27
8 5
19 12
7 9
25 20
15 14
16 10
2 3
16 22
5 17
13 21
18 24
22 27
17 10
20 6
21 11
27 14
11 24
18 3
25 8
4 12
23 19
6 13
23 9
26 1
2 4
26 7
21
9 6
14 18
1 21
21 11
5 11
17 15
5 6
20 1
20 18
11 3
12 1
4 20
2 21
4 13
21 16
19 11
10 20
17 11
8 21
7 2
11
9 1
5 1
1 8
1 6
2 1
3 1
7 1
1 4
1 10
11 1
27
14 17
13 21
10 15
1 21
5 11
1 10
25 18
4 10
19 8
3 12
15 16
27 14
3 13
23 25
22 21
2 24
9 3
5 26
14 13
15 7
6 2
22 5
8 4
4 2
8 20
22 25
22
18 11
5 21
20 19
14 22
13 8
16 6
8 20
15 4
11 14
22 12
17 20
9 7
10 22
20 21
2 18
1 8
11 3
6 3
14 8
9 22
18 15
12
5 7
3 5
11 3
4 8
1 2
9 6
8 10
6 10
12 9
7 4
11 2
28
23 2
8 2
15 28
27 6
18 16
4 10
15 7
5 15
8 9
16 19
19 12
5 3
25 2
27 11
9 10
25 26
23 14
8 1
12 1
23 20
13 3
21 25
17 9
3 22
27 19
5 12
16 24
22
12 11
10 18
18 1
14 7
17 20
4 22
14 15
13 22
16 15
21 9
2 4
5 17
21 12
19 6
8 9
20 3
3 19
6 13
10 7
11 5
16 8
19
18 19
15 8
13 6
10 16
2 12
11 12
1 15
4 1
1 16
3 14
7 15
12 1
16 9
19 8
2 17
8 5
13 14
12 14
15
14 9
8 2
15 12
13 10
13 5
14 2
9 5
3 6
8 11
7 12
6 15
10 4
4 3
7 1
12
1 4
1 6
3 1
12 1
1 10
9 1
1 11
5 1
1 7
8 1
1 2
25
22 1
20 12
9 7
24 16
17 6
19 23
7 11
20 5
24 14
17 13
6 12
2 10
8 2
23 18
21 19
3 16
8 9
4 21
25 18
14 15
22 4
5 25
15 10
13 11
15
1 8
1 13
10 1
2 1
4 1
1 15
1 5
12 1
1 7
1 11
6 1
1 9
1 14
1 3
22
1 11
17 1
1 19
1 12
3 1
15 1
1 10
1 22
14 1
1 4
6 1
1 21
8 1
1 20
1 7
5 1
13 1
16 1
18 1
1 9
1 2
20
12 13
19 5
18 15
3 7
1 10
13 17
12 11
8 17
7 5
4 8
20 4
14 16
6 3
18 19
9 2
11 14
16 10
15 2
20 6
13
1 4
10 1
7 1
1 13
1 2
1 6
1 5
9 1
3 1
11 1
1 12
8 1
12
6 11
10 3
8 4
8 7
5 2
12 3
10 2
4 9
12 11
1 6
5 9
18
1 12
1 15
18 1
11 1
1 4
1 3
1 13
1 2
1 16
1 9
7 1
5 1
10 1
1 14
6 1
1 17
1 8
18
5 9
2 14
17 6
15 4
3 7
10 13
7 4
16 1
18 2
1 5
16 6
4 16
11 1
16 18
10 16
8 12
10 8
17
13 1
8 1
1 2
1 12
1 15
6 1
1 9
1 10
1 7
11 1
1 16
5 1
3 1
4 1
1 14
17 1
28
8 25
27 24
5 9
11 12
14 23
28 6
1 22
25 3
16 4
27 19
9 10
19 26
11 14
18 15
12 26
13 18
20 23
2 28
13 22
21 7
3 7
15 6
16 10
2 4
17 5
21 17
24 8
20
9 13
7 6
10 20
7 11
18 15
19 4
9 15
17 14
12 19
15 14
9 3
12 2
11 1
20 11
19 18
18 1
14 16
7 8
20 5
27
11 4
5 1
9 15
27 6
18 5
15 23
25 7
27 26
10 12
22 13
11 16
5 27
14 23
21 16
20 6
11 14
3 17
5 25
1 24
2 14
8 12
4 19
8 16
1 15
3 11
21 13
16
6 2
4 5
14 9
8 10
14 13
10 3
8 16
1 12
9 15
5 13
11 7
3 11
15 6
2 7
16 12
15
3 12
10 5
10 6
15 4
15 6
1 14
2 13
9 11
12 2
7 5
7 14
4 3
13 9
11 8
23
15 14
20 11
6 16
2 18
15 19
10 11
9 17
17 10
13 10
12 10
10 4
21 16
18 1
9 18
8 2
3 9
7 16
5 1
7 9
19 18
9 23
3 22
10
3 1
4 7
9 6
1 10
10 2
10 8
8 7
10 6
5 6
13
2 3
8 5
6 10
11 4
8 11
10 4
9 12
5 3
2 9
7 6
13 7
1 13
27
9 24
12 8
27 13
9 18
5 14
22 12
16 26
27 23
20 1
25 21
23 15
11 24
11 13
21 8
18 7
17 10
16 19
26 4
5 7
4 14
6 2
15 25
22 3
17 20
6 3
10 19
18
15 10
1 14
11 7
6 2
4 5
16 8
9 3
17 14
13 5
12 8
2 7
10 12
6 13
18 17
9 11
16 18
3 15
10
7 2
5 6
10 5
1 9
5 2
10 4
1 3
1 7
8 5
13
1 5
1 6
7 1
13 1
12 1
1 10
1 2
11 1
1 8
1 9
3 1
4 1
13
1 11
1 9
1 3
1 12
4 1
1 6
7 1
8 1
1 13
1 5
1 10
2 1
11
3 4
11 1
9 1
8 3
1 7
10 7
2 6
5 1
2 10
3 2
20
1 12
8 1
16 1
1 15
7 1
14 1
1 11
1 2
1 17
5 1
6 1
1 20
4 1
10 1
9 1
3 1
1 18
1 13
19 1
11
7 3
6 8
11 10
11 5
7 9
1 11
7 8
4 6
6 2
8 1
27
16 19
7 17
4 6
23 18
14 13
20 21
14 26
11 6
18 8
7 25
16 27
6 23
26 1
2 20
1 25
3 13
22 5
15 13
5 12
26 23
17 24
25 20
9 18
10 17
7 5
16 14
13
5 3
10 1
6 2
7 2
3 13
12 4
9 7
6 10
8 4
13 11
8 5
11 9
10
4 8
1 7
10 9
2 7
6 9
5 3
3 8
4 2
6 5
11
9 5
9 7
1 2
10 1
2 3
1 6
10 8
1 9
11 2
4 8
19
1 18
14 1
1 19
1 11
7 1
16 1
13 1
1 10
1 12
1 15
1 2
8 1
1 6
9 1
17 1
1 4
1 5
1 3
25
13 5
18 2
19 24
7 23
4 3
22 18
6 8
12 16
11 16
16 8
17 9
6 1
5 20
19 21
17 10
3 25
23 18
14 19
22 1
6 21
8 3
23 15
5 21
22 17
16
1 12
16 11
5 2
4 11
5 12
13 8
5 3
13 6
1 8
12 11
9 10
15 14
8 15
15 9
13 7
15
13 1
1 9
1 5
7 1
1 4
8 1
15 1
1 14
10 1
11 1
3 1
6 1
2 1
1 12
18
3 11
9 16
2 18
6 7
18 17
9 8
4 13
1 14
7 15
8 14
10 6
11 15
7 1
1 12
13 5
4 12
2 7
16
4 16
15 6
3 5
11 16
8 6
8 16
14 12
7 12
7 3
8 1
10 3
12 13
9 11
1 7
2 6
20
16 14
3 17
19 11
20 13
12 10
5 7
18 9
4 12
8 15
3 8
10 17
4 2
14 13
1 6
16 6
19 15
2 9
18 7
5 20
27
21 6
7 10
14 23
10 19
26 17
20 3
13 17
11 18
22 19
5 14
21 11
25 7
12 4
20 25
4 6
8 5
16 24
8 12
15 24
2 1
15 26
16 27
13 9
3 2
9 23
22 27
18
1 4
1 5
18 1
2 1
16 1
1 10
13 1
3 1
14 1
1 9
1 8
11 1
1 17
12 1
6 1
15 1
1 7
18
4 9
10 16
17 9
3 1
13 5
14 12
5 3
2 12
11 12
4 16
1 4
18 6
7 5
15 16
18 11
11 3
8 9
15
8 11
10 5
13 8
12 3
5 11
8 6
12 9
4 9
15 13
7 1
14 8
8 9
1 13
2 1
18
1 17
4 1
7 1
1 13
11 1
1 9
18 1
1 6
15 1
10 1
1 14
1 3
16 1
8 1
2 1
5 1
1 12
12
6 1
5 1
1 8
11 1
3 1
1 12
9 1
1 7
4 1
10 1
1 2
21
3 14
17 11
6 19
15 21
6 8
7 16
20 10
12 7
19 16
11 21
13 5
20 4
1 15
14 2
4 18
8 13
12 2
3 18
5 9
10 17
24
1 7
18 2
23 5
24 21
10 16
19 5
21 20
20 4
23 14
8 24
19 9
8 13
4 22
12 11
10 17
11 15
7 15
6 16
9 3
18 12
3 2
6 22
14 17
17
8 1
1 2
16 1
14 1
1 10
1 7
6 1
4 1
1 11
1 9
1 12
1 3
1 17
5 1
1 15
13 1
16
2 1
3 1
8 1
11 16
7 6
1 9
12 3
14 5
12 13
15 2
1 10
4 13
14 3
6 1
12 11
21
17 1
16 1
13 1
12 1
2 1
1 14
1 20
1 10
1 9
6 1
1 18
3 1
1 5
15 1
1 19
1 7
8 1
1 4
11 1
21 1
25
2 6
3 19
4 8
5 11
21 22
6 12
8 11
1 16
14 13
17 4
9 14
20 24
25 15
15 24
20 10
22 18
10 17
3 23
7 2
21 16
7 9
19 25
18 13
5 12
27
1 10
1 5
1 19
1 11
27 1
14 1
24 1
1 17
1 4
7 1
13 1
25 1
1 16
23 1
1 12
3 1
22 1
21 1
1 9
18 1
1 2
1 8
1 26
1 20
6 1
15 1
23
17 18
22 2
23 10
16 1
21 14
15 19
9 13
3 15
3 8
8 6
7 2
11 18
20 5
20 21
6 13
4 9
10 22
14 4
12 16
11 7
23 12
5 17
20
8 13
8 19
15 1
14 20
4 2
9 17
17 3
10 9
20 6
5 18
4 12
11 7
7 12
16 13
10 11
16 5
14 3
2 15
6 18
28
20 7
26 5
15 4
9 18
24 17
1 7
7 25
13 21
25 15
20 5
18 23
17 25
3 28
8 16
14 17
19 22
20 12
21 23
11 19
8 10
6 15
27 21
23 3
8 28
18 2
19 28
1 3
22
13 7
18 14
10 21
3 16
11 2
10 1
18 11
1 11
12 3
16 2
9 2
19 17
2 13
12 6
15 14
8 10
8 22
16 17
4 2
4 20
5 11
21
10 5
21 1
4 16
10 1
2 6
16 18
18 1
1 7
6 8
8 19
5 3
10 9
13 12
1 11
10 17
14 16
15 6
7 13
1 8
20 7
19
4 1
12 8
4 19
2 13
14 3
18 11
19 16
4 5
8 10
9 18
7 19
14 5
8 6
2 17
2 12
18 5
1 12
14 15
17
10 5
5 14
16 1
2 12
7 14
1 11
4 10
12 9
4 15
17 8
13 1
8 4
8 1
8 6
1 12
3 5
25
11 16
1 13
25 14
12 17
24 3
15 21
23 22
24 13
3 25
2 10
19 18
14 15
17 22
6 21
10 20
4 7
2 6
19 23
5 12
18 20
4 8
8 5
9 16
7 9
16
6 10
5 14
3 8
14 3
7 9
9 4
2 11
4 12
13 8
15 2
13 12
11 1
10 15
5 16
16 6
27
13 1
1 4
18 1
1 21
3 1
1 2
25 1
1 14
1 22
1 26
1 23
1 6
15 1
1 20
1 12
7 1
9 1
27 1
1 17
5 1
19 1
24 1
11 1
8 1
16 1
10 1
17
12 8
6 10
4 7
3 6
1 10
8 17
13 17
5 16
9 7
9 14
15 5
16 4
11 12
2 14
3 11
13 15
13
8 12
9 12
7 12
7 13
6 2
8 4
2 1
5 10
4 5
9 1
6 3
8 11
17
12 11
7 11
10 14
15 7
4 17
3 1
3 9
17 16
5 10
17 13
10 13
3 7
11 8
13 1
9 6
2 9
12
7 5
4 11
12 3
11 5
2 5
4 10
8 5
3 1
9 6
6 3
5 1
15
4 1
2 15
6 12
14 10
5 3
8 7
3 13
9 12
6 11
9 13
7 14
10 5
4 15
2 8
24
8 13
5 20
20 8
10 18
21 4
10 19
24 9
7 1
16 15
13 21
23 5
22 12
17 2
23 9
22 16
6 7
19 4
14 2
11 24
14 12
17 3
15 18
6 11
28
1 26
1 15
1 6
22 1
25 1
1 7
1 5
1 20
1 4
1 9
1 18
1 17
13 1
1 10
1 24
1 3
14 1
1 8
19 1
1 2
16 1
12 1
28 1
1 11
21 1
23 1
1 27
20
15 13
10 13
14 2
5 20
10 7
4 3
1 6
11 6
20 17
5 16
18 10
8 11
2 19
2 13
4 12
4 6
20 15
15 1
11 9
26
1 9
2 10
23 7
5 15
17 25
14 3
22 20
25 12
18 21
11 19
21 24
8 6
18 3
5 4
12 7
20 24
13 26
2 13
15 14
16 11
26 8
16 22
4 23
9 6
17 10
25
13 1
10 17
12 17
6 22
4 15
24 11
24 19
4 12
20 14
25 23
23 24
2 4
8 14
20 23
17 3
5 13
13 12
7 16
16 5
18 16
1 20
14 21
5 22
9 22
25
5 6
13 18
17 25
11 3
6 4
14 2
17 22
25 4
16 9
15 2
21 10
3 24
19 12
18 22
10 9
20 7
1 8
16 13
23 20
12 21
14 11
7 5
19 8
24 23
29
12 15
11 7
7 15
6 12
13 3
18 6
22 15
9 25
27 2
14 2
24 22
6 20
21 8
28 20
13 16
14 19
17 26
14 29
8 9
26 22
4 18
14 6
9 10
1 9
26 5
16 12
23 15
12 9
17
5 1
4 2
16 5
14 8
11 3
16 8
5 9
13 17
3 15
11 1
15 10
12 17
6 17
7 2
17 2
11 6
21
16 21
7 11
19 5
12 18
13 17
17 12
10 15
9 10
7 14
20 6
3 15
4 8
9 20
21 1
14 18
8 11
3 16
13 2
5 4
6 19
18
4 18
1 18
2 9
3 10
1 13
7 10
14 8
5 8
2 15
16 5
14 11
10 14
1 14
9 1
17 3
6 2
12 11
21
10 1
1 16
9 1
14 1
1 19
1 11
1 15
1 7
1 8
1 13
1 6
1 17
1 18
1 3
5 1
12 1
21 1
1 4
2 1
1 20
22
2 6
18 10
3 14
5 21
10 4
1 17
12 7
18 15
20 22
8 11
3 15
13 14
12 17
16 9
16 20
4 9
6 19
21 22
7 19
8 13
2 5
27
6 7
20 19
17 6
4 23
15 25
1 9
18 11
3 5
27 23
9 8
13 6
22 1
10 11
21 23
22 3
14 8
8 15
24 14
3 26
15 2
21 9
7 19
14 16
22 7
19 12
21 11
17
6 15
8 14
4 3
17 5
8 17
4 16
9 13
15 11
11 7
14 1
12 7
6 2
3 13
9 10
16 5
12 10
10
5 6
4 7
9 4
2 6
2 3
9 10
8 1
10 3
5 8
21
8 16
12 9
20 6
20 16
14 2
12 11
21 13
15 19
6 21
3 10
5 10
14 3
18 14
16 17
12 21
20 15
4 15
1 6
1 3
7 10
17
6 16
10 11
3 17
8 5
8 7
13 11
4 10
3 15
16 2
9 6
9 13
12 15
17 14
1 5
7 4
12 2
26
25 23
7 10
2 16
1 8
26 19
12 13
11 1
4 10
21 25
12 10
14 17
22 14
11 5
14 25
16 1
11 21
21 19
16 3
25 6
20 10
7 9
14 24
12 1
18 22
18 15
16
1 16
1 14
12 1
1 13
1 3
1 8
1 11
5 1
1 10
6 1
1 9
1 15
1 4
7 1
1 2
21
1 18
3 1
1 11
1 20
1 14
17 1
1 9
1 15
8 1
5 1
13 1
1 21
19 1
1 12
2 1
16 1
4 1
6 1
10 1
7 1
19
6 1
1 5
1 16
1 7
4 1
3 1
13 1
18 1
14 1
17 1
1 11
19 1
8 1
1 9
1 2
15 1
1 12
10 1
27
25 24
10 27
27 8
9 12
26 20
4 6
3 22
22 5
11 7
14 24
12 26
19 18
15 21
17 23
16 15
16 2
2 23
9 6
21 10
19 20
25 17
14 1
5 13
13 8
4 3
18 7
15
13 4
13 14
4 8
8 2
12 5
1 15
10 12
5 14
6 15
9 3
11 7
6 2
11 10
9 7
16
4 8
16 9
1 11
3 15
14 4
8 2
8 6
14 10
12 16
4 1
10 5
3 11
3 13
7 14
11 16
19
10 1
13 1
1 19
11 1
1 5
4 1
1 17
1 3
18 1
1 8
6 1
16 1
15 1
1 14
1 7
9 1
1 12
1 2
10
7 2
1 7
4 10
6 1
9 1
10 6
5 1
1 3
6 8
24
11 15
20 18
9 17
3 10
2 22
3 9
4 22
13 24
15 7
13 7
16 20
14 12
12 6
1 21
23 11
10 18
16 19
5 8
24 2
5 19
4 8
21 6
14 17
15
5 9
12 5
12 7
10 8
1 3
14 7
1 11
5 2
14 1
13 10
12 6
15 7
14 13
4 13
27
27 11
24 25
24 9
23 7
11 15
11 22
5 10
9 8
16 3
1 14
27 25
26 16
17 1
19 21
1 21
21 7
2 20
21 26
6 9
1 25
2 18
13 26
27 2
10 2
26 4
13 12
19
13 14
10 14
19 17
8 19
3 8
6 18
11 16
15 12
1 17
3 6
12 7
10 2
16 9
9 13
7 18
2 5
5 15
11 4
14
7 11
12 7
6 9
7 3
12 1
2 4
2 1
10 8
10 2
14 4
9 12
13 10
9 5
11
8 11
2 6
7 9
11 10
8 2
3 9
6 3
4 5
5 10
7 1
11
6 7
5 8
6 3
4 3
8 1
3 11
7 10
2 7
8 9
1 6
19
1 11
1 8
1 12
1 14
1 15
1 18
3 1
1 10
1 17
1 4
6 1
1 19
1 7
13 1
1 9
1 16
2 1
1 5
28
1 12
8 1
1 2
1 14
3 1
21 1
20 1
19 1
1 6
1 17
11 1
1 18
10 1
1 26
1 25
28 1
1 9
1 22
4 1
1 27
1 24
1 16
5 1
1 15
1 13
23 1
1 7
18
14 6
12 8
7 4
15 8
1 3
17 9
15 18
10 4
11 3
9 16
14 12
7 6
18 16
5 17
5 13
13 11
2 10
23
19 2
6 10
22 7
13 7
8 5
16 1
6 13
17 11
21 12
5 23
9 16
20 11
18 8
3 23
4 10
12 22
14 3
20 18
15 4
2 14
9 21
17 15
29
18 26
29 7
6 7
14 15
12 19
27 11
22 10
10 3
25 3
9 14
4 28
5 12
26 5
16 6
9 24
19 2
29 24
28 2
17 23
11 1
13 4
27 13
8 21
18 21
22 20
16 20
25 23
8 15
27
1 2
18 20
12 2
10 5
11 2
14 8
23 13
23 25
2 6
5 24
18 27
7 24
16 22
23 19
14 24
19 3
4 8
22 5
27 26
9 24
17 9
23 15
19 14
3 21
1 18
1 24
10
2 10
2 6
4 10
3 8
6 9
3 10
7 1
1 10
5 10
24
6 16
10 17
18 2
24 20
8 3
20 19
18 11
21 12
23 16
6 2
24 13
17 4
15 3
10 7
7 22
8 5
1 23
4 14
15 21
13 9
5 9
22 11
12 14
11
6 10
2 6
7 9
4 3
9 10
11 8
5 8
11 4
7 3
2 1
12
6 1
8 1
1 9
1 3
4 1
7 1
2 1
1 11
10 1
1 5
12 1
29
2 10
25 12
5 13
27 28
23 24
19 20
19 5
7 4
13 17
28 2
26 4
3 27
12 21
9 19
16 11
15 11
22 13
2 14
6 5
29 12
23 18
1 18
28 6
6 1
8 27
18 21
11 21
4 23
28
18 3
26 10
11 6
8 2
21 16
9 13
10 27
5 17
21 11
26 3
20 24
22 13
12 17
8 4
23 18
28 14
15 24
25 5
20 6
1 14
19 22
12 19
25 7
7 23
28 9
27 4
16 2
13
8 10
2 5
4 12
10 13
9 6
11 3
7 4
11 12
2 8
13 3
9 7
1 6
10
10 3
6 3
2 7
9 5
7 1
8 1
5 4
1 3
5 1
13
7 13
8 12
11 13
12 6
9 2
12 3
2 10
4 11
3 1
2 3
13 5
11 1
11
11 3
9 6
2 4
5 4
8 6
1 10
4 10
10 11
7 11
6 1
17
1 12
1 3
4 1
2 1
1 5
1 13
9 1
16 1
1 11
10 1
6 1
14 1
1 8
1 17
1 7
1 15
21
4 19
3 19
14 12
19 5
9 18
6 8
15 8
4 9
15 10
4 16
17 9
16 1
13 2
15 7
2 21
2 11
14 21
21 1
16 8
14 20
26
6 24
15 2
23 1
21 5
8 9
17 21
24 16
4 5
3 7
23 12
10 2
14 11
6 12
13 17
25 19
14 20
15 8
25 26
18 10
4 19
20 18
22 11
26 22
7 13
16 9
13
8 4
3 1
8 5
2 13
6 12
13 11
10 9
7 3
9 11
2 12
7 6
4 10
22
8 1
1 21
1 18
1 17
1 7
1 2
22 1
14 1
10 1
1 20
1 12
1 3
1 4
15 1
1 16
9 1
13 1
5 1
1 11
6 1
19 1
20
1 11
14 1
19 1
8 1
1 9
1 3
18 1
1 15
6 1
1 16
1 2
1 20
1 10
4 1
1 17
1 13
7 1
12 1
5 1
10
1 5
1 6
7 1
1 9
1 3
1 4
1 10
1 8
2 1
17
11 1
1 9
10 1
12 1
6 1
7 1
14 1
15 1
5 1
4 1
1 2
17 1
1 8
16 1
3 1
13 1
15
12 4
4 1
8 7
3 2
15 14
9 14
4 8
8 5
11 7
2 13
8 14
6 1
10 14
2 1
28
18 1
7 1
15 1
5 1
21 1
1 27
12 1
17 1
1 13
1 28
1 8
1 23
1 20
16 1
22 1
10 1
1 14
1 3
1 24
1 19
6 1
1 26
1 25
1 4
11 1
2 1
1 9
25
23 1
6 1
1 19
24 1
20 1
1 3
22 1
1 5
15 1
1 8
2 1
1 9
1 10
1 13
14 1
1 21
25 1
11 1
1 4
1 16
1 18
12 1
7 1
1 17
13
2 3
7 8
5 9
3 12
3 6
3 4
1 11
11 8
10 5
13 3
1 2
1 9
19
15 8
7 11
4 7
9 19
12 18
16 10
10 6
5 6
19 13
9 18
8 4
15 13
3 11
3 17
14 12
2 5
2 14
17 1
28
1 19
18 1
1 25
1 23
11 1
20 1
1 3
2 1
1 5
1 26
7 1
8 1
1 24
1 6
28 1
27 1
16 1
1 22
1 15
1 13
1 21
17 1
4 1
1 14
1 10
12 1
9 1
16
7 6
12 11
4 5
7 9
1 9
14 6
10 3
8 4
11 5
15 7
16 11
1 5
2 4
13 10
10 9
28
24 14
11 1
24 13
17 12
4 16
12 23
12 20
5 12
8 1
27 28
10 24
1 18
25 6
25 1
7 9
25 15
19 21
4 2
2 12
19 27
3 7
1 22
26 4
12 1
24 3
3 2
2 28
26
8 12
7 2
23 11
15 21
1 10
14 24
9 23
5 10
24 5
19 6
10 11
26 1
22 15
8 21
15 25
19 16
26 21
2 4
24 3
18 17
5 2
18 13
26 19
20 23
11 18
26
10 16
17 24
3 15
23 13
18 20
12 21
17 1
2 25
3 14
23 17
5 3
4 25
4 7
12 17
26 15
2 11
6 22
8 15
8 19
13 9
7 1
1 3
16 2
20 4
6 1
27
1 13
9 1
1 19
22 1
1 6
1 5
1 2
7 1
21 1
25 1
10 1
26 1
1 27
1 3
24 1
16 1
1 17
14 1
1 12
1 20
15 1
1 8
23 1
1 4
1 18
1 11
13
8 3
2 12
5 4
9 10
13 6
7 9
1 8
10 2
7 4
6 12
3 11
13 11
24
1 24
9 1
1 7
14 1
12 1
1 8
19 1
18 1
11 1
6 1
17 1
1 5
15 1
1 23
20 1
22 1
13 1
1 16
2 1
1 21
1 3
1 10
4 1
20
20 7
13 8
4 14
1 8
16 17
13 17
12 15
18 11
14 13
1 7
18 7
5 2
17 9
20 3
10 20
12 2
14 19
8 2
6 18
21
19 8
6 3
12 13
2 13
3 20
10 20
4 12
18 16
16 11
9 5
6 4
21 8
11 7
19 18
14 15
7 9
17 14
10 17
5 15
1 2
23
18 1
14 1
15 1
1 19
1 20
4 1
16 1
1 23
1 5
17 1
6 1
9 1
1 13
1 2
10 1
8 1
22 1
1 11
1 12
1 21
1 3
7 1
19
3 19
17 1
4 15
17 15
16 18
9 19
13 14
3 18
1 3
8 9
13 19
17 5
13 2
11 15
10 9
18 12
5 6
7 5
20
1 9
15 1
1 14
16 1
10 1
2 1
12 1
17 1
1 5
7 1
1 18
4 1
6 1
19 1
1 20
1 8
13 1
3 1
11 1
11
9 10
11 1
8 7
7 1
8 5
4 2
1 4
1 10
11 6
3 2
13
4 5
6 9
11 7
4 12
1 7
7 3
4 9
3 10
8 11
1 9
11 13
3 2
19
16 5
9 16
5 18
3 9
12 19
7 14
18 6
13 12
11 8
15 11
1 16
11 5
14 10
1 7
9 2
7 12
4 14
18 17
17
5 3
10 8
15 13
1 15
8 7
17 16
14 6
12 2
3 9
17 10
13 4
16 2
5 7
12 11
6 11
4 9
18
13 1
1 16
15 1
1 2
18 1
3 1
5 1
14 1
17 1
12 1
10 1
1 7
1 11
6 1
8 1
1 9
4 1
13
2 9
4 5
8 7
2 13
4 10
6 3
6 13
11 9
11 5
1 12
3 8
10 12
16
1 16
1 8
13 1
1 5
4 1
15 1
1 9
1 11
1 14
1 6
1 10
3 1
7 1
2 1
12 1
13
2 13
10 9
1 2
5 4
8 3
8 2
1 9
4 7
10 12
8 11
10 6
4 9
25
21 3
15 23
25 11
1 20
24 23
3 20
7 8
1 18
22 5
1 8
8 13
6 17
23 21
25 10
17 2
10 8
10 19
12 19
8 14
6 1
4 8
16 8
5 1
6 9
26
9 12
3 22
23 2
18 21
10 5
20 7
13 14
14 5
8 18
15 17
26 19
4 9
11 24
10 22
1 19
8 24
26 25
11 13
15 21
6 3
12 25
4 16
23 7
6 2
16 20
24
2 7
9 3
20 18
18 24
3 14
13 15
9 18
6 18
18 15
8 5
10 8
14 17
7 4
19 1
9 11
18 23
12 22
2 9
1 8
21 2
8 22
9 1
21 16
29
2 20
21 19
23 5
9 18
16 14
22 28
4 14
10 24
17 10
12 29
3 21
13 12
4 26
27 17
28 9
21 28
5 15
7 25
16 29
8 21
9 20
16 17
16 6
10 11
5 16
1 21
25 28
21 16
24
4 13
17 7
20 9
21 7
3 21
6 11
23 4
3 24
21 14
20 22
1 8
20 1
23 1
20 21
4 5
4 12
9 11
15 9
1 18
16 7
19 10
19 7
2 21
16
14 6
5 2
3 11
13 15
16 3
10 9
8 7
15 5
8 11
4 13
10 12
1 4
12 6
14 16
2 7
15
8 11
15 5
10 12
9 8
14 13
9 4
5 6
12 11
7 2
13 6
1 4
15 10
14 3
2 3
22
6 1
15 1
1 14
19 1
1 4
21 1
1 5
1 2
7 1
1 8
1 9
1 13
22 1
16 1
10 1
3 1
1 20
1 18
12 1
1 11
1 17
17
14 9
10 16
9 7
11 10
9 1
14 12
6 3
13 2
17 6
8 2
7 4
13 6
10 2
7 15
5 14
1 13
15
10 9
14 15
6 10
12 6
4 14
4 8
1 7
2 1
14 6
15 1
15 3
5 11
3 5
13 15
28
23 2
15 13
7 18
17 25
26 28
9 7
3 2
10 3
17 20
10 21
22 23
15 18
1 5
20 19
16 4
25 11
22 14
19 16
21 13
6 8
4 6
11 24
9 26
12 24
8 28
14 5
12 27
16
16 7
5 11
9 2
4 5
13 4
10 16
6 10
15 7
14 15
6 12
2 8
1 9
8 3
12 13
3 11
11
10 4
5 11
3 6
5 9
3 9
6 1
4 8
7 10
4 1
1 2
28
1 7
12 1
1 8
1 21
28 1
18 1
1 16
4 1
1 23
24 1
5 1
1 10
1 20
2 1
1 27
13 1
1 6
17 1
19 1
1 25
1 3
1 22
26 1
1 15
1 9
11 1
1 14
16
16 4
12 1
11 1
1 5
8 16
13 3
11 8
13 15
11 2
16 7
13 14
1 3
1 9
3 10
6 10
16
9 11
1 16
15 1
14 13
5 10
4 12
16 3
8 2
7 1
1 11
10 16
4 1
14 2
2 15
6 7
29
18 23
16 13
27 4
20 15
29 3
23 5
4 22
14 11
1 5
17 24
12 6
8 26
8 21
20 19
13 11
26 25
10 9
28 15
28 16
24 3
18 21
27 7
6 19
12 25
9 2
22 14
2 29
7 10
29
17 11
5 24
20 25
21 16
28 27
29 3
1 29
20 29
15 6
11 22
6 13
7 27
9 5
26 3
18 26
10 15
12 16
6 5
16 3
1 13
13 22
20 4
23 25
2 25
27 22
26 14
19 11
15 8
15
5 15
10 9
6 11
3 2
5 11
1 14
4 13
10 2
4 7
14 7
13 8
9 12
6 8
12 15
12
4 7
7 9
9 6
10 4
1 7
2 5
5 12
3 2
2 1
4 8
9 11
13
1 3
5 1
1 4
1 2
1 13
1 10
1 7
6 1
9 1
1 8
11 1
12 1
12
4 1
8 9
2 6
8 10
4 3
5 6
12 3
8 5
11 6
5 1
7 4
26
1 2
14 4
8 22
4 6
15 9
3 24
1 21
22 5
2 12
12 14
26 4
14 3
5 11
17 10
11 19
21 23
9 2
19 16
17 14
6 7
18 17
3 25
5 13
2 16
3 20
20
5 9
13 18
5 3
16 2
8 12
11 20
14 2
15 14
6 17
3 18
9 19
13 7
8 19
1 4
6 11
10 4
17 12
10 16
15 7
29
11 26
22 9
6 10
28 2
24 4
10 27
23 29
6 16
24 1
2 5
25 27
19 9
26 21
14 18
18 13
29 17
4 7
15 14
16 3
15 11
3 7
25 17
13 8
12 5
12 22
19 20
20 23
8 28
29
3 22
6 28
4 8
20 16
26 11
1 17
3 2
16 15
2 24
20 28
21 27
17 13
10 29
25 7
18 12
15 27
29 21
19 10
6 12
19 8
22 7
26 13
9 18
24 4
9 14
23 5
5 25
14 11
15
3 13
3 8
12 5
4 1
6 12
2 11
9 7
12 8
10 2
14 3
4 9
4 2
9 15
8 1
21
1 14
21 1
5 1
13 1
18 1
7 1
1 9
11 1
12 1
19 1
1 8
3 1
1 17
1 20
1 10
1 4
1 16
1 2
15 1
1 6
19
7 13
14 5
16 10
8 13
11 7
3 5
9 10
12 17
19 12
2 18
14 6
2 16
15 8
15 6
4 18
9 3
19 1
4 17
18
6 7
17 2
1 15
17 13
6 13
1 13
3 5
14 8
4 3
14 12
17 10
18 11
9 6
15 3
14 16
12 18
12 15
20
20 6
8 7
1 9
13 8
13 19
3 8
15 2
19 10
9 5
20 16
4 5
1 19
13 20
10 14
5 18
12 17
12 10
2 9
11 2
21
15 19
13 14
21 9
3 13
7 8
9 10
11 16
18 11
15 20
13 1
4 19
1 12
2 17
5 14
11 9
15 13
13 6
13 7
2 9
15 9
21
11 18
7 15
11 2
13 12
8 18
1 16
14 13
10 4
17 19
7 20
8 10
4 12
17 3
5 14
9 21
20 6
21 6
3 5
15 19
9 16
16
1 15
1 9
1 13
1 3
11 1
1 4
6 1
8 1
1 16
14 1
7 1
1 5
10 1
1 12
1 2
23
6 11
4 17
19 10
11 18
16 20
10 5
7 17
1 2
12 4
9 6
8 6
22 16
15 21
10 3
4 1
4 22
14 4
21 11
23 10
6 3
3 1
18 13
28
4 26
7 6
20 19
8 3
15 8
23 12
13 28
5 8
10 22
22 9
27 24
19 5
19 16
11 2
17 27
25 6
11 26
12 28
22 24
12 6
26 21
4 24
4 1
28 18
27 14
5 23
1 23
14
13 1
7 6
6 10
3 8
4 13
6 1
5 1
12 9
6 2
2 11
1 12
14 2
1 8
21
12 1
1 2
1 10
20 1
17 1
14 1
1 18
21 1
1 16
1 3
1 19
1 9
1 15
6 1
13 1
11 1
7 1
5 1
4 1
1 8
19
10 19
16 2
8 7
5 4
14 6
5 17
19 18
15 4
13 2
11 1
18 8
16 10
3 14
3 7
17 12
12 11
9 13
15 6
24
10 20
15 23
21 18
5 24
15 14
21 5
2 17
12 20
20 9
18 1
2 21
13 19
2 3
5 6
13 9
12 7
13 16
1 9
8 15
22 11
4 22
18 8
8 22
20
8 18
13 17
4 17
8 9
5 19
17 15
7 15
13 1
1 6
11 16
14 13
17 8
3 12
17 12
19 2
17 16
5 10
20 16
19 13
19
5 1
1 15
6 1
2 1
10 1
14 1
1 4
13 1
9 1
12 1
1 18
19 1
1 7
16 1
8 1
11 1
17 1
3 1
15
13 1
1 2
5 2
6 12
3 13
8 13
2 12
13 15
7 13
4 14
11 12
14 13
6 9
10 4
13
1 2
13 1
11 1
1 5
3 1
8 1
1 6
12 1
1 10
1 4
1 9
1 7
23
13 14
11 10
21 5
19 17
16 15
5 4
9 17
2 12
3 18
11 21
8 10
20 23
3 7
6 14
18 2
6 22
4 23
8 13
7 16
12 19
22 9
1 15
26
6 16
8 12
11 7
5 24
12 1
5 13
10 22
25 7
17 1
1 18
9 21
23 10
1 5
14 9
23 12
4 10
19 14
26 14
6 1
25 15
3 10
18 7
2 14
20 6
14 1
29
15 24
5 1
5 6
8 14
2 28
12 2
23 14
20 1
2 8
12 17
27 20
5 13
21 26
29 22
20 2
20 4
14 9
25 1
21 11
16 9
10 13
24 23
3 21
12 19
8 26
18 21
1 29
7 2
17
8 16
7 3
16 2
4 7
16 14
5 6
17 14
12 1
11 15
7 12
12 6
14 13
17 11
1 17
9 11
10 6
24
8 12
10 3
6 13
18 15
23 14
11 6
19 15
1 4
10 2
24 12
20 10
23 2
15 16
24 7
22 17
4 19
2 4
24 1
21 7
17 12
5 23
6 19
9 7
15
7 11
3 6
5 1
12 6
15 2
8 1
2 8
3 14
7 4
7 3
13 3
1 7
9 6
10 5
28
9 27
18 10
9 11
24 19
1 15
7 12
8 4
22 3
15 28
28 16
13 6
26 27
5 7
17 26
18 23
14 8
21 23
14 25
2 5
22 4
16 3
6 25
19 2
13 20
20 11
10 24
21 17
18
6 1
4 1
1 17
12 1
2 1
1 5
7 1
1 8
10 1
18 1
16 1
1 15
1 9
3 1
1 14
11 1
13 1
11
1 6
10 1
1 8
9 1
2 1
5 1
7 1
3 1
1 4
1 11
20
1 15
1 10
1 16
1 4
1 6
19 1
1 11
1 8
1 18
1 2
1 20
17 1
5 1
13 1
12 1
1 14
1 3
9 1
1 7
26
9 12
8 15
22 5
21 25
2 21
6 26
18 23
14 13
7 10
24 12
3 11
26 3
20 17
6 14
19 2
5 16
4 16
15 7
24 18
11 22
25 8
20 1
17 10
19 9
13 23
15
1 15
11 1
1 10
2 1
1 4
7 1
1 13
1 6
1 8
12 1
1 5
1 9
3 1
14 1
26
2 19
15 26
1 11
23 4
22 7
23 2
17 18
6 5
13 14
9 25
19 10
26 16
7 12
16 14
25 24
4 21
13 6
22 15
18 8
8 10
5 3
9 20
24 17
3 20
21 11
10
2 5
9 7
8 4
6 8
9 5
10 1
2 3
7 10
3 4
12
12 1
7 12
4 1
3 4
8 2
5 7
10 1
11 9
6 8
11 8
7 8
13
2 13
3 4
12 1
11 7
3 5
9 11
4 8
5 11
5 13
10 5
6 11
1 13
22
1 12
1 10
1 17
7 1
1 21
1 8
18 1
13 1
1 20
19 1
5 1
1 15
1 16
1 3
22 1
14 1
1 11
9 1
6 1
1 4
2 1
18
10 18
14 1
12 3
13 17
12 2
5 7
9 11
17 15
14 18
11 3
8 16
6 4
16 6
4 9
10 8
13 7
2 5
16
1 10
1 2
9 1
1 7
16 1
1 11
1 14
6 1
12 1
8 1
3 1
1 15
13 1
5 1
1 4
27
4 13
11 7
25 12
19 25
26 24
26 16
4 5
2 9
17 23
20 10
7 4
3 20
9 6
20 25
24 15
16 27
16 22
9 19
18 12
21 24
23 8
1 11
19 1
23 7
26 11
12 14
18
9 12
8 14
5 13
3 12
17 9
4 8
12 1
11 15
12 16
7 18
14 1
10 17
6 2
1 18
15 13
6 12
13 14
18
9 13
9 15
6 4
2 8
7 18
11 15
3 16
17 1
4 14
6 11
16 7
5 2
3 17
14 18
10 12
8 13
5 10
20
9 7
3 16
18 19
12 4
17 5
15 14
11 13
20 16
1 8
20 14
12 11
18 5
3 2
7 8
6 2
6 13
4 17
9 10
15 10
24
4 2
13 10
14 5
1 7
15 14
20 9
17 4
6 19
9 13
12 23
24 11
21 17
7 21
3 11
12 16
6 10
23 22
5 22
20 8
2 24
3 8
18 15
18 19
16
11 16
1 15
12 5
7 14
10 2
6 12
4 8
16 2
12 3
7 15
9 7
5 8
5 1
16 15
8 13
29
8 5
4 25
1 18
29 5
4 10
17 22
14 20
12 14
16 2
11 10
18 24
13 8
4 19
19 24
29 26
22 4
5 1
23 25
28 29
5 6
19 27
7 3
2 13
19 7
22 9
8 14
14 21
15 2
11
9 8
10 4
1 4
11 3
1 8
4 2
7 9
3 6
5 9
3 8
13
5 13
7 6
3 4
1 6
10 13
6 9
1 10
13 2
4 10
4 12
11 7
8 7
14
12 11
10 13
9 1
6 3
11 13
2 9
8 10
3 1
9 7
1 4
5 3
11 14
1 11
24
1 19
7 1
1 6
23 1
21 1
4 1
1 5
17 1
1 2
1 24
10 1
15 1
18 1
1 3
8 1
11 1
1 9
1 14
16 1
1 12
13 1
22 1
1 20
29
1 3
1 20
25 1
29 1
1 13
1 26
1 17
11 1
19 1
1 4
1 7
10 1
1 16
1 18
12 1
6 1
1 9
1 8
21 1
14 1
1 23
1 22
24 1
28 1
27 1
15 1
1 5
2 1
18
3 1
16 6
10 3
8 3
4 3
14 9
17 3
18 2
9 16
2 16
11 17
14 15
9 3
8 7
10 13
5 9
10 12
16
6 1
1 9
1 2
1 13
11 1
1 8
1 10
4 1
14 1
1 16
1 7
15 1
5 1
12 1
1 3
24
7 1
1 6
1 12
1 23
3 1
1 9
1 2
4 1
1 10
1 14
24 1
13 1
1 20
22 1
5 1
1 19
16 1
15 1
1 8
1 17
11 1
1 21
18 1
15
1 4
1 12
6 1
1 14
15 1
3 1
1 10
13 1
1 7
1 11
8 1
1 2
9 1
5 1
19
4 13
6 9
4 9
13 8
11 5
13 18
15 17
9 12
14 10
1 2
13 2
3 2
16 15
15 1
15 7
2 19
14 2
8 5
26
21 1
25 1
1 15
12 1
11 1
1 14
1 17
26 1
1 9
1 8
5 1
1 16
1 7
1 6
4 1
1 10
1 24
22 1
1 19
18 1
1 3
1 13
1 23
1 20
2 1
14
4 1
5 1
1 11
1 3
2 1
7 1
10 1
14 1
8 1
1 9
1 6
12 1
1 13
26
3 13
2 18
9 15
24 13
12 13
13 8
20 8
10 21
6 18
17 7
26 13
23 13
1 16
13 21
2 11
21 19
2 13
5 6
9 13
17 22
19 14
1 17
8 4
26 25
21 1
28
7 25
9 23
8 9
27 19
20 8
16 13
14 18
4 17
24 6
10 14
16 5
2 17
21 27
22 2
3 1
26 24
26 18
10 28
28 3
12 4
5 11
11 25
12 6
20 7
23 21
15 13
15 22
28
20 8
19 21
12 10
7 28
4 13
6 18
4 24
3 11
10 2
2 27
10 1
9 27
11 4
17 7
27 15
21 22
18 12
2 23
20 14
14 24
25 18
24 1
26 23
7 12
23 16
14 21
5 20
21
14 1
1 19
1 17
1 20
10 1
16 1
1 18
4 1
2 1
1 5
1 12
15 1
1 7
1 9
1 21
13 1
11 1
1 3
1 8
6 1
28
9 6
24 8
6 27
4 7
23 11
26 13
5 13
25 13
5 17
2 10
4 18
1 25
24 2
1 10
20 22
26 3
6 15
21 12
28 23
23 9
14 5
10 9
12 22
2 4
26 19
16 24
12 25
15
7 1
1 4
1 5
10 1
1 3
1 11
14 1
1 2
8 1
12 1
1 9
1 6
15 1
1 13
20
9 11
14 13
17 7
4 1
19 2
6 15
9 10
12 10
16 3
14 7
19 20
20 4
16 12
2 8
5 6
15 3
8 13
11 17
5 18
23
12 15
12 23
13 2
6 8
9 20
13 12
12 19
18 12
7 23
21 12
8 10
9 11
22 4
17 12
16 21
8 12
1 9
14 9
22 14
12 1
5 21
3 19
20
15 19
7 9
1 20
17 9
13 18
8 2
19 11
3 15
12 5
5 10
18 8
11 4
16 20
7 12
14 16
10 13
14 17
6 4
2 3
26
20 8
14 20
9 6
16 18
3 5
17 16
3 17
24 19
19 8
6 12
10 5
25 26
12 7
1 22
15 4
2 18
23 10
11 26
11 21
15 13
9 25
13 14
23 4
24 7
22 2
24
24 1
1 18
5 1
23 1
1 21
1 17
1 12
15 1
20 1
4 1
14 1
10 1
13 1
11 1
1 6
1 8
22 1
3 1
1 19
1 16
2 1
7 1
9 1
25
4 11
13 18
8 2
19 15
18 9
16 6
22 12
14 21
13 25
2 6
22 9
5 7
3 8
24 25
1 10
19 16
10 5
12 20
17 11
17 24
21 20
7 15
14 23
3 23
17
7 10
11 2
13 8
3 12
9 3
14 12
4 7
1 10
2 4
5 6
5 15
8 15
16 11
9 13
6 17
16 14
23
21 3
19 21
19 1
7 1
7 6
6 14
22 15
22 5
9 6
21 17
2 20
23 13
19 2
14 12
23 15
22 11
8 9
18 23
9 16
7 15
2 4
14 10
19
9 1
14 1
11 1
6 1
1 15
1 10
12 1
1 16
5 1
17 1
1 8
7 1
1 2
13 1
19 1
1 3
18 1
4 1
12
1 3
5 1
4 1
1 11
2 1
10 1
1 6
9 1
1 7
12 1
1 8
27
15 24
4 25
16 3
3 5
2 4
6 22
8 24
10 1
24 12
4 16
19 17
18 23
7 11
1 9
26 18
19 7
7 20
17 13
10 19
21 3
22 10
9 16
27 17
14 22
8 9
18 8
26
1 19
2 1
7 1
23 1
11 1
8 1
13 1
16 1
1 24
20 1
1 21
3 1
1 12
1 22
25 1
5 1
10 1
1 15
1 14
17 1
26 1
1 9
4 1
18 1
1 6
15
12 13
2 5
7 9
11 6
6 12
2 15
3 9
14 7
4 13
1 10
5 4
8 14
3 11
8 10
23
18 1
6 19
23 4
3 7
14 18
8 14
17 9
22 4
12 8
15 14
18 6
5 15
11 1
7 21
16 19
15 20
17 11
10 17
13 8
19 2
4 6
11 7
21
12 10
5 3
11 18
21 4
9 11
14 19
2 9
14 17
13 18
2 6
8 13
15 7
20 15
16 1
19 21
5 17
3 7
6 12
4 10
16 8
21
19 1
1 14
16 10
6 4
3 20
10 19
14 20
9 8
12 10
4 19
20 9
5 11
17 7
13 4
21 17
11 17
5 18
5 15
11 14
2 9
23
19 5
10 8
3 11
1 7
11 12
21 2
2 13
23 19
15 20
21 11
2 17
10 16
4 10
6 20
21 7
9 22
8 1
19 8
22 6
6 7
20 14
18 22
23
8 7
3 23
8 17
5 2
9 20
12 16
4 5
4 12
16 11
10 19
18 1
22 20
1 12
8 18
6 10
4 10
20 18
21 11
23 16
11 14
15 5
13 23
11
5 10
6 1
6 7
9 5
9 3
10 11
9 8
1 5
6 4
2 10
10
4 7
2 1
2 5
9 1
10 8
2 6
9 10
3 10
9 4
25
22 3
4 14
2 7
7 25
19 6
22 17
21 4
6 8
10 9
2 11
11 19
5 10
8 24
16 15
5 23
21 20
12 15
18 16
17 24
14 23
1 12
25 9
3 13
18 13
13
8 2
2 13
6 3
1 11
10 1
7 12
2 11
10 4
5 12
3 11
10 12
3 9
10
8 1
2 5
9 10
8 4
8 6
9 3
1 5
9 7
8 7
26
20 10
2 26
11 5
10 21
2 24
19 25
9 17
16 13
15 4
5 22
23 18
14 1
23 19
6 20
8 14
11 18
26 6
4 17
12 3
3 22
21 9
24 16
13 7
12 8
25 15
25
13 10
22 16
23 17
5 12
15 2
1 14
10 5
22 24
8 17
4 25
6 5
24 21
7 1
11 12
7 9
17 7
2 1
17 24
19 25
3 18
10 7
5 18
25 17
20 9
22
15 5
19 21
19 6
18 4
18 7
2 8
19 22
16 6
3 7
17 10
13 10
7 12
6 1
2 18
5 11
5 9
1 4
20 16
10 15
4 15
16 14
13
5 9
10 2
7 1
1 4
13 10
3 7
7 6
2 8
2 12
1 10
9 1
11 10
21
21 17
13 21
16 20
10 6
1 17
20 14
12 15
2 16
3 20
19 21
2 1
8 18
2 15
18 5
17 18
16 10
7 9
7 15
11 7
4 10
10
5 4
8 4
6 10
3 1
7 6
4 7
9 8
1 4
1 2
14
12 9
3 10
4 14
1 4
11 12
8 1
11 5
1 6
12 1
12 7
2 9
13 5
3 12
12
3 10
4 6
7 6
11 5
2 10
12 6
4 10
4 1
8 9
11 8
8 1
13
7 2
7 5
1 8
4 3
9 7
10 7
1 11
13 12
10 12
1 10
3 8
1 6
17
12 8
14 3
5 10
9 4
12 2
9 12
9 7
9 16
13 3
1 12
6 3
5 13
5 12
8 15
17 6
3 11
10
7 4
10 3
9 7
1 4
8 4
2 3
5 8
3 1
8 6
27
4 3
1 15
21 4
21 11
17 11
11 16
4 12
24 16
7 19
14 8
5 10
16 6
4 23
9 21
1 18
24 20
25 1
10 13
26 25
16 25
11 10
11 19
20 2
14 22
27 1
27 22
29
3 5
28 16
27 11
8 26
13 7
1 15
10 20
11 22
1 14
7 19
19 1
20 1
8 14
25 14
15 2
18 1
17 8
24 14
3 8
6 16
21 2
29 6
23 8
4 8
26 12
16 25
18 22
24 9
16
2 13
6 8
13 4
9 7
7 3
1 16
9 2
6 16
2 1
10 14
15 9
5 13
11 14
14 16
6 12
26
19 26
15 13
23 3
5 14
16 6
25 18
8 13
26 4
3 16
1 3
11 12
24 10
14 17
26 5
18 13
1 2
21 23
9 2
10 26
8 7
1 19
20 19
1 18
1 12
19 22
20
6 1
5 20
12 18
17 3
7 3
15 11
6 7
14 15
9 4
18 8
20 10
2 20
1 14
13 9
5 18
19 15
14 9
6 5
16 7
24
1 15
12 20
5 17
15 14
22 4
9 22
4 15
11 2
6 23
2 16
4 7
6 20
18 8
24 2
21 14
17 20
13 14
24 18
10 17
18 3
12 24
1 12
6 19
26
8 14
1 15
12 21
13 14
22 24
9 4
17 7
19 6
18 3
11 16
5 21
26 2
2 3
23 12
17 20
23 10
8 5
16 6
22 4
25 10
25 11
24 20
19 26
18 9
13 15
19
16 14
15 2
3 16
18 3
18 6
4 17
11 9
12 13
6 8
17 10
11 8
19 7
15 5
2 10
19 4
1 9
12 5
14 7
14
8 1
5 1
6 2
12 6
1 7
9 1
8 2
13 8
13 14
13 11
8 4
10 5
3 9
11
10 7
2 6
3 7
11 7
2 10
5 9
9 1
9 4
10 1
2 8
15
1 8
11 1
1 14
12 1
3 1
1 5
1 2
15 1
1 7
13 1
6 1
10 1
9 1
1 4
26
1 9
19 1
8 1
1 18
1 12
26 1
10 1
14 1
1 5
23 1
21 1
1 11
1 22
17 1
15 1
1 25
1 13
24 1
1 3
1 4
6 1
7 1
16 1
2 1
1 20
13
10 2
12 1
6 7
13 11
3 4
9 13
4 7
11 2
10 3
5 9
8 12
5 8
24
5 20
20 23
18 19
12 21
10 16
23 22
18 20
17 15
24 14
7 22
3 17
5 14
17 13
8 2
1 5
4 12
2 24
5 4
14 10
1 3
10 6
9 4
11 24
25
7 3
12 6
8 9
23 22
19 1
8 7
9 10
16 2
17 9
22 12
18 7
14 25
24 2
24 5
8 6
24 13
2 19
21 4
11 21
25 20
6 1
19 25
12 21
15 22
29
26 1
1 15
3 1
1 6
1 10
8 1
9 1
1 13
1 7
1 24
29 1
12 1
1 19
17 1
1 5
16 1
1 4
1 27
25 1
1 2
20 1
1 11
1 28
1 22
1 14
18 1
1 21
23 1
29
4 15
14 9
28 11
28 8
5 4
2 23
13 22
22 21
16 19
8 26
16 17
25 14
15 12
27 20
24 3
10 29
20 23
29 2
7 5
6 11
19 12
1 24
17 6
18 27
13 25
26 18
7 3
10 9
16
2 5
8 13
6 1
12 15
16 14
3 16
15 6
11 9
5 4
9 15
8 1
7 13
10 13
5 6
16 8
27
14 1
6 1
1 5
1 12
1 19
4 1
18 1
25 1
27 1
1 21
1 8
3 1
1 7
1 17
1 26
15 1
16 1
23 1
1 10
1 13
11 1
2 1
22 1
24 1
20 1
9 1
26
5 17
4 24
4 8
7 16
14 13
20 25
17 6
15 12
3 10
20 3
5 7
8 1
9 23
14 2
19 11
18 22
2 21
6 26
26 11
18 10
16 23
13 9
15 21
25 24
19 22
22
18 4
12 15
6 2
6 1
10 4
2 21
17 4
16 14
1 18
16 6
20 12
21 9
13 3
12 16
8 11
2 13
18 11
5 21
22 14
7 11
19 14
26
10 20
8 12
2 11
22 11
14 9
20 7
25 24
20 13
26 4
7 1
1 5
16 21
1 25
9 26
19 11
7 18
17 1
24 15
11 25
22 16
23 18
25 4
20 6
8 18
3 15
28
7 6
8 20
13 21
11 10
11 3
23 13
5 2
22 27
26 13
19 17
15 21
12 5
25 2
17 22
4 24
12 6
12 1
28 2
17 15
4 5
6 20
19 9
1 15
22 14
21 11
4 18
16 19
19
17 1
3 1
7 1
9 1
1 16
12 1
13 1
1 15
1 18
1 4
14 1
2 1
1 8
10 1
11 1
19 1
1 5
6 1
21
13 16
9 15
12 19
2 5
2 10
16 18
11 8
18 4
9 21
21 14
19 15
9 8
2 19
20 7
16 3
20 21
9 1
18 19
3 17
16 6
21
12 17
5 15
10 1
1 2
20 16
17 1
20 3
6 7
20 1
21 11
9 11
10 4
2 11
13 19
6 1
2 13
11 8
6 14
15 20
20 18
22
9 10
8 3
14 22
11 18
20 13
15 12
11 17
7 21
17 16
7 4
9 20
2 4
19 5
10 6
15 8
13 3
2 22
5 12
1 21
16 19
14 6
14
1 7
1 8
14 1
12 1
1 10
3 1
5 1
1 2
1 13
6 1
1 4
11 1
1 9
24
1 9
1 3
15 1
1 5
2 1
1 7
22 1
23 1
13 1
14 1
12 1
8 1
1 21
1 4
24 1
1 19
11 1
1 18
10 1
20 1
1 6
17 1
16 1
20
3 14
13 18
6 20
5 9
12 15
7 2
6 14
3 8
18 12
4 16
17 19
2 15
16 13
19 1
8 4
11 9
10 5
11 17
20 10
29
20 16
27 17
16 7
22 10
15 14
9 13
20 6
28 29
15 13
29 8
4 13
21 3
25 21
24 11
27 5
5 2
26 21
1 7
10 15
7 27
11 3
10 12
3 14
19 20
16 29
1 14
18 11
5 23
29
4 23
25 12
22 12
28 17
10 23
15 16
12 21
1 5
5 27
26 9
27 16
5 17
3 13
11 7
3 19
11 8
13 18
29 13
23 27
3 26
19 21
1 19
21 2
14 2
24 2
6 16
20 26
17 11
10
3 10
10 9
1 6
8 2
9 1
9 2
10 5
7 6
6 4
21
10 5
5 12
11 18
4 11
8 9
1 7
16 12
4 15
5 13
4 3
12 18
7 20
6 11
6 2
6 21
20 17
7 8
8 14
18 1
20 19
18
11 7
7 14
18 9
1 4
9 12
16 15
13 6
11 1
2 13
17 5
3 5
13 4
8 7
4 5
15 10
10 11
10 9
28
21 20
4 22
5 13
1 10
9 8
26 28
3 28
14 13
26 10
22 2
1 14
23 5
24 27
7 10
22 7
21 16
19 26
28 6
25 9
19 15
18 19
7 21
12 17
13 9
5 11
24 12
24 14
22
19 15
4 22
22 20
2 15
9 5
13 12
17 11
19 3
21 22
8 17
16 14
20 1
7 5
12 10
16 3
3 12
18 2
20 17
15 5
16 6
19 1
17
17 13
3 11
7 2
7 12
15 4
13 8
3 6
2 13
16 10
5 7
9 16
15 3
1 2
1 14
14 15
16 14
27
16 1
5 24
3 6
15 26
1 12
11 3
20 27
25 15
27 17
5 3
22 4
27 10
5 14
13 1
25 19
25 10
17 9
23 25
18 15
13 21
4 1
7 16
2 5
1 10
5 15
3 8
19
1 6
1 15
12 1
1 5
14 1
1 13
10 1
1 17
2 1
19 1
16 1
1 4
3 1
1 8
1 11
1 18
9 1
1 7
19
1 19
1 16
11 1
3 1
13 1
1 6
1 10
15 1
18 1
1 9
1 14
1 4
17 1
1 7
1 5
1 12
2 1
8 1
23
20 22
14 23
16 17
14 6
3 12
8 22
20 7
19 23
9 7
11 13
5 15
12 10
3 1
2 16
11 2
18 8
17 21
10 9
18 6
15 19
13 5
4 21
27
13 12
5 27
17 8
12 9
14 20
13 24
23 12
27 17
1 9
15 10
3 22
18 20
4 2
16 13
26 23
9 18
25 22
1 8
27 7
21 2
17 2
11 20
18 22
6 10
19 23
8 10
26
8 22
14 2
9 20
1 5
4 17
12 26
13 7
16 7
19 18
14 21
16 5
26 25
11 19
23 22
15 19
23 9
22 1
8 6
3 9
4 23
26 16
24 8
15 14
7 10
15 5
17
7 16
1 11
5 8
4 1
4 5
17 3
7 15
6 1
1 9
14 4
16 12
7 10
13 4
7 6
1 2
13 3
19
2 1
1 5
1 16
1 18
12 1
1 10
14 1
11 1
4 1
17 1
7 1
1 3
1 19
1 9
1 6
1 13
1 15
1 8
23
1 20
21 10
22 18
4 17
3 2
8 9
12 20
11 4
22 8
5 9
10 1
9 16
7 11
13 20
3 4
15 19
4 19
9 15
14 2
23 15
6 11
19 1
25
8 15
10 23
14 15
3 13
9 8
25 23
1 17
4 3
20 2
22 5
12 21
12 19
5 21
24 25
18 24
9 4
6 13
16 6
19 16
14 20
17 10
22 18
7 11
2 7
25
21 19
5 1
14 7
15 21
4 16
2 17
22 3
8 19
21 5
20 1
16 5
2 11
13 23
13 14
13 20
11 3
25 23
23 18
12 2
24 16
14 10
11 20
19 6
3 9
20
9 19
15 14
13 18
6 19
9 12
1 6
5 14
6 4
3 7
16 4
19 11
10 6
8 1
20 7
14 18
7 1
18 6
2 13
17 1
26
1 25
1 20
19 1
1 5
1 13
2 1
23 1
22 1
18 1
1 3
1 26
1 4
12 1
1 9
14 1
1 24
1 7
1 16
1 17
10 1
21 1
8 1
11 1
1 15
1 6
22
16 1
21 1
1 15
1 8
12 1
1 19
1 6
3 1
1 7
1 9
1 2
13 1
4 1
20 1
1 14
1 17
11 1
1 22
5 1
10 1
1 18
19
12 5
5 17
15 6
4 18
10 11
16 1
4 13
8 3
8 7
6 1
2 10
5 9
15 19
16 4
6 9
8 9
16 10
14 15
16
8 1
9 1
1 5
1 16
3 1
1 15
1 14
1 6
2 1
1 10
11 1
1 7
13 1
1 4
12 1
25
19 1
24 1
21 1
1 16
4 1
14 1
7 1
17 1
1 13
1 9
1 15
20 1
5 1
18 1
1 2
23 1
12 1
1 8
1 10
25 1
1 3
1 11
1 22
1 6
20
10 1
1 17
3 1
1 19
18 1
15 1
14 1
1 8
2 1
6 1
1 7
1 16
1 20
1 4
12 1
5 1
1 13
1 9
11 1
29
24 4
18 28
19 24
3 12
21 26
19 14
10 4
1 20
1 2
12 26
13 4
16 18
11 6
15 23
29 6
2 5
27 19
17 18
5 7
26 9
28 2
5 15
6 28
25 3
12 20
22 3
20 24
15 8
17
1 3
1 12
10 1
9 1
6 1
7 1
1 13
1 16
14 1
11 1
2 1
5 1
1 15
17 1
4 1
8 1
24
3 10
2 15
8 12
20 14
9 12
11 7
5 20
4 16
24 17
22 15
23 2
7 5
19 17
6 13
16 14
18 1
18 8
22 9
11 21
23 4
6 21
13 24
19 3
19
10 2
19 18
5 7
7 14
8 19
1 3
17 9
17 11
12 17
15 1
6 3
3 2
15 9
15 19
16 6
13 6
4 2
9 7
27
27 12
23 10
4 1
23 8
17 13
9 6
22 21
9 12
18 15
18 11
26 19
24 13
11 14
25 5
26 6
14 27
3 2
20 15
7 22
10 17
20 24
2 16
3 25
21 19
7 5
16 4
22
14 6
21 17
6 4
2 14
7 19
9 5
22 15
16 19
10 14
18 17
18 1
20 10
15 12
5 3
8 17
1 6
13 2
4 19
5 4
15 18
2 11
20
5 19
14 6
20 18
17 15
4 3
17 7
2 12
9 16
11 14
5 1
2 13
8 10
6 10
20 16
11 12
7 8
4 15
13 9
19 3
17
16 11
12 11
9 6
3 9
13 7
15 12
4 7
13 8
10 17
15 4
1 6
14 16
8 5
5 2
2 10
3 14
22
10 12
19 17
3 11
14 15
18 20
8 22
6 1
4 1
22 11
7 8
18 4
18 16
10 21
11 5
13 6
14 2
10 4
13 14
22 6
13 17
17 9
12
4 3
9 3
4 7
3 5
12 1
2 12
8 1
6 3
8 10
4 1
11 12
29
8 7
19 23
11 15
21 14
18 9
15 13
11 7
13 4
29 4
24 27
16 2
3 22
29 22
24 16
18 28
10 26
17 27
20 5
3 9
26 23
6 12
12 14
8 5
2 25
19 25
17 1
21 28
6 10
24
15 23
14 9
21 5
2 16
21 12
24 19
8 14
11 23
3 17
13 22
7 24
7 6
11 10
1 3
19 9
13 20
10 4
18 17
16 18
2 4
15 20
6 12
22 5
10
1 9
5 3
9 4
7 10
9 8
3 7
5 6
1 3
5 2
12
9 7
7 11
6 8
2 12
1 9
3 6
9 6
5 2
7 4
1 12
10 12
27
15 8
4 6
1 22
2 16
2 14
27 16
17 3
20 12
17 13
8 14
13 24
3 21
24 11
7 26
23 25
19 18
27 9
7 18
26 22
10 4
20 6
25 11
23 10
5 19
5 9
12 15
13
2 12
11 8
5 11
6 9
12 6
3 4
7 2
10 13
10 1
13 9
5 7
8 4
25
16 3
20 9
18 19
9 2
23 14
8 5
11 17
15 13
8 22
20 21
6 4
15 21
7 18
7 25
10 16
14 10
2 25
1 11
4 3
13 12
24 6
24 22
5 12
23 17
10
10 9
2 5
5 6
5 1
3 7
3 8
4 3
1 4
4 9
15
13 7
3 9
7 2
13 6
4 15
11 10
2 15
8 14
5 3
9 4
11 5
12 8
14 10
12 1
20
4 10
7 19
2 6
14 19
11 4
8 20
11 12
11 13
16 19
3 2
1 4
15 10
10 9
7 8
5 6
18 1
18 7
17 8
18 6
19
7 1
15 18
15 5
7 11
11 19
1 16
8 12
7 6
14 13
6 9
4 19
11 3
2 6
17 5
10 4
5 7
8 5
13 18
15
14 15
7 3
6 1
1 15
6 10
6 7
14 12
2 14
9 8
10 5
11 8
10 4
7 13
8 15
23
10 1
9 15
18 8
2 9
10 12
14 7
5 16
3 1
20 18
11 17
1 4
8 21
16 23
23 13
1 8
22 7
19 22
7 11
7 20
7 5
23 6
20 9
26
7 26
13 11
6 21
14 23
10 7
5 17
3 1
23 8
3 21
5 25
16 11
15 23
23 13
6 12
11 2
19 2
24 10
1 4
5 20
13 7
22 7
8 18
1 2
9 7
5 6
15
7 6
1 15
14 13
5 12
5 9
14 7
8 7
11 13
3 2
4 2
5 15
13 10
2 15
14 1
16
8 12
1 14
9 12
11 5
13 3
15 4
3 14
5 14
16 15
10 5
1 6
7 3
7 2
6 15
12 6
25
6 2
2 15
17 13
19 14
22 5
13 21
18 2
8 11
24 6
9 3
9 12
25 11
6 22
24 1
23 11
13 10
21 19
16 25
19 20
24 21
1 3
4 22
7 9
3 25
10
6 7
9 4
10 2
4 8
2 1
9 7
5 7
1 9
2 3
12
6 1
11 3
2 8
5 3
12 4
9 10
8 11
7 6
2 10
9 7
5 12
11
1 4
1 10
1 5
1 9
11 1
7 1
2 1
1 6
3 1
8 1
11
3 1
1 8
1 11
1 2
1 9
7 1
1 4
1 6
1 10
5 1
13
2 12
10 8
7 2
2 11
5 12
6 9
9 10
9 13
3 5
5 4
1 12
1 10
14
10 1
1 4
1 3
2 1
12 1
1 8
5 1
6 1
11 1
1 7
1 9
13 1
14 1
22
6 7
20 13
21 15
13 3
15 2
13 18
1 12
20 1
5 20
10 19
9 6
7 11
5 4
22 8
16 21
6 12
8 17
14 1
15 19
7 17
21 1
14
10 14
4 3
1 5
14 9
7 1
14 13
14 11
1 2
10 3
8 9
14 2
1 6
2 12
12
8 4
10 1
3 8
12 11
7 9
2 3
9 3
1 12
3 6
1 6
5 3
19
4 17
11 17
14 1
14 12
2 3
18 19
13 14
16 17
8 17
7 18
8 1
18 6
14 18
15 8
5 14
9 17
16 3
10 3
26
1 13
1 8
1 26
1 2
1 18
1 14
1 6
1 7
1 11
25 1
3 1
1 5
1 24
4 1
19 1
15 1
1 10
1 17
22 1
1 21
1 23
1 16
12 1
1 9
20 1
29
6 10
29 15
21 9
16 8
4 9
3 1
21 3
14 25
13 25
27 17
24 26
19 7
26 27
6 3
18 2
18 27
8 21
23 15
26 20
5 9
28 7
8 11
13 15
13 17
25 12
18 22
7 6
1 17
23
10 11
17 21
4 11
5 23
15 2
12 19
21 20
22 1
7 16
14 12
1 9
12 11
18 22
21 12
19 13
12 23
11 15
9 3
6 18
8 22
16 12
12 22
29
2 29
24 1
26 28
17 16
14 26
26 20
8 9
15 4
2 19
13 2
17 10
2 22
12 26
22 6
18 1
21 5
24 2
23 1
7 1
19 25
11 23
24 17
1 20
14 27
9 16
11 4
3 17
20 21
19
9 1
5 1
1 7
11 1
15 1
1 13
1 3
14 1
1 6
1 12
1 8
1 19
17 1
4 1
10 1
1 16
2 1
1 18
18
10 14
2 7
11 6
5 4
3 16
3 18
17 4
9 7
12 10
7 10
4 1
13 1
10 15
10 3
11 16
10 8
4 11
20
5 19
16 1
19 20
18 16
13 15
11 18
1 19
12 15
6 5
2 4
14 17
16 8
3 17
8 9
15 20
17 20
18 7
4 5
10 8
21
6 11
19 4
1 20
15 12
12 3
15 2
9 1
7 10
1 5
14 3
6 18
16 5
19 5
13 5
5 21
6 1
1 17
7 2
8 3
12 21
20
3 13
20 11
16 4
4 10
5 6
15 18
14 2
15 7
7 14
3 9
19 9
10 19
1 18
13 8
17 11
2 6
16 17
20 12
5 12
12
10 7
12 2
11 7
12 1
8 9
8 5
3 12
1 11
7 6
3 4
8 11
29
1 14
15 26
3 13
10 23
17 15
7 22
1 17
20 15
24 16
1 7
1 5
28 12
23 13
9 1
18 20
21 10
4 18
2 17
8 28
27 21
16 17
12 21
14 25
21 11
21 6
19 1
17 29
10 16
17
2 1
17 3
3 12
15 11
13 14
4 2
4 9
13 16
16 3
6 9
16 1
7 11
8 13
4 10
9 5
11 2
26
24 23
26 1
19 1
22 19
2 22
14 11
12 22
13 14
26 6
26 25
9 1
19 10
13 3
17 5
22 15
23 7
16 18
1 13
23 13
14 5
11 21
4 2
8 14
6 18
6 20
22
6 3
19 7
9 6
21 11
12 10
21 9
20 18
5 15
8 18
13 22
10 3
4 5
16 2
17 14
12 4
22 15
17 2
7 14
11 19
16 20
1 13
20
3 4
18 14
5 12
17 2
9 13
1 4
18 6
19 9
3 20
16 7
11 17
13 7
8 16
8 15
15 11
6 19
10 14
20 10
2 5
16
14 1
1 7
8 1
4 1
1 10
1 3
13 1
6 1
12 1
1 5
1 16
2 1
15 1
11 1
1 9
15
2 15
12 13
2 9
11 1
13 1
13 4
7 3
6 1
2 13
5 9
4 10
9 14
9 7
8 12
25
24 1
1 18
1 8
1 2
16 1
7 1
10 1
1 3
5 1
1 9
21 1
17 1
25 1
1 20
12 1
15 1
4 1
1 23
19 1
6 1
1 13
14 1
11 1
22 1
23
4 11
22 2
7 6
10 23
12 23
22 18
13 21
6 15
12 14
1 11
10 20
16 20
3 16
5 4
2 7
21 17
9 19
14 18
13 5
8 9
3 19
17 15
22
21 5
18 7
19 8
9 12
20 15
7 6
3 6
5 16
3 21
8 17
14 20
12 2
4 13
4 17
10 1
10 11
22 9
15 22
19 16
11 14
2 18
28
25 19
19 23
25 11
17 1
3 13
1 25
24 10
19 13
9 6
10 12
22 19
1 26
10 2
11 24
21 16
24 21
25 20
4 7
10 18
10 4
15 26
17 14
5 24
28 23
9 24
27 15
1 8
28
4 27
9 18
16 20
1 24
21 14
15 5
26 18
17 22
2 8
10 3
4 21
26 13
6 25
5 28
15 22
10 27
8 19
19 7
11 28
23 14
7 23
6 16
20 9
3 11
2 12
17 24
25 12
24
1 17
16 18
17 15
7 21
3 18
23 8
22 6
11 4
2 20
15 10
14 13
14 16
19 20
5 24
13 10
11 6
9 5
19 9
21 23
8 12
2 22
24 3
12 4
19
6 14
15 3
9 6
10 7
3 12
17 7
19 8
13 1
11 7
5 17
12 8
2 3
6 13
17 1
16 5
18 8
4 5
12 13
13
13 12
10 8
6 5
11 12
11 6
11 1
7 8
3 9
1 2
9 4
3 1
12 7
25
20 16
20 21
24 25
17 1
9 8
5 9
5 23
25 19
22 16
21 2
3 10
15 7
17 6
6 4
10 23
8 13
3 12
19 14
22 11
11 12
4 24
18 7
15 2
13 14
16
1 4
1 11
1 8
15 1
5 1
1 3
16 1
1 12
2 1
13 1
1 10
1 9
6 1
14 1
1 7
29
6 28
1 6
16 10
14 7
19 15
24 10
13 1
9 15
18 17
18 25
13 24
2 12
23 10
20 5
29 4
11 5
24 7
6 20
27 22
29 28
21 7
27 15
5 26
13 27
2 20
28 18
3 2
8 29
22
3 1
19 1
18 1
15 1
17 1
16 1
14 1
13 1
1 4
11 1
20 1
1 10
1 21
8 1
1 12
1 9
1 22
7 1
2 1
1 6
5 1
20
13 11
19 6
20 1
17 5
19 8
18 15
16 4
3 4
10 13
17 8
8 3
7 4
15 12
1 3
9 7
2 19
20 13
15 20
14 17
26
17 11
20 11
14 22
20 6
24 13
18 10
7 26
21 18
26 9
3 4
1 12
16 20
14 19
23 17
11 19
20 1
12 25
18 1
1 3
2 20
1 5
26 25
13 3
13 8
15 18
14
4 1
8 1
10 1
6 1
14 1
2 1
1 5
1 7
11 1
9 1
1 12
13 1
1 3
17
14 12
17 11
10 17
8 4
12 7
16 14
2 8
15 14
13 6
15 8
13 10
17 3
13 5
15 1
9 12
1 10
10
1 8
1 3
1 2
1 10
4 1
5 1
1 9
1 6
1 7
11
6 4
6 2
6 10
3 11
1 11
3 8
7 8
1 9
2 11
5 3
22
8 20
8 2
19 10
21 5
15 12
5 16
1 3
6 22
16 17
9 18
22 5
14 19
2 21
21 1
19 3
3 9
8 11
7 16
13 22
15 2
4 9
27
3 8
1 15
23 19
5 17
7 18
12 14
22 8
7 10
24 26
25 9
10 9
26 10
22 1
25 17
1 10
8 11
7 20
14 21
12 20
21 2
7 27
9 6
4 18
16 19
13 7
23 13
26
22 7
20 12
21 10
1 16
4 16
6 5
19 3
19 7
13 14
4 6
18 2
15 6
4 21
7 2
20 11
12 14
14 8
1 22
17 20
2 23
25 26
26 9
24 19
12 22
26 16
20
4 18
2 5
12 2
3 4
13 5
14 19
9 19
10 19
17 14
14 1
15 7
7 3
8 7
3 16
16 1
11 17
16 2
20 4
17 6
13
1 6
1 4
10 1
9 1
13 1
1 5
2 1
1 12
1 11
3 1
8 1
7 1
27
11 1
16 1
26 1
20 1
1 5
4 1
8 1
1 14
3 1
1 24
1 22
27 1
12 1
23 1
1 13
2 1
7 1
1 19
1 17
6 1
1 9
25 1
10 1
1 21
15 1
18 1
13
10 13
4 1
7 1
3 4
6 4
9 7
10 11
10 12
8 5
12 1
4 5
2 9
15
6 4
5 7
11 9
3 12
1 6
9 2
7 12
8 13
2 13
8 4
14 3
15 14
15 11
5 10
18
7 18
18 9
2 13
14 5
2 4
14 18
17 10
17 4
12 16
16 9
3 1
15 6
15 3
12 17
2 1
1 11
4 8
20
14 1
6 16
4 8
5 2
19 11
7 15
1 5
2 7
12 20
13 4
11 17
2 9
6 18
20 10
20 19
3 11
6 14
5 19
14 4
27
24 25
3 16
9 24
21 23
13 1
22 7
27 9
11 22
8 12
6 17
18 26
20 10
5 16
23 14
13 2
7 5
27 4
3 12
10 26
11 15
4 8
25 20
19 21
18 17
14 15
2 19
24
21 1
8 1
1 12
1 13
1 14
5 1
20 1
18 1
24 1
6 1
1 22
1 23
1 7
16 1
17 1
3 1
9 1
15 1
1 11
1 4
1 19
10 1
2 1
12
9 7
11 2
5 4
1 10
5 12
8 6
3 4
9 6
7 3
12 2
11 10
29
4 14
25 21
29 18
20 15
23 9
21 3
27 24
20 8
23 12
8 1
19 1
2 19
10 20
29 28
26 25
2 16
29 25
8 14
5 11
10 22
23 17
27 12
1 25
11 9
13 27
6 20
7 29
17 28
13
2 13
3 12
4 12
13 10
8 5
9 5
1 4
7 2
8 11
6 7
11 10
6 3
15
3 12
14 1
11 6
2 14
1 15
3 6
11 13
3 4
7 10
1 10
4 8
14 9
7 5
3 10
16
4 2
16 15
4 10
15 11
4 6
7 1
14 13
5 6
7 11
1 6
13 12
8 5
3 5
9 11
13 7
12
2 6
1 11
6 11
9 5
8 1
3 10
3 1
5 8
7 6
4 6
12 3
21
7 1
6 1
1 2
12 1
1 13
16 1
14 1
17 1
1 3
1 21
19 1
10 1
1 15
1 9
4 1
8 1
1 20
1 11
18 1
5 1
13
3 5
3 9
7 11
8 6
1 13
10 6
13 6
4 13
5 11
11 12
3 2
5 1
27
8 1
26 1
25 1
27 1
15 1
6 1
1 11
16 1
20 1
1 19
1 7
1 12
18 1
24 1
9 1
1 17
21 1
1 4
23 1
1 5
3 1
2 1
10 1
1 14
1 22
1 13
26
11 21
17 1
15 22
1 3
4 25
2 7
19 2
22 25
23 25
17 23
9 12
6 9
1 7
23 14
21 26
16 19
12 1
20 22
8 7
13 16
18 2
11 1
23 5
3 10
24 25
26
21 16
24 2
26 11
12 6
24 11
19 5
9 7
13 23
4 2
15 5
15 20
3 14
17 22
12 14
18 1
4 10
26 20
19 9
16 8
23 17
10 25
8 18
7 13
22 6
21 3
19
18 10
8 17
15 3
10 1
16 9
19 9
18 2
11 14
6 18
12 17
5 11
1 12
13 3
10 16
4 9
11 12
16 3
7 17
16
9 4
10 4
2 10
4 1
16 5
12 9
8 7
3 15
3 11
14 8
1 14
14 3
9 13
5 10
6 8
26
1 23
14 1
1 22
1 20
17 1
2 1
25 1
1 24
1 9
19 1
1 16
1 7
1 6
1 3
1 5
26 1
1 11
12 1
1 10
1 21
1 15
1 8
1 18
1 13
4 1
22
1 21
12 1
6 1
1 7
15 1
1 22
1 18
1 3
9 1
10 1
1 13
19 1
17 1
2 1
1 8
1 16
1 4
14 1
1 20
1 11
5 1
23
20 14
8 13
4 1
16 5
9 21
16 1
16 20
5 10
5 6
9 15
19 2
11 19
12 3
20 17
18 8
22 8
4 18
18 19
7 12
3 9
12 23
4 3
21
1 2
1 19
1 6
20 1
1 11
9 1
1 17
12 1
21 1
1 13
1 14
1 18
5 1
1 15
16 1
7 1
4 1
10 1
1 3
1 8
21
6 1
12 1
16 1
1 19
1 4
1 21
1 13
17 1
1 9
2 1
7 1
10 1
18 1
3 1
15 1
20 1
5 1
14 1
11 1
1 8
24
21 7
22 9
24 10
2 17
5 12
15 8
22 7
1 6
17 1
11 23
1 20
4 15
22 14
1 11
15 19
20 10
1 16
12 19
1 15
13 18
14 1
13 6
3 17
19
10 12
16 13
17 1
19 3
15 11
2 17
5 18
15 16
15 19
18 1
8 9
8 11
14 15
12 15
15 4
18 6
3 7
18 15
10
5 6
7 9
7 3
5 2
3 8
4 10
4 8
2 9
1 10
10
2 1
8 4
9 1
8 10
2 7
6 9
10 2
3 2
1 5
23
1 11
1 10
9 1
1 3
5 1
1 6
1 13
1 22
1 4
8 1
15 1
23 1
16 1
1 7
1 21
1 14
1 19
18 1
1 12
1 20
17 1
1 2
10
8 1
8 5
8 4
4 3
4 7
2 1
7 10
6 2
2 9
11
9 2
9 4
6 8
3 5
6 3
11 7
4 1
2 7
8 11
10 5
24
22 6
2 11
14 2
18 23
1 4
9 13
13 6
15 19
15 12
18 21
1 5
8 12
6 2
24 15
16 13
3 6
7 14
12 18
1 24
6 17
8 20
17 1
10 12
22
1 14
6 1
7 1
1 15
22 1
1 19
9 1
1 16
20 1
1 17
1 13
1 12
5 1
1 4
3 1
8 1
1 18
11 1
2 1
1 10
1 21
11
1 2
11 1
3 1
9 1
1 7
8 1
5 1
1 4
1 6
1 10
14
1 3
1 7
1 11
9 1
6 1
1 12
13 1
10 1
1 14
1 4
5 1
8 1
1 2
18
8 10
6 12
14 15
18 17
3 13
11 5
12 18
14 10
4 16
9 6
13 1
17 16
9 11
8 7
4 7
5 2
3 2
26
16 12
23 6
26 6
14 1
5 3
21 23
13 8
17 15
20 11
7 13
4 1
2 20
18 7
6 5
26 20
9 19
26 24
7 17
6 1
25 22
6 18
10 5
22 17
6 12
9 5
29
15 28
1 10
13 2
21 29
4 17
24 13
7 23
23 22
26 12
19 14
16 9
25 4
21 19
3 10
14 15
2 10
18 12
23 14
21 12
15 8
13 20
19 1
3 4
16 6
2 16
3 5
27 5
11 5
29
21 11
22 8
4 20
26 14
4 5
19 7
16 15
28 26
27 21
28 3
17 27
13 16
25 24
27 23
22 28
3 1
12 16
7 2
29 12
4 10
29 1
29 10
7 12
10 24
22 9
18 24
26 6
21 3
29
4 17
17 23
22 11
13 17
29 1
1 12
24 1
25 6
8 21
15 26
19 29
23 5
15 4
26 20
23 21
18 9
25 4
12 10
27 16
10 2
10 11
29 16
28 19
6 7
14 1
3 17
12 9
19 23
23
14 1
5 18
8 16
16 20
14 3
18 9
7 16
21 19
19 1
15 8
11 19
12 1
8 6
13 3
4 21
18 2
17 9
19 18
22 15
16 11
23 17
14 10
22
9 21
11 5
15 6
13 10
12 7
3 2
1 8
11 8
7 20
14 13
18 10
20 19
5 21
2 17
4 22
15 3
17 9
4 18
16 6
22 12
14 16
16
15 12
13 8
12 2
10 5
1 6
13 9
15 5
12 1
16 15
6 8
1 7
14 15
4 1
11 15
15 3
20
6 4
12 13
3 20
2 4
16 19
20 7
8 1
2 17
9 15
18 15
14 19
11 10
18 14
7 16
6 9
10 5
11 17
13 5
3 8
27
4 1
5 1
7 1
2 1
27 1
8 1
20 1
1 15
19 1
1 24
10 1
16 1
1 13
1 12
9 1
1 6
21 1
17 1
23 1
3 1
1 26
1 22
1 14
18 1
11 1
1 25
21
7 1
18 1
1 10
20 1
12 1
1 4
1 13
1 8
5 1
9 1
1 3
1 11
1 14
17 1
19 1
2 1
16 1
21 1
6 1
15 1
29
21 22
1 7
28 7
4 1
18 10
10 11
29 1
15 19
14 21
28 9
7 16
5 23
19 26
23 25
1 18
5 12
27 29
22 26
8 27
3 24
13 17
12 24
6 3
2 22
20 13
21 17
18 17
1 12
16
6 8
9 16
4 3
4 11
6 7
7 2
14 5
5 11
9 12
16 2
3 10
13 10
15 14
13 8
12 1
22
3 15
7 12
21 20
13 6
7 3
1 4
11 1
4 7
1 16
9 17
14 10
7 18
8 15
5 11
19 16
3 6
1 22
11 2
21 22
14 17
4 14
25
1 10
19 1
14 1
12 1
1 3
11 1
7 1
1 4
17 1
1 8
1 21
6 1
1 16
13 1
23 1
1 2
1 24
20 1
1 22
5 1
1 15
18 1
1 25
1 9
28
1 4
1 15
1 16
1 9
1 5
12 1
1 22
23 1
11 1
28 1
1 20
1 2
21 1
1 10
1 25
17 1
1 3
1 6
1 7
24 1
26 1
14 1
1 8
27 1
1 18
1 19
13 1
23
10 12
11 5
15 20
2 12
7 4
3 20
14 8
15 4
15 1
22 9
19 6
18 11
19 16
8 22
18 19
12 8
22 13
18 14
1 14
4 21
20 17
23 11
27
20 1
1 15
1 18
11 1
1 27
1 22
1 5
1 17
3 1
13 1
1 7
8 1
26 1
21 1
4 1
19 1
23 1
1 9
1 6
1 16
14 1
1 24
1 2
1 10
12 1
25 1
26
22 1
1 13
1 14
15 1
3 1
17 1
1 16
1 5
23 1
1 8
1 18
12 1
6 1
26 1
2 1
1 20
7 1
1 24
11 1
1 19
1 25
10 1
9 1
21 1
4 1
28
25 14
28 25
16 10
24 3
9 21
15 22
8 7
21 23
11 27
28 19
5 1
5 27
12 17
3 18
22 8
9 15
26 12
19 16
13 23
7 11
2 4
20 24
26 4
18 2
17 13
14 6
10 20
14
7 12
3 13
9 13
4 3
11 10
7 2
9 12
6 4
5 11
5 2
6 8
10 14
14 1
16
5 7
6 16
5 12
4 1
15 3
3 2
13 14
1 14
11 15
13 8
6 9
13 10
14 6
4 5
3 4
13
3 6
5 7
2 8
8 6
9 5
11 2
4 6
12 1
13 6
6 10
6 9
1 4
15
1 13
3 1
6 1
1 5
7 1
2 1
9 1
1 15
11 1
1 4
10 1
1 12
1 14
8 1
18
18 1
1 8
1 7
1 13
1 3
11 1
5 1
10 1
1 17
6 1
1 9
1 12
1 14
15 1
1 16
4 1
2 1
12
6 11
12 4
8 5
1 5
3 6
10 4
10 6
7 4
5 9
1 10
2 9
29
10 11
24 21
24 26
28 25
13 22
29 27
10 8
20 6
5 25
2 18
8 16
12 5
19 6
9 20
23 21
14 26
4 16
15 22
18 17
7 29
9 23
1 12
14 3
13 11
7 28
2 19
27 17
3 4
17
12 13
9 16
5 16
10 4
15 3
6 2
4 7
8 12
9 3
11 14
2 8
13 14
17 10
6 1
17 11
5 7
13
13 1
1 8
9 1
6 1
1 5
1 3
1 7
1 4
12 1
10 1
2 1
11 1
23
12 1
15 8
4 11
10 5
14 11
18 20
14 6
6 19
3 7
9 15
23 6
21 18
15 12
21 14
1 21
17 20
2 11
5 18
20 22
16 5
7 13
12 7
11
6 1
1 7
4 1
1 3
10 1
1 5
1 2
8 1
9 1
1 11
22
1 15
5 8
10 8
21 2
17 11
6 4
18 15
12 7
12 13
4 19
16 12
16 21
3 16
22 8
4 15
5 3
9 18
21 14
5 17
1 3
18 20
11
9 6
2 11
2 9
9 3
5 1
1 3
2 10
8 9
3 7
4 2
17
7 1
1 11
2 1
14 1
1 15
12 1
8 1
10 1
16 1
3 1
17 1
1 6
1 9
4 1
13 1
5 1
27
21 13
12 23
12 27
14 18
15 10
11 13
3 9
10 1
17 18
22 6
24 23
26 23
1 4
4 6
6 23
2 22
4 5
25 19
22 25
23 20
14 19
19 3
23 21
7 25
25 8
1 16
17
2 12
8 4
11 13
17 14
13 16
9 15
14 1
15 14
12 3
1 5
5 4
4 13
17 6
7 17
15 10
12 5
28
20 17
1 5
19 26
4 28
20 14
5 12
12 7
16 2
17 3
25 7
5 9
24 20
10 20
17 28
6 15
20 11
9 22
8 7
13 16
23 28
2 26
3 18
17 7
21 13
7 27
15 5
1 26
22
14 4
11 21
14 16
4 7
18 1
9 13
8 2
3 5
13 22
14 1
15 16
19 14
20 13
3 1
6 20
18 20
1 11
7 10
4 17
2 1
4 12
27
22 19
2 6
24 25
7 13
27 15
10 1
5 18
9 20
3 23
27 20
11 16
8 15
12 26
16 21
3 14
11 19
4 17
2 7
18 8
9 22
13 4
26 24
21 23
17 5
6 10
12 14
10
3 1
1 6
1 8
1 2
1 7
9 1
1 5
4 1
10 1
11
8 3
1 4
1 3
7 11
9 1
1 6
2 4
1 10
4 7
5 1
14
6 1
1 14
1 10
1 5
4 1
1 8
12 1
1 3
2 1
1 7
13 1
1 11
1 9
29
3 26
28 2
21 15
21 17
8 11
19 11
26 1
7 11
1 5
26 15
9 11
13 22
26 18
20 22
4 15
2 21
15 13
23 29
12 23
24 21
26 23
6 16
10 21
15 16
11 1
14 16
25 15
18 27
21
16 14
17 10
14 17
1 11
9 4
14 6
16 2
2 20
1 16
11 9
19 6
3 15
13 20
2 7
18 15
9 12
17 8
15 11
6 21
20 5
29
24 14
9 3
3 11
1 26
21 5
26 18
4 17
22 15
24 20
29 15
15 17
18 6
28 18
24 19
8 16
23 28
5 25
13 1
26 17
14 3
5 7
25 13
4 2
25 8
28 12
14 13
10 4
27 8
19
18 6
5 13
14 16
3 11
17 8
4 16
5 15
9 7
1 10
2 4
9 2
18 19
12 15
19 11
3 8
14 13
6 7
17 10
25
1 17
6 13
25 2
1 6
23 6
7 8
22 3
25 13
10 18
14 10
18 13
12 20
25 11
1 7
6 20
17 4
9 19
13 5
3 10
9 6
18 15
1 21
18 16
6 24
16
14 1
1 15
9 1
4 1
1 12
1 16
13 1
7 1
1 2
6 1
11 1
8 1
1 10
1 3
1 5
28
9 7
28 17
20 10
14 22
1 2
5 11
12 3
20 26
25 27
24 8
21 28
16 4
19 24
6 26
18 23
27 7
23 25
17 4
15 8
15 16
13 18
2 11
19 5
10 14
21 22
12 9
13 6
18
2 1
4 18
6 5
11 6
15 2
1 12
15 8
9 16
13 10
9 6
17 5
5 3
2 13
1 3
18 1
14 3
3 7
28
9 1
1 11
8 1
1 12
1 27
14 1
1 18
6 1
17 1
23 1
5 1
15 1
1 22
26 1
1 24
1 4
16 1
1 19
1 13
1 21
1 28
2 1
1 7
10 1
1 3
1 20
1 25
26
1 22
16 1
1 8
1 24
1 9
1 15
11 1
1 14
20 1
17 1
1 10
1 7
1 6
5 1
26 1
1 2
1 21
25 1
1 23
3 1
18 1
4 1
1 12
1 19
13 1
24
8 4
13 24
9 7
19 4
16 10
13 7
9 12
12 21
16 1
4 20
22 23
13 6
2 3
16 17
16 11
1 24
7 22
3 1
18 6
14 22
8 13
5 16
15 9
26
26 1
23 1
1 25
21 1
1 5
1 18
19 1
15 1
20 1
2 1
3 1
1 24
1 16
13 1
17 1
1 9
6 1
1 10
14 1
11 1
1 8
4 1
1 7
1 12
22 1
29
16 24
5 4
5 29
8 2
6 21
29 2
20 18
24 17
2 26
29 19
19 10
20 14
12 27
11 10
22 27
3 7
24 23
3 13
21 9
21 28
9 25
23 25
9 27
15 5
23 3
25 1
20 10
19 1
16
16 2
11 6
4 10
2 3
6 16
15 1
7 3
7 10
9 16
12 14
12 8
5 6
3 15
8 15
13 15
11
7 10
11 10
1 11
5 9
2 4
10 6
4 11
5 8
3 4
1 5
27
6 25
22 21
9 2
7 10
9 19
8 20
22 17
8 27
14 19
3 11
18 5
1 24
6 7
3 15
17 12
14 5
25 23
18 12
15 24
27 4
23 20
2 13
4 13
26 10
11 26
21 16
15
2 5
15 9
12 11
6 14
15 11
11 13
1 4
8 3
7 5
1 11
1 10
3 6
5 3
2 10
11
10 6
6 2
7 4
5 8
7 1
7 9
6 11
8 2
8 3
1 2
19
9 6
15 3
6 5
11 14
2 10
1 18
13 1
7 11
13 11
5 18
15 18
12 2
5 2
16 13
4 16
17 15
16 8
6 19
13
13 8
12 9
13 9
3 2
12 11
5 7
7 4
8 5
10 4
6 2
6 11
10 1
20
5 20
5 7
19 8
16 1
13 18
15 14
7 3
1 7
8 16
11 18
9 12
2 3
17 18
6 9
4 3
14 8
9 17
17 16
5 10
12
1 9
1 7
1 11
6 1
12 1
5 1
3 1
8 1
4 1
1 2
10 1
12
10 7
3 2
5 2
12 8
8 10
10 4
3 11
12 9
12 6
1 2
8 1
29
26 13
12 6
1 9
18 10
4 7
14 13
15 27
9 27
22 15
15 16
14 9
3 12
28 5
23 12
24 20
2 21
21 28
14 24
28 11
17 21
6 10
17 6
25 10
24 19
7 29
1 17
8 13
27 7
14
4 1
1 14
12 1
11 1
1 3
1 2
5 1
1 13
1 7
10 1
8 1
1 9
6 1
12
5 8
1 9
1 2
11 10
2 3
1 11
1 6
6 4
12 9
6 5
7 6
10
10 9
4 5
5 10
7 8
6 2
4 1
9 3
7 3
8 2
22
1 22
19 1
2 1
1 6
18 1
10 1
3 1
1 7
16 1
1 8
21 1
1 15
1 12
1 11
1 4
1 20
1 14
1 17
9 1
1 13
5 1
24
11 20
23 7
1 20
1 4
9 17
11 21
20 16
17 4
9 15
3 10
12 9
16 22
24 16
2 22
23 8
10 5
23 18
14 13
8 4
13 17
13 19
10 8
11 6
14
1 4
5 1
11 1
1 12
1 9
1 10
1 13
6 1
1 14
1 3
1 7
2 1
1 8
28
26 28
14 27
19 10
16 9
28 5
2 5
25 12
23 14
3 2
17 21
8 20
18 12
20 7
1 27
22 23
6 4
7 11
17 10
13 15
11 6
8 26
13 24
9 4
22 24
18 19
21 16
25 15
24
22 3
21 11
9 19
23 1
11 19
2 7
5 14
22 20
10 9
21 18
13 5
4 17
12 17
15 23
2 3
16 8
24 12
15 14
10 13
18 20
6 7
24 16
6 4
15
14 6
2 8
11 2
4 7
15 14
11 5
9 8
15 1
12 14
8 13
10 4
15 4
1 2
11 3
14
14 4
2 10
5 6
14 5
13 4
10 12
9 11
10 7
14 1
4 8
11 12
1 12
11 3
22
6 7
13 16
13 6
16 5
4 20
4 3
12 2
10 5
6 12
17 15
13 1
5 11
20 1
9 22
16 22
8 4
7 14
21 17
20 17
19 7
12 18
22
1 12
1 22
1 15
8 1
1 16
13 1
1 20
1 6
18 1
10 1
11 1
21 1
1 5
1 19
2 1
1 4
7 1
1 3
1 17
1 9
14 1
27
19 10
12 6
27 21
25 4
17 12
5 4
20 23
17 8
22 8
15 10
4 24
17 24
8 7
21 17
18 20
7 3
15 4
2 11
2 1
12 9
26 1
9 16
15 20
14 13
17 14
1 17
28
1 10
25 1
19 1
1 13
1 4
20 1
1 23
7 1
1 22
18 1
1 26
27 1
24 1
1 28
1 5
8 1
11 1
1 21
3 1
2 1
1 16
17 1
1 6
12 1
14 1
1 15
9 1
11
7 1
2 6
6 9
6 7
11 3
5 8
11 7
8 1
4 11
10 8
24
1 16
21 5
16 11
2 9
7 22
17 18
21 13
13 4
24 14
3 15
15 22
8 20
12 11
23 5
24 19
9 6
4 10
2 3
10 20
14 8
19 18
23 6
17 12
19
12 5
10 14
16 13
11 4
13 8
5 14
2 9
12 18
7 3
9 6
6 1
19 15
2 17
17 11
8 4
7 15
18 3
10 16
16
2 1
9 1
1 3
1 6
15 1
1 14
11 1
4 1
1 13
8 1
1 5
1 12
7 1
1 10
16 1
27
19 1
15 1
9 1
24 1
1 8
21 1
14 1
1 7
22 1
1 3
1 20
1 13
4 1
1 17
10 1
1 23
1 11
1 18
25 1
27 1
2 1
16 1
12 1
1 6
26 1
5 1
18
16 18
7 17
5 6
14 6
4 17
2 1
5 1
10 11
9 13
13 2
12 13
3 16
6 8
4 2
5 11
15 11
16 4
28
1 24
1 6
20 1
1 10
1 25
1 14
28 1
3 1
1 12
4 1
26 1
1 13
17 1
1 27
8 1
5 1
11 1
1 23
9 1
1 15
1 16
1 7
19 1
1 21
1 22
18 1
2 1
18
1 5
11 5
6 18
15 17
15 8
18 4
18 1
5 13
5 3
14 7
17 1
18 16
7 5
5 10
9 16
2 3
17 12
10
3 8
5 8
1 6
9 10
5 7
1 9
1 4
1 2
1 8
15
15 11
8 5
10 15
13 2
12 6
7 6
2 3
5 1
1 14
9 8
6 14
8 4
5 2
15 14
17
1 16
13 9
2 7
4 14
6 8
17 6
11 14
1 10
4 3
3 12
7 4
1 9
15 11
9 5
9 4
4 17
22
15 21
17 2
4 18
16 10
15 5
3 12
20 1
14 10
17 7
11 4
22 18
20 16
19 7
8 11
14 6
2 13
13 12
6 5
3 21
22 19
9 8
15
3 5
1 11
6 7
8 5
11 15
4 7
11 13
11 4
12 14
1 5
10 12
5 2
15 9
12 5
28
9 1
28 1
25 1
15 1
1 6
1 13
2 1
1 14
8 1
20 1
1 27
1 12
16 1
1 21
17 1
1 18
1 23
1 5
1 19
1 22
1 11
10 1
1 4
3 1
1 7
1 26
1 24
17
10 1
7 15
12 14
10 6
11 15
13 14
16 5
3 6
12 16
2 14
9 5
1 16
10 15
8 12
17 5
6 4
16
12 11
8 2
14 9
10 15
3 4
15 13
16 7
2 6
5 1
8 14
11 3
10 6
7 9
4 16
13 5
15
1 3
14 2
7 2
2 15
8 1
1 10
5 10
2 1
4 9
12 4
10 6
11 2
1 4
15 13
22
2 15
18 9
17 20
21 16
7 13
13 20
9 5
19 4
17 6
12 8
18 12
2 22
6 3
8 11
22 10
16 7
11 19
14 3
10 5
4 21
15 1
29
3 12
20 16
21 24
19 28
16 3
9 23
4 29
5 7
19 22
14 19
14 25
14 17
10 29
8 16
28 21
15 16
19 13
1 7
26 1
18 7
8 11
28 16
23 20
27 18
6 16
29 16
1 6
19 2
13
12 2
12 10
4 6
6 12
5 13
11 5
9 13
5 1
11 8
7 11
3 13
1 6
26
13 15
8 23
10 17
10 13
5 26
7 24
12 9
11 3
21 10
4 23
18 26
26 1
20 1
20 19
8 19
20 11
9 16
7 14
26 22
19 12
6 23
5 21
25 5
5 7
10 2
14
14 9
4 6
14 6
8 12
4 10
11 2
3 8
13 5
2 9
10 3
12 7
1 5
13 11
29
9 27
28 16
19 24
5 7
22 27
21 22
17 14
26 5
10 23
8 19
16 17
13 15
1 12
25 6
19 18
15 10
10 29
13 18
12 16
1 13
3 28
4 27
15 5
28 2
17 20
6 11
18 6
22 12
13
2 5
5 10
3 12
1 6
8 4
4 9
9 7
2 13
11 13
10 7
6 11
3 8
11
5 1
11 1
3 1
1 7
2 1
1 6
1 4
9 1
1 8
1 10
13
9 5
7 9
13 10
1 13
4 10
11 2
7 1
1 2
6 5
4 8
10 12
8 3
28
18 4
8 24
4 27
2 15
8 17
6 28
25 18
23 25
7 8
21 14
25 10
13 1
11 13
5 21
21 2
21 22
16 28
9 23
20 8
13 12
18 6
2 8
2 19
2 18
1 4
13 26
18 3
16
8 11
1 5
16 6
12 2
13 12
16 3
16 14
4 5
9 4
14 8
6 7
10 8
4 15
1 14
5 12
14
9 5
8 13
3 8
10 14
14 11
9 3
1 10
6 12
10 12
9 2
4 8
1 3
14 7
22
6 10
6 15
12 21
12 5
22 13
8 1
2 13
14 9
19 9
14 18
18 4
8 14
22 8
6 22
1 21
16 17
3 9
11 16
21 16
12 7
20 13
17
1 9
4 1
5 1
17 1
1 7
1 6
3 1
12 1
1 15
1 11
16 1
1 13
1 2
1 14
1 8
10 1
15
1 10
1 12
15 1
1 11
1 8
5 1
7 1
13 1
6 1
1 2
14 1
3 1
4 1
9 1
22
7 4
21 5
1 22
15 5
22 6
5 12
2 5
17 14
2 20
3 10
21 14
1 12
19 21
7 12
7 11
8 13
16 2
1 3
5 9
22 13
10 18
21
1 16
4 2
6 13
8 1
20 7
11 9
15 16
12 2
17 6
1 6
10 12
2 18
6 12
19 16
14 3
11 8
12 3
21 10
16 7
5 21
28
17 1
1 21
1 14
25 1
1 22
1 8
16 1
11 1
1 9
1 7
19 1
1 15
1 3
28 1
4 1
1 13
24 1
23 1
12 1
1 6
1 5
1 2
1 26
1 18
1 20
10 1
27 1
10
10 9
5 8
6 1
4 10
9 3
2 8
7 3
5 7
4 6
11
2 1
1 3
1 4
9 1
5 1
8 1
7 1
1 6
10 1
1 11
22
3 17
7 22
15 12
9 17
1 11
5 18
12 21
19 4
6 7
16 20
10 2
13 8
1 16
2 5
17 8
2 1
14 21
17 4
16 12
5 17
16 7
18
5 3
13 2
9 7
16 14
7 16
14 18
11 13
8 12
5 10
18 2
6 10
4 15
17 12
9 4
11 1
15 8
6 17
16
13 16
13 14
5 6
15 9
13 2
11 5
1 10
3 5
5 7
8 7
16 12
2 5
15 4
2 1
1 9
18
13 3
5 18
14 9
10 18
15 2
16 13
10 3
2 4
12 8
6 8
15 17
11 14
1 7
12 17
5 7
4 11
16 9
29
9 23
11 13
24 8
8 1
16 2
22 11
27 26
15 6
12 27
18 14
4 17
6 28
9 16
18 7
20 21
5 20
19 23
25 10
13 19
14 3
15 10
4 12
3 28
29 5
22 7
25 21
26 24
17 2
17
11 10
17 16
5 15
1 12
17 10
3 16
4 6
4 7
13 12
15 7
11 9
5 14
2 6
2 8
13 8
14 3
15
15 7
3 8
8 1
2 11
15 14
5 6
11 10
12 9
6 3
10 14
5 12
13 7
4 9
2 4
28
18 1
16 5
7 17
28 7
6 18
18 23
16 3
11 15
26 12
24 1
2 1
13 8
10 19
8 20
21 20
1 26
6 25
18 4
28 24
15 5
10 24
22 19
26 14
8 15
27 9
28 27
28 15
24
20 15
12 16
4 14
20 17
8 5
22 5
24 14
10 22
3 6
20 2
16 23
14 3
4 21
4 7
13 11
17 16
22 19
24 1
9 3
24 17
19 13
18 13
19 1
27
19 2
11 5
27 23
1 25
6 27
20 7
13 21
14 9
15 23
16 22
16 2
9 12
3 6
8 24
26 14
13 18
7 22
24 17
15 18
17 12
19 3
11 8
25 10
21 26
4 20
5 10
16
3 5
2 11
10 1
15 16
4 13
16 12
11 14
6 5
7 3
13 8
14 7
6 9
12 4
2 8
15 10
15
8 5
10 5
14 3
14 4
12 10
9 7
2 1
13 6
4 6
8 13
15 2
15 3
12 9
11 7
13
11 7
9 13
5 4
3 2
11 3
13 4
1 12
7 10
8 12
6 5
2 9
6 8
24
8 7
16 24
22 23
15 14
21 19
20 1
14 5
11 6
20 14
2 1
14 23
1 18
1 3
19 20
13 6
16 18
9 16
14 13
24 12
16 10
21 4
17 1
8 19
13
3 5
2 10
6 11
4 12
8 9
11 1
10 13
8 6
3 2
12 5
9 7
7 13
13
10 4
11 9
13 8
10 5
4 7
13 6
7 3
12 8
6 2
11 12
5 2
1 9
26
1 17
14 1
23 1
13 1
1 2
10 1
1 21
9 1
7 1
1 12
1 22
1 26
1 3
1 18
25 1
15 1
16 1
1 5
1 20
1 6
1 11
4 1
1 8
24 1
19 1
11
9 2
1 3
8 11
2 6
2 3
1 11
5 4
5 1
7 1
6 10
11
10 3
2 6
2 11
7 8
10 9
10 1
11 7
5 2
7 4
1 11
17
11 10
5 9
9 3
13 2
13 15
1 3
1 17
8 17
16 11
6 8
9 14
3 11
6 7
4 8
17 13
6 12
20
7 17
3 6
1 5
1 10
5 9
2 4
18 12
11 15
17 8
17 5
5 3
4 16
20 15
1 11
19 5
13 15
10 2
2 12
14 4
28
1 16
1 27
1 9
7 1
1 2
13 1
10 1
1 4
14 1
18 1
1 8
1 12
1 23
1 5
1 3
19 1
28 1
26 1
1 15
1 11
24 1
6 1
17 1
25 1
1 22
1 21
20 1
16
4 7
6 15
4 10
9 10
3 16
8 11
16 2
7 15
8 1
11 5
12 9
14 13
3 13
5 12
14 6
11
1 8
1 7
6 1
1 4
1 9
3 1
2 1
1 10
5 1
11 1
22
7 6
1 14
10 14
5 18
3 8
10 18
7 14
12 2
10 9
9 20
11 2
19 7
16 6
3 21
17 9
4 19
8 1
2 8
22 6
13 3
19 15
12
3 7
10 9
7 10
10 1
4 6
6 11
11 12
8 9
1 11
9 2
7 5
28
1 18
2 1
1 19
20 1
28 1
12 1
4 1
1 10
1 11
1 14
1 15
17 1
1 3
1 7
1 24
1 8
1 9
26 1
1 21
1 16
22 1
1 5
25 1
13 1
6 1
27 1
23 1
27
22 24
16 4
4 24
19 1
26 19
2 16
9 8
5 23
25 1
16 5
14 4
16 15
5 7
1 27
1 18
23 10
13 7
3 4
20 8
7 6
8 11
8 17
8 1
21 27
1 5
23 12
20
4 19
18 19
12 9
20 15
17 2
3 6
8 14
5 3
7 11
16 10
12 15
1 9
6 8
17 16
14 11
13 10
4 7
5 2
20 18
17
7 1
6 1
1 8
1 15
3 1
4 1
17 1
1 12
9 1
10 1
13 1
11 1
1 2
16 1
5 1
14 1
12
1 4
7 1
1 12
1 2
9 1
5 1
1 11
1 3
10 1
1 6
1 8
28
27 28
15 2
16 7
21 22
6 24
12 26
6 26
1 12
22 11
18 15
8 4
17 14
13 28
12 2
21 10
26 28
8 25
16 23
17 10
3 15
21 1
16 2
6 5
8 10
11 9
19 22
17 20
25
12 20
9 10
15 25
6 2
8 19
18 13
4 19
16 14
18 7
12 8
16 9
19 5
25 20
12 1
3 25
22 10
18 20
8 2
9 1
17 16
24 10
14 11
23 14
21 2
22
15 16
22 13
18 5
3 20
8 4
13 6
15 2
5 11
14 4
19 6
11 22
21 3
1 9
7 17
21 17
16 19
20 10
12 9
2 12
7 8
10 18
10
2 9
8 1
8 4
10 7
7 9
7 1
1 6
3 1
4 5
26
13 11
21 23
5 19
8 25
3 16
17 24
6 13
26 23
18 25
9 3
1 10
4 7
12 10
14 22
17 18
7 21
4 16
20 19
20 15
2 5
15 24
6 14
9 2
11 26
12 22
28
23 1
1 2
1 7
1 16
27 1
8 1
5 1
1 28
15 1
22 1
24 1
1 3
19 1
1 20
1 12
1 4
1 25
6 1
17 1
21 1
11 1
14 1
1 13
1 26
1 18
1 10
9 1
27
16 6
8 15
19 21
14 7
15 17
8 2
22 18
3 16
23 11
26 19
7 10
14 2
22 13
27 21
26 4
9 13
12 5
12 4
1 24
20 18
25 6
10 25
17 27
9 3
5 23
24 11
12
3 11
1 5
11 1
7 6
1 9
4 9
11 12
10 2
1 2
1 6
11 8
18
18 7
18 11
2 4
16 2
1 16
10 14
13 12
6 12
14 15
3 10
3 5
9 11
13 8
9 17
15 6
17 4
7 5
15
5 1
11 1
15 1
3 1
1 9
8 1
1 12
1 14
6 1
10 1
1 7
1 13
4 1
2 1
13
12 2
10 4
2 13
12 5
3 6
1 7
7 9
9 11
3 13
6 4
10 8
11 8
21
20 6
2 16
10 15
20 1
16 21
20 19
20 3
13 8
2 18
4 11
12 16
15 5
20 4
16 7
15 6
7 17
16 14
4 14
6 8
9 10
23
21 1
3 1
5 1
1 23
1 6
7 1
1 14
13 1
22 1
1 8
1 17
15 1
16 1
1 2
19 1
1 4
9 1
20 1
1 18
11 1
10 1
12 1
19
11 3
4 12
12 11
1 17
5 15
7 17
3 14
15 19
2 5
18 16
9 8
16 10
19 13
2 18
8 10
4 6
7 6
9 14
27
13 15
8 1
25 16
24 10
3 9
5 26
19 17
4 8
26 21
19 14
23 12
4 16
12 8
10 26
16 11
2 24
10 20
23 27
4 3
18 23
7 3
20 1
20 19
6 24
12 13
13 22
19
18 1
14 8
4 18
7 1
13 14
1 8
8 2
18 16
11 18
8 9
15 19
4 17
10 19
12 19
17 5
10 3
6 8
19 8
24
2 18
7 21
9 21
1 11
17 21
17 23
3 4
10 2
17 10
21 24
17 1
3 22
12 8
9 13
2 20
6 3
17 3
17 14
19 2
3 15
10 12
10 5
16 17
14
13 6
1 11
7 11
1 14
13 4
6 9
2 1
3 13
8 5
5 1
10 12
3 1
1 12
21
1 11
6 20
2 4
17 13
18 14
5 10
12 3
2 11
7 11
19 17
1 19
14 16
3 9
6 19
10 15
7 3
21 17
7 14
8 6
10 2
20
18 1
2 4
3 20
19 11
2 17
18 12
2 10
11 14
6 10
4 8
11 7
13 1
5 12
16 8
13 17
19 20
9 1
19 18
15 12
11
11 1
10 1
1 5
9 1
1 3
6 1
1 8
1 2
1 4
7 1
19
2 4
15 7
6 13
13 8
12 4
13 14
1 14
12 1
12 7
17 7
16 17
19 9
5 9
15 10
3 17
11 4
18 15
14 9
24
1 12
1 19
14 1
6 1
11 1
1 2
1 18
1 16
1 24
1 22
1 3
10 1
1 13
21 1
5 1
1 23
1 4
1 9
20 1
1 17
7 1
1 15
1 8
21
1 12
11 1
16 1
21 1
1 7
1 6
17 1
15 1
19 1
14 1
1 5
1 13
10 1
3 1
4 1
1 8
2 1
9 1
1 18
20 1
11
5 8
11 10
8 3
1 3
3 10
1 6
6 4
10 2
6 9
7 8
25
21 1
21 23
7 4
5 4
13 6
6 1
9 21
16 14
22 16
11 25
3 10
1 24
21 19
8 11
2 23
3 23
20 9
9 18
25 21
17 4
19 14
12 18
20 4
15 25
14
8 4
5 3
12 7
13 9
9 12
11 10
4 14
1 13
3 1
10 2
6 2
1 8
11 1
23
17 1
20 1
8 1
23 1
10 1
19 1
14 1
12 1
18 1
1 13
4 1
1 2
16 1
1 9
22 1
1 15
1 21
3 1
6 1
7 1
5 1
1 11
10
6 2
9 8
1 10
10 4
10 7
3 1
5 9
3 9
3 6
13
1 4
13 1
1 2
11 1
7 1
1 6
12 1
9 1
1 3
1 8
10 1
1 5
25
21 24
11 21
13 14
18 22
24 2
4 25
19 8
7 14
23 18
5 14
13 11
11 25
15 1
7 1
11 23
13 3
3 20
24 12
18 16
7 10
17 1
19 23
6 1
9 23
27
26 24
27 17
22 17
14 5
8 20
16 6
12 21
18 12
1 25
5 6
13 25
21 11
18 23
1 4
9 13
17 3
24 10
21 20
24 21
17 1
10 17
5 1
4 15
17 2
4 19
7 10
16
11 1
1 3
1 5
1 4
1 14
2 1
9 1
8 1
1 12
7 1
15 1
10 1
13 1
16 1
6 1
20
10 14
18 3
8 6
4 20
20 19
15 5
2 9
17 7
12 13
16 9
3 15
18 1
5 14
2 8
4 6
10 16
11 13
7 12
11 19
20
13 1
18 6
3 9
6 16
8 17
13 7
18 13
20 9
11 17
15 10
18 15
14 6
13 11
1 9
6 19
13 2
12 7
5 18
2 4
16
6 15
2 3
7 14
11 13
1 2
4 7
3 9
12 16
12 2
7 6
3 8
12 5
6 1
10 15
11 15
15
4 9
11 14
3 9
11 13
2 10
12 7
15 8
1 6
15 13
14 2
3 10
5 4
5 7
6 12
16
5 7
3 11
15 1
11 10
13 4
1 10
16 3
3 9
13 2
12 3
13 6
12 5
8 10
9 14
1 6
28
16 8
1 25
23 9
7 13
24 11
22 28
7 6
17 8
10 18
5 27
14 18
19 21
24 15
12 15
12 5
2 14
27 10
20 19
22 20
11 4
6 26
3 25
26 4
28 3
9 21
23 16
2 17
16
9 5
16 10
1 12
12 3
6 11
11 3
4 2
10 14
2 7
13 7
14 8
4 15
13 5
6 8
16 9
11
1 8
1 6
1 7
3 1
5 1
1 10
2 1
1 4
9 1
1 11
16
15 1
2 10
11 4
9 14
12 14
15 8
13 5
12 7
9 4
6 16
11 3
6 8
3 16
7 13
10 5
22
1 10
1 2
7 1
1 3
1 20
1 8
1 22
1 21
1 6
12 1
19 1
1 9
4 1
1 5
11 1
15 1
1 13
16 1
1 17
14 1
1 18
21
16 2
8 9
7 4
14 2
1 9
10 5
7 21
11 20
13 1
5 14
17 2
19 20
6 4
7 18
4 13
3 8
13 14
15 5
9 20
12 8
13
9 8
10 1
4 3
4 5
12 7
13 12
3 2
3 1
10 8
12 10
8 11
4 6
12
3 5
9 2
6 12
8 7
3 9
4 1
4 6
10 7
5 8
12 11
11 2
16
8 12
16 1
1 3
16 10
1 6
14 9
7 11
11 8
2 12
11 1
4 12
12 13
5 11
1 9
15 11
22
14 8
22 10
17 2
7 21
9 15
7 17
10 6
17 15
21 13
2 11
21 8
4 22
4 20
16 13
3 13
15 19
1 22
10 5
1 7
4 12
8 18
14
9 6
13 2
4 9
7 13
10 8
2 10
1 5
14 3
12 5
7 11
4 12
6 14
3 11
25
12 14
7 3
6 20
9 15
1 19
10 22
18 11
10 16
19 3
2 14
21 23
17 7
4 13
16 9
15 25
21 22
17 23
13 8
25 6
5 2
20 8
11 24
12 4
18 5
15
15 9
1 4
13 5
9 8
10 5
8 12
6 11
11 2
10 3
12 7
14 13
3 15
6 14
4 7
25
18 12
9 8
24 18
20 13
10 16
6 23
9 18
6 3
8 19
9 10
5 16
16 6
10 1
7 4
15 14
7 1
13 21
25 5
15 22
11 5
2 8
13 4
4 17
7 15
17
16 11
1 11
1 8
13 14
2 8
14 3
10 8
6 13
12 1
7 13
1 9
13 8
1 15
17 1
5 11
4 9
22
11 16
12 14
19 15
3 9
4 14
4 15
13 20
6 9
7 18
22 16
18 21
16 3
1 2
17 9
1 7
2 3
4 2
18 8
10 20
20 7
15 5
27
1 26
10 19
21 7
9 14
24 22
26 23
16 7
8 21
13 19
11 5
2 6
17 18
9 8
18 4
10 4
14 12
3 20
20 23
24 25
15 25
17 11
15 12
13 6
2 3
27 5
22 27
14
6 1
1 13
1 12
1 5
11 1
14 1
4 1
3 1
1 8
1 10
1 7
2 1
1 9
16
9 1
16 3
15 9
13 6
8 14
16 1
12 1
6 7
11 2
1 8
13 4
16 5
13 10
4 2
1 13
26
12 2
26 1
25 23
6 17
23 5
14 15
22 20
6 16
18 4
3 10
21 17
10 18
20 24
14 11
4 8
19 7
9 22
26 25
11 21
3 19
24 8
12 13
2 7
13 5
9 15
18
1 18
1 7
1 13
12 1
1 14
1 17
5 1
6 1
2 1
11 1
1 16
1 3
1 4
8 1
1 15
10 1
9 1
26
2 20
8 25
1 21
16 25
3 15
5 9
14 26
1 5
20 23
24 13
20 1
25 5
11 7
18 9
12 23
21 22
19 4
11 17
6 13
14 4
3 5
13 9
26 13
14 10
17 14
18
9 7
8 13
5 8
4 2
14 9
13 16
3 15
6 11
16 11
4 1
12 17
12 15
18 17
7 10
3 14
5 18
2 6
15
1 15
11 5
15 3
13 14
3 9
8 13
12 15
10 12
7 1
13 7
6 12
7 5
3 4
2 5
23
22 5
18 10
7 4
17 22
16 13
5 6
2 12
15 17
23 9
14 13
3 23
20 19
11 9
7 12
20 14
18 21
6 21
8 10
3 16
1 15
11 8
19 2
11
6 5
1 8
5 1
3 11
6 7
4 9
2 1
5 10
1 9
3 8
14
3 6
12 1
1 14
4 2
2 1
10 14
1 9
7 8
5 6
1 3
13 6
9 8
10 11
12
1 11
8 1
1 6
1 5
1 3
9 1
2 1
1 12
1 7
1 4
10 1
17
1 8
17 1
6 1
12 1
1 10
5 1
1 11
1 14
2 1
15 1
1 16
1 9
7 1
4 1
1 13
1 3
15
13 11
9 8
15 1
11 6
13 3
4 15
14 7
8 10
14 11
12 14
15 2
8 14
4 5
8 5
21
21 18
4 9
15 8
17 19
14 10
11 12
18 11
7 8
6 1
13 15
19 16
12 5
4 13
14 3
10 21
5 7
20 2
20 16
2 9
17 6
12
2 12
1 8
11 2
10 3
8 9
2 4
6 7
12 1
6 12
8 3
6 5
22
1 9
1 15
11 1
1 6
1 16
1 2
17 1
18 1
1 8
10 1
1 20
1 3
7 1
1 5
1 13
14 1
4 1
1 22
1 12
19 1
1 21
23
5 11
3 21
20 13
16 17
4 17
19 22
7 22
6 17
20 18
8 10
12 10
2 21
8 1
8 21
15 10
14 1
18 5
20 9
4 22
18 14
14 4
23 5
16
7 16
6 7
16 4
1 9
4 10
11 5
15 8
1 14
15 1
14 2
3 10
11 13
7 1
14 13
4 12
23
13 14
11 1
11 8
2 18
2 14
15 21
16 14
4 23
18 19
18 22
5 6
6 17
6 8
20 12
9 15
1 4
2 11
10 23
8 15
3 20
4 20
23 7
28
16 20
20 18
2 22
1 23
20 17
3 11
12 6
26 3
21 24
10 11
19 22
25 1
4 10
26 6
2 8
22 3
24 15
24 17
1 9
3 14
27 10
1 3
14 5
28 11
1 18
13 4
11 7
18
16 14
9 11
10 5
13 18
16 6
5 7
17 10
18 17
7 15
2 8
13 3
1 9
15 4
14 4
8 12
11 2
12 6
28
15 2
28 12
13 16
13 17
12 25
4 28
19 3
21 15
23 9
26 4
8 11
21 5
14 7
27 24
23 10
10 14
18 11
6 22
1 16
19 7
18 22
6 9
27 26
2 24
25 8
5 20
20 17
17
2 1
1 3
1 8
1 5
16 1
1 14
6 1
1 12
1 11
15 1
1 7
1 9
13 1
4 1
1 17
10 1
22
19 8
4 17
10 19
18 12
21 6
9 12
15 7
13 5
13 2
9 7
14 12
10 13
16 7
6 10
21 17
19 3
22 11
1 9
11 20
1 6
21 11
11
8 1
1 4
10 1
1 5
7 1
3 1
11 1
9 1
1 6
1 2
14
4 13
1 5
14 9
7 1
2 3
13 2
8 1
7 11
10 6
11 10
2 9
7 2
12 11
19
17 15
19 10
6 13
19 16
9 2
18 17
14 9
1 4
6 3
11 6
5 17
7 18
8 7
9 11
12 7
19 4
4 11
18 1
29
1 25
17 20
20 19
8 11
5 4
4 18
23 9
26 25
7 29
9 24
7 1
1 21
10 3
24 22
21 14
20 1
13 18
21 24
6 10
15 10
15 16
1 28
12 24
27 25
7 2
8 28
5 7
10 17
22
1 6
1 20
12 1
16 1
10 1
1 8
13 1
15 1
1 22
7 1
1 4
1 11
21 1
3 1
2 1
17 1
9 1
1 18
1 5
1 19
1 14
27
10 26
4 19
17 18
10 9
23 16
21 15
24 11
7 15
23 5
8 13
25 1
12 14
17 6
22 16
6 2
4 9
14 11
3 27
13 12
3 20
2 27
24 20
21 26
5 25
8 19
22 18
22
18 5
3 17
20 18
8 2
11 6
7 4
12 11
8 15
16 4
9 2
16 10
9 22
14 6
20 7
21 19
12 19
15 13
5 3
21 17
13 10
1 22
29
8 23
18 27
6 9
1 17
8 1
13 21
13 3
22 28
11 18
26 9
24 18
15 20
20 10
13 23
27 19
5 19
23 4
25 22
22 15
26 29
12 29
7 29
15 17
8 26
9 14
20 2
27 17
16 19
16
1 4
1 7
1 3
1 14
1 2
9 1
1 11
1 5
8 1
1 12
1 15
10 1
13 1
6 1
16 1
28
22 13
15 25
23 22
27 28
19 20
19 5
6 26
28 11
17 14
1 13
14 10
11 17
15 16
10 16
21 7
2 12
23 27
9 8
5 6
12 20
21 25
9 18
3 8
2 4
7 24
24 3
4 18
12
4 9
10 2
6 9
9 2
1 7
3 2
11 5
4 8
9 7
9 12
7 5
28
18 6
12 24
25 15
10 9
24 19
28 8
23 26
15 5
7 1
10 13
27 20
11 27
21 19
14 4
3 9
3 4
7 28
12 2
20 17
16 17
13 6
18 22
11 2
23 5
25 21
14 26
22 8
16
3 15
12 2
7 5
4 8
8 16
9 15
10 14
3 6
10 16
13 11
7 6
14 13
1 5
11 12
9 4
10
7 9
8 2
3 10
3 5
10 6
4 5
1 4
2 7
8 6
16
2 1
1 12
9 1
10 1
5 1
1 13
7 1
4 1
3 1
15 1
8 1
1 16
1 6
14 1
11 1
17
16 14
11 12
12 8
4 1
13 11
11 10
15 6
7 12
17 5
14 4
7 1
14 2
6 9
17 3
7 6
4 17
12
8 12
9 11
8 5
1 10
5 6
11 2
7 12
4 3
9 4
2 7
10 3
13
9 4
5 12
13 5
13 11
3 12
13 2
8 7
1 9
12 9
10 5
7 10
2 6
17
15 9
16 7
14 2
2 1
1 8
3 4
1 11
4 2
10 5
12 2
5 6
17 6
1 9
13 7
1 5
6 13
22
22 4
18 3
9 16
6 7
18 20
5 22
6 13
21 11
3 15
13 11
14 2
21 2
17 12
8 15
17 9
10 4
14 5
19 16
1 12
20 19
8 10
16
14 11
8 7
7 12
15 3
11 15
5 2
10 7
3 13
1 15
6 10
1 4
11 16
14 12
16 9
5 15
10
1 10
1 2
1 8
5 1
7 1
1 4
1 9
1 3
6 1
12
12 4
1 12
4 3
7 10
12 11
9 7
6 8
1 9
6 9
6 5
2 7
15
10 9
15 2
12 6
11 15
4 1
5 3
12 8
10 2
14 2
1 13
7 11
15 12
2 1
10 5
12
7 1
1 4
12 1
8 1
1 6
1 11
1 3
2 1
1 5
9 1
10 1
13
11 8
7 6
1 11
5 2
13 9
7 3
7 11
5 12
9 4
5 13
13 1
9 10
24
1 6
5 9
3 4
8 6
16 4
17 14
3 18
5 15
21 14
10 2
4 11
2 8
8 20
18 19
3 15
13 7
9 22
24 9
6 14
1 15
13 5
13 12
23 18
27
4 11
11 8
1 17
2 21
26 13
22 16
25 1
17 18
22 7
18 23
21 17
24 15
18 5
9 19
26 12
2 14
6 26
21 15
15 3
8 25
20 19
2 10
27 11
22 12
12 25
19 8
13
8 1
2 13
7 10
13 10
12 6
3 12
5 6
7 4
9 5
11 2
11 3
9 8
25
14 24
10 1
1 19
3 10
10 13
8 19
1 2
1 22
11 2
1 18
5 2
1 6
20 1
18 23
7 12
7 17
15 6
9 1
7 18
9 24
21 16
1 21
10 4
25 11
17
7 11
10 4
3 4
1 16
13 11
1 15
17 16
6 17
3 12
15 11
14 17
15 5
5 2
16 4
3 9
8 5
23
6 2
4 8
2 17
5 23
22 3
20 12
11 22
8 18
23 16
15 19
16 14
10 12
21 7
9 14
15 10
19 4
20 11
1 18
13 9
7 17
21 5
6 3
27
4 20
4 18
5 7
13 22
25 26
17 26
16 19
1 25
13 20
2 8
20 23
13 10
5 3
19 20
20 1
26 6
8 20
8 27
25 24
21 9
7 13
1 14
11 25
15 26
12 20
21 14
11
10 9
6 3
9 1
8 4
2 5
11 8
2 4
7 10
3 11
6 7
28
11 22
20 10
28 23
19 2
11 5
1 21
2 26
1 15
11 10
7 2
1 4
7 9
13 2
12 4
20 8
16 28
28 17
1 25
1 3
19 24
2 11
6 23
26 27
4 11
24 14
18 11
5 23
18
10 1
1 8
1 5
1 3
1 11
1 7
14 1
15 1
1 13
1 17
9 1
16 1
1 2
1 18
1 6
1 12
4 1
14
10 12
13 11
10 8
2 6
4 6
7 11
11 5
14 8
1 3
7 1
10 6
4 9
8 7
12
12 4
9 10
10 3
7 6
11 7
5 3
2 11
6 9
8 1
8 4
12 5
13
12 2
13 9
6 3
10 8
5 12
7 3
4 9
2 4
10 11
1 11
5 6
8 7
17
10 16
15 5
11 6
2 4
12 13
11 13
8 13
4 7
15 17
15 3
10 9
3 1
4 3
12 1
14 11
10 12
11
10 1
5 10
10 11
5 2
4 5
11 9
6 7
3 6
6 1
11 8
23
6 1
1 21
19 1
12 1
9 1
1 10
13 1
1 7
4 1
1 18
2 1
1 16
1 5
8 1
15 1
23 1
11 1
1 17
22 1
1 20
1 3
14 1
11
8 6
10 11
11 4
2 8
7 1
5 2
11 2
1 3
9 7
1 11
26
22 12
17 9
5 1
23 1
23 26
1 18
6 24
4 15
7 15
10 1
15 11
19 1
13 25
25 4
21 25
22 17
14 20
20 16
6 20
4 20
9 4
20 1
16 2
9 8
3 23
10
2 1
1 9
6 1
10 1
4 1
1 5
1 7
1 8
1 3
12
5 1
6 12
11 8
9 7
3 2
10 12
7 3
2 11
6 8
9 4
5 10
25
24 5
17 16
21 3
4 8
3 7
8 9
13 17
16 7
9 15
20 13
12 19
2 10
1 19
14 20
21 4
14 22
18 25
25 11
6 5
22 23
18 2
10 15
23 12
11 6
11
7 10
10 1
8 9
5 9
3 5
6 2
11 6
8 1
11 10
4 9
25
1 2
1 10
1 19
6 1
1 22
18 1
1 7
16 1
1 8
11 1
1 23
21 1
1 3
1 15
1 12
1 14
1 4
1 25
1 9
1 13
1 24
1 5
17 1
20 1
16
2 1
9 1
10 1
1 12
1 7
1 4
3 1
8 1
5 1
1 13
6 1
1 16
1 11
14 1
1 15
10
5 9
4 3
6 9
7 5
1 5
7 10
3 1
3 8
9 2
23
23 2
17 4
7 15
16 8
3 11
21 23
19 13
20 6
3 7
5 13
19 12
20 4
14 1
15 22
11 2
22 12
16 18
10 9
8 6
17 9
18 14
10 21
20
2 1
1 6
1 19
7 1
16 1
1 10
1 20
9 1
1 15
4 1
12 1
1 3
17 1
13 1
1 14
8 1
5 1
1 18
1 11
16
1 14
1 3
1 7
8 1
15 1
5 1
12 1
1 4
1 10
16 1
1 6
1 9
13 1
2 1
1 11
29
25 1
16 1
22 1
1 13
1 20
3 1
1 9
24 1
12 1
1 15
1 2
1 18
5 1
27 1
1 29
1 21
26 1
1 11
1 10
23 1
1 19
1 4
28 1
1 6
14 1
17 1
7 1
8 1
12
7 1
10 4
1 2
11 12
8 6
10 3
9 5
8 5
11 10
1 5
5 4
24
22 1
10 1
1 23
7 1
3 1
1 17
13 1
15 1
1 24
1 5
6 1
1 9
20 1
14 1
8 1
1 21
18 1
19 1
11 1
4 1
16 1
1 2
12 1
21
21 15
3 7
17 1
9 6
7 14
2 13
8 11
6 3
16 14
2 19
17 18
16 4
5 20
10 15
11 12
20 19
18 13
5 12
8 21
10 4
13
10 1
11 1
5 1
2 1
1 9
12 1
1 4
6 1
1 8
1 7
13 1
1 3
10
1 6
8 10
7 8
4 5
9 6
3 8
1 4
1 3
2 3
25
24 25
4 20
1 11
2 9
7 19
8 10
14 2
24 22
19 25
18 13
23 5
17 3
18 16
3 10
16 5
17 12
14 20
6 12
7 15
15 23
11 6
9 22
21 4
13 8
23
15 14
21 1
20 23
1 2
3 1
17 1
3 16
10 11
1 15
19 15
11 6
9 13
7 13
13 5
18 13
22 11
6 23
13 11
11 4
8 15
6 12
3 11
15
12 14
6 9
4 3
8 3
12 11
7 4
9 2
7 13
14 6
15 13
5 15
10 2
11 8
1 10
29
6 7
25 23
19 16
7 14
15 4
4 25
24 23
2 6
2 17
28 26
20 21
24 11
21 12
15 20
17 18
5 19
3 26
10 8
10 28
13 22
27 29
14 27
3 13
1 9
22 18
16 9
29 11
5 12
23
13 8
9 15
18 21
14 7
20 5
23 19
11 9
2 3
22 2
7 5
6 2
2 10
5 1
13 12
1 2
16 6
9 13
4 15
17 3
1 23
13 1
21 3
19
2 15
3 8
1 14
19 3
2 6
2 17
10 9
16 2
19 4
5 1
2 18
4 2
16 1
15 12
13 7
7 10
2 10
10 11
28
20 1
1 17
27 1
1 23
28 1
8 1
1 12
1 11
10 1
4 1
16 1
25 1
1 18
1 5
2 1
9 1
6 1
15 1
1 14
26 1
1 19
13 1
1 22
1 3
7 1
1 21
24 1
16
1 12
16 6
13 2
3 5
11 15
2 1
13 4
14 13
14 8
5 11
11 6
10 1
9 5
1 5
7 1
22
16 5
22 11
9 21
10 19
15 13
8 11
14 1
1 20
18 11
1 19
15 14
3 20
21 4
13 6
21 22
11 7
20 12
21 2
17 15
22 5
1 5
25
19 15
13 14
13 18
2 3
22 21
10 19
14 24
17 16
9 11
5 21
7 16
1 4
10 9
2 6
12 24
7 8
5 20
3 12
11 25
18 15
20 17
25 22
4 6
8 23
10
7 10
1 2
10 8
9 10
1 4
10 5
5 3
6 1
9 1
20
9 16
13 1
8 16
19 2
19 4
10 14
13 16
7 17
12 20
2 1
6 1
17 12
1 15
2 18
20 5
10 3
1 3
11 12
20 1
28
1 13
21 27
4 5
28 11
6 9
13 18
28 16
9 16
3 26
24 23
22 15
19 10
19 2
7 14
20 2
17 23
25 5
15 14
3 20
4 24
18 17
11 27
26 22
8 12
7 6
10 25
21 12
15
7 3
3 2
15 12
14 8
14 5
6 10
1 13
6 11
13 14
9 1
13 6
9 15
4 15
9 3
18
1 9
11 1
1 8
16 1
3 1
2 1
15 1
1 18
4 1
1 10
1 5
1 17
12 1
14 1
7 1
1 13
6 1
14
6 13
5 13
8 2
8 7
1 8
10 7
3 6
9 13
3 14
11 2
12 2
6 1
3 4
18
9 8
8 2
16 10
6 3
18 16
10 7
14 4
15 13
5 4
1 9
11 13
12 5
12 7
14 2
18 17
11 6
3 17
13
10 1
9 1
1 7
13 1
1 3
11 1
1 4
1 12
5 1
6 1
1 2
8 1
10
8 2
3 2
6 2
7 4
7 6
10 5
10 9
1 6
1 10
29
4 28
3 19
22 14
9 18
10 3
19 28
20 26
16 13
16 23
15 10
27 22
24 15
5 25
25 6
29 9
1 12
8 24
23 20
21 8
17 4
7 6
14 29
26 12
2 27
17 11
13 18
21 5
2 11
13
5 2
6 12
6 1
1 10
6 8
11 2
11 3
13 1
1 2
1 7
4 13
9 6
11
8 1
6 3
7 11
6 1
11 4
9 7
11 5
11 1
10 8
2 1
11
7 3
5 7
2 6
10 7
1 2
10 9
1 10
9 11
2 4
9 8
11
3 5
9 3
11 2
8 10
9 2
6 4
7 11
1 6
4 7
5 8
29
10 1
4 1
1 13
19 1
16 1
5 1
14 1
1 25
9 1
1 21
1 15
26 1
2 1
27 1
1 23
28 1
17 1
1 8
29 1
1 18
22 1
1 7
1 11
1 12
1 20
6 1
1 3
24 1
23
15 14
8 13
21 17
11 5
12 21
3 6
4 19
8 14
23 20
1 16
7 18
22 15
11 2
13 7
19 9
20 6
17 10
12 2
18 10
16 9
4 5
22 23
10
5 8
6 10
7 9
3 9
8 2
4 3
5 10
6 7
2 1
17
13 1
17 9
15 2
4 15
3 8
2 6
13 12
4 11
9 6
10 9
14 13
10 5
9 7
14 8
12 16
1 6
17
15 10
16 9
10 4
2 5
12 10
1 7
1 13
6 2
12 3
16 10
4 14
17 11
10 7
2 7
1 8
4 11
27
20 10
15 26
3 9
11 19
23 12
17 1
20 17
22 4
26 14
19 2
22 27
25 23
25 24
21 26
13 20
3 17
5 6
12 21
1 12
16 9
18 25
23 6
9 7
22 3
19 21
6 8
23
13 1
9 7
6 19
15 18
21 15
11 16
20 12
15 1
9 10
22 21
21 6
5 20
13 20
8 22
23 6
9 18
22 2
17 14
14 4
13 16
18 14
16 3
27
1 25
2 1
1 17
11 1
1 23
5 1
16 1
6 1
1 4
18 1
1 9
1 27
12 1
7 1
1 3
1 20
26 1
10 1
21 1
8 1
13 1
19 1
15 1
22 1
24 1
14 1
11
11 3
8 4
3 9
8 5
5 6
10 9
1 10
2 4
2 7
11 7
28
4 20
23 25
16 26
13 21
28 20
15 27
22 18
3 14
14 27
16 10
25 8
1 17
2 21
6 5
24 3
2 24
11 9
22 8
9 26
17 10
5 4
15 7
12 11
28 23
19 12
7 6
19 18
21
1 15
9 1
14 1
1 18
1 10
17 1
1 5
16 1
12 1
1 13
1 19
21 1
1 20
2 1
1 11
3 1
8 1
1 7
4 1
1 6
29
7 27
1 16
16 4
6 4
15 14
22 28
17 8
20 17
8 11
14 16
11 23
7 25
7 4
12 15
10 29
9 6
6 3
22 14
18 15
17 13
21 29
22 19
5 11
26 10
8 21
1 21
29 24
10 2
23
21 11
13 14
7 21
23 6
15 3
19 3
4 6
4 1
5 18
7 4
12 7
22 5
21 10
9 23
20 23
14 15
15 1
17 12
8 3
16 12
2 14
6 5
10
8 7
1 5
6 8
3 10
10 4
2 5
6 2
7 9
4 9
29
13 7
27 2
20 1
23 19
16 4
27 26
20 12
25 6
26 18
27 4
26 23
28 3
23 13
5 27
1 11
27 21
29 6
10 24
15 1
5 9
14 13
22 17
12 28
5 22
24 8
29 1
1 27
10 18
11
6 10
3 1
6 7
2 11
1 9
3 4
2 6
8 10
4 6
1 5
29
11 3
27 11
19 13
21 25
5 1
25 10
17 15
12 18
19 29
20 15
23 7
17 6
28 19
8 22
13 2
12 10
25 9
1 22
4 3
26 6
24 22
1 25
15 13
14 26
16 13
15 23
15 1
11 13
13
1 11
5 1
10 1
1 2
1 6
1 3
8 1
4 1
1 13
9 1
1 7
12 1
23
21 14
7 23
23 3
8 6
19 16
6 4
3 13
18 21
2 4
13 20
10 14
11 15
12 17
9 5
15 19
22 20
17 1
7 16
22 9
5 8
2 12
11 18
27
3 20
21 18
9 4
20 8
26 18
1 8
15 17
23 3
14 13
12 1
24 4
24 15
14 20
12 25
10 16
5 3
19 4
24 8
25 2
6 2
7 16
16 12
14 11
15 22
2 27
25 18
15
11 3
4 10
9 13
13 15
9 1
14 4
9 12
7 13
3 6
12 5
4 6
8 3
6 1
2 12
22
10 1
13 4
8 20
4 10
7 16
4 21
10 5
16 5
8 17
6 14
14 1
2 18
9 6
13 15
6 3
16 22
14 8
18 5
12 21
19 13
11 21
17
1 3
1 12
1 6
1 13
5 1
2 1
1 14
16 1
8 1
1 9
1 7
1 4
11 1
1 10
17 1
15 1
16
8 7
11 10
7 15
16 9
6 16
11 5
16 14
2 6
6 1
7 13
1 15
2 12
2 4
11 15
3 14
15
1 15
1 5
1 14
1 8
13 1
1 10
1 12
1 2
6 1
1 7
1 9
3 1
1 11
1 4
18
12 1
4 15
14 12
5 18
8 4
12 3
13 4
17 14
18 16
1 13
17 9
6 3
2 10
18 14
11 2
13 2
7 3
12
12 2
7 12
12 11
4 7
10 3
5 8
1 3
12 9
6 5
7 1
11 5
27
24 18
5 6
21 24
22 21
7 13
16 22
23 2
2 24
22 26
8 4
25 20
19 12
18 9
17 25
6 11
8 27
10 2
24 20
1 24
14 24
11 24
20 8
18 19
3 11
7 20
24 15
10
2 1
2 9
2 4
6 10
5 4
6 1
3 4
6 8
7 9
16
1 3
1 15
1 6
1 13
12 1
1 10
1 5
1 7
16 1
1 4
11 1
9 1
1 2
1 8
1 14
28
3 16
1 23
10 17
19 2
1 10
4 26
8 25
6 16
26 27
22 24
26 14
9 13
11 2
17 26
18 10
22 7
9 23
20 10
12 20
1 28
5 15
11 7
21 1
16 20
5 7
5 1
8 28
24
1 11
2 1
1 9
1 23
1 5
24 1
20 1
7 1
1 17
1 10
6 1
1 12
1 14
19 1
1 21
15 1
1 8
13 1
1 18
22 1
16 1
1 3
4 1
20
1 15
1 8
1 9
1 20
7 1
5 1
17 1
14 1
1 13
1 4
1 6
1 18
1 3
12 1
2 1
11 1
1 19
16 1
1 10
21
4 10
15 9
19 18
14 21
10 16
2 12
15 6
5 17
13 8
21 7
19 2
8 2
11 8
15 4
4 1
18 21
10 20
17 18
1 19
17 3
24
5 10
19 12
23 17
24 1
23 22
24 19
5 16
3 17
11 13
13 5
5 6
9 1
12 8
23 5
20 6
4 17
7 3
7 14
15 19
22 2
21 4
23 1
6 18
23
7 1
10 1
22 1
1 20
1 6
1 16
1 12
1 4
1 18
1 17
1 15
1 19
1 8
21 1
1 3
14 1
1 23
13 1
1 11
1 9
2 1
1 5
13
8 12
13 7
8 5
11 3
10 6
3 2
11 1
4 13
9 2
6 5
9 7
4 12
19
1 18
10 1
14 1
11 1
4 1
12 1
15 1
1 13
1 3
1 7
16 1
5 1
1 8
6 1
1 2
1 17
1 9
19 1
24
6 18
1 6
6 20
11 22
15 16
21 23
6 8
5 15
15 4
5 1
8 17
10 3
19 10
17 11
1 3
19 14
6 2
10 12
19 21
24 12
13 4
9 13
7 21
25
10 20
14 15
3 21
17 4
10 1
15 18
15 11
23 21
13 7
2 3
22 18
19 16
1 3
13 1
3 5
13 8
8 19
6 17
8 22
16 9
22 6
25 1
24 25
19 12
11
1 7
1 2
11 1
5 1
4 1
1 9
1 8
10 1
6 1
1 3
12
6 9
1 9
5 7
4 10
7 2
11 4
6 3
4 8
7 10
1 10
12 9
16
13 10
14 4
7 6
5 7
7 1
8 15
6 9
8 12
6 11
4 12
1 12
5 16
2 8
5 3
13 4
29
16 27
21 20
12 4
12 29
23 22
24 11
20 10
3 18
17 18
28 3
26 15
8 13
2 24
8 23
28 5
21 5
22 11
29 14
7 27
2 15
9 16
7 14
25 4
19 1
19 25
6 17
6 9
10 13
28
24 17
12 9
20 14
1 11
13 15
4 28
4 8
13 8
23 26
19 16
11 10
17 20
23 28
22 25
12 10
5 16
19 6
18 24
2 25
5 18
3 9
6 2
21 22
15 27
26 3
14 27
7 21
29
17 10
16 14
28 11
28 22
28 12
13 27
4 16
2 23
29 21
10 21
23 15
1 21
28 3
27 14
7 1
20 6
15 16
5 22
26 11
19 29
21 15
9 6
3 20
8 24
15 11
29 18
25 16
8 19
10
10 4
7 3
7 9
9 1
4 1
2 5
6 5
9 5
4 8
23
3 16
14 16
5 12
17 19
23 18
9 6
1 17
4 11
10 8
8 9
9 4
4 1
14 1
21 9
4 5
5 15
6 22
7 5
13 5
23 17
1 2
20 17
17
13 2
6 8
7 13
1 14
12 11
4 15
4 5
9 11
14 10
14 13
3 11
4 3
8 10
8 16
10 17
3 1
26
10 15
26 21
6 2
14 22
24 13
16 7
22 19
9 20
3 4
7 12
16 17
25 18
23 11
2 26
25 4
6 10
9 14
18 19
12 8
21 13
20 23
24 5
5 11
3 17
15 1
20
1 3
5 1
18 1
1 15
9 1
1 20
1 7
1 4
14 1
1 6
1 19
11 1
1 8
2 1
1 13
1 12
16 1
1 17
10 1
26
1 19
9 1
1 20
1 17
1 7
1 25
14 1
1 8
1 2
21 1
1 3
1 4
23 1
1 24
1 6
16 1
15 1
1 26
12 1
1 11
1 5
13 1
18 1
22 1
10 1
12
4 7
10 6
1 6
10 9
2 7
3 12
10 5
7 6
8 11
11 12
1 11
20
11 1
15 17
6 5
9 13
20 10
14 2
16 12
5 7
6 14
20 16
11 15
19 9
8 7
3 4
13 12
19 2
18 17
4 8
18 3
10
1 8
2 1
7 1
1 4
1 6
1 9
10 1
1 3
5 1
21
16 21
4 1
2 18
6 14
13 16
9 21
19 3
11 3
1 18
11 20
15 20
10 3
1 14
1 5
3 7
11 12
21 8
21 1
12 1
17 6
15
11 7
1 2
7 3
15 14
9 6
10 2
8 6
4 12
10 9
5 14
5 13
8 15
11 13
3 4
10
5 10
6 10
7 2
6 3
3 1
9 4
8 4
8 2
5 9
16
4 1
7 1
1 2
1 15
1 3
5 1
14 1
1 9
10 1
16 1
1 6
1 8
12 1
1 11
13 1
29
11 1
27 1
1 10
1 9
5 1
1 28
19 1
1 15
1 3
6 1
1 26
2 1
1 25
1 20
1 13
29 1
1 23
1 17
18 1
14 1
24 1
8 1
1 12
1 16
1 7
1 21
4 1
22 1
18
9 10
6 18
15 12
4 10
18 11
16 15
13 11
2 14
13 17
8 5
6 16
5 3
12 2
1 17
7 3
9 7
4 14
24
12 13
6 23
3 11
2 7
7 8
3 18
14 4
9 23
9 24
18 17
5 15
10 19
21 6
20 1
22 19
5 24
17 16
8 16
20 21
15 11
4 22
14 13
12 2
22
5 16
4 14
20 14
2 12
10 20
15 4
21 8
17 11
16 6
13 9
19 8
18 11
10 6
22 21
7 3
13 18
2 1
5 12
15 3
7 9
22 17
21
9 4
6 18
13 12
5 4
4 2
14 6
8 21
20 21
18 3
10 13
14 1
18 16
17 11
14 15
1 9
13 15
15 21
11 9
6 7
11 19
15
1 5
8 1
1 9
3 1
7 1
10 1
4 1
1 14
1 6
2 1
15 1
1 11
12 1
13 1
27
17 22
7 26
19 18
27 10
8 6
23 5
26 5
8 1
25 21
14 21
6 3
3 13
23 20
21 22
18 24
17 9
12 23
2 27
27 6
26 4
1 22
9 15
16 9
5 8
18 17
11 3
12
1 11
1 9
1 7
1 5
10 1
1 8
1 6
1 3
1 12
4 1
1 2
18
13 16
16 4
5 12
3 7
10 18
10 11
8 9
7 11
14 7
15 5
15 1
10 2
16 6
11 1
15 13
5 17
13 9
19
1 12
1 3
6 1
8 1
2 1
1 10
1 19
1 5
1 13
1 11
1 7
9 1
14 1
17 1
1 18
1 16
1 15
1 4
16
3 14
4 15
8 11
16 2
7 14
1 5
6 4
9 5
13 15
16 11
12 6
10 3
12 8
7 13
9 2
11
10 3
10 8
9 4
7 10
11 1
1 8
11 5
9 6
9 8
11 2
13
1 5
6 1
10 1
3 1
1 8
13 1
1 4
7 1
11 1
12 1
1 9
1 2
12
7 4
3 2
8 12
5 10
2 11
3 1
8 7
6 4
1 9
4 10
4 11
15
5 6
12 15
13 7
3 1
14 5
9 2
1 13
3 9
15 10
7 11
8 7
5 13
9 4
15 3
26
6 1
1 11
9 18
15 20
9 6
20 6
4 25
11 8
22 9
21 10
7 12
17 26
5 8
25 23
13 15
3 25
12 14
2 10
5 24
23 11
15 16
10 23
19 5
20 26
12 8
29
13 22
19 20
1 18
29 1
13 4
9 15
23 15
7 17
14 19
16 29
13 14
21 16
18 15
10 19
18 28
17 16
11 27
5 24
2 5
29 14
17 26
21 3
27 6
25 9
21 8
5 28
28 27
12 9
26
8 12
5 10
25 23
16 15
16 17
22 23
3 24
4 25
9 2
21 25
19 16
20 7
26 12
24 14
1 24
17 22
5 3
13 7
3 7
22 1
6 14
18 14
2 11
23 2
12 17
25
16 20
14 1
19 1
18 25
5 6
19 13
10 17
21 2
7 5
15 22
25 1
9 23
25 3
18 5
1 16
21 4
19 11
23 22
22 21
25 22
17 5
12 18
23 8
24 2
10
8 3
8 1
3 4
8 7
5 7
2 5
5 10
6 8
9 8
15
1 9
2 1
1 5
15 1
11 1
1 10
7 1
1 14
1 3
1 4
8 1
1 13
12 1
1 6
13
9 6
3 13
10 5
10 12
13 6
2 4
4 9
8 3
11 5
11 1
12 7
7 8
22
2 11
7 20
10 18
5 21
19 8
5 22
14 17
4 6
2 18
9 6
17 12
16 10
3 15
16 22
3 4
15 7
19 21
14 11
8 1
12 13
13 9
29
19 14
1 12
4 27
27 28
5 29
5 19
12 3
26 16
15 29
11 6
10 2
8 21
24 4
17 20
9 16
20 9
3 23
24 7
13 11
14 2
23 18
15 17
26 18
10 6
8 22
22 25
25 28
13 21
13
13 7
8 11
11 10
7 6
11 12
5 3
1 2
2 9
13 5
12 4
8 2
8 5
29
28 16
21 7
27 9
4 6
25 20
23 19
1 8
5 20
8 26
9 3
11 20
11 22
17 23
1 15
8 22
1 18
24 27
4 10
6 9
14 13
12 4
21 4
8 23
28 12
4 8
29 20
4 13
2 20
25
5 18
11 9
1 2
10 5
22 15
14 11
4 19
8 19
19 15
2 20
5 8
2 23
3 13
15 16
25 16
9 17
19 1
2 12
3 6
2 24
18 21
19 7
6 1
9 1
14
1 10
7 1
1 13
11 1
4 1
3 1
6 1
5 1
8 1
1 14
1 2
1 9
1 12
24
1 11
4 13
18 11
1 20
2 6
23 8
11 21
2 9
16 23
15 10
22 6
1 17
1 19
3 24
23 5
13 19
17 12
1 9
3 1
3 8
8 15
23 7
14 3
18
12 9
8 1
6 15
18 6
9 8
8 14
11 13
7 10
10 13
11 6
5 10
17 14
1 13
14 16
9 3
4 2
2 11
29
1 29
1 15
7 1
16 1
8 1
1 17
26 1
1 10
1 13
28 1
3 1
9 1
1 6
1 14
25 1
1 27
18 1
11 1
1 20
1 24
1 2
1 19
23 1
1 12
22 1
1 21
5 1
1 4
19
12 9
3 4
3 17
10 11
15 18
11 8
13 6
4 2
13 7
10 19
17 16
5 18
15 7
1 2
12 8
6 19
5 16
9 14
13
3 9
7 4
5 10
13 8
6 2
4 10
6 11
2 5
9 8
3 1
12 11
12 13
17
4 16
2 9
1 14
9 11
3 16
2 17
6 12
12 17
15 13
14 10
3 2
15 8
2 7
1 17
2 5
1 13
28
8 1
1 15
9 1
14 1
27 1
28 1
1 26
1 23
25 1
12 1
1 4
1 3
1 10
17 1
1 24
1 2
1 11
1 21
1 5
1 7
20 1
13 1
19 1
1 18
1 6
16 1
22 1
10
5 2
8 4
7 9
3 2
6 5
9 8
7 1
6 10
4 3
28
19 23
11 9
14 22
11 5
8 12
20 7
7 9
14 15
2 12
26 23
28 7
16 26
1 19
14 17
6 10
13 15
27 24
1 17
12 18
24 21
9 19
4 11
26 25
18 17
10 3
18 10
23 24
22
14 1
4 1
19 1
11 1
1 9
1 8
1 22
20 1
1 15
5 1
1 17
1 18
1 7
1 16
1 2
1 10
6 1
13 1
12 1
1 21
3 1
12
11 6
1 3
8 2
7 1
1 9
4 3
10 3
12 6
5 12
12 9
8 1
14
7 4
5 11
2 12
7 5
3 9
4 10
5 6
14 12
7 1
8 12
9 13
2 9
2 1
19
10 11
6 13
19 16
14 18
16 4
15 2
2 8
1 17
8 7
7 9
12 5
16 10
3 2
13 12
19 15
13 1
1 19
6 18
13
6 1
3 8
9 5
13 11
4 2
13 7
3 12
5 4
10 4
6 13
1 5
3 6
23
16 5
23 7
20 13
3 22
16 4
11 1
17 21
13 2
3 13
15 16
18 22
6 14
11 19
5 13
8 3
23 3
11 12
10 11
1 6
3 9
13 11
21 3
28
28 18
10 1
21 27
10 28
3 8
4 22
13 14
1 19
28 17
14 25
15 2
11 17
19 22
22 15
12 6
14 7
9 6
9 10
20 18
27 25
8 5
24 6
9 8
26 27
17 23
18 16
25 19
10
1 4
2 6
6 4
7 1
9 6
5 4
7 10
7 8
5 3
10
9 2
4 1
4 5
8 4
2 7
10 2
2 4
2 6
3 1
12
2 4
4 1
2 8
9 3
4 11
9 10
6 12
12 3
9 5
3 1
7 12
16
1 8
6 1
11 1
15 1
1 3
12 1
1 16
5 1
9 1
13 1
14 1
1 10
2 1
7 1
1 4
17
11 3
14 10
5 8
14 4
1 9
13 10
8 9
11 9
6 11
12 15
4 2
17 12
16 4
1 14
10 12
8 7
17
1 16
1 8
4 1
2 1
3 1
15 1
1 10
9 1
13 1
1 14
1 6
1 11
1 5
1 7
1 12
1 17
21
17 4
20 6
2 20
18 19
21 5
2 13
3 8
19 6
12 5
16 11
14 1
4 3
15 13
16 10
14 10
15 12
7 18
17 11
8 9
9 7
25
2 17
16 18
12 4
22 6
5 11
13 15
14 10
25 9
23 3
20 10
4 24
12 11
15 8
21 9
3 16
14 17
7 20
8 25
21 1
13 19
5 23
2 24
19 6
22 7
20
19 15
8 5
19 9
13 3
18 9
15 6
20 14
19 16
14 13
5 9
1 10
14 2
11 5
14 18
19 12
19 4
2 7
1 9
10 17
13
1 6
2 1
1 5
8 1
10 1
1 9
7 1
1 11
1 12
1 4
3 1
1 13
19
13 1
4 10
15 9
14 5
19 5
18 15
8 3
17 3
4 11
5 12
3 13
13 16
6 16
19 1
2 15
19 18
4 18
16 7
22
10 6
17 11
19 12
13 16
3 15
22 19
17 1
8 11
16 9
19 17
10 2
3 4
14 1
5 10
14 6
13 14
20 18
13 3
6 20
7 20
11 21
15
12 7
6 11
2 3
7 14
3 9
5 13
1 15
14 5
8 4
10 9
12 4
15 11
6 10
2 8
15
8 2
3 8
14 12
10 11
10 15
13 6
13 4
5 12
1 11
14 1
9 12
14 8
11 13
10 7
28
12 4
17 20
22 9
21 15
26 15
3 2
3 15
5 9
9 4
1 25
13 28
16 6
17 18
6 8
19 25
1 2
23 10
12 24
3 17
12 14
25 4
19 11
13 19
27 10
2 16
6 7
16 10
18
7 4
15 16
6 3
9 13
11 14
3 11
13 14
2 12
15 4
10 1
2 8
17 12
10 7
5 16
17 9
18 6
5 8
15
1 15
1 3
1 10
1 13
6 1
11 1
2 1
1 9
12 1
7 1
4 1
1 8
5 1
14 1
27
1 20
1 19
1 5
3 1
10 1
26 1
1 15
1 7
1 9
23 1
18 1
1 6
1 13
17 1
11 1
1 27
4 1
24 1
21 1
1 22
8 1
14 1
25 1
12 1
16 1
1 2
14
12 1
1 7
4 1
14 1
1 6
1 8
1 10
1 9
1 3
5 1
13 1
2 1
1 11
20
1 9
5 7
16 10
4 5
1 19
8 12
11 6
3 1
9 20
2 9
15 9
10 19
14 1
6 14
17 16
5 3
18 2
13 5
19 12
25
11 4
25 10
20 6
3 1
10 3
24 5
2 13
22 2
5 7
12 21
19 12
7 3
7 14
3 12
15 4
22 3
16 20
3 18
8 4
15 14
17 21
23 15
14 9
1 6
28
27 22
3 17
26 11
25 5
18 15
26 5
19 21
23 3
2 13
5 14
6 21
6 22
26 28
2 1
11 6
18 4
13 10
21 12
16 18
28 7
20 13
28 24
20 9
4 2
22 8
11 1
3 4
20
20 16
19 9
4 11
11 16
3 2
9 12
11 18
13 15
13 7
16 14
20 1
19 2
5 15
1 19
14 17
10 9
6 14
8 2
20 15
17
10 12
11 14
7 6
13 15
2 4
1 7
1 5
17 14
15 8
12 16
4 5
4 12
15 5
6 9
14 7
6 3
18
17 14
2 16
2 14
12 1
2 4
15 2
11 5
1 2
13 1
3 6
9 2
11 2
7 12
18 15
11 3
4 10
15 8
29
28 11
19 14
4 24
10 6
24 26
27 13
21 26
5 9
14 15
18 2
29 27
17 5
20 22
16 4
12 13
25 8
23 3
6 20
1 2
7 29
22 16
3 17
10 12
19 18
7 15
9 28
23 25
11 21
14
7 4
13 11
3 10
7 6
9 1
4 11
2 5
13 2
12 9
14 10
8 5
3 8
6 12
29
11 19
7 8
18 8
13 15
13 1
6 22
4 9
11 4
28 25
14 21
5 16
5 27
29 19
25 7
6 17
15 24
6 26
12 7
26 12
4 2
19 3
8 10
26 5
25 23
11 13
21 15
12 1
21 20
13
7 6
4 1
12 13
8 11
4 3
13 8
3 9
10 5
7 2
10 12
9 2
6 11
27
1 27
1 16
1 4
1 5
1 21
10 1
25 1
19 1
17 1
2 1
1 20
15 1
22 1
13 1
8 1
1 7
18 1
12 1
1 24
9 1
11 1
1 26
1 14
6 1
1 3
1 23
20
9 5
17 13
9 1
8 2
3 12
10 8
11 7
1 11
17 20
18 9
10 15
1 4
10 17
14 2
6 10
17 19
8 1
15 16
12 1
16
10 6
13 4
3 15
5 16
10 13
9 5
1 4
13 12
9 1
11 2
8 15
14 5
2 4
7 2
15 9
27
12 27
26 14
13 11
26 25
19 18
12 17
26 16
12 4
2 21
18 3
24 6
11 22
2 17
8 23
14 15
18 14
8 7
8 24
17 15
11 5
15 1
6 9
6 10
20 2
5 1
24 5
19
8 11
4 16
16 19
7 14
13 17
5 10
6 13
2 16
12 7
1 4
13 18
10 15
3 8
4 18
18 7
9 8
3 1
3 10
17
9 1
5 11
7 17
4 7
2 13
8 13
17 12
6 14
6 3
16 13
1 2
7 15
5 10
9 17
5 9
6 2
22
4 11
2 22
21 14
11 5
15 10
17 9
9 21
13 22
14 7
8 6
15 19
17 12
10 16
2 19
20 6
3 5
7 18
13 4
12 20
8 16
1 3
27
5 11
27 15
3 15
13 6
19 20
1 24
24 9
25 17
17 12
10 20
14 26
13 10
7 14
22 2
18 1
13 8
16 20
18 11
22 9
26 17
11 23
22 21
24 26
9 15
4 14
18 10
20
17 1
1 9
18 1
1 19
8 1
13 1
6 1
4 1
1 10
20 1
5 1
1 7
11 1
12 1
1 14
16 1
1 2
1 3
15 1
24
20 1
1 7
1 13
14 1
1 15
6 1
1 8
3 1
1 12
4 1
1 23
1 22
19 1
1 18
16 1
1 9
2 1
1 21
10 1
1 5
1 24
1 17
11 1
21
1 10
1 21
1 14
3 1
1 2
18 1
1 9
16 1
8 1
7 1
13 1
1 5
1 11
6 1
19 1
12 1
20 1
1 17
1 4
15 1
16
14 11
3 11
3 5
12 6
8 16
10 5
1 9
14 15
13 9
6 15
4 7
2 8
12 7
10 2
13 4
24
6 1
7 23
15 2
17 5
3 11
23 19
23 1
4 12
24 1
5 2
13 10
3 8
14 15
1 21
11 16
1 18
5 11
12 7
17 7
15 22
11 9
2 13
7 20
15
9 5
11 2
11 13
8 3
11 1
6 8
15 2
4 14
9 11
6 10
8 11
12 11
14 1
7 6
14
11 8
11 13
10 12
6 3
5 2
14 2
3 7
4 10
9 5
14 6
13 4
7 12
9 1
26
22 2
15 20
24 4
2 16
13 9
15 1
20 4
5 18
11 21
6 9
18 10
10 12
18 15
5 14
3 4
11 13
23 11
7 19
9 2
5 26
8 7
17 10
13 1
7 20
25 6
17
4 1
1 13
7 1
9 1
5 1
1 16
1 3
1 10
15 1
1 8
17 1
1 12
1 11
1 14
1 6
1 2
21
14 3
3 13
19 18
7 5
16 1
11 10
2 6
16 11
17 12
10 4
3 8
5 21
7 16
9 14
17 6
19 11
11 15
3 16
6 16
20 7
21
7 4
8 19
11 5
21 13
8 12
5 6
17 21
7 21
2 10
5 1
21 14
5 12
1 18
9 12
10 5
16 5
12 3
1 7
15 14
11 20
26
14 26
17 22
17 15
24 20
9 14
8 19
2 13
25 11
17 3
24 18
16 10
19 15
16 15
4 13
5 25
12 19
21 6
1 16
23 21
9 23
24 10
10 25
23 1
9 13
7 21
19
1 17
1 7
1 4
1 3
18 1
8 1
1 14
12 1
1 16
5 1
19 1
1 6
1 13
1 9
11 1
1 2
1 10
1 15
23
8 7
19 8
12 13
3 7
11 22
13 21
6 19
19 18
18 13
15 9
4 17
18 23
19 1
17 5
10 11
19 16
14 5
9 2
2 10
14 13
9 1
20 9
25
2 8
11 7
7 9
3 6
15 25
16 14
18 7
13 19
12 21
24 19
8 6
19 6
3 1
17 16
1 14
18 3
14 12
20 16
21 5
15 22
12 10
23 8
18 15
4 21
11
9 10
10 6
3 11
1 5
5 10
4 3
7 2
1 7
3 5
8 7
16
1 5
1 14
3 1
9 1
1 10
1 11
8 1
1 12
13 1
4 1
1 15
1 2
6 1
1 16
7 1
23
1 15
1 16
1 2
21 1
23 1
17 1
1 4
22 1
12 1
1 8
1 3
1 9
1 19
1 6
1 11
1 18
1 20
5 1
13 1
10 1
7 1
1 14
24
9 21
22 4
11 8
23 4
15 24
5 6
17 19
20 2
18 9
23 16
3 2
14 17
12 10
5 14
7 19
6 15
8 10
13 16
13 18
21 3
22 1
7 11
20 12
10
5 9
9 2
1 4
3 2
10 5
6 5
1 9
7 4
4 8
19
15 18
16 17
17 19
9 12
1 12
16 11
2 13
10 8
2 4
6 8
6 9
13 18
19 14
15 5
5 14
3 7
4 3
11 10
10
5 10
3 10
4 2
10 8
4 10
10 9
4 7
6 1
1 3
17
8 10
7 14
12 15
7 11
16 6
10 3
2 7
9 1
15 13
14 13
9 6
14 1
5 15
4 6
17 13
9 10
10
8 10
5 1
3 4
10 5
7 3
3 1
2 9
5 2
2 6
14
4 1
5 1
11 1
8 1
9 1
2 1
10 1
6 1
12 1
13 1
3 1
1 7
1 14
10
4 1
2 1
6 1
7 1
8 1
1 5
1 3
1 10
9 1
29
19 1
13 1
21 1
4 1
6 1
23 1
1 15
8 1
1 7
3 1
1 29
1 11
1 18
14 1
1 22
10 1
1 2
27 1
26 1
24 1
25 1
17 1
16 1
1 9
28 1
1 5
12 1
20 1
26
2 1
9 1
8 1
1 17
10 1
21 1
25 1
1 14
1 6
1 23
11 1
20 1
15 1
26 1
1 3
1 24
4 1
13 1
1 7
1 12
1 16
5 1
1 19
18 1
22 1
19
16 2
6 13
10 17
5 4
4 11
7 4
9 16
3 17
6 17
1 11
14 19
15 13
11 19
12 19
2 1
16 18
13 8
6 2
22
4 19
17 15
5 6
12 8
1 22
21 1
10 15
13 5
10 3
18 10
14 20
16 1
14 2
5 4
11 6
9 14
14 5
5 1
12 5
9 18
7 5
21
19 10
10 4
19 11
2 13
9 14
3 2
4 12
5 20
1 6
18 17
18 16
16 7
6 20
14 5
11 8
3 15
21 15
13 7
8 21
9 17
11
7 11
5 2
1 10
2 6
4 9
6 3
11 9
10 8
3 4
8 5
10
8 1
4 10
2 1
2 5
3 5
6 5
8 7
8 9
4 2
20
7 17
19 20
14 9
1 5
1 10
6 2
9 1
3 9
3 19
17 5
16 8
18 3
1 15
13 15
4 20
2 15
11 5
8 13
12 16
25
7 5
15 4
2 8
13 12
6 13
15 17
17 21
17 25
22 18
5 20
15 16
2 7
3 11
8 11
23 18
1 2
16 1
10 5
14 24
11 9
14 8
13 7
19 14
16 18
14
4 8
5 14
11 14
2 7
6 8
11 12
9 12
2 3
10 1
10 13
5 3
6 13
9 4
17
4 17
14 1
7 11
11 5
1 8
5 12
10 11
9 10
17 9
7 2
6 9
7 13
16 11
8 7
15 5
8 3
18
6 9
11 15
1 14
15 3
5 15
8 11
6 2
1 13
12 11
4 10
17 1
13 6
18 14
7 11
15 1
16 12
14 10
13
2 3
12 4
2 6
9 10
10 11
2 5
7 10
9 1
6 8
13 12
9 12
1 6
10
1 3
2 9
5 10
7 4
3 2
8 4
4 3
1 5
5 6
19
7 15
9 19
12 3
8 14
12 11
9 2
11 4
3 18
18 7
16 17
8 16
13 6
4 6
14 15
2 17
5 13
19 10
1 10
20
6 7
8 1
8 6
4 16
1 20
10 16
3 12
20 15
20 17
2 17
18 14
13 17
11 15
19 11
20 10
18 16
5 15
12 20
6 9
25
14 22
15 2
23 19
25 17
24 3
13 19
23 18
7 11
24 16
17 22
1 13
12 20
10 25
3 14
2 18
6 9
20 4
9 5
11 8
4 5
21 15
6 8
21 12
10 7
20
2 14
12 17
13 15
1 11
17 13
7 8
5 1
1 2
15 16
14 20
20 9
18 7
1 13
1 7
3 1
10 7
6 7
19 3
4 2
22
17 9
13 3
1 14
19 12
15 7
17 12
12 14
1 11
2 11
2 6
17 20
15 14
4 16
2 21
15 16
3 10
22 16
7 18
8 19
5 7
11 3
11
6 1
9 11
8 10
8 11
11 3
1 8
5 6
7 6
2 10
4 10
22
2 4
19 2
20 8
17 3
14 7
10 9
5 6
17 14
12 22
21 18
13 20
8 22
16 11
3 5
21 10
9 6
1 18
16 13
4 7
11 15
12 19
20
9 1
17 1
1 8
1 13
2 1
1 12
1 3
1 16
4 1
1 18
19 1
1 10
1 7
20 1
1 14
6 1
1 5
1 15
1 11
25
1 7
1 8
21 1
1 13
1 18
2 1
3 1
1 22
17 1
1 5
10 1
24 1
23 1
1 6
1 11
1 20
14 1
16 1
4 1
1 9
1 12
1 15
1 19
25 1
16
14 15
4 3
6 3
16 15
5 1
2 11
6 12
12 9
10 8
12 8
1 15
13 2
2 7
11 1
4 1
16
1 14
8 1
6 1
1 3
1 11
9 1
1 10
13 1
5 1
1 15
4 1
1 16
7 1
2 1
12 1
22
15 10
20 17
19 3
3 18
6 14
22 4
1 5
21 7
17 12
2 18
15 8
7 20
5 13
13 21
12 6
4 19
11 8
9 2
9 10
16 22
16 14
11
10 1
1 2
1 5
7 1
6 1
8 1
1 3
11 1
1 4
1 9
12
11 1
1 5
1 7
6 1
1 3
1 10
1 12
1 9
1 8
2 1
1 4
19
8 11
8 3
7 5
17 5
10 13
1 2
2 11
10 14
18 6
3 6
19 12
7 15
9 16
4 17
15 9
14 4
13 19
12 18
18
8 6
16 14
17 1
3 13
4 9
5 2
6 3
12 9
2 6
11 15
17 16
1 6
6 18
4 10
17 15
12 1
7 9
29
14 12
5 29
15 10
29 2
11 9
7 10
13 5
24 17
28 27
12 6
1 17
18 25
25 16
18 2
8 9
23 24
20 28
21 25
9 7
19 5
23 3
17 7
4 23
24 26
22 10
29 12
28 18
2 1
15
7 2
5 6
11 14
10 13
8 3
6 4
9 14
2 9
1 4
12 15
8 11
13 15
5 12
10 7
14
8 12
9 4
8 2
9 10
3 13
5 10
4 2
6 11
13 7
14 7
11 5
6 1
14 12
24
1 20
1 8
13 1
18 1
7 1
1 15
1 10
1 11
1 22
1 2
24 1
21 1
14 1
3 1
17 1
23 1
1 12
19 1
5 1
6 1
1 9
16 1
1 4
25
23 1
18 1
22 1
2 1
9 1
1 7
3 1
1 24
5 1
1 11
21 1
15 1
1 8
1 20
1 10
13 1
6 1
14 1
1 25
1 12
1 17
1 4
1 16
1 19
14
10 2
13 14
2 1
10 9
14 1
4 8
13 6
5 4
11 3
10 12
4 2
7 11
14 11
19
18 4
8 10
1 5
12 7
5 2
18 2
6 19
6 15
7 16
19 14
17 9
13 16
14 3
12 17
10 11
9 3
11 15
13 4
21
4 6
16 11
4 13
9 8
5 1
5 10
2 3
15 17
11 6
21 8
16 18
15 14
9 19
14 13
21 2
10 12
20 7
3 18
17 12
20 19
25
18 1
9 1
24 1
12 1
1 23
1 8
21 1
1 13
5 1
1 4
1 17
1 2
1 16
22 1
1 20
1 3
11 1
1 15
1 19
25 1
1 10
1 6
14 1
1 7
13
4 13
11 6
4 3
1 7
12 11
8 9
10 4
12 5
5 9
1 4
2 5
12 1
22
3 20
1 5
3 2
18 22
8 9
5 21
11 4
17 5
7 14
15 1
12 13
13 10
13 21
3 17
7 21
19 9
22 17
22 16
11 15
11 6
15 9
10
3 9
3 5
3 8
10 4
8 4
6 8
1 7
4 1
6 2
24
1 16
12 1
7 1
14 1
1 6
13 1
2 1
1 24
15 1
1 20
8 1
1 23
1 21
1 19
1 22
1 17
1 9
18 1
10 1
1 11
1 5
4 1
1 3
12
11 12
2 8
4 3
5 8
6 11
8 3
4 7
11 1
5 1
5 9
10 5
17
8 16
9 3
6 11
7 11
13 4
12 14
6 10
5 13
1 15
2 14
15 9
17 7
10 5
12 8
17 2
3 4
26
1 26
26 25
20 18
24 9
8 23
5 16
22 25
17 3
24 6
15 3
12 14
16 25
1 17
13 23
26 13
9 14
16 19
18 10
23 21
4 22
7 22
17 9
2 3
18 13
24 11
23
5 16
21 1
12 14
20 13
3 1
22 14
17 23
17 8
6 20
8 7
14 19
17 3
1 16
18 6
1 9
22 20
6 4
15 22
20 16
15 2
11 3
4 10
13
7 4
9 5
10 11
1 4
6 2
3 11
12 9
7 8
13 10
6 13
5 3
2 8
23
3 1
4 5
12 23
5 10
1 20
2 5
8 18
7 19
11 22
21 2
17 18
6 22
13 21
12 14
23 20
12 16
3 19
9 21
3 22
18 23
2 20
19 15
27
1 7
25 27
21 20
9 21
18 19
18 8
16 24
20 4
2 21
19 7
1 20
24 11
19 24
4 3
23 27
26 15
2 14
22 7
6 2
17 18
13 26
9 12
26 22
9 10
27 22
4 5
10
7 1
10 1
8 1
1 9
1 3
6 1
1 4
5 1
1 2
12
7 4
8 10
6 11
3 4
1 3
4 12
3 6
8 2
2 5
1 2
9 6
12
1 7
9 1
1 2
12 1
1 3
11 1
5 1
1 6
4 1
1 8
1 10
26
2 11
9 23
26 14
16 11
23 1
8 21
24 4
26 18
17 20
16 12
5 17
2 13
9 13
25 19
3 7
22 10
10 4
8 25
20 24
21 15
14 15
5 6
18 22
3 12
19 7
25
10 24
23 16
9 16
25 3
18 13
8 19
17 11
2 6
1 16
12 14
25 8
3 13
20 12
9 11
24 15
8 7
4 11
22 6
12 9
13 5
24 23
25 1
3 21
23 6
10
7 1
8 1
1 5
9 1
6 1
1 3
4 1
1 10
2 1
16
9 2
15 4
16 10
3 16
7 6
14 2
12 13
14 12
5 13
5 6
7 10
3 15
11 8
1 4
11 9
24
1 16
3 1
8 1
6 1
7 1
1 9
12 1
1 23
1 5
1 24
20 1
1 22
1 19
1 18
21 1
14 1
15 1
1 11
2 1
4 1
1 10
1 13
17 1
22
14 16
16 17
14 19
3 21
14 12
1 9
16 1
1 4
20 21
21 16
10 22
18 16
15 18
13 10
10 18
18 11
6 16
8 18
5 10
11 2
7 20
28
10 22
26 28
15 9
20 24
16 20
3 13
26 11
14 5
26 14
25 10
15 23
19 8
18 11
5 27
4 3
10 4
10 1
4 2
6 17
24 8
24 10
24 12
10 5
15 17
4 15
21 5
7 1
18
10 14
18 11
12 4
14 5
12 7
1 10
3 4
8 10
16 6
18 13
18 3
9 14
1 3
6 4
17 12
8 2
15 8
13
2 10
12 2
10 3
1 13
8 7
13 6
7 4
12 5
4 5
3 6
8 11
9 11
15
15 1
12 1
9 1
1 13
6 1
7 1
1 10
14 1
3 1
4 1
1 2
1 11
1 5
1 8
13
1 7
6 1
9 1
11 1
13 1
1 3
1 8
5 1
2 1
12 1
1 10
4 1
18
11 10
2 3
13 14
10 6
14 8
5 7
14 6
10 17
4 15
7 12
18 1
4 9
18 15
18 7
4 16
6 1
15 2
15
12 11
7 14
1 2
12 9
6 9
5 15
14 8
8 10
6 5
3 15
3 4
2 11
4 10
13 7
25
19 18
3 8
7 13
1 17
15 25
16 9
7 18
5 16
14 21
19 15
23 24
20 22
22 4
3 21
10 14
10 20
9 11
11 24
2 13
5 6
6 8
4 25
17 2
12 23
10
5 3
8 2
3 9
4 7
2 7
1 4
8 5
6 10
6 9
21
13 1
21 1
1 11
1 8
1 12
1 20
1 10
1 6
1 19
1 3
1 9
7 1
1 18
1 16
14 1
17 1
1 2
4 1
5 1
15 1
18
3 5
12 8
4 7
5 2
10 13
15 11
15 10
1 14
6 18
16 12
4 8
7 6
13 17
3 16
9 11
18 9
14 17
10
3 10
7 1
6 2
5 3
8 4
10 9
4 5
9 2
8 7
16
10 13
12 4
2 13
16 12
13 3
16 1
15 7
10 6
5 11
15 1
14 9
14 16
8 15
2 5
1 13
11
5 10
6 9
8 1
4 3
3 2
6 7
10 11
7 8
4 9
11 2
15
13 1
1 9
1 8
1 14
1 10
1 3
1 7
1 12
6 1
11 1
5 1
15 1
2 1
1 4
17
3 14
6 9
11 4
1 15
14 7
13 10
5 14
11 17
2 13
16 9
11 15
6 12
3 13
1 3
8 9
15 6
14
5 4
12 3
12 13
3 2
1 11
9 1
5 7
1 6
2 14
3 8
12 1
1 4
3 10
20
1 5
15 20
8 2
14 13
13 5
15 11
18 7
3 16
16 6
14 18
9 4
17 19
12 6
2 7
11 8
4 12
19 3
20 10
17 10
25
19 20
14 7
13 4
19 24
14 17
5 16
20 9
8 23
7 19
1 7
10 1
15 10
16 8
18 2
6 8
20 3
22 14
15 4
18 15
10 16
5 11
4 25
18 12
5 21
23
6 15
1 7
13 17
17 15
5 2
10 11
13 21
19 4
23 11
20 19
12 8
7 22
16 20
22 18
14 2
23 5
3 9
18 3
6 10
12 14
21 9
4 8
25
5 1
19 1
1 18
1 21
13 1
1 6
4 1
1 15
22 1
1 10
9 1
14 1
2 1
17 1
1 7
1 3
23 1
25 1
16 1
20 1
12 1
1 8
1 11
24 1
23
1 17
16 1
22 1
1 12
1 19
15 1
14 1
6 1
1 9
1 3
1 13
10 1
11 1
18 1
5 1
1 2
1 23
20 1
1 8
4 1
1 7
21 1
14
1 7
1 3
4 3
10 6
7 13
4 5
11 13
13 12
10 9
3 8
4 2
7 10
14 8
29
3 26
21 16
12 5
25 13
24 21
28 17
19 4
16 18
6 22
20 22
17 6
22 1
26 6
20 27
12 9
2 16
23 19
25 20
14 17
24 1
7 27
15 25
8 19
27 29
12 21
4 24
10 26
11 4
12
2 6
11 10
2 1
5 3
8 10
5 12
3 1
9 2
4 6
3 10
7 5
16
3 4
15 9
11 8
13 2
3 10
16 15
12 4
16 2
12 6
7 15
4 1
16 1
3 14
2 11
5 12
23
11 1
16 1
21 1
22 1
9 1
2 1
1 15
19 1
18 1
23 1
6 1
14 1
1 17
10 1
1 5
8 1
4 1
1 3
7 1
20 1
12 1
1 13
13
10 9
13 11
8 5
7 5
2 4
10 11
3 2
3 7
4 9
6 8
1 12
13 12
12
5 1
3 1
10 1
1 4
1 8
7 1
1 6
11 1
1 12
9 1
1 2
20
5 1
10 1
1 16
15 1
19 1
20 1
1 4
17 1
13 1
1 14
6 1
1 18
1 7
3 1
11 1
1 12
1 2
8 1
1 9
28
6 28
20 9
20 16
14 26
24 5
19 22
23 10
6 21
12 5
13 18
7 26
6 11
25 7
22 18
27 4
17 22
7 1
25 27
13 15
13 2
20 11
5 25
26 10
18 8
8 1
11 8
27 3
16
1 14
15 1
1 3
1 5
12 1
10 1
9 1
1 2
1 6
16 1
1 4
1 11
13 1
7 1
8 1
23
18 17
8 1
23 15
10 20
12 3
16 15
9 11
19 15
8 22
18 16
9 16
14 22
9 13
4 21
3 2
21 17
7 21
17 3
18 1
10 8
5 22
10 6
28
26 1
4 1
28 1
1 8
11 1
1 18
1 12
22 1
1 13
7 1
1 24
21 1
17 1
14 1
27 1
20 1
6 1
19 1
16 1
1 23
2 1
15 1
1 9
1 25
1 3
1 10
5 1
26
1 10
8 1
1 20
1 18
17 1
1 16
1 2
1 13
1 5
14 1
25 1
1 23
3 1
1 19
1 22
1 6
1 15
4 1
11 1
24 1
1 26
1 21
12 1
9 1
7 1
24
5 19
7 19
16 3
5 4
9 12
18 1
20 12
8 22
16 10
11 17
7 18
4 8
13 23
15 10
24 14
13 2
20 6
21 2
14 22
6 11
23 17
9 24
21 3
17
10 1
12 1
1 4
17 1
2 1
8 1
5 1
1 11
1 3
1 13
16 1
1 9
6 1
14 1
1 15
1 7
20
20 15
14 10
7 13
10 16
4 6
3 19
8 20
1 7
18 8
5 4
16 2
17 12
11 6
17 15
2 9
13 11
18 3
9 19
14 5
25
1 14
1 17
19 1
1 2
6 1
11 1
16 1
1 4
1 3
18 1
1 7
1 13
1 15
1 5
1 21
25 1
1 23
8 1
1 24
20 1
1 10
9 1
1 12
22 1
11
6 9
2 10
2 11
8 7
6 1
3 8
6 4
8 10
1 10
5 2
26
8 25
21 10
23 26
24 5
25 2
16 23
13 6
10 13
22 5
4 15
3 18
14 10
8 7
17 23
1 5
1 10
3 1
11 1
8 12
3 12
23 12
3 20
15 5
19 2
18 9
26
10 1
15 16
9 24
24 22
20 4
19 17
26 12
20 8
18 22
25 10
17 2
19 14
11 2
5 8
25 5
15 11
23 14
3 4
3 7
7 23
21 26
21 16
13 6
12 18
13 9
12
12 1
9 1
1 6
3 1
1 4
5 1
1 8
11 1
1 7
1 2
1 10
13
4 1
5 1
8 1
3 1
7 1
1 9
1 10
1 6
12 1
1 13
2 1
11 1
20
11 16
7 6
8 10
9 19
17 14
7 1
4 15
15 10
8 13
20 2
18 3
16 19
12 9
14 6
5 17
20 3
4 5
18 12
13 11
18
13 3
12 11
16 18
5 13
4 7
10 8
2 5
18 4
11 10
17 2
17 6
1 7
12 15
8 9
16 14
3 14
15 6
17
15 5
7 16
6 12
3 16
5 16
14 1
16 10
6 11
3 8
9 6
8 13
4 16
7 11
17 4
16 1
17 2
27
17 2
8 9
8 3
21 10
25 12
5 6
17 19
4 17
5 25
14 21
2 18
21 26
5 27
24 23
26 20
24 7
24 13
20 11
8 2
18 1
7 25
12 15
7 1
20 22
26 18
16 12
13
13 1
1 9
1 4
5 1
3 1
1 6
2 1
12 1
1 11
10 1
1 7
1 8
14
1 7
11 1
14 1
2 3
10 14
4 14
1 13
3 14
9 13
3 6
12 3
5 4
8 2
26
1 12
21 18
7 1
23 11
22 19
4 14
21 20
26 15
12 24
18 22
26 24
16 25
7 18
24 9
6 23
4 25
17 14
26 10
13 21
9 5
9 3
12 4
14 2
8 25
23 7
26
20 16
5 9
21 8
12 18
23 11
4 13
4 26
7 24
17 19
1 18
24 23
5 25
3 11
14 17
2 20
22 16
15 7
3 8
6 2
9 10
13 12
22 15
14 10
6 25
21 26
28
16 1
8 26
19 6
28 13
1 22
9 17
20 26
19 24
17 5
22 18
25 4
26 16
12 26
28 1
26 4
15 26
7 19
4 14
2 1
5 1
10 5
21 3
19 1
27 2
6 11
3 1
1 23
16
11 10
12 2
2 1
7 4
8 3
6 16
13 16
3 4
12 6
11 9
14 7
10 15
15 5
13 5
8 9
24
23 22
19 11
20 8
4 24
6 17
10 17
19 2
15 17
2 23
9 3
21 2
3 16
21 15
5 8
16 5
1 5
1 21
16 7
8 13
4 12
23 18
19 14
15 4
28
4 9
8 22
10 2
23 20
8 15
3 7
10 7
6 20
2 19
19 16
9 11
24 18
5 15
18 12
11 27
1 22
26 3
4 21
14 21
13 16
25 28
14 6
13 28
5 26
25 27
12 23
17 24
18
3 17
5 12
9 10
1 16
1 15
3 6
6 14
9 1
8 14
11 1
14 10
7 4
12 2
11 5
14 13
4 11
18 8
20
19 1
2 1
6 1
1 18
10 1
17 1
12 1
7 1
4 1
1 5
8 1
3 1
20 1
1 9
1 15
16 1
11 1
1 13
14 1
16
13 5
11 5
14 11
4 13
8 9
15 4
6 10
9 16
12 14
3 6
2 15
7 16
3 8
10 2
7 1
11
2 6
10 6
3 2
8 7
9 11
5 11
9 3
10 4
4 8
7 1
11
6 1
1 11
9 1
2 1
1 3
1 4
1 7
1 10
1 5
8 1
24
4 11
10 21
9 19
12 8
1 3
6 22
24 7
6 2
15 12
17 8
11 15
21 13
14 9
23 24
16 5
22 13
20 4
3 18
17 16
20 23
19 7
2 18
10 5
23
14 1
1 13
4 1
1 18
16 1
1 11
1 15
7 1
10 1
9 1
1 19
1 22
8 1
23 1
2 1
1 6
21 1
12 1
1 20
5 1
17 1
3 1
21
1 3
1 14
2 4
1 15
12 19
1 19
5 16
20 18
6 18
10 2
2 1
10 13
8 17
16 8
9 20
1 5
6 7
1 11
9 5
21 14
19
11 13
16 11
11 7
6 12
15 12
19 14
14 13
8 17
1 13
3 14
15 17
18 5
15 18
5 9
1 18
10 12
17 2
5 4
19
3 13
2 8
10 19
9 12
6 1
12 11
16 3
7 17
14 4
15 6
7 19
5 9
11 13
10 16
2 18
15 14
5 18
4 8
28
4 1
18 1
20 1
1 5
7 1
1 24
3 1
1 11
6 1
1 2
1 17
1 22
1 12
19 1
1 14
1 16
21 1
1 27
25 1
28 1
1 23
1 9
1 8
1 15
1 26
1 10
1 13
24
12 21
20 13
1 21
13 8
13 1
11 20
8 10
14 20
9 23
24 16
20 22
5 17
7 11
14 15
23 6
3 11
17 15
4 11
18 11
12 23
2 12
19 6
23 24
20
11 1
1 20
1 8
13 1
1 3
1 9
2 1
1 4
1 16
1 6
12 1
14 1
17 1
1 15
18 1
1 10
1 5
1 7
1 19
15
14 9
1 5
7 2
10 8
7 13
8 3
5 7
14 1
15 11
15 2
5 3
7 12
6 4
4 5
15
5 8
14 2
6 3
3 12
11 9
11 7
2 3
15 3
13 8
8 7
10 3
1 2
13 4
7 1
23
6 13
17 7
23 20
9 10
18 19
11 2
19 15
14 1
16 22
3 5
5 21
8 17
2 6
8 16
22 21
15 23
3 20
14 12
10 11
7 4
12 4
18 9
13
4 2
10 2
12 7
5 9
3 13
11 1
6 4
3 8
7 5
9 11
8 12
13 10
20
4 1
1 11
5 1
1 7
1 8
2 1
1 13
6 1
3 1
1 9
1 15
1 14
18 1
1 19
10 1
1 17
1 16
12 1
1 20
22
3 1
4 1
14 1
9 1
21 1
1 12
8 1
1 22
2 1
1 13
7 1
1 16
1 20
1 15
1 19
5 1
1 18
6 1
1 10
1 17
11 1
24
20 23
24 8
18 5
18 6
10 6
20 12
2 3
7 9
22 14
19 16
13 24
4 14
8 22
17 21
5 11
12 10
21 13
23 1
11 9
16 15
7 15
17 3
19 2
12
9 10
12 9
2 8
7 12
10 5
11 2
11 1
10 3
4 12
1 9
11 6
21
17 1
11 1
9 1
1 2
1 14
1 18
15 1
1 8
12 1
1 21
5 1
1 7
1 4
1 13
6 1
16 1
10 1
20 1
1 3
1 19
15
5 4
2 10
8 6
7 12
3 15
7 4
14 1
11 15
12 9
5 10
9 13
6 11
14 2
13 8
24
6 9
23 12
15 14
10 2
7 13
12 24
4 8
17 8
3 19
18 17
14 5
6 3
22 16
11 4
9 22
20 15
20 21
16 11
13 23
1 18
21 2
7 19
24 5
25
2 13
3 12
2 22
6 21
15 25
20 10
12 4
9 14
6 3
23 5
18 22
14 20
18 16
23 11
7 16
8 17
13 19
11 19
10 5
24 9
17 25
7 1
4 8
24 15
23
1 13
15 1
1 21
19 1
1 12
4 1
11 1
1 2
10 1
1 6
1 14
1 8
23 1
1 3
17 1
9 1
22 1
16 1
1 5
20 1
7 1
1 18
27
17 1
23 5
2 8
25 1
15 11
14 23
4 2
9 25
12 2
11 3
17 18
1 6
14 19
7 17
27 25
14 10
4 13
4 25
2 3
8 22
16 9
1 14
21 26
24 9
2 20
16 21
21
7 1
1 19
1 21
1 20
16 1
1 17
6 1
12 1
1 2
1 4
1 15
8 1
1 13
11 1
18 1
9 1
10 1
14 1
5 1
3 1
21
1 8
9 1
3 1
1 19
2 1
12 1
1 5
4 1
1 20
1 10
1 16
1 15
6 1
1 17
7 1
21 1
1 13
14 1
11 1
1 18
14
9 1
13 1
4 1
1 3
10 1
12 1
14 1
6 1
8 1
5 1
1 11
7 1
1 2
28
1 28
26 16
15 26
10 3
17 16
9 28
22 2
23 14
28 17
12 1
20 4
19 4
12 5
23 21
18 6
11 5
12 19
11 6
8 12
12 23
7 8
24 7
4 2
1 13
27 10
10 4
28 25
21
11 10
9 7
12 10
14 18
2 6
1 7
18 17
6 3
16 21
19 8
21 4
19 20
4 15
15 19
6 7
13 9
15 18
5 9
21 10
1 4
26
15 26
25 2
6 8
4 3
3 9
24 4
19 11
14 15
13 11
10 11
12 14
16 2
1 14
24 13
3 5
22 23
15 18
20 6
4 7
21 7
17 7
23 12
1 24
13 6
12 2
16
9 6
4 14
15 3
2 8
6 1
6 8
11 9
7 9
10 15
8 13
4 16
14 1
16 5
12 4
14 15
26
11 7
20 21
16 25
1 20
2 10
20 18
10 23
3 26
8 17
1 7
6 25
10 3
22 4
1 12
13 5
19 11
12 15
7 24
4 8
5 6
14 18
24 23
3 9
13 23
22 24
26
13 24
1 18
7 5
6 8
24 11
20 9
10 9
10 23
22 17
3 25
19 7
2 26
4 14
18 20
12 5
15 26
16 14
8 17
22 25
15 13
16 2
3 19
21 23
21 11
4 6
11
11 2
9 6
4 11
11 3
1 6
8 5
1 2
5 10
2 5
7 6
28
16 19
26 3
2 7
12 13
19 1
17 22
28 9
10 8
10 22
23 26
14 6
23 11
25 10
19 23
11 18
27 16
5 11
9 1
28 6
26 21
24 17
16 12
6 20
2 28
9 22
2 4
15 17
16
12 1
1 3
1 10
16 1
1 14
1 15
9 1
1 7
4 1
1 13
5 1
1 11
1 2
6 1
8 1
16
10 14
8 12
5 13
11 10
9 15
12 4
16 2
7 3
1 6
16 8
5 7
11 3
14 9
13 2
15 6
16
10 3
6 7
13 2
9 11
11 16
10 6
11 7
12 1
8 13
14 2
15 7
3 5
1 11
1 2
4 11
28
18 1
1 11
14 1
1 21
7 1
1 3
25 1
24 1
1 26
20 1
1 23
5 1
2 1
19 1
1 17
10 1
1 16
4 1
1 8
15 1
1 6
12 1
1 28
1 9
1 27
22 1
13 1
15
15 7
13 7
6 1
8 15
6 11
10 3
3 12
8 14
9 8
8 2
3 15
1 8
6 5
14 4
21
20 12
1 13
19 6
10 8
15 20
11 7
17 16
2 1
14 6
2 21
13 5
18 9
20 1
3 11
18 5
1 6
12 16
14 8
11 13
8 4
28
21 17
26 18
16 7
20 2
20 22
15 24
9 3
27 10
6 25
5 20
26 7
28 8
25 13
16 27
26 9
15 22
4 12
1 7
27 14
19 21
15 1
21 16
8 24
11 8
12 22
25 24
12 23
22
18 11
19 4
8 7
21 2
2 3
9 19
22 3
15 9
20 6
6 17
4 11
16 7
1 15
13 10
22 10
13 16
12 20
5 8
14 5
14 17
21 18
24
2 19
23 13
7 1
6 2
4 13
15 2
16 14
14 10
8 7
24 7
24 17
14 4
9 24
11 5
3 18
22 6
21 8
8 3
4 22
12 13
5 20
5 6
1 22
23
22 2
4 1
21 23
14 23
17 10
16 6
20 16
16 13
23 19
3 2
5 9
8 17
11 7
9 12
7 15
13 18
4 7
1 18
17 4
13 9
2 19
18 19
26
18 25
9 20
3 12
5 6
4 23
13 22
16 21
26 17
8 10
11 8
19 4
3 16
1 21
15 11
24 7
22 19
15 14
14 23
7 10
9 2
26 6
13 25
18 5
2 12
20 24
13
6 3
10 5
7 10
1 13
6 1
8 1
4 3
12 8
5 8
1 9
11 5
2 3
14
6 2
5 1
7 8
12 5
9 13
9 6
12 10
4 1
11 2
7 10
14 9
9 1
6 3
23
1 14
23 1
1 18
2 1
1 11
1 13
1 12
1 6
1 17
9 1
1 5
1 22
20 1
19 1
21 1
1 15
3 1
10 1
7 1
1 8
1 16
1 4
23
19 14
20 19
5 2
23 7
1 14
18 7
19 4
6 9
10 1
11 16
16 3
20 8
10 5
20 13
10 6
15 16
6 22
12 5
3 14
3 7
4 21
4 17
24
9 24
19 13
14 8
22 15
20 14
1 18
10 1
10 24
23 18
19 7
23 3
18 19
6 17
9 2
5 9
23 12
14 11
24 15
16 15
10 8
4 17
21 7
8 17
10
5 1
7 1
8 1
4 1
1 2
3 1
1 9
1 10
6 1
17
1 11
1 6
1 13
16 1
8 1
1 10
1 4
9 1
17 1
1 12
1 7
5 1
14 1
1 2
1 15
1 3
15
2 13
9 5
1 2
3 11
13 6
9 2
13 15
14 1
4 1
5 11
12 11
10 7
5 7
8 14
28
25 9
8 25
17 14
15 5
16 24
2 10
12 19
23 4
12 18
15 11
5 7
26 23
14 2
3 11
21 4
27 17
13 24
20 9
20 22
3 22
21 16
28 10
1 6
27 8
28 18
7 6
19 26
16
6 5
3 9
10 12
6 16
10 2
9 6
6 14
10 15
1 9
8 9
10 4
13 7
10 11
1 7
9 15
25
16 7
10 2
25 7
9 25
6 12
3 11
18 3
17 16
2 14
10 15
4 10
21 3
20 15
7 1
5 12
23 19
8 19
25 12
2 13
4 1
21 4
19 21
22 16
24 15
26
1 11
22 7
26 2
5 20
5 4
6 23
14 12
22 5
18 19
2 23
21 5
10 6
24 23
1 20
16 1
11 14
22 8
10 20
3 1
3 13
25 14
19 26
6 9
15 13
21 17
10
1 3
1 2
6 1
1 8
1 10
5 1
9 1
7 1
4 1
28
12 1
28 13
26 20
24 17
8 27
20 21
16 18
11 23
24 9
19 11
16 10
22 16
2 5
2 4
14 12
24 14
2 21
15 3
7 3
21 12
25 28
25 1
20 6
10 25
28 8
11 10
3 14
13
1 12
7 1
4 1
1 5
3 1
2 1
10 1
11 1
13 1
1 8
9 1
6 1
21
15 21
4 3
1 9
3 7
20 13
15 14
15 16
19 14
3 11
15 12
3 9
12 6
18 20
8 12
5 13
17 13
20 16
15 1
2 18
14 10
13
8 10
2 11
13 5
9 1
3 4
2 5
8 13
3 12
11 6
4 7
10 7
9 12
14
9 13
4 5
14 1
9 5
2 11
6 3
6 14
12 11
8 12
7 8
3 4
13 10
7 10
15
2 15
14 1
6 2
11 13
5 14
2 3
5 7
8 13
2 4
15 9
13 4
10 15
12 13
1 4
18
5 11
3 14
15 18
6 17
16 12
10 18
11 1
17 15
13 4
5 3
14 12
2 7
8 4
2 9
13 16
7 10
6 8
25
9 1
25 1
14 1
1 4
1 8
5 1
12 1
19 1
1 22
21 1
3 1
1 16
1 17
11 1
10 1
7 1
1 18
1 20
1 13
2 1
23 1
1 6
1 24
1 15
15
1 5
15 1
8 1
1 11
7 1
14 1
1 9
1 12
4 1
10 1
1 13
6 1
1 3
2 1
15
13 1
1 7
8 1
12 1
9 1
5 1
6 1
2 1
1 4
1 10
1 11
3 1
1 15
1 14
13
6 3
1 9
8 9
13 6
7 2
5 11
11 3
8 2
10 12
5 12
13 4
4 7
14
6 2
1 2
4 2
8 6
9 2
3 11
7 13
2 10
13 14
1 5
2 3
1 12
9 13
19
6 2
13 4
7 12
10 14
14 18
17 11
6 12
1 18
4 18
4 17
15 12
17 16
3 2
19 13
5 13
2 9
8 14
6 1
26
24 18
3 7
16 17
18 15
5 9
1 24
20 11
26 20
9 23
21 22
7 6
3 22
13 16
14 19
17 25
21 26
19 10
8 11
23 2
5 13
12 14
15 4
25 12
10 8
6 4
24
3 17
10 2
2 13
15 7
22 8
6 5
9 14
17 7
19 8
6 21
22 12
20 5
10 23
20 1
4 13
21 24
24 18
14 11
16 12
19 15
9 23
16 4
3 18
26
12 24
2 8
26 24
15 12
10 9
4 16
3 11
19 22
17 21
22 26
17 20
5 19
7 16
18 10
8 11
14 15
14 18
23 4
2 6
7 5
13 21
1 6
3 20
13 9
25 23
12
3 2
6 12
5 4
9 4
10 4
1 5
6 1
5 3
7 11
3 8
6 7
18
7 14
18 8
4 9
9 8
7 11
11 12
3 5
5 13
14 16
16 10
6 3
15 6
10 13
18 17
2 17
2 12
1 15
21
17 1
4 21
7 19
11 9
12 2
10 9
13 6
8 6
15 16
3 21
20 3
4 19
14 2
17 5
16 7
18 14
13 12
5 15
8 20
10 18
27
14 1
24 1
1 10
1 22
1 5
19 1
18 1
1 2
1 13
23 1
27 1
6 1
1 16
1 26
1 20
8 1
3 1
21 1
17 1
1 7
11 1
15 1
1 4
1 9
25 1
12 1
26
14 25
16 3
18 8
19 1
15 11
23 19
18 2
13 6
26 10
1 22
3 7
12 6
6 7
22 26
10 24
15 25
23 9
17 23
21 10
22 7
26 18
5 14
3 20
25 19
15 4
16
7 8
3 12
9 8
14 13
1 2
15 1
11 9
8 12
1 16
16 8
8 4
5 3
1 10
7 13
6 16
24
13 16
17 11
9 19
23 12
14 17
22 10
1 19
15 22
7 20
3 18
13 4
20 4
15 8
6 12
6 14
21 16
3 5
2 10
24 11
8 18
23 5
9 7
24 21
11
6 8
11 5
2 8
9 6
1 6
4 1
9 3
4 7
10 7
7 11
14
6 13
6 9
3 4
8 7
5 1
4 2
13 14
5 11
12 11
9 10
7 10
12 14
8 3
28
16 28
27 24
18 28
26 15
4 7
19 25
9 28
25 20
11 3
11 27
18 6
19 5
17 5
2 5
7 15
16 13
14 26
1 22
1 9
18 12
25 8
19 22
26 23
27 22
7 21
15 9
16 10
11
1 3
1 9
1 6
1 7
1 8
1 11
1 4
1 5
2 1
10 1
24
9 1
22 1
1 21
20 1
5 1
1 11
1 12
16 1
23 1
15 1
1 13
1 7
8 1
1 17
1 19
1 2
1 24
1 4
1 3
14 1
6 1
1 18
1 10
13
9 12
8 2
5 12
4 10
1 8
3 11
13 7
3 10
9 11
7 5
2 4
13 6
22
5 6
10 13
14 2
21 10
19 4
22 20
22 17
7 17
1 9
9 16
8 14
18 6
5 2
7 18
15 3
21 3
19 16
13 11
20 12
15 4
8 11
26
17 10
15 19
21 20
12 23
8 9
14 7
2 8
6 17
12 22
13 11
15 14
24 7
10 26
3 22
25 18
4 11
20 13
9 23
5 4
21 19
26 2
24 6
18 5
25 16
16 1
13
2 8
13 12
8 11
5 4
1 8
4 3
3 1
2 7
13 10
13 9
6 7
13 3
10
6 9
1 9
5 1
4 1
1 7
9 2
9 8
9 10
3 2
24
1 2
1 6
1 16
11 1
1 4
1 18
8 1
23 1
1 20
7 1
1 24
10 1
1 19
15 1
3 1
22 1
5 1
17 1
12 1
21 1
13 1
9 1
1 14
28
1 15
5 1
1 14
13 1
19 1
1 11
1 18
26 1
16 1
4 1
1 25
28 1
1 9
17 1
1 10
1 2
12 1
1 21
22 1
1 23
1 8
27 1
20 1
3 1
1 7
1 24
1 6
27
12 2
17 10
17 20
21 4
26 19
4 18
11 1
8 26
7 18
23 17
1 9
4 1
20 15
7 12
5 18
26 24
17 25
20 13
1 14
17 18
18 16
1 26
9 22
27 11
7 6
5 3
11
10 6
8 5
1 3
1 11
1 4
2 6
2 1
9 1
7 1
9 8
20
1 14
1 9
18 1
1 16
1 7
1 2
8 1
1 17
6 1
1 3
1 11
20 1
5 1
19 1
10 1
13 1
12 1
1 15
4 1
19
3 19
16 2
11 9
7 14
1 4
12 1
11 15
12 5
19 9
14 13
9 14
8 12
6 18
16 12
17 8
14 6
6 1
10 6
25
24 1
8 12
16 19
1 3
1 2
7 20
1 6
21 16
14 4
11 1
13 22
23 1
9 23
14 17
8 4
10 18
5 7
19 10
15 7
13 1
15 18
6 17
1 25
1 10
20
1 4
9 1
1 5
19 1
1 6
1 20
2 1
1 8
1 15
18 1
7 1
10 1
12 1
1 3
1 11
1 17
1 14
1 13
16 1
27
8 27
26 3
15 13
23 6
3 9
10 22
7 18
4 7
22 11
14 11
2 20
1 6
26 7
5 19
3 25
8 24
17 2
5 23
10 1
2 10
11 16
6 26
8 23
5 12
15 22
21 15
22
11 17
12 10
15 5
1 14
20 21
12 16
19 9
21 2
22 5
18 1
4 17
7 9
18 17
2 14
3 6
14 22
13 21
18 9
8 6
12 2
6 22
28
13 21
1 14
7 3
7 1
16 2
4 16
22 20
24 25
25 14
16 7
15 19
12 2
14 22
13 3
8 20
18 2
28 11
5 4
20 26
9 25
4 27
23 15
3 11
6 24
13 17
11 10
22 15
18
2 1
15 3
16 4
18 10
2 14
8 11
1 11
14 5
13 10
9 16
7 14
1 16
15 6
18 12
7 3
17 4
10 1
16
6 1
1 13
1 9
2 1
15 1
5 1
8 1
16 1
1 7
1 14
4 1
3 1
12 1
1 10
11 1
21
1 3
1 2
1 9
19 1
4 1
1 7
16 1
1 8
1 15
1 12
1 17
1 11
1 5
1 6
14 1
1 10
1 20
21 1
1 18
1 13
24
5 2
10 5
16 18
4 23
9 1
2 22
24 22
10 19
24 18
17 12
6 7
13 11
21 8
19 21
23 15
14 11
20 15
14 3
3 16
13 7
12 8
9 6
4 17
11
3 8
1 11
9 4
10 5
6 11
1 7
4 7
2 9
1 3
7 10
12
7 1
1 11
6 1
1 9
1 5
3 1
10 1
4 1
8 1
12 1
2 1
27
9 23
8 3
4 11
11 20
25 19
16 19
17 8
6 13
22 2
1 16
27 6
14 24
15 4
21 10
5 7
26 21
24 15
12 27
25 7
23 20
3 26
14 12
18 2
18 13
9 5
22 17
14
11 4
6 12
8 9
7 1
14 3
5 2
5 3
2 4
10 12
14 13
7 11
13 9
10 8
25
11 1
1 2
18 1
1 3
19 1
1 5
12 1
1 21
16 1
1 23
1 13
20 1
7 1
1 17
1 9
1 10
1 8
6 1
1 15
1 14
4 1
1 25
1 22
1 24
14
10 9
14 4
11 6
12 10
3 2
9 11
13 10
5 4
8 4
9 1
3 7
5 1
5 3
27
14 26
23 4
17 26
27 22
3 20
14 21
17 15
4 16
22 11
25 15
23 19
10 18
1 6
13 9
27 6
19 3
2 16
12 20
8 2
5 18
25 12
21 5
10 7
9 24
11 8
13 7
17
13 8
13 2
6 4
6 17
11 16
6 12
4 10
1 9
3 17
1 15
10 16
5 1
7 1
1 6
16 2
1 14
25
16 18
24 2
6 11
12 11
20 16
14 8
25 14
4 7
13 19
23 25
10 1
12 9
8 17
15 23
7 5
3 21
6 13
9 22
19 18
5 15
21 20
10 4
2 22
3 17
22
11 13
2 21
16 17
12 20
1 10
19 6
14 2
10 6
12 4
18 8
8 10
21 11
19 15
1 21
2 9
16 8
3 18
19 22
6 12
18 5
11 7
26
21 25
12 20
16 23
10 2
23 24
12 19
15 23
3 6
22 7
14 7
22 1
7 8
13 8
8 9
19 24
24 1
10 5
19 21
14 18
10 3
6 26
22 3
6 4
17 12
14 11
24
12 17
9 11
10 18
5 6
16 2
19 13
20 5
24 4
19 3
19 22
4 8
6 23
1 23
15 18
14 9
13 4
14 16
16 21
12 9
5 7
23 13
6 18
14 1
24
20 10
13 16
13 15
3 14
1 16
14 16
7 14
12 9
8 23
23 5
6 17
6 4
19 11
21 6
20 1
22 11
2 18
17 20
2 10
11 10
17 23
2 24
13 9
24
16 20
6 12
24 11
14 10
3 7
5 10
19 11
4 8
21 3
24 13
17 12
2 8
22 7
19 20
18 23
22 16
9 2
18 9
6 14
4 5
15 17
21 1
23 13
18
12 14
11 14
13 17
8 18
15 18
2 4
12 18
1 2
6 3
12 1
13 10
7 4
4 5
16 6
11 9
2 6
14 13
27
19 1
1 20
18 1
11 1
1 16
25 1
1 2
1 26
1 7
1 23
5 1
1 3
17 1
1 21
1 6
9 1
1 22
10 1
15 1
1 14
4 1
27 1
13 1
24 1
8 1
12 1
18
11 5
5 10
9 1
15 12
4 13
13 10
1 6
6 18
9 17
16 12
6 10
18 2
12 9
7 18
14 17
3 17
8 5
25
10 3
15 18
9 16
25 13
2 1
13 5
8 6
14 21
7 11
13 23
18 24
4 24
6 2
17 9
5 9
7 2
3 6
3 19
5 4
14 24
20 14
12 7
18 22
4 1
23
16 11
2 4
20 7
17 4
8 7
12 9
6 17
22 11
3 23
6 7
6 19
20 15
17 10
5 12
21 10
23 21
1 17
13 17
9 16
16 1
20 14
2 18
19
1 9
13 14
17 8
8 10
12 18
11 4
6 2
15 6
9 4
9 8
15 1
7 6
3 11
16 14
15 14
11 5
4 12
12 19
24
5 15
7 9
19 14
8 21
23 10
21 23
3 9
14 22
12 16
5 13
6 18
20 13
7 1
10 16
22 17
18 24
20 2
8 15
17 6
3 24
4 2
4 11
11 19
20
15 11
14 10
7 13
2 11
17 12
1 7
14 13
8 13
18 17
9 17
20 16
9 5
6 11
3 5
7 9
16 4
5 19
15 1
16 15
25
14 23
22 1
19 16
19 4
1 8
21 9
21 20
21 3
1 24
18 5
4 9
18 2
7 8
10 13
17 3
13 2
9 6
13 12
25 8
16 15
23 3
10 1
11 8
1 3
19
6 9
18 3
17 6
11 13
2 3
7 18
2 15
14 9
11 8
12 19
4 14
13 16
1 17
5 19
4 7
15 16
10 8
12 10
19
6 14
5 3
10 2
11 10
13 1
16 3
12 19
18 11
13 19
17 19
8 6
3 14
4 6
13 14
2 7
9 11
10 1
2 15
24
3 12
16 10
13 14
16 22
4 21
3 11
6 15
16 5
9 14
5 6
7 5
1 2
2 23
18 21
2 21
8 23
23 20
17 7
18 19
7 24
14 15
15 3
1 6
24
21 15
9 5
1 14
1 9
14 8
16 1
1 4
1 21
14 12
23 14
12 13
24 15
17 14
20 11
16 2
18 22
4 20
19 16
10 1
21 18
21 7
6 10
1 3
12
7 5
1 12
2 12
8 1
1 6
5 3
6 10
9 10
8 11
1 5
4 1
11
7 1
2 1
5 1
1 4
8 1
9 1
1 3
1 11
1 6
10 1
15
14 1
5 1
1 13
11 1
4 1
1 2
1 9
1 7
6 1
1 8
1 15
10 1
1 3
12 1
13
1 8
12 1
4 1
1 3
1 6
1 10
1 11
13 1
1 9
1 5
2 1
1 7
17
1 12
16 1
14 1
1 13
1 4
1 10
1 17
1 8
7 1
1 15
5 1
1 6
1 2
1 9
3 1
11 1
29
28 4
14 12
1 29
27 15
21 12
27 8
16 11
27 2
22 8
4 10
24 21
3 6
1 17
25 2
23 11
18 20
19 7
27 1
18 28
13 24
9 1
21 26
5 7
4 9
11 29
9 21
19 21
21 3
10
1 2
8 7
3 10
5 4
7 10
2 4
6 9
6 3
9 5
16
1 6
1 13
14 1
1 9
3 1
15 1
10 1
1 4
1 11
1 8
1 2
16 1
1 7
12 1
1 5
17
5 9
13 10
3 13
15 2
12 6
16 14
6 17
7 14
3 14
7 1
1 2
2 4
2 5
11 2
5 8
12 1
12
6 11
2 12
9 10
1 12
3 7
2 8
11 5
4 2
11 12
7 9
1 9
18
1 9
1 14
6 1
1 3
1 7
18 1
5 1
10 1
17 1
11 1
4 1
12 1
16 1
1 8
1 2
1 15
13 1
28
1 19
23 1
25 1
1 17
1 20
1 12
1 6
9 1
1 14
3 1
28 1
1 15
1 27
26 1
1 4
7 1
22 1
21 1
1 24
10 1
1 13
1 5
1 16
11 1
1 18
2 1
1 8
26
8 26
18 9
21 19
6 18
1 14
17 26
9 1
12 4
23 6
2 16
21 7
15 11
18 11
21 25
14 26
20 6
22 2
22 12
5 13
5 19
10 12
9 22
11 3
19 14
24 2
15
1 7
4 6
9 12
5 2
3 2
1 8
9 11
14 13
8 13
7 9
7 4
4 10
2 8
13 15
16
1 5
12 5
6 10
4 12
15 13
7 14
8 13
9 2
8 9
6 15
10 11
3 7
3 16
2 14
11 4
23
8 22
1 8
18 9
13 5
6 7
8 3
9 4
10 14
13 8
1 9
11 1
6 16
19 20
15 19
1 17
2 19
17 2
6 1
2 12
23 10
1 10
1 21
20
13 14
3 13
19 11
19 6
2 9
7 20
10 15
20 10
1 17
5 4
16 2
4 16
8 2
16 17
18 1
12 4
18 13
17 20
19 18
23
18 19
6 2
17 23
8 22
13 16
22 3
23 7
2 22
8 1
14 22
11 9
15 5
2 12
3 9
16 3
10 20
1 20
19 2
2 15
8 21
4 6
7 1
16
6 11
2 9
13 5
4 3
9 16
15 13
7 6
10 15
13 2
4 14
12 9
2 1
1 8
8 6
8 4
23
18 17
16 10
14 1
21 11
20 19
7 23
21 12
6 10
7 18
9 3
15 8
19 22
8 4
5 2
3 6
9 12
5 13
2 4
13 20
14 16
11 15
22 17
20
18 17
5 3
8 6
11 19
10 14
2 8
6 9
16 1
5 1
2 1
11 12
13 18
10 3
4 7
15 2
12 1
5 7
1 18
16 20
28
21 26
23 25
4 9
14 3
27 2
9 28
11 26
5 2
16 21
11 12
6 22
6 20
19 23
7 23
25 9
17 14
16 6
24 7
8 4
18 19
10 19
13 11
1 21
1 25
15 7
16 2
26 14
15
15 9
4 14
4 3
5 3
14 12
6 13
8 6
3 2
15 7
10 14
1 4
6 11
1 11
11 15
16
2 11
9 12
6 15
15 14
3 12
7 9
7 1
16 13
10 11
8 16
4 15
7 16
1 14
11 14
5 9
14
3 14
14 12
7 11
5 3
5 1
11 8
13 10
9 6
6 12
8 13
2 7
9 4
10 4
17
4 10
7 2
1 7
17 9
5 6
7 17
16 12
10 8
5 2
10 11
16 15
1 8
16 8
2 14
13 17
3 5
21
11 6
9 18
10 5
11 12
8 21
13 1
19 2
20 6
18 8
17 10
1 18
15 14
18 14
11 5
2 15
4 1
11 7
5 16
8 3
11 4
21
11 18
8 10
8 14
15 14
6 8
13 8
16 8
12 2
18 12
21 14
13 1
13 19
13 5
3 16
12 17
19 4
7 14
9 20
20 12
8 20
14
2 8
13 14
8 5
9 12
1 12
9 7
12 3
14 10
14 4
3 11
3 6
10 8
1 10
24
13 18
9 5
15 3
23 6
7 21
13 3
16 22
20 19
18 11
23 8
20 10
4 22
6 1
16 11
10 2
17 14
2 17
9 7
19 21
12 15
5 4
24 12
14 8
23
19 14
15 3
17 10
4 2
18 20
20 13
8 17
23 14
1 12
20 15
12 9
12 19
15 11
10 16
5 1
2 12
1 10
4 7
13 1
22 19
3 21
16 6
17
3 8
4 6
13 4
11 14
15 16
2 4
17 14
16 17
16 5
9 6
16 9
15 3
9 7
9 12
1 10
9 1
10
9 10
5 7
4 6
6 10
8 2
8 6
4 1
2 3
5 9
20
5 18
10 6
7 6
11 4
19 6
16 3
13 20
17 11
13 9
7 3
14 2
12 5
17 13
5 2
11 8
15 3
7 12
1 12
17 1
28
8 11
3 11
23 7
4 12
16 28
18 9
26 10
19 2
4 22
17 2
6 23
27 9
15 4
24 16
1 7
2 3
27 1
7 3
18 21
6 14
26 12
12 27
16 23
6 20
11 5
26 25
9 13
16
1 13
3 15
3 1
6 13
6 9
2 1
1 8
5 2
3 11
13 7
4 10
10 13
12 8
8 14
16 1
16
9 1
15 1
4 1
16 1
1 2
7 1
1 13
3 1
1 12
11 1
14 1
1 5
6 1
10 1
8 1
26
25 24
8 6
22 9
19 23
13 6
8 7
19 10
1 21
12 24
7 17
4 22
19 14
6 5
14 22
20 3
21 15
11 18
15 18
16 3
24 26
26 1
21 14
26 8
15 3
18 2
17
13 16
8 11
3 17
3 11
15 8
16 5
12 17
7 11
15 6
14 8
7 4
2 12
10 7
1 3
16 11
9 16
27
6 4
1 26
23 11
8 13
25 3
10 12
23 27
26 21
22 2
10 19
22 4
25 2
16 14
1 22
20 8
14 13
14 17
7 8
24 21
4 10
25 15
2 23
18 6
5 21
9 6
26 13
27
5 1
12 1
1 27
1 6
16 1
22 1
1 17
24 1
1 15
1 4
1 23
25 1
2 1
1 11
1 21
9 1
19 1
26 1
1 10
3 1
1 18
7 1
1 20
8 1
14 1
1 13
25
7 6
19 16
4 23
22 13
17 23
14 19
23 16
14 12
23 20
1 6
11 24
3 19
3 25
10 16
5 16
24 20
15 23
22 7
21 7
1 16
14 2
23 9
1 18
23 8
25
14 2
21 12
9 23
12 1
24 16
5 25
5 21
11 12
13 14
2 1
19 17
16 6
7 4
10 5
18 10
23 18
21 7
15 23
23 8
16 19
3 4
20 1
12 16
16 22
29
8 6
3 12
7 1
18 6
25 6
14 5
10 17
13 19
2 1
11 20
26 27
4 17
24 7
19 16
5 19
28 22
5 2
7 25
29 3
21 11
2 20
24 3
20 28
24 26
28 23
26 9
17 25
11 15
13
12 10
2 4
11 8
6 1
5 6
6 2
13 10
9 2
10 3
11 7
1 3
3 11
18
1 14
1 11
13 1
16 1
1 7
17 1
12 1
2 1
3 1
15 1
1 8
5 1
1 18
10 1
6 1
1 9
4 1
12
6 7
5 9
1 7
11 10
3 12
3 7
6 4
1 8
2 11
7 9
7 11
22
5 18
15 7
22 6
18 16
19 16
9 21
22 16
9 17
14 6
11 19
19 2
6 15
18 20
8 17
3 8
17 1
8 10
4 15
14 13
1 22
9 12
12
7 12
2 5
1 5
11 7
8 7
10 6
10 12
4 10
3 5
9 2
12 1
12
12 2
7 10
1 5
5 4
11 6
1 11
7 8
2 5
8 1
6 3
9 11
17
10 2
10 14
6 12
11 8
14 4
11 17
7 13
9 15
15 8
12 7
5 3
6 4
17 13
2 3
16 1
9 16
17
11 17
16 8
10 11
10 3
8 5
10 1
15 8
12 5
1 8
7 12
3 13
9 7
4 10
5 6
1 2
14 15
13
12 1
8 1
13 1
1 2
9 1
5 1
3 1
1 10
1 4
11 1
1 7
6 1
29
5 17
9 27
3 11
26 20
3 6
22 23
19 21
7 4
8 11
26 18
20 8
12 23
29 17
7 2
15 19
27 24
10 9
7 16
25 3
23 16
14 27
28 26
13 20
1 10
16 10
11 19
17 9
8 1
24
1 12
17 3
3 14
19 2
18 8
15 9
11 22
14 21
6 8
23 9
16 7
2 7
24 10
4 13
5 15
11 4
18 24
5 22
20 13
16 20
19 17
12 6
10 23
26
12 1
17 1
13 1
15 1
1 7
1 21
19 1
6 1
1 24
11 1
1 2
1 5
9 1
1 18
1 4
1 25
16 1
26 1
1 23
14 1
1 3
1 20
1 22
1 10
8 1
23
20 17
22 6
15 17
10 11
5 3
9 12
14 10
18 7
21 7
14 12
13 2
6 23
19 4
9 3
23 5
19 20
15 8
22 8
1 13
21 16
4 16
2 18
13
12 5
1 9
12 10
9 12
2 13
13 1
13 4
6 9
4 3
7 4
6 11
8 6
20
9 12
4 17
18 19
9 2
13 11
10 17
16 1
3 17
18 15
10 9
13 7
13 16
8 16
19 1
6 15
18 20
8 5
10 19
14 8
23
12 6
2 14
23 22
8 13
14 5
12 16
20 10
19 2
3 9
5 3
16 1
14 20
23 16
9 18
15 23
2 7
13 3
5 1
17 9
21 13
20 11
4 12
17
1 7
6 2
11 7
8 5
13 10
5 9
7 8
1 17
15 8
4 8
3 6
12 8
14 10
7 6
8 14
16 7
26
17 23
12 25
5 15
14 2
16 5
10 21
11 18
7 25
26 24
4 13
21 26
3 23
8 18
6 11
3 13
17 22
4 20
19 24
19 9
15 6
10 1
12 14
7 16
9 20
22 8
28
24 7
9 4
21 6
2 14
10 17
27 8
24 20
18 1
14 6
15 1
18 7
7 4
25 22
5 27
2 12
3 6
23 13
18 5
11 2
25 23
26 10
10 5
19 27
25 15
16 4
24 28
15 14
11
5 1
1 6
1 11
10 1
7 1
4 1
3 1
1 8
1 2
9 1
19
18 15
9 3
6 4
14 13
15 9
11 2
5 12
8 3
17 16
17 19
11 8
16 2
1 14
7 13
7 10
12 4
19 5
10 6
22
18 10
17 6
20 1
3 1
16 13
21 2
19 7
14 9
8 15
1 18
2 3
15 14
3 7
17 22
9 4
13 12
17 3
13 19
11 7
1 5
19 14
24
9 6
8 14
22 6
5 22
6 8
4 13
7 1
12 10
7 8
17 12
21 6
1 11
7 3
15 16
19 13
20 23
14 2
13 20
13 7
18 10
15 13
12 11
24 10
19
13 10
12 18
8 5
15 7
18 3
10 14
17 18
12 11
4 5
1 17
12 2
19 15
10 17
16 5
4 15
4 1
9 3
6 3
15
6 7
8 11
9 1
8 7
13 1
1 12
5 15
12 7
14 1
3 13
9 4
4 10
2 12
15 12
29
10 1
16 10
17 27
23 26
20 2
1 29
23 6
19 1
6 9
27 9
23 11
3 6
21 24
23 13
8 15
18 26
3 22
6 8
24 9
14 23
6 1
3 25
24 2
28 4
4 25
11 7
9 12
26 5
16
15 8
7 2
6 11
2 4
7 13
12 6
7 3
1 9
16 8
7 11
16 10
11 14
5 16
2 10
1 2
27
5 11
26 8
23 11
6 10
25 4
22 13
7 9
3 15
19 14
20 24
21 19
9 6
25 1
26 27
4 23
20 22
8 16
18 12
14 16
5 18
7 21
13 3
24 17
17 2
15 27
2 12
25
17 18
4 16
22 12
19 4
7 8
1 6
14 5
13 5
4 9
20 10
10 11
23 25
7 21
2 18
15 22
24 7
10 9
6 9
21 23
22 3
21 1
15 18
6 15
5 23
24
7 17
7 2
4 11
6 3
16 1
2 10
17 18
20 17
2 5
8 20
6 13
5 21
1 22
4 3
9 8
23 7
24 18
14 17
10 12
1 7
3 1
19 12
17 15
15
9 13
4 8
8 3
7 3
12 4
12 2
9 14
15 2
10 14
6 4
5 9
4 14
11 10
1 4
27
26 9
25 23
5 11
13 7
16 26
11 8
1 3
14 24
12 25
17 21
11 15
14 4
9 12
21 20
16 22
15 21
2 14
10 11
11 18
19 7
13 6
27 10
1 12
5 9
14 15
10 19
15
1 14
10 1
15 1
13 1
1 11
3 1
1 7
6 1
5 1
12 1
9 1
8 1
2 1
1 4
18
15 8
2 18
3 15
5 11
17 1
1 18
12 1
4 11
15 6
1 15
15 9
16 7
13 17
5 15
12 14
1 16
1 10
29
4 9
12 18
5 14
25 7
17 22
24 18
17 13
24 14
8 20
26 13
3 26
21 1
15 16
3 23
27 11
4 10
9 28
16 10
20 7
19 15
22 2
2 27
23 12
11 19
8 6
25 21
29 28
6 5
10
3 5
6 8
5 8
3 2
2 9
10 4
1 10
6 7
9 4
14
12 11
9 7
5 10
4 1
3 8
1 10
3 11
1 7
13 7
4 14
3 10
1 2
7 6
26
19 14
15 7
18 24
9 13
25 11
2 23
23 22
18 16
3 12
7 24
3 21
5 10
17 6
4 11
8 13
20 17
22 5
1 10
4 19
9 12
15 8
20 21
25 6
2 26
26 14
29
7 28
3 28
24 23
22 4
26 2
13 14
18 29
21 15
19 16
11 6
15 10
5 13
8 20
27 18
20 11
14 29
8 16
2 6
25 5
9 27
1 17
26 10
17 12
22 19
12 3
24 7
4 23
25 21
21
15 1
1 20
1 13
2 1
4 1
17 1
10 1
1 19
1 5
18 1
1 8
16 1
1 7
14 1
11 1
3 1
6 1
21 1
1 9
12 1
18
7 1
1 11
1 9
10 1
1 4
1 5
1 15
18 1
1 2
3 1
13 1
6 1
16 1
14 1
1 12
8 1
17 1
19
14 9
19 1
2 13
5 18
11 7
12 10
17 12
4 14
3 2
5 1
16 14
15 18
5 9
18 6
19 12
9 11
19 2
8 11
20
7 9
3 6
7 10
4 13
12 4
17 11
2 1
4 18
11 19
15 14
18 11
20 5
2 9
9 15
16 7
15 8
5 2
5 3
1 18
26
26 1
12 16
12 19
18 13
5 20
21 9
7 13
11 6
11 1
20 8
22 24
4 8
17 16
1 14
12 23
24 1
1 12
11 25
21 15
15 2
13 10
12 3
12 13
20 21
6 21
18
6 1
18 1
13 1
1 12
9 1
1 17
5 1
7 1
1 11
8 1
4 1
10 1
1 2
16 1
1 3
15 1
14 1
21
18 17
12 19
1 9
5 6
12 7
18 12
5 15
4 13
8 13
1 14
12 1
20 13
2 13
1 13
3 21
2 5
11 13
16 5
18 3
10 11
22
5 18
22 1
15 2
22 17
3 13
15 17
1 11
14 19
12 9
13 6
21 7
19 22
17 7
10 8
19 13
20 22
13 12
4 1
5 14
16 22
7 8
16
9 1
7 11
15 16
5 8
11 1
9 2
11 15
15 4
4 6
8 9
16 3
10 14
10 9
1 12
13 8
27
19 17
1 12
15 18
23 22
21 23
13 27
19 2
1 3
8 23
5 20
5 14
11 5
7 9
14 18
25 27
7 17
12 14
12 17
10 4
3 8
4 8
7 24
18 6
26 19
3 27
4 16
27
11 26
4 1
16 19
2 11
1 5
23 12
17 23
19 6
23 10
11 17
27 7
8 13
6 14
11 15
19 8
3 11
24 8
7 5
20 4
9 15
7 25
2 18
5 22
21 19
1 3
19 1
16
1 5
6 1
1 4
3 1
1 15
1 14
16 1
1 2
8 1
1 9
1 13
12 1
11 1
1 10
1 7
22
1 19
10 15
2 15
17 5
18 13
18 1
20 17
20 14
19 11
1 16
17 8
15 21
1 7
4 11
20 6
12 4
15 17
9 21
22 14
1 17
3 5
15
11 13
5 1
15 14
15 12
5 10
2 8
7 8
12 2
9 6
6 11
10 9
4 3
7 13
4 14
19
3 16
18 15
6 18
1 12
10 5
8 13
8 3
17 5
14 16
6 4
15 7
11 4
19 2
19 9
12 10
14 11
9 7
2 17
27
12 21
24 22
7 19
17 4
2 11
7 23
11 9
24 9
20 17
21 26
19 10
25 22
25 4
27 14
15 8
13 6
14 10
27 13
15 1
18 5
3 5
6 12
16 3
2 26
18 8
20 16
23
21 22
2 6
11 16
8 16
5 10
15 6
20 18
5 13
17 9
8 15
4 11
14 20
23 19
1 7
7 22
17 14
13 9
21 2
12 23
19 18
4 3
3 10
26
8 11
16 1
25 10
23 19
4 8
5 18
20 16
17 24
4 22
10 14
23 20
12 25
15 13
3 6
18 21
2 17
9 3
22 9
26 11
26 19
21 7
24 14
15 7
12 6
13 2
28
1 20
15 1
1 5
28 1
1 10
6 1
7 1
1 16
24 1
18 1
1 2
1 26
1 14
1 27
23 1
1 19
1 4
1 9
21 1
1 3
1 12
8 1
1 11
1 25
13 1
22 1
1 17
17
1 16
4 1
6 1
14 1
1 3
1 17
10 1
13 1
1 8
5 1
1 11
1 12
2 1
9 1
15 1
7 1
14
1 10
9 7
12 6
6 1
2 13
13 8
2 9
1 4
11 1
10 3
5 4
14 12
1 13
11
1 9
3 1
6 1
1 11
1 4
1 2
7 1
1 8
10 1
1 5
13
10 4
10 13
5 11
10 2
6 11
5 10
3 12
1 10
9 2
1 12
1 7
8 5
14
2 1
11 1
1 3
1 7
1 10
1 12
5 1
1 4
9 1
1 13
8 1
14 1
6 1
25
1 5
14 25
3 1
9 18
14 8
9 11
6 5
4 20
10 17
9 19
1 2
15 9
23 13
10 16
12 2
24 18
7 2
19 4
2 13
1 11
14 9
18 21
2 22
17 23
13
1 9
12 1
7 1
1 6
2 1
10 1
1 8
1 13
5 1
1 11
1 4
3 1
19
6 1
14 3
11 6
8 7
10 18
15 2
4 17
18 14
3 7
13 5
14 12
13 1
7 2
1 19
8 1
7 4
13 16
11 9
18
14 4
15 14
16 2
9 16
18 5
8 10
8 12
2 3
12 6
7 3
13 11
9 5
11 18
7 15
4 6
17 1
10 17
19
1 13
4 1
15 1
10 1
1 3
1 18
14 1
1 6
8 1
1 12
11 1
9 1
1 5
1 19
1 16
1 7
1 17
1 2
27
25 1
1 7
6 1
1 12
13 1
9 1
5 1
3 1
17 1
4 1
18 1
1 19
26 1
1 20
23 1
1 22
2 1
14 1
15 1
1 11
1 24
1 21
27 1
1 8
16 1
10 1
12
1 12
8 11
10 2
11 6
9 7
7 1
4 5
12 2
7 5
3 2
12 11
19
5 7
9 6
2 9
1 7
17 11
17 18
15 16
19 14
11 12
8 4
5 12
13 18
14 3
3 16
13 2
15 4
8 10
10 6
10
4 1
1 8
1 5
7 1
2 1
1 9
10 1
1 6
3 1
18
15 18
14 6
6 12
18 5
12 16
8 7
9 16
13 2
4 13
2 10
17 3
1 17
7 11
10 5
11 9
14 4
8 3
14
8 1
1 3
10 1
1 7
13 1
5 1
4 1
2 1
12 1
11 1
1 6
1 14
1 9
22
5 6
16 10
15 16
22 3
20 2
16 7
13 22
9 3
6 18
9 12
3 2
2 14
13 17
17 8
19 11
19 7
13 6
21 9
1 22
7 1
4 19
16
8 3
11 14
11 7
3 4
12 6
8 9
5 10
16 1
13 7
15 4
13 6
10 2
14 5
2 15
9 16
18
10 14
3 8
1 18
15 11
6 1
2 16
16 12
15 4
9 17
1 16
14 8
4 14
13 7
1 5
8 9
4 13
14 1
11
7 1
1 4
6 1
1 5
1 9
8 1
1 3
11 1
1 2
10 1
25
1 21
5 24
15 10
14 1
11 23
20 16
2 3
21 4
1 8
2 13
14 25
1 22
7 10
3 11
18 13
9 22
14 5
21 12
6 16
1 2
17 2
10 13
19 11
14 20
18
5 10
11 13
3 7
4 7
16 2
6 5
8 17
16 5
15 17
17 18
7 15
15 1
9 12
14 12
2 12
16 1
11 2
16
7 6
11 10
13 14
5 11
13 16
7 9
9 12
12 2
15 3
14 5
2 4
6 1
8 4
10 8
16 15
25
2 3
24 6
13 16
23 20
19 21
20 25
18 15
25 8
18 8
9 3
12 15
5 10
11 9
19 10
17 2
4 7
5 16
21 11
13 14
22 12
7 24
22 17
1 14
6 23
25
15 17
8 22
19 25
10 20
13 21
15 7
9 3
25 12
23 20
1 18
13 16
14 22
10 21
25 10
3 24
22 2
21 1
4 16
20 11
6 16
13 15
18 8
18 3
5 8
19
19 1
1 14
1 2
8 1
1 15
1 4
9 1
6 1
1 17
1 7
10 1
1 18
16 1
3 1
1 11
12 1
13 1
1 5
17
8 14
16 13
3 10
9 12
2 17
10 6
7 6
4 15
17 11
11 8
15 16
12 2
1 3
9 13
7 4
14 5
22
10 20
12 4
22 18
10 15
1 6
7 2
2 12
4 3
17 2
10 18
1 9
15 21
11 2
17 5
17 1
8 18
3 14
1 16
13 10
17 19
1 21
26
1 9
1 5
11 1
6 1
1 23
1 25
1 3
24 1
13 1
1 18
26 1
1 19
22 1
1 20
17 1
7 1
16 1
21 1
14 1
1 8
1 4
12 1
1 15
10 1
2 1
19
1 10
1 5
2 1
14 1
1 17
1 3
1 4
6 1
1 12
1 13
1 8
7 1
15 1
11 1
1 19
1 18
16 1
1 9
28
3 5
8 14
4 28
16 19
26 2
8 12
1 26
8 19
25 7
11 15
8 10
6 5
5 19
21 22
12 1
1 23
21 15
18 26
5 13
20 3
24 7
27 26
21 26
7 26
5 17
9 25
1 4
22
5 20
10 20
6 9
10 17
8 21
21 16
18 17
14 13
1 15
20 2
19 15
9 21
3 6
17 7
13 12
1 10
4 11
19 13
22 6
19 4
15 9
25
23 24
13 12
11 10
12 22
8 17
25 14
9 3
25 19
8 4
4 1
16 23
18 7
1 9
20 3
23 18
4 2
13 23
4 25
12 5
6 18
15 6
21 22
22 1
10 22
20
16 5
5 13
4 7
1 19
19 6
19 18
17 16
8 2
4 17
20 16
16 2
10 16
20 3
6 12
10 11
9 16
20 19
15 2
14 18
29
26 22
18 24
29 1
22 21
8 24
17 10
9 3
15 19
27 23
26 20
20 7
12 6
10 28
14 11
2 4
3 5
8 25
12 17
13 2
13 23
15 11
16 21
28 9
5 4
25 14
27 29
7 19
6 16
15
1 9
9 4
3 14
11 6
4 5
3 1
8 14
12 15
13 6
6 9
2 15
7 4
14 10
15 3
19
13 8
3 9
10 17
11 6
19 4
14 17
15 14
2 13
5 12
7 10
3 11
6 18
2 9
1 4
5 15
7 18
19 16
16 12
26
7 25
26 23
15 4
10 4
6 20
20 11
23 14
17 7
16 9
3 8
7 10
23 24
21 3
8 26
12 26
2 16
13 5
15 16
4 1
1 8
18 12
3 22
13 15
19 13
10 20
13
12 9
4 6
7 2
8 3
5 6
8 9
11 4
13 10
3 13
5 2
1 12
11 10
10
5 10
4 1
2 7
8 6
9 5
7 4
3 8
10 2
6 9
15
11 13
15 10
2 15
1 4
4 14
9 13
7 9
4 15
5 9
13 1
14 6
3 11
14 12
8 11
22
18 5
1 19
5 8
11 4
1 6
19 3
14 21
19 21
4 17
20 6
4 12
1 2
3 4
5 3
5 9
10 4
10 16
5 13
14 15
1 7
22 1
23
9 1
1 13
1 16
3 1
1 7
10 1
1 8
5 1
1 23
22 1
1 17
1 11
14 1
1 6
19 1
1 18
1 12
21 1
1 15
2 1
1 4
1 20
25
13 18
3 11
23 16
12 21
14 24
16 10
7 8
24 23
13 10
6 19
14 21
7 9
15 17
4 12
20 25
18 6
2 20
8 11
22 2
17 4
5 22
19 5
1 25
15 9
10
10 7
10 3
4 6
1 6
8 5
2 5
4 2
3 8
9 7
15
5 7
12 9
11 10
15 3
1 11
2 7
11 15
6 8
11 4
13 1
10 2
12 11
11 14
6 11
19
12 7
15 3
2 4
16 11
10 14
2 5
7 16
1 17
9 15
5 9
6 14
13 3
17 6
18 8
18 10
13 19
19 11
8 4
19
17 1
13 1
4 1
1 15
18 1
5 1
1 7
11 1
8 1
1 6
10 1
1 12
1 19
1 16
1 2
9 1
14 1
3 1
21
7 16
19 3
18 6
11 12
9 1
3 20
16 14
10 3
12 21
16 17
19 8
13 19
1 14
10 4
2 3
19 1
15 2
14 12
1 6
5 18
12
7 2
1 5
4 11
9 2
12 3
12 7
9 8
6 10
11 3
5 4
8 6
23
22 13
7 16
7 3
4 15
20 16
23 20
7 13
17 19
10 8
13 9
1 12
18 1
5 14
2 16
1 15
21 1
14 17
2 10
6 20
16 18
16 11
18 14
29
24 19
13 14
3 21
8 7
23 1
20 19
18 22
12 10
23 8
8 29
19 8
26 5
2 23
13 12
6 8
11 13
27 22
9 23
14 8
18 17
4 11
15 24
25 1
16 23
1 22
6 5
28 9
20 21
17
4 5
17 1
10 15
11 2
11 8
6 16
15 16
15 14
4 3
9 7
12 9
17 16
12 11
12 1
13 9
17 4
24
24 16
8 4
11 9
3 22
20 5
5 7
21 5
5 1
1 18
20 12
7 9
5 23
4 3
23 10
3 19
19 6
15 2
13 7
1 2
1 17
5 3
14 10
16 23
10
2 1
10 1
4 1
9 1
5 1
1 6
3 1
1 8
1 7
17
16 11
15 10
16 14
4 9
5 8
15 3
9 5
3 11
17 2
13 12
4 6
7 1
7 8
17 12
10 13
14 6
24
1 13
5 2
1 19
23 3
20 7
5 16
1 10
14 19
1 12
18 9
15 22
21 6
22 1
19 6
11 6
1 3
22 17
24 8
3 9
12 20
8 19
5 21
4 8
16
3 7
16 7
16 4
15 1
11 5
13 12
13 2
14 15
1 11
9 16
7 13
1 7
6 16
8 16
9 10
14
5 1
1 6
1 12
1 14
9 1
3 1
2 1
4 1
1 11
1 7
1 8
10 1
1 13
29
27 17
18 17
4 5
15 6
26 13
2 14
22 1
21 6
12 8
23 26
7 14
20 22
29 24
24 16
25 20
9 11
26 10
9 18
18 14
10 5
12 28
12 27
6 20
22 10
19 9
27 24
3 5
1 17
14
8 1
1 14
1 12
1 3
13 1
1 5
1 7
1 4
1 2
10 1
1 9
1 6
11 1
20
14 20
2 15
9 19
19 5
16 2
3 11
1 13
15 9
18 10
20 6
16 10
12 5
7 12
14 11
3 8
4 13
17 7
6 18
4 8
16
14 12
1 2
16 1
7 13
5 9
6 8
8 14
3 7
1 11
9 1
10 8
1 3
4 16
15 3
9 14
25
12 11
5 19
19 14
6 4
7 22
16 24
6 1
15 24
3 11
25 23
14 6
4 20
9 25
10 24
4 2
22 23
15 8
11 15
8 23
19 17
18 22
1 8
25 13
21 14
15
6 11
4 3
8 13
15 1
7 6
6 15
1 10
10 9
14 13
5 9
9 12
15 13
4 2
10 4
19
14 5
18 9
18 5
18 2
9 3
1 7
2 17
4 10
7 16
11 1
18 10
7 6
12 7
11 19
5 15
8 18
18 1
13 16
15
7 1
8 13
7 12
13 3
12 14
3 1
11 2
2 3
6 13
7 15
9 2
15 4
15 10
12 5
26
6 21
14 8
25 26
3 8
3 24
21 1
2 19
23 26
16 5
21 3
22 21
20 5
5 9
12 10
1 20
4 20
10 1
20 11
8 15
5 7
26 4
10 18
19 22
13 4
1 17
20
10 9
12 10
15 12
14 3
16 9
13 18
7 6
3 19
6 1
20 11
11 16
7 4
11 8
6 18
5 7
16 3
9 1
10 17
18 2
22
12 8
16 15
11 6
9 12
2 6
3 16
18 8
11 10
4 13
20 16
22 7
18 21
3 7
18 5
6 13
14 7
7 19
7 8
1 3
7 6
15 17
18
8 1
2 6
18 4
5 3
8 12
15 16
7 6
10 3
6 17
18 2
13 12
8 5
9 12
1 2
11 16
18 14
16 5
23
12 17
13 3
4 8
7 18
11 22
15 20
2 10
23 20
9 3
11 6
16 12
5 18
14 12
20 6
10 6
22 8
8 19
10 21
1 11
17 1
22 3
18 17
15
3 10
12 6
14 13
4 13
15 13
4 2
9 6
7 2
1 4
1 9
6 8
3 5
9 3
2 11
18
2 13
14 8
7 5
10 14
14 9
1 6
15 16
10 18
16 1
3 13
17 10
11 8
16 13
7 16
4 2
8 12
6 14
19
17 19
15 9
19 6
7 6
10 11
14 18
2 5
17 13
2 4
4 12
16 3
5 7
8 9
13 15
18 10
3 8
14 16
11 1
15
2 8
4 14
9 3
5 1
13 10
8 12
13 7
14 2
5 3
15 6
11 15
12 7
4 6
10 9
17
1 3
6 1
1 4
1 2
1 5
1 13
1 11
1 17
1 14
7 1
1 12
1 16
1 8
1 15
10 1
9 1
11
9 10
2 6
2 10
10 5
1 10
1 7
11 10
1 8
4 10
3 5
19
1 16
14 1
4 1
1 12
1 7
2 1
1 11
1 13
9 1
1 6
17 1
1 8
1 10
1 18
5 1
1 3
19 1
1 15
23
5 22
18 14
2 9
14 5
8 18
12 9
20 3
2 7
19 6
5 21
12 16
19 4
13 1
9 14
14 11
17 7
23 2
10 14
18 19
20 22
18 15
1 9
29
1 16
1 14
12 1
1 15
1 5
27 1
1 25
26 1
29 1
4 1
7 1
1 20
10 1
19 1
1 6
1 18
1 11
1 24
28 1
17 1
1 21
3 1
1 8
1 23
1 9
13 1
22 1
1 2
16
14 8
12 5
5 6
16 3
15 1
4 14
9 15
5 8
2 9
11 14
3 15
10 9
13 12
3 7
8 1
11
5 10
9 2
11 7
1 5
8 9
1 3
9 3
6 11
3 11
4 5
29
11 1
17 1
1 15
1 23
1 10
1 2
1 4
1 20
25 1
1 7
29 1
19 1
8 1
27 1
1 18
28 1
1 24
14 1
1 13
1 6
12 1
16 1
1 22
3 1
21 1
1 9
26 1
5 1
29
1 11
20 1
2 1
1 28
21 1
15 1
1 12
27 1
1 17
1 10
1 22
1 13
29 1
7 1
1 8
4 1
9 1
18 1
1 3
24 1
16 1
19 1
1 25
1 14
1 26
5 1
1 6
23 1
19
13 1
4 13
17 11
14 8
10 16
15 1
15 14
4 3
6 2
13 6
4 19
11 5
16 18
16 15
7 8
11 14
8 9
12 6
16
13 2
14 10
6 9
2 1
10 1
12 8
1 9
4 15
8 1
12 11
9 15
14 16
5 14
3 2
7 8
24
19 17
5 14
9 7
14 1
9 20
5 12
1 22
12 16
9 22
24 10
6 3
8 6
2 11
21 10
11 15
5 11
19 18
12 23
6 24
24 14
13 10
19 22
7 4
17
5 1
8 1
1 12
15 1
7 1
1 10
1 9
11 1
1 4
1 6
1 2
16 1
3 1
14 1
13 1
1 17
20
17 11
2 9
16 12
1 15
12 20
9 17
15 12
13 10
15 3
6 8
4 3
13 11
7 9
3 14
6 11
6 19
5 13
1 17
2 18
23
19 18
4 17
20 10
11 1
23 11
15 23
3 6
1 20
21 17
17 16
14 20
19 11
18 22
9 6
4 8
16 13
19 17
2 11
6 2
12 17
22 7
16 5
22
21 19
18 11
10 5
1 21
12 15
14 10
13 20
8 5
16 6
9 6
20 16
11 5
12 3
2 19
11 7
19 17
22 10
8 16
8 1
20 4
12 21
17
17 15
12 17
14 2
12 6
10 16
14 4
8 10
5 3
8 5
6 11
16 7
4 9
9 1
11 13
2 7
3 15
19
17 18
15 6
1 11
9 19
15 9
16 3
12 8
8 7
14 13
4 13
6 3
11 7
18 10
19 17
4 5
2 14
10 5
16 12
12
4 2
3 8
7 4
12 1
8 1
6 10
4 12
6 11
6 12
3 9
8 5
15
15 1
1 3
1 7
11 1
6 1
2 1
4 1
1 12
14 1
1 10
9 1
8 1
1 13
1 5
26
1 19
1 16
12 1
1 13
1 14
1 7
25 1
4 1
1 11
9 1
1 2
10 1
3 1
26 1
1 21
1 22
15 1
1 5
1 23
1 24
18 1
8 1
20 1
1 17
6 1
11
4 9
2 6
3 9
3 5
2 5
4 11
6 7
8 11
8 10
1 7
19
15 10
7 11
4 9
19 9
1 16
15 3
19 10
12 13
8 10
6 10
17 6
14 5
8 5
2 11
3 13
15 11
8 18
19 1
12
6 7
1 10
9 11
4 5
6 4
5 12
9 7
2 8
2 3
10 3
8 11
22
5 1
1 21
1 10
14 1
8 1
1 15
1 22
13 1
2 1
1 19
16 1
7 1
1 18
3 1
1 6
1 11
9 1
1 12
20 1
1 4
17 1
12
2 1
4 1
9 1
7 1
5 1
8 1
10 1
3 1
12 1
6 1
1 11
29
26 12
3 19
19 28
2 29
7 29
9 22
25 16
28 27
27 25
13 8
7 3
14 24
12 2
22 6
23 15
18 8
20 1
5 13
11 4
23 9
24 26
6 17
17 21
21 11
14 20
5 16
18 10
15 10
19
2 1
12 10
18 17
1 14
7 3
11 6
9 10
8 7
10 13
19 13
5 13
2 10
15 1
16 7
18 16
2 4
17 10
6 14
21
8 16
18 6
16 17
20 15
4 5
1 19
10 19
3 18
15 4
3 21
21 12
14 8
11 12
13 9
11 14
5 7
10 9
2 20
6 2
13 17
10
5 8
5 4
1 8
1 7
7 3
5 6
9 10
7 2
10 8
26
16 26
13 5
21 12
11 21
19 25
19 26
15 3
23 18
22 16
18 6
4 25
21 10
9 24
18 20
20 7
24 17
3 19
11 7
11 24
16 14
20 5
2 5
1 7
26 1
25 8
20
10 6
11 8
3 6
4 14
16 2
2 18
6 7
2 10
9 11
19 4
12 14
10 8
1 4
13 11
5 19
20 9
1 8
19 15
17 14
11
4 8
10 4
9 1
10 2
4 1
3 9
11 10
5 8
7 9
6 8
22
19 1
1 13
20 1
1 4
10 1
1 16
1 2
1 12
1 6
1 14
1 5
15 1
1 3
1 11
17 1
1 7
1 18
9 1
21 1
1 22
1 8
25
2 1
9 19
16 21
18 16
9 1
3 23
9 6
13 2
4 25
4 1
4 11
4 5
11 24
12 20
12 13
4 14
1 21
7 1
8 16
3 7
1 17
15 7
1 22
4 10
11
1 10
9 1
3 1
1 5
6 1
7 1
2 1
1 8
11 1
1 4
18
13 7
13 1
14 12
8 9
15 1
18 10
8 7
11 14
5 17
2 8
6 5
3 16
4 3
3 15
15 5
7 18
14 13
10
8 5
7 2
3 5
10 5
4 10
10 6
1 5
9 10
9 2
12
10 9
5 1
2 9
1 9
7 9
10 8
7 11
5 3
8 12
4 1
6 11
24
1 4
1 22
1 2
17 1
19 1
1 9
1 11
1 8
1 7
16 1
1 20
1 23
5 1
1 15
14 1
10 1
1 24
21 1
1 3
1 12
13 1
18 1
1 6
22
1 16
1 21
5 1
20 1
1 22
1 19
1 8
1 7
1 18
2 1
1 11
1 14
1 4
9 1
1 13
1 12
1 17
1 3
1 15
10 1
1 6
14
2 14
1 2
14 3
7 13
8 13
12 14
11 9
9 8
6 5
4 13
9 10
6 2
1 8
22
22 16
14 21
8 17
4 21
5 1
7 11
5 8
6 13
15 4
10 2
12 6
9 13
20 9
12 17
22 19
3 15
18 7
3 2
20 14
10 18
11 19
28
2 6
28 11
18 13
17 27
16 23
22 25
9 27
12 22
4 19
26 4
18 7
1 8
28 14
24 26
9 25
8 19
5 15
15 24
20 13
12 21
16 3
17 6
14 5
20 10
3 10
7 11
23 21
19
1 7
1 10
12 1
18 1
19 1
3 1
1 4
1 17
14 1
1 13
1 15
9 1
1 5
8 1
1 11
1 16
2 1
1 6
16
1 15
1 3
1 14
1 13
1 2
1 7
1 5
11 1
1 12
16 1
10 1
8 1
6 1
1 9
4 1
12
12 8
8 11
6 5
10 3
7 10
9 3
1 4
1 3
1 2
10 8
5 2
11
7 5
2 3
9 5
1 2
4 7
5 10
4 8
6 4
1 7
2 11
12
3 1
1 4
7 1
2 1
1 5
1 11
1 10
8 1
6 1
1 9
12 1
20
7 11
8 11
20 6
12 6
1 13
19 11
16 12
16 1
2 15
17 9
2 9
2 1
16 14
18 3
19 9
5 1
11 4
10 19
3 9
21
1 5
11 1
13 1
1 3
1 19
1 4
1 2
1 17
15 1
1 20
6 1
1 9
1 21
1 12
14 1
16 1
1 18
10 1
1 8
1 7
15
4 1
1 5
12 1
1 15
1 14
3 1
1 10
7 1
1 9
1 8
6 1
11 1
13 1
1 2
24
19 12
12 11
3 18
6 13
21 12
24 8
5 23
15 24
23 6
13 21
16 4
24 12
2 12
20 16
6 9
1 12
2 17
4 22
10 5
3 6
12 7
5 14
16 12
17
16 1
1 7
1 5
13 1
6 1
1 9
8 1
11 1
10 1
1 2
1 17
1 12
14 1
4 1
15 1
1 3
10
5 1
10 2
1 10
4 10
7 5
2 3
8 5
6 4
9 2
18
3 13
1 17
6 3
15 4
5 14
16 7
8 17
18 14
12 8
4 17
1 11
4 9
5 11
2 16
11 3
10 8
5 16
13
9 12
12 1
1 2
6 11
9 10
13 2
6 2
5 6
9 8
4 3
3 12
3 7
17
6 12
17 14
15 2
5 3
5 6
14 1
9 17
11 17
16 2
10 3
2 4
5 1
15 13
14 15
7 3
6 8
10
4 6
10 1
1 9
5 9
6 8
7 8
10 3
8 1
2 9
13
1 4
12 1
7 1
9 1
2 1
8 1
3 1
13 1
1 10
6 1
1 5
11 1
17
6 1
4 1
16 1
1 12
7 1
1 8
1 10
1 3
1 5
1 11
14 1
1 13
1 2
1 17
9 1
15 1
26
14 20
17 7
2 25
22 26
4 7
17 9
4 25
19 11
16 15
23 20
9 5
23 6
2 21
13 22
16 18
6 10
11 5
8 15
13 21
3 12
8 1
12 19
10 24
24 26
18 3
17
12 3
8 4
6 13
8 2
11 9
7 17
14 10
3 13
14 16
10 4
6 5
2 12
11 7
15 9
15 16
1 17
10
4 10
7 5
2 10
9 6
1 7
10 6
9 3
1 6
8 7
21
12 7
6 5
7 13
19 4
7 1
2 20
7 10
4 5
9 17
21 3
8 4
17 20
15 1
15 18
17 15
15 11
16 11
10 21
17 4
8 14
14
9 6
6 5
5 11
3 9
10 4
2 12
13 14
12 14
2 8
4 13
7 1
10 11
7 3
15
10 15
9 7
9 5
12 7
15 13
1 2
7 15
11 10
1 15
8 1
8 14
3 11
4 10
6 4
20
7 19
6 20
4 20
4 8
1 15
5 11
12 13
10 15
5 12
10 11
14 6
18 7
16 17
13 3
3 2
14 9
2 8
16 19
18 9
10
10 2
2 4
10 9
1 10
3 1
9 5
8 3
9 7
6 3
12
11 1
2 11
8 11
9 12
10 3
10 12
10 1
3 4
7 12
2 6
5 3
15
15 5
11 9
2 15
12 3
11 8
4 7
12 13
6 4
4 13
11 5
5 1
10 12
15 14
1 13
18
2 17
16 9
4 11
3 8
5 15
3 7
12 7
18 1
4 10
6 10
11 13
17 13
5 9
8 16
15 14
6 14
2 18
15
14 8
11 7
9 12
10 2
4 13
10 5
12 14
11 9
15 13
3 6
3 15
7 6
4 5
1 8
13
1 10
9 1
11 1
4 1
1 13
1 12
5 1
2 1
3 1
1 6
1 7
1 8
21
15 16
21 16
4 12
6 19
10 16
19 1
20 9
3 14
21 13
21 20
7 18
6 11
13 4
20 8
4 7
13 1
2 6
5 3
19 3
7 17
18
1 16
7 10
6 13
6 12
17 13
15 2
7 18
18 4
14 4
17 11
10 2
11 16
14 9
12 3
8 5
5 15
3 8
10
3 10
2 3
4 1
10 5
4 9
5 7
10 1
3 6
4 8
24
11 1
16 1
1 7
24 1
1 15
1 4
1 19
1 8
1 9
1 14
21 1
1 2
1 5
23 1
1 20
3 1
13 1
18 1
12 1
10 1
6 1
22 1
17 1
27
21 1
13 1
1 25
1 22
1 27
1 20
1 2
1 24
26 1
1 15
3 1
1 8
11 1
7 1
1 5
9 1
18 1
1 17
1 4
1 19
23 1
10 1
1 6
1 12
14 1
1 16
14
5 4
12 14
7 5
2 9
3 6
14 10
8 1
3 11
5 10
1 10
2 8
3 8
13 14
23
8 19
5 18
13 12
9 16
14 1
23 22
4 8
13 5
2 4
10 7
17 6
10 19
20 17
7 23
3 9
22 11
6 14
18 20
2 3
15 12
15 11
21 16
21
8 6
7 15
7 11
4 21
17 10
3 12
6 3
15 8
20 5
2 21
7 9
19 20
14 21
17 15
1 2
8 1
17 18
6 13
16 3
20 2
12
9 1
10 1
1 6
2 1
3 1
1 8
1 7
11 1
1 4
5 1
12 1
25
2 13
23 19
7 17
18 7
9 5
3 1
11 15
16 24
17 1
8 23
23 17
16 4
14 9
20 5
15 7
10 14
24 2
3 24
21 2
25 5
6 15
22 16
12 14
3 9
13
1 2
3 5
10 8
13 5
6 12
9 1
4 6
3 7
1 10
7 6
11 9
1 7
29
10 6
14 10
10 29
12 23
6 3
12 5
23 10
27 8
21 15
3 16
16 20
21 23
25 10
4 20
29 19
3 28
2 10
24 20
17 26
3 11
7 18
8 6
8 13
15 22
1 26
6 1
11 18
9 1
13
11 5
7 11
12 9
1 12
10 8
1 10
2 1
9 4
6 3
10 3
11 3
13 1
13
11 12
8 11
12 2
1 12
3 4
13 5
7 11
9 13
3 10
6 13
3 6
1 6
27
26 1
22 1
1 25
14 1
23 1
7 1
1 10
3 1
1 17
16 1
11 1
1 8
21 1
12 1
1 27
1 24
18 1
1 6
1 15
13 1
1 19
1 5
1 4
2 1
1 9
20 1
10
6 2
7 6
3 10
1 3
6 1
7 5
3 8
7 4
2 9
23
1 9
1 20
1 16
1 2
19 1
1 11
10 1
21 1
17 1
1 13
1 7
1 6
1 3
23 1
18 1
12 1
15 1
8 1
1 5
14 1
4 1
1 22
21
18 4
9 10
10 12
19 15
11 15
9 2
3 1
14 8
7 1
4 3
17 13
21 2
6 13
20 4
9 7
15 3
10 16
13 8
7 8
5 2
21
1 3
7 15
3 8
16 15
2 18
4 8
18 14
8 10
19 20
21 15
6 11
13 20
9 16
11 12
16 17
1 17
5 17
5 20
18 5
11 3
25
6 13
24 14
2 22
20 9
2 7
1 22
7 25
14 17
11 12
23 8
22 17
1 8
23 3
21 4
23 10
18 14
21 19
2 21
7 15
5 12
6 17
6 16
8 9
12 9
29
21 1
28 1
2 1
14 1
5 1
16 1
1 19
1 12
26 1
1 18
1 8
1 25
1 4
1 23
1 7
13 1
6 1
1 11
1 27
17 1
1 9
1 15
1 29
3 1
10 1
22 1
1 24
1 20
28
11 1
1 3
10 1
9 1
1 16
1 17
1 5
4 1
27 1
26 1
25 1
1 21
12 1
1 7
6 1
28 1
13 1
1 22
1 24
8 1
1 23
1 15
1 14
19 1
18 1
2 1
1 20
13
13 1
9 12
8 6
12 4
6 11
5 7
10 7
9 2
13 4
11 3
5 2
10 8
26
25 6
11 12
6 9
18 4
20 21
7 2
16 23
5 1
4 26
18 8
3 20
1 8
7 8
4 19
21 5
12 18
22 2
14 12
21 17
20 13
16 7
15 16
17 24
10 2
6 5
13
11 10
11 1
5 6
2 1
6 12
8 1
9 3
11 4
9 4
5 2
9 13
9 7
18
10 1
1 7
11 1
1 2
1 8
6 1
3 1
5 1
1 17
1 15
1 18
1 14
1 16
9 1
4 1
1 12
13 1
18
14 13
10 4
18 12
16 8
14 12
13 3
13 6
14 16
6 5
17 14
1 4
7 13
2 9
9 1
11 15
11 7
14 1
18
12 6
4 5
2 17
4 1
15 5
6 13
16 11
12 1
7 10
18 16
8 6
14 4
16 12
7 3
9 5
14 7
14 2
22
7 8
19 10
8 10
15 16
22 13
21 17
18 14
2 12
6 14
19 13
15 20
7 16
21 9
2 11
4 3
6 12
9 22
3 18
17 1
11 5
5 20
20
16 20
6 2
10 5
17 4
13 17
2 1
16 13
15 11
7 14
18 19
10 7
6 12
9 18
12 3
20 11
8 19
4 3
14 8
9 15
12
4 6
2 10
7 3
11 9
11 10
2 1
8 5
12 3
7 4
5 6
9 12
20
12 4
18 8
5 15
17 4
17 19
1 10
15 1
6 20
7 10
11 13
10 9
1 20
16 14
10 19
10 14
1 8
7 3
13 3
2 5
16
4 9
13 4
15 7
7 9
11 12
3 16
15 5
10 6
1 16
3 6
14 12
5 11
13 10
8 14
8 2
26
1 17
25 1
1 19
1 10
4 1
1 13
1 8
23 1
26 1
1 9
11 1
12 1
1 22
1 20
1 15
1 3
1 21
1 16
1 7
6 1
2 1
5 1
18 1
14 1
24 1
17
3 8
4 2
1 2
1 12
11 9
9 15
17 16
5 15
9 1
17 9
13 9
1 6
14 15
16 10
7 9
1 8
18
7 9
11 16
2 14
2 13
2 15
8 5
16 13
7 12
10 4
16 10
18 10
7 6
11 3
17 8
9 1
13 1
8 9
28
2 21
27 25
19 13
27 10
19 8
27 11
19 18
17 6
23 26
5 26
7 3
1 15
1 2
3 1
13 27
1 17
12 1
27 17
26 4
28 17
26 2
20 8
24 2
14 22
16 20
19 9
14 25
23
1 9
1 18
4 1
23 1
1 2
1 12
1 6
5 1
11 1
19 1
1 7
1 17
16 1
1 10
3 1
1 20
8 1
1 15
13 1
14 1
21 1
1 22
26
1 19
12 5
18 4
23 22
2 16
5 25
15 3
7 20
14 16
21 2
3 1
24 1
3 8
6 3
1 16
10 4
20 19
1 11
1 17
17 13
25 14
23 19
25 26
16 18
24 9
23
21 10
22 17
13 22
5 14
19 14
9 12
11 6
4 6
15 18
16 1
3 16
13 4
12 2
7 8
19 9
21 15
10 11
18 7
20 17
23 3
5 20
23 8
15
13 14
9 12
2 3
13 2
5 11
7 4
10 12
4 15
14 5
6 9
1 8
11 10
3 8
6 7
12
6 12
8 5
3 2
2 1
1 8
10 4
3 9
4 2
8 12
11 4
3 7
27
20 25
20 16
4 13
26 9
8 15
1 16
17 13
25 19
27 10
22 6
9 8
16 7
2 25
25 18
6 5
24 6
12 24
17 25
5 23
10 20
1 3
14 21
24 1
20 11
15 12
9 14
13
12 8
3 4
1 12
5 6
5 11
9 8
10 11
4 2
2 13
3 7
10 9
13 6
25
22 8
6 18
8 3
23 25
5 15
4 2
7 19
24 16
10 9
11 4
14 6
19 25
20 3
2 21
7 13
20 12
23 11
16 13
9 24
17 5
14 12
1 21
10 17
18 15
23
14 1
5 1
15 1
1 19
1 8
1 16
17 1
11 1
1 22
18 1
1 6
2 1
1 7
9 1
23 1
21 1
4 1
10 1
20 1
13 1
12 1
1 3
15
14 5
14 9
13 15
1 14
12 9
4 15
11 15
6 2
10 2
5 3
11 1
7 9
5 8
2 11
27
1 21
6 1
26 1
1 23
1 14
27 1
1 25
1 5
1 9
1 24
1 11
17 1
3 1
12 1
1 8
1 22
1 16
1 4
7 1
13 1
15 1
10 1
18 1
2 1
1 19
20 1
18
1 18
1 7
15 14
13 6
13 12
1 9
9 13
3 14
18 16
17 18
16 2
8 10
9 11
3 13
12 8
5 7
4 15
16
9 6
7 8
5 8
13 6
1 5
15 4
3 14
1 3
4 10
16 9
6 1
4 13
7 2
12 14
3 11
22
11 2
16 6
10 16
21 8
12 20
13 8
17 3
15 1
10 7
2 18
13 17
22 9
15 19
18 3
14 12
5 7
9 20
21 4
6 14
19 22
11 5
11
4 1
11 1
1 3
1 9
1 2
1 10
5 1
1 6
7 1
8 1
18
6 16
4 14
3 13
7 13
10 13
16 15
9 15
3 1
2 14
16 4
3 12
15 5
6 8
12 17
12 11
1 4
18 14
28
2 14
16 11
26 11
21 19
14 18
13 25
11 24
12 15
24 19
8 27
7 14
22 15
25 1
9 12
27 25
15 17
28 12
4 22
28 6
19 1
20 2
15 25
23 19
22 3
5 27
1 2
1 10
29
25 3
24 1
1 18
5 20
27 1
20 19
29 1
4 11
26 8
20 13
1 15
25 20
8 28
2 24
5 16
29 14
7 23
11 21
23 1
7 17
28 29
27 22
11 1
6 1
20 23
12 25
9 23
10 23
24
18 3
4 10
16 23
24 18
18 10
23 12
3 17
21 23
24 1
2 19
1 21
5 9
3 6
9 7
2 14
10 13
20 11
15 11
14 11
22 7
2 8
24 14
21 9
28
17 3
20 8
5 28
28 1
6 12
13 17
19 24
10 11
27 25
15 4
28 13
5 8
26 8
11 15
15 2
24 16
6 5
23 1
23 16
24 21
9 25
11 23
16 25
6 14
7 10
10 18
22 13
27
24 18
5 11
26 4
12 9
27 2
1 14
7 11
2 9
4 24
22 27
13 27
3 4
15 5
10 20
23 17
25 18
8 17
14 5
4 1
17 20
19 1
3 17
19 21
3 6
16 8
3 13
14
4 5
13 11
1 7
6 9
2 4
4 8
4 3
10 2
6 12
14 1
8 6
4 1
6 13
20
16 19
3 11
5 10
13 9
8 15
12 3
1 14
8 14
5 6
12 7
16 13
9 18
11 2
17 15
19 20
10 4
7 4
17 6
20 2
19
12 7
13 10
15 18
3 5
4 7
10 9
8 2
16 12
17 4
13 5
3 14
14 11
11 6
2 15
8 19
16 1
9 19
17 6
15
3 13
15 4
10 7
12 5
15 3
1 7
10 9
3 14
2 4
7 5
8 5
4 6
15 1
10 11
28
1 2
19 24
14 26
9 20
5 6
26 17
13 19
28 12
17 25
7 13
27 15
14 4
10 21
3 20
24 3
2 25
12 18
21 7
9 16
8 22
11 18
6 22
11 10
28 23
16 8
4 27
15 5
18
13 10
1 13
14 12
1 2
4 16
2 12
11 17
11 7
14 9
3 10
11 13
8 4
15 14
2 4
18 12
18 6
10 5
10
8 1
1 7
4 8
8 6
3 7
9 8
2 7
4 5
10 4
24
7 23
14 19
5 3
19 10
22 23
3 1
3 11
20 3
6 8
18 11
2 7
21 19
21 7
24 15
21 13
16 1
9 13
4 12
1 21
17 7
21 12
19 6
24 20
15
3 2
3 14
10 13
15 11
7 10
15 10
1 9
11 6
4 11
15 1
8 5
12 8
8 9
9 3
29
10 2
22 20
27 20
9 3
23 11
4 29
19 3
26 24
28 14
17 11
4 23
8 14
21 26
25 24
12 5
16 25
9 10
18 29
17 5
28 13
15 6
19 1
7 8
12 27
15 22
7 21
16 2
13 6
14
1 12
1 8
13 1
14 13
1 11
4 5
2 11
10 9
7 13
8 10
2 3
13 4
12 6
20
18 20
3 8
19 10
12 9
11 9
13 2
6 16
2 16
10 1
15 20
5 4
6 18
16 17
10 12
2 7
8 1
2 1
17 14
5 12
12
9 1
2 1
1 3
10 1
1 12
1 7
6 1
1 8
1 4
11 1
1 5
10
1 5
2 5
8 10
2 9
7 8
3 4
1 8
5 3
6 3
13
7 12
12 2
10 13
6 9
12 5
1 4
4 10
1 2
11 10
8 2
6 4
3 6
10
5 6
2 4
10 9
2 7
1 7
10 8
9 4
8 3
5 3
14
11 14
12 2
10 1
9 13
8 7
3 10
3 5
8 2
11 6
5 4
7 6
12 4
14 13
11
11 2
6 8
7 3
5 3
9 10
8 1
4 1
10 1
1 3
11 1
12
7 1
12 3
9 4
6 4
9 10
1 2
12 11
8 11
12 6
1 6
5 1
15
5 1
1 13
3 1
10 1
1 14
1 9
1 2
1 15
11 1
1 8
4 1
6 1
1 7
12 1
20
5 2
19 18
9 11
12 7
1 10
17 12
10 15
9 3
6 20
14 4
3 13
7 20
4 16
18 2
6 11
19 13
14 17
8 5
15 16
26
6 1
20 1
14 1
1 3
24 1
1 21
1 11
1 2
1 15
25 1
1 22
1 18
1 9
1 8
1 10
26 1
1 17
12 1
1 19
1 5
13 1
1 23
7 1
4 1
16 1
24
8 14
12 3
10 20
19 11
16 17
21 16
23 1
4 24
2 8
6 9
2 18
22 20
24 9
21 12
11 7
15 14
3 13
19 10
18 4
23 6
22 5
7 13
5 15
16
1 13
1 7
2 1
11 1
12 1
1 15
5 1
1 10
9 1
1 16
1 3
1 6
14 1
1 4
8 1
29
18 5
9 26
15 14
28 16
3 6
6 15
25 8
10 17
19 23
29 23
22 25
17 12
22 21
1 4
28 10
16 18
4 11
27 29
24 13
21 11
24 7
9 8
5 13
19 20
3 2
2 7
14 20
12 26
28
7 27
27 8
20 2
19 21
11 7
4 25
5 6
19 9
28 10
10 18
16 14
4 13
9 15
11 23
15 22
18 5
13 17
24 1
25 26
24 16
6 12
3 8
14 17
12 22
21 26
20 23
28 2
20
19 1
3 11
11 5
9 10
11 17
12 14
18 11
8 1
4 5
9 18
19 13
3 2
1 17
7 16
7 11
6 12
19 15
5 12
17 20
12
1 10
1 8
3 8
11 3
12 7
7 10
8 6
5 9
5 2
7 4
5 10
19
13 6
10 3
2 18
1 18
7 1
14 10
5 19
18 13
15 12
16 4
2 15
15 9
17 4
7 5
13 8
10 2
11 5
4 7
15
12 11
11 9
6 3
13 14
10 15
8 15
6 10
2 15
10 1
13 5
7 6
13 4
4 11
4 1
19
18 10
9 18
5 9
19 12
4 15
7 2
8 13
7 16
10 4
3 19
11 14
12 14
3 5
6 11
8 2
13 1
17 15
16 6
11
3 7
8 10
11 7
9 5
4 6
9 1
2 8
10 6
3 4
5 11
12
2 9
5 12
1 10
9 10
11 3
8 5
11 4
6 7
12 4
7 2
6 3
15
6 5
7 13
12 2
6 1
15 8
6 9
11 1
12 15
12 6
14 1
2 7
9 3
6 10
4 13
26
19 21
8 26
10 3
3 13
22 16
2 16
12 4
8 17
12 17
12 25
13 23
5 11
13 16
8 7
15 11
18 15
24 21
9 20
23 1
9 11
15 6
5 17
5 1
14 9
23 21
23
4 1
22 1
23 1
14 1
13 1
1 2
5 1
11 1
1 18
1 19
1 8
1 6
1 15
1 17
12 1
1 7
16 1
3 1
1 10
1 9
1 20
1 21
26
10 5
26 3
8 24
9 25
11 3
22 16
16 15
19 6
17 2
1 13
23 20
25 23
11 22
21 14
9 10
26 7
12 20
6 18
18 15
24 4
8 13
14 19
12 17
7 5
4 2
27
1 18
1 14
1 12
20 1
19 1
1 23
1 13
8 1
11 1
22 1
1 7
1 9
1 25
17 1
1 4
1 5
1 24
10 1
27 1
26 1
15 1
1 2
1 21
1 6
1 3
1 16
11
3 6
5 4
8 1
11 2
10 3
7 6
10 4
8 11
5 2
9 7
12
5 4
2 9
11 5
3 12
8 5
6 1
1 9
10 12
1 11
3 7
12 4
19
14 10
6 8
11 5
7 17
7 12
12 3
2 10
13 19
18 13
18 4
5 6
4 2
8 14
3 15
15 19
1 16
9 16
9 11
16
8 3
11 10
2 8
10 5
13 7
1 3
8 16
1 11
6 14
3 13
12 10
9 13
2 4
15 14
11 14
19
4 13
13 18
5 17
1 12
12 2
6 15
10 19
15 13
13 11
12 18
8 14
13 5
3 18
10 9
9 1
14 1
12 7
16 8
26
17 19
12 21
13 16
2 14
9 8
7 26
9 10
14 16
7 11
26 14
18 21
7 24
23 22
15 5
23 21
23 17
1 22
5 20
25 9
3 2
25 22
4 2
5 25
26 1
6 17
20
5 1
1 8
10 1
12 1
1 16
18 1
1 11
13 1
14 1
1 9
1 6
1 7
20 1
2 1
15 1
1 17
1 4
1 19
1 3
14
2 7
5 13
12 6
1 8
9 5
14 12
14 8
4 3
1 5
7 11
11 1
5 3
5 10
11
8 7
4 3
3 10
11 9
10 7
8 9
5 2
6 2
6 1
5 11
27
9 23
8 21
17 25
11 12
26 22
20 17
20 21
15 6
15 24
1 20
4 23
13 8
1 24
11 3
21 2
25 19
24 22
10 25
2 7
17 23
11 22
8 27
15 18
26 14
2 16
26 5
19
18 10
12 16
1 9
1 8
7 2
18 14
8 19
17 18
6 11
13 9
8 6
4 1
10 5
16 5
1 16
17 3
12 15
2 1
14
12 1
5 1
1 2
9 1
11 1
1 13
1 7
1 6
10 1
1 8
4 1
14 1
3 1
28
1 10
28 1
3 1
26 1
25 1
23 1
22 1
1 6
18 1
1 9
1 24
17 1
1 14
1 5
27 1
12 1
2 1
19 1
1 15
13 1
21 1
7 1
8 1
20 1
1 11
4 1
1 16
24
10 16
17 10
16 1
11 13
18 23
21 23
5 4
15 16
4 14
23 9
1 3
22 15
20 24
5 24
24 6
21 12
21 3
8 4
19 12
15 11
10 2
3 5
12 7
18
17 3
15 1
5 17
12 18
16 7
6 1
2 1
7 9
11 17
12 7
10 7
8 3
17 13
13 4
5 2
17 14
17 7
23
23 4
22 2
3 8
23 14
20 5
17 11
16 5
19 9
1 15
9 12
14 7
19 13
18 2
8 21
3 22
7 10
17 20
18 15
16 10
6 13
21 12
4 6
28
1 4
6 3
6 1
9 17
3 28
2 12
15 4
23 9
19 4
12 20
26 18
7 28
21 13
27 22
20 18
14 18
16 21
8 12
5 22
10 15
9 19
25 10
22 3
11 15
19 21
24 28
6 20
26
15 13
1 18
7 6
5 21
18 19
1 12
4 17
5 18
4 1
12 22
5 7
24 18
19 14
14 8
19 25
4 26
20 1
2 23
18 23
9 23
4 3
13 18
11 3
16 19
10 21
17
1 13
1 7
1 2
16 1
3 1
4 1
15 1
5 1
17 1
14 1
12 1
1 10
6 1
1 9
11 1
1 8
23
3 11
7 16
2 1
22 2
9 16
6 12
15 13
19 2
2 8
15 16
1 15
14 5
19 4
21 15
11 18
1 20
15 14
23 8
17 8
19 6
9 10
18 9
14
14 13
4 3
13 11
8 10
13 1
5 1
1 7
7 4
7 9
6 1
12 7
8 7
8 2
24
18 19
9 13
11 16
4 7
5 14
1 3
3 6
8 2
19 3
6 22
13 24
7 10
20 19
2 15
13 4
5 21
20 12
17 16
4 5
10 16
6 23
2 10
7 1
18
5 13
3 5
16 18
10 8
18 9
9 7
1 7
6 16
11 13
2 8
12 15
12 4
17 14
6 11
10 4
2 17
14 3
26
26 13
26 16
6 8
11 10
20 10
3 19
22 20
9 10
23 4
12 15
15 2
4 7
13 17
26 1
3 20
17 24
25 3
16 21
6 14
22 7
1 22
7 6
13 15
16 18
4 5
23
22 17
3 16
19 20
11 16
17 23
8 15
9 19
22 3
4 5
4 6
23 15
14 8
18 2
7 12
10 9
21 10
6 14
5 7
1 2
11 13
18 21
20 13
20
4 6
14 7
13 3
6 11
7 4
7 16
9 15
20 5
5 8
1 19
1 9
5 19
2 19
18 15
12 2
9 4
17 6
15 13
10 2
18
11 15
15 4
15 14
3 7
12 1
9 18
12 5
11 9
11 1
16 5
8 5
10 17
3 9
10 12
10 2
13 18
6 18
20
5 4
1 20
19 2
3 6
10 15
14 12
16 4
7 6
13 8
13 3
11 18
15 9
18 19
14 16
17 10
11 8
2 9
20 7
5 17
26
13 18
18 26
12 19
17 25
11 12
6 10
24 16
21 10
9 26
2 11
8 23
8 3
4 19
7 21
20 14
22 2
5 14
7 3
9 4
13 23
24 15
15 5
6 16
25 22
17 1
22
1 15
1 5
1 11
6 1
21 1
12 1
14 1
1 20
1 18
1 19
1 13
16 1
1 7
1 22
4 1
1 17
1 2
8 1
9 1
1 3
10 1
29
1 18
7 24
25 3
4 8
22 26
21 25
17 28
13 6
7 6
25 10
13 23
3 20
3 2
18 6
27 8
29 13
20 27
27 17
12 8
22 9
2 16
19 2
9 15
9 18
14 22
1 20
11 17
7 5
24
23 3
10 19
23 6
19 2
22 16
9 11
12 18
14 21
15 6
13 18
21 22
21 1
17 1
20 8
12 19
4 9
8 5
1 24
20 11
24 3
4 17
12 7
24 10
26
6 19
15 11
10 19
15 20
18 12
4 24
11 6
8 24
7 23
20 26
2 5
18 6
23 8
21 18
16 22
24 1
16 3
20 25
15 16
17 4
23 14
11 1
19 9
8 5
4 13
28
1 28
1 23
17 1
1 6
4 1
3 1
1 8
22 1
1 9
1 11
10 1
1 13
1 12
1 7
19 1
14 1
1 25
15 1
1 2
16 1
24 1
5 1
26 1
1 18
27 1
20 1
1 21
14
10 1
10 5
13 10
1 7
2 8
8 7
5 3
7 4
11 5
13 12
8 6
14 4
9 4
26
1 5
25 1
1 16
2 1
13 1
1 6
1 4
1 3
11 1
1 20
22 1
9 1
8 1
14 1
1 15
1 10
19 1
1 12
17 1
23 1
21 1
7 1
24 1
1 18
1 26
21
5 6
19 3
9 8
19 21
2 9
2 11
16 8
8 10
6 20
6 7
18 13
15 13
4 20
1 5
17 19
20 12
17 5
2 14
13 17
9 1
27
1 22
13 1
19 1
17 1
1 27
1 16
3 1
1 15
14 1
1 12
1 8
7 1
10 1
1 25
1 21
1 11
9 1
1 6
20 1
5 1
1 2
18 1
1 4
1 23
26 1
24 1
13
13 11
11 7
6 10
3 5
3 11
9 1
9 3
11 12
1 8
2 1
13 4
10 3
17
11 6
7 12
15 3
10 5
13 4
6 13
7 16
1 6
10 9
1 10
16 6
3 17
16 14
5 3
13 8
2 1
15
1 6
3 1
1 4
1 11
1 14
5 1
7 1
1 9
1 2
13 1
1 12
15 1
10 1
8 1
23
6 8
14 16
23 5
9 7
23 17
19 15
12 3
19 17
10 11
4 2
2 21
14 10
12 11
4 7
9 18
20 6
3 5
20 18
1 15
16 22
13 21
22 13
19
10 7
8 18
3 18
13 11
16 4
19 4
13 12
5 10
8 2
16 17
2 6
12 17
19 9
1 5
3 14
15 6
9 7
14 11
23
4 1
17 1
1 19
1 21
5 1
7 1
1 20
18 1
1 9
1 13
1 3
11 1
2 1
1 16
1 15
22 1
1 12
1 23
1 10
6 1
1 14
1 8
11
5 1
11 1
1 8
1 7
2 1
3 1
1 9
10 1
4 1
6 1
15
9 4
8 2
6 8
12 1
5 3
15 5
8 12
14 12
14 10
5 4
4 1
14 7
9 11
9 13
15
11 7
8 5
15 14
14 2
3 10
4 3
12 4
10 1
12 11
6 2
8 13
13 15
9 5
6 7
13
2 1
1 3
1 4
1 10
9 1
1 6
1 13
1 8
11 1
7 1
1 12
5 1
17
1 14
1 16
11 1
6 1
9 1
1 12
1 5
10 1
1 17
1 3
2 1
1 8
1 13
4 1
7 1
15 1
19
12 1
1 11
7 18
18 4
9 2
13 17
3 5
2 18
16 14
8 6
6 10
19 2
15 4
18 3
15 14
6 2
1 4
6 13
21
13 21
4 16
14 11
2 13
20 19
16 15
21 1
11 8
18 15
8 9
6 16
10 7
20 11
17 10
17 8
8 16
1 17
5 10
3 14
12 11
15
12 5
15 9
7 8
13 11
6 15
1 10
3 8
12 10
3 11
2 4
14 12
2 11
12 3
12 6
16
6 1
1 9
1 5
15 1
10 1
1 2
1 11
1 16
4 1
8 1
1 3
7 1
1 12
1 13
1 14
24
24 2
20 7
1 6
14 16
4 5
1 8
21 10
3 7
8 24
3 13
23 7
19 1
16 3
18 9
12 1
16 15
1 9
16 22
17 1
10 24
1 4
7 1
11 17
27
20 1
1 19
26 1
1 23
25 1
15 1
12 1
1 7
1 21
24 1
1 22
2 1
10 1
16 1
1 18
1 3
6 1
1 13
14 1
4 1
1 27
1 11
17 1
1 8
5 1
9 1
20
13 12
7 3
15 7
5 3
10 2
10 4
15 19
17 6
19 13
9 8
5 9
14 18
8 17
11 12
14 20
1 2
4 16
11 20
18 16
21
4 1
3 1
1 21
13 1
1 12
1 9
1 14
1 5
1 6
11 1
18 1
8 1
10 1
1 20
17 1
1 2
16 1
1 7
1 15
1 19
14
8 9
12 5
1 12
5 3
6 7
13 5
11 12
8 10
9 14
1 9
9 7
1 2
7 4
13
11 2
10 2
13 12
6 7
6 12
6 4
3 13
8 9
1 8
8 2
13 5
12 1
14
9 6
3 6
14 3
4 2
13 5
12 11
7 8
11 1
4 14
8 9
7 13
10 5
12 10
13
11 8
3 13
7 10
4 9
2 12
1 9
1 5
2 5
11 10
3 10
11 1
6 5
27
13 22
17 2
16 26
1 25
15 12
24 1
1 3
6 11
12 2
14 19
11 15
8 5
9 23
23 26
9 18
1 11
5 14
11 10
21 7
4 5
21 15
16 5
14 1
15 20
13 1
27 19
24
3 11
16 24
18 24
7 9
10 12
4 10
13 1
14 5
14 23
15 3
8 5
18 22
4 6
17 16
11 21
17 2
15 13
12 19
7 22
20 6
2 21
9 23
8 19
17
1 9
17 5
14 15
10 14
9 13
17 11
17 12
2 12
13 16
13 7
1 10
12 10
3 4
4 6
4 9
8 14
12
5 1
1 12
1 6
1 11
1 2
10 1
1 8
4 1
1 3
1 9
1 7
24
23 22
24 15
11 1
8 19
24 7
9 16
12 2
10 13
12 9
16 19
23 17
5 1
1 7
23 20
18 2
12 23
21 9
7 6
17 4
7 12
13 9
7 14
12 3
14
14 11
7 12
9 13
10 4
7 14
10 5
3 5
13 8
6 12
2 8
3 1
11 2
9 4
18
1 10
16 6
14 17
11 7
10 15
13 4
12 13
3 16
9 15
18 1
14 18
11 8
2 15
11 4
5 14
16 10
18 4
18
13 1
2 1
18 1
1 3
12 1
1 5
1 14
16 1
17 1
1 7
8 1
1 15
10 1
4 1
6 1
1 11
9 1
19
19 7
2 6
13 16
4 8
2 1
19 3
6 11
6 15
13 2
13 12
5 4
4 1
17 14
17 18
9 8
17 5
8 10
19 5
26
5 26
25 3
24 16
13 1
1 23
22 19
16 17
4 19
16 15
19 24
10 1
12 9
3 19
13 7
11 19
18 7
6 21
23 6
19 8
14 5
20 6
2 6
12 14
4 1
14 1
28
14 1
5 1
1 7
20 1
1 26
1 16
21 1
11 1
1 27
1 2
1 19
1 9
1 18
22 1
1 8
17 1
15 1
4 1
1 10
25 1
1 13
1 23
3 1
1 24
12 1
6 1
1 28
14
12 1
11 9
1 2
6 3
2 13
2 10
3 14
9 14
1 3
7 6
14 8
14 5
4 1
22
1 16
1 19
3 1
15 1
7 1
1 6
8 1
1 9
1 13
1 22
20 1
1 14
1 18
12 1
10 1
2 1
4 1
11 1
1 5
1 21
1 17
10
8 1
8 9
7 2
2 4
10 7
6 8
1 7
10 3
10 5
27
19 6
3 7
17 23
1 16
8 15
9 14
16 19
18 24
2 7
26 4
13 25
6 20
9 5
21 18
13 11
14 15
27 23
10 8
11 22
10 25
12 5
2 22
4 12
21 27
17 3
20 24
14
14 10
10 13
1 6
10 7
1 5
9 5
5 10
2 14
10 8
5 3
11 3
12 9
4 1
28
17 1
1 21
13 1
16 1
18 1
23 1
1 15
9 1
1 24
2 1
25 1
1 3
7 1
1 22
1 28
19 1
10 1
1 8
1 5
12 1
1 11
27 1
26 1
1 20
1 14
1 6
4 1
13
4 7
12 3
11 10
5 11
8 7
9 4
5 7
5 6
5 13
12 8
2 7
5 1
24
21 1
24 1
15 5
11 4
17 16
20 12
21 10
19 1
10 8
9 1
7 10
2 12
1 23
3 6
6 5
20 21
4 13
22 3
18 2
16 8
11 5
14 19
6 1
26
21 1
10 1
25 1
13 1
1 7
9 1
1 5
20 1
24 1
1 4
14 1
1 23
11 1
6 1
22 1
19 1
1 3
1 15
12 1
1 17
16 1
18 1
1 8
26 1
1 2
14
13 7
13 1
9 13
4 5
14 2
9 8
12 1
7 10
6 9
7 3
12 4
4 11
12 14
25
19 16
10 22
21 9
4 7
13 2
10 17
14 15
3 23
18 15
23 5
24 5
12 2
15 25
5 21
17 7
20 11
18 8
13 5
1 17
5 14
6 18
16 11
1 5
11 10
11
7 3
2 1
10 11
8 1
4 5
3 8
5 2
6 3
1 9
10 6
13
2 13
1 9
7 2
3 9
11 2
12 8
1 11
8 9
5 11
3 6
10 8
3 4
24
12 18
14 12
6 24
23 3
9 5
13 2
22 11
3 11
22 20
10 9
21 16
8 10
17 7
1 2
21 20
4 23
19 16
15 5
4 14
6 15
17 24
7 18
13 8
10
1 4
10 6
9 3
8 7
8 9
5 8
10 2
5 6
8 4
25
2 12
6 3
25 22
1 24
19 14
10 4
20 4
5 14
22 8
24 13
9 13
3 11
17 8
5 16
12 16
17 15
18 7
20 2
7 11
21 23
18 19
6 21
9 15
25 10
20
20 18
11 16
13 6
9 8
10 20
8 15
11 2
16 13
12 19
19 4
6 17
5 9
2 1
7 4
17 12
18 7
5 14
14 3
15 10
21
1 17
1 4
12 1
16 1
9 1
11 1
1 3
1 7
5 1
13 1
20 1
1 15
1 2
1 10
1 8
1 21
1 19
14 1
1 18
1 6
14
12 9
13 7
8 10
1 14
5 10
2 6
6 11
12 4
12 13
1 13
3 7
10 14
6 14
21
5 1
4 11
1 16
11 2
11 18
19 14
15 17
4 1
12 6
7 14
8 4
21 19
20 9
4 7
19 10
12 20
7 12
15 1
20 13
16 3
18
17 14
1 15
17 11
4 17
1 14
10 12
5 18
15 10
6 16
13 16
9 2
5 8
14 16
9 3
5 15
9 10
12 7
15
15 5
12 15
7 2
15 14
15 9
4 1
1 5
6 8
10 4
8 10
1 7
11 5
5 13
3 2
22
15 18
4 6
17 1
19 11
4 10
12 1
10 20
7 21
20 5
22 2
2 12
11 13
16 18
1 21
13 21
14 7
21 10
9 8
18 13
8 21
12 3
18
18 10
9 16
7 11
16 18
6 3
13 10
4 1
1 15
2 15
7 1
3 10
10 15
3 5
1 14
12 14
6 17
8 7
25
22 1
14 1
5 1
1 10
23 1
1 15
1 3
6 1
2 1
9 1
11 1
1 19
1 16
1 21
18 1
1 4
1 20
1 17
1 8
24 1
1 7
1 13
1 25
1 12
26
11 5
23 25
7 16
2 8
1 22
12 11
21 20
22 3
18 16
15 4
3 15
19 6
18 5
12 26
12 9
3 23
24 20
2 11
10 19
18 19
13 23
2 17
14 16
5 1
20 22
11
2 9
7 5
2 8
1 6
7 4
10 8
11 10
4 3
9 6
3 11
16
1 3
4 1
1 15
12 1
11 1
1 2
8 1
5 1
1 10
13 1
6 1
16 1
1 14
1 9
1 7
24
7 4
6 2
13 9
22 19
5 4
23 18
24 3
21 14
12 14
14 17
16 6
9 10
16 8
11 17
5 21
1 5
19 1
15 21
5 13
1 6
9 18
21 3
20 5
15
14 1
8 14
5 6
11 13
7 4
9 8
5 3
3 1
3 7
12 7
8 2
14 13
15 5
10 13
13
5 1
12 8
11 3
13 7
11 12
3 10
3 5
3 4
8 6
5 2
9 4
7 1
13
7 3
5 12
11 3
9 10
8 12
11 4
8 9
3 6
11 1
12 2
13 9
8 1
21
11 7
2 18
6 14
17 19
17 8
11 14
2 20
21 7
19 3
4 5
10 21
8 13
5 15
3 1
20 10
9 16
12 9
15 18
13 12
16 4
15
12 3
3 2
1 14
11 6
9 4
3 1
3 5
1 8
7 9
13 7
4 10
3 7
14 6
3 15
11
4 5
3 5
4 11
6 1
4 2
4 1
8 5
8 9
5 7
5 10
29
25 12
13 5
19 18
11 28
27 16
5 1
21 20
18 5
29 15
1 28
25 7
8 10
13 25
16 4
21 23
3 17
28 15
17 26
29 9
13 10
10 22
29 24
15 21
11 2
16 11
6 19
14 19
18 17
18
1 12
17 9
3 1
2 5
6 2
4 10
8 15
8 1
11 9
15 13
7 16
14 9
16 2
7 14
8 14
14 4
14 18
17
3 5
6 10
14 1
3 14
2 16
2 15
15 10
4 2
7 13
17 9
14 9
11 10
3 12
8 7
7 9
1 15
16
5 14
1 15
13 16
13 3
6 13
16 4
10 3
11 3
9 16
1 16
14 13
13 7
2 3
16 12
8 13
19
9 14
9 12
14 15
4 10
10 19
11 19
3 6
8 4
5 16
16 1
5 13
8 13
6 12
11 15
18 17
7 18
2 7
17 3
12
7 2
5 3
5 8
11 6
10 12
5 9
11 9
1 7
1 9
7 12
4 11
15
4 8
2 10
5 4
13 5
8 12
1 3
14 7
7 10
14 6
9 3
15 6
2 11
9 15
13 11
23
21 1
1 4
1 15
2 1
8 1
19 1
1 6
16 1
9 1
1 7
1 18
1 22
11 1
1 3
1 13
1 20
1 17
5 1
12 1
23 1
14 1
1 10
28
1 22
25 1
1 13
1 17
1 26
1 21
1 11
1 5
1 28
1 15
23 1
1 14
1 27
8 1
16 1
1 6
3 1
1 2
24 1
1 4
10 1
19 1
18 1
20 1
9 1
1 12
1 7
25
8 22
4 5
14 5
18 10
20 18
25 13
24 9
11 16
3 6
12 21
16 3
17 7
8 2
19 2
4 20
25 17
19 14
22 23
15 1
21 11
12 15
13 24
6 9
7 10
29
1 17
1 26
1 22
1 21
8 1
1 18
9 1
7 1
1 12
1 16
1 27
5 1
19 1
24 1
28 1
13 1
4 1
1 10
1 23
25 1
6 1
1 3
1 20
1 2
14 1
1 15
1 11
29 1
24
9 4
11 18
13 7
9 23
21 5
20 22
16 8
12 14
22 24
1 19
24 2
2 13
3 4
16 3
14 17
11 15
17 19
15 10
20 23
8 10
21 6
18 12
6 7
17
2 6
16 9
5 9
10 6
15 5
7 17
3 7
14 16
12 7
17 1
6 17
13 15
5 1
4 16
15 8
9 11
10
9 1
7 1
6 1
10 1
1 5
1 2
1 8
4 1
3 1
18
1 11
3 1
17 1
1 12
8 1
1 15
1 5
14 1
7 1
1 9
1 18
16 1
13 1
10 1
1 6
1 4
2 1
14
14 1
9 1
8 1
1 3
11 1
1 5
1 2
1 10
1 13
1 4
12 1
6 1
7 1
29
4 1
1 7
5 1
9 1
26 1
12 1
1 28
16 1
13 1
1 8
11 1
1 18
14 1
1 29
2 1
21 1
3 1
24 1
1 20
17 1
23 1
22 1
25 1
1 15
1 6
10 1
1 19
1 27
22
9 11
17 7
4 21
7 22
15 16
5 15
11 12
8 18
14 10
3 22
21 9
13 12
13 2
6 18
10 1
8 19
20 14
19 17
6 20
2 3
4 16
21
20 1
13 1
1 21
11 1
1 17
14 1
1 2
18 1
1 9
15 1
1 16
4 1
1 5
7 1
3 1
19 1
1 8
1 6
1 10
12 1
23
12 18
22 9
6 15
13 20
19 10
6 3
3 2
21 9
16 8
11 17
10 22
2 21
7 17
16 20
11 4
5 19
14 8
18 14
5 7
23 4
12 1
13 23
24
23 3
4 18
5 14
24 5
14 10
18 15
1 15
3 8
2 24
20 9
18 21
24 9
22 6
15 22
19 22
16 6
14 7
1 3
12 18
1 14
17 21
18 13
11 15
16
10 1
12 1
1 8
1 14
2 1
11 1
1 15
9 1
1 13
5 1
7 1
1 16
6 1
1 3
4 1
12
8 10
10 11
10 7
3 2
5 8
9 1
10 2
10 9
12 1
11 4
6 12
17
16 17
8 6
11 5
2 6
3 14
3 13
14 4
12 7
11 10
15 2
1 16
10 9
9 8
17 12
15 4
7 13
22
1 20
7 1
1 13
1 11
1 18
17 1
1 19
1 2
3 1
1 14
1 12
10 1
4 1
22 1
9 1
1 8
1 16
1 21
6 1
1 15
1 5
27
2 6
1 26
9 25
19 8
24 17
16 7
2 24
5 23
4 14
12 14
25 22
10 21
5 4
27 7
10 15
13 19
18 6
3 23
16 21
26 18
20 11
15 13
11 3
17 9
20 27
22 8
25
1 2
15 16
2 18
22 14
6 9
24 22
22 1
12 10
17 9
13 10
8 16
11 15
7 3
13 4
2 13
6 16
10 7
21 18
2 5
21 25
15 19
23 4
20 6
16 1
20
20 5
1 2
10 12
7 11
17 10
8 15
2 17
20 12
3 9
15 5
4 13
14 8
3 6
14 9
18 13
6 4
18 16
19 16
11 19
11
11 10
2 11
7 2
1 5
6 9
4 9
6 1
5 8
1 10
3 10
25
25 22
19 5
11 7
20 9
19 6
25 9
18 16
3 16
11 1
18 11
23 1
8 23
6 24
4 6
21 20
6 13
18 15
20 24
24 17
12 1
24 2
21 12
10 3
1 14
15
2 4
11 9
8 13
12 10
4 14
4 5
12 6
12 14
7 1
15 13
3 9
13 7
14 1
9 7
12
1 5
10 1
12 1
1 8
11 1
2 1
3 1
9 1
7 1
6 1
1 4
26
18 12
25 5
2 20
7 22
25 23
12 11
11 24
19 23
23 4
16 8
1 26
24 21
4 16
7 23
15 24
13 1
25 24
1 23
3 2
9 2
10 9
19 20
26 14
1 17
1 6
27
8 10
26 13
22 6
1 17
20 22
11 15
25 4
17 21
21 16
21 19
27 15
17 23
23 24
9 24
6 7
18 8
22 25
14 24
20 1
10 20
6 3
8 5
2 13
10 13
12 25
23 15
13
4 6
9 6
12 7
11 1
10 8
8 13
5 4
12 11
9 2
7 2
13 5
10 3
16
7 8
10 7
2 5
2 13
9 2
6 10
12 11
1 13
4 3
3 16
14 1
10 14
14 3
13 11
11 15
20
1 3
2 1
1 16
15 1
14 1
17 1
8 1
9 1
1 10
1 18
1 4
1 5
6 1
11 1
19 1
1 12
7 1
1 20
1 13
13
7 3
11 13
7 5
3 9
10 13
3 1
4 11
10 8
6 10
12 11
1 13
2 7
14
8 1
1 3
1 13
1 5
9 1
10 1
11 1
1 2
1 7
4 1
14 1
6 1
1 12
12
12 5
2 9
4 12
12 9
7 10
2 8
10 1
9 1
3 2
10 11
7 6
24
15 17
9 24
23 20
16 10
3 6
21 11
16 14
2 18
4 10
7 22
6 19
17 5
12 23
8 12
21 13
22 24
1 15
9 3
18 13
11 7
20 2
8 4
5 19
27
8 1
8 21
20 7
3 16
5 19
8 10
17 6
18 8
19 11
26 7
1 12
16 22
13 27
9 1
27 1
27 19
27 25
9 17
27 22
8 7
24 9
2 13
27 4
17 23
15 1
14 27
15
10 8
15 10
7 6
14 4
12 15
5 3
2 5
12 3
7 14
13 1
9 13
8 4
11 2
6 9
23
17 18
12 9
19 16
2 13
19 8
5 14
17 13
10 7
16 21
2 15
15 22
11 7
11 23
22 20
9 20
18 4
12 21
10 8
5 3
6 14
1 6
3 4
12
9 7
7 6
10 3
8 1
9 5
2 7
7 11
6 4
5 3
2 12
7 1
18
6 1
10 5
9 7
17 4
8 7
10 6
14 13
15 3
10 2
16 4
18 14
6 12
17 1
12 15
11 4
12 14
17 7
18
12 2
1 10
7 17
5 14
16 4
8 5
1 13
5 7
18 7
16 15
7 16
16 1
11 9
13 3
11 18
6 15
7 12
13
11 12
2 12
3 12
12 10
5 1
6 13
10 9
4 12
7 1
1 12
6 1
8 10
17
14 15
6 4
7 8
17 10
11 4
12 9
2 16
14 8
6 13
3 1
16 5
9 10
3 5
12 13
11 7
15 2
24
4 3
21 13
23 14
13 10
12 4
21 3
15 11
8 11
16 17
20 18
1 18
9 7
12 19
22 23
5 17
15 5
19 24
14 8
6 22
2 7
2 24
20 9
10 16
14
2 1
3 5
4 11
13 12
10 3
1 8
12 8
2 4
14 7
2 14
6 14
3 8
9 12
16
3 12
10 3
16 5
11 6
1 11
15 2
6 9
7 14
11 3
1 15
2 4
5 7
7 15
6 8
2 13
18
6 3
3 18
4 7
4 5
11 10
7 1
5 14
11 3
4 16
17 8
13 17
1 11
17 7
15 5
10 12
16 9
10 2
10
10 9
5 6
4 7
8 9
5 2
3 10
3 2
4 1
6 7
21
10 8
8 15
5 8
1 18
12 3
20 4
8 6
6 9
19 11
12 11
15 16
7 16
13 8
3 1
14 4
8 18
17 18
9 21
2 13
15 4
24
22 5
3 10
16 8
6 9
13 3
10 15
12 24
14 20
5 24
13 18
15 7
12 1
14 22
2 8
19 23
4 9
18 2
4 21
23 17
16 6
21 11
20 7
11 19
25
19 1
1 10
9 1
13 1
1 12
17 1
1 25
1 4
1 11
21 1
5 1
8 1
1 3
14 1
16 1
1 22
1 15
6 1
2 1
1 18
23 1
1 20
7 1
1 24
12
1 11
5 1
1 2
10 1
12 1
3 1
7 1
4 1
1 9
6 1
1 8
25
13 6
24 19
1 23
20 16
25 5
14 17
19 5
12 13
11 17
4 22
2 18
16 12
7 22
10 3
21 24
14 25
7 3
15 4
8 18
10 11
9 15
8 20
2 9
23 6
14
6 11
3 8
11 5
13 10
4 1
4 10
5 1
4 9
7 10
9 12
11 2
3 5
14 3
12
11 1
4 11
8 12
1 7
12 2
12 7
5 11
5 6
7 10
3 10
10 9
29
28 1
7 15
10 6
21 2
7 27
20 16
2 3
4 11
22 28
18 11
13 5
21 1
2 25
21 15
13 12
4 28
11 24
19 15
16 23
16 22
6 17
22 13
19 26
25 8
14 19
29 7
6 4
25 9
13
7 1
1 13
1 10
1 11
2 1
1 6
9 1
4 1
12 1
1 5
8 1
1 3
11
7 6
1 2
2 9
8 10
6 3
8 2
4 1
7 1
9 5
1 11
23
22 1
1 6
7 1
1 5
16 1
1 21
1 3
20 1
14 1
4 1
1 9
18 1
1 8
23 1
1 17
10 1
1 12
13 1
11 1
2 1
1 19
15 1
11
3 7
1 6
5 2
8 10
1 3
2 1
10 1
1 9
4 1
11 10
24
5 1
1 21
1 18
1 12
1 19
11 1
1 15
1 22
1 23
1 20
4 1
8 1
13 1
1 17
1 7
10 1
1 16
1 6
14 1
1 9
1 2
3 1
24 1
25
17 1
1 23
1 24
1 6
12 1
1 20
14 1
4 1
13 1
1 11
15 1
1 8
25 1
1 19
1 5
1 16
9 1
1 3
10 1
7 1
21 1
1 2
18 1
1 22
14
10 2
11 9
4 10
6 3
8 13
5 6
4 8
12 1
7 14
14 2
5 12
13 11
9 3
25
20 22
13 10
8 16
13 6
3 9
25 21
14 4
2 17
8 11
24 9
23 22
19 5
18 2
10 12
5 11
1 14
7 15
20 16
21 17
18 15
7 12
24 4
19 3
25 23
13
3 11
11 8
12 8
12 9
2 11
1 4
2 1
13 1
5 8
2 7
13 10
11 6
13
3 6
8 7
11 12
8 1
10 1
1 5
11 9
11 4
11 13
11 6
7 2
13 1
11
2 5
10 9
2 6
6 3
1 8
10 4
11 7
7 9
8 3
5 11
18
7 5
18 9
13 14
2 12
11 10
8 16
12 6
3 8
13 15
17 12
10 7
1 5
8 2
7 13
2 1
9 4
9 5
17
1 12
1 11
1 16
10 1
5 1
6 1
4 1
1 15
8 1
17 1
1 2
1 14
7 1
13 1
9 1
3 1
18
4 16
4 8
6 16
18 14
3 10
9 17
6 1
7 18
5 15
10 13
12 5
13 11
7 11
14 2
17 2
9 12
8 15
15
11 4
2 12
11 14
5 2
8 7
12 3
7 6
15 3
13 10
13 6
9 15
9 8
1 10
5 4
11
10 1
10 8
6 5
4 9
3 9
11 1
7 3
7 5
1 2
3 1
20
10 18
4 2
16 20
7 3
14 13
9 1
14 8
13 4
10 1
15 8
14 1
18 6
5 13
3 8
16 12
19 10
11 5
17 3
19 16
25
18 1
17 1
10 1
15 1
16 1
1 6
20 1
14 1
1 13
1 23
1 4
5 1
25 1
1 24
8 1
1 12
1 11
1 22
1 3
7 1
21 1
1 2
1 9
1 19
13
4 1
1 12
7 1
3 1
1 10
1 5
1 8
1 11
1 13
1 9
6 1
1 2
23
5 16
21 19
3 2
5 20
6 4
3 11
4 17
7 16
1 12
2 23
15 1
15 22
14 18
7 13
21 8
14 9
1 14
1 3
10 7
4 7
12 21
14 6
24
11 1
10 22
14 1
11 2
14 23
24 21
9 10
13 19
19 6
13 10
17 16
4 19
3 5
12 16
11 24
20 24
15 7
14 13
5 8
2 18
23 5
16 23
15 2
11
9 1
1 6
1 8
3 1
1 4
1 7
10 1
5 1
2 1
1 11
22
13 12
15 9
2 17
22 6
3 11
5 2
12 18
20 22
14 1
14 21
15 19
19 3
11 16
13 17
16 7
8 18
4 21
8 4
10 6
20 9
7 5
28
8 14
23 10
28 15
9 19
24 22
21 11
6 17
20 12
13 5
3 17
16 7
20 9
21 15
10 7
26 4
25 28
8 18
11 27
24 5
25 12
1 4
22 2
23 13
3 19
2 14
26 6
18 27
15
10 11
5 13
10 9
15 7
12 14
6 15
12 3
1 14
11 1
14 5
5 2
15 11
12 4
8 10
10
1 8
1 10
3 1
1 6
9 1
5 1
1 2
1 7
1 4
17
1 11
4 1
13 1
15 1
1 2
14 1
7 1
8 1
1 16
1 5
3 1
1 6
1 17
10 1
9 1
12 1
26
21 8
11 23
24 3
1 4
6 22
2 1
20 13
17 15
22 1
19 20
16 6
17 22
5 2
12 18
7 13
1 25
13 23
1 10
18 6
3 26
8 3
14 18
2 7
3 5
9 23
22
1 8
20 1
1 15
1 13
1 14
1 16
1 4
1 6
1 9
12 1
1 2
21 1
1 5
17 1
1 7
1 19
1 11
22 1
3 1
1 10
1 18
16
14 12
9 2
6 10
2 7
7 1
5 7
8 4
1 13
10 13
3 7
8 3
1 11
16 7
12 7
15 9
25
11 24
4 23
7 18
7 10
13 25
5 17
23 6
5 22
1 19
22 10
21 13
14 12
2 19
16 24
21 9
12 11
20 2
16 18
4 14
15 17
25 8
20 15
3 8
6 3
12
11 5
2 12
10 8
6 8
9 4
12 11
12 1
10 9
3 8
1 10
7 9
14
3 9
5 7
11 8
10 5
14 12
1 14
13 12
4 9
4 5
1 4
6 9
12 2
14 11
21
5 11
14 20
1 2
7 4
19 17
3 18
6 17
14 9
21 16
6 12
4 15
19 9
16 15
13 12
21 8
11 3
18 10
13 2
20 7
10 8
20
11 6
12 16
15 5
13 14
16 4
19 5
6 2
12 10
2 14
8 15
18 17
9 13
9 10
19 4
7 11
18 3
20 8
3 20
1 17
25
5 16
22 3
4 14
8 4
9 3
12 17
19 13
1 16
18 3
17 5
18 8
18 2
6 25
23 4
20 7
25 15
17 11
20 21
25 10
20 5
8 1
15 19
16 15
19 24
24
7 19
4 15
18 24
21 11
19 14
24 11
9 21
16 15
3 20
17 5
8 13
7 3
16 22
4 5
1 10
17 2
23 18
6 12
10 22
12 23
6 20
13 14
9 2
29
7 17
25 1
5 20
29 15
2 22
18 11
13 24
28 25
26 23
21 18
7 24
8 18
27 6
26 1
5 4
29 25
13 19
16 5
26 12
24 5
1 11
14 25
2 21
9 10
27 18
26 24
19 3
11 9
11
2 1
1 5
4 1
10 1
11 1
8 1
3 1
9 1
6 1
1 7
25
5 4
21 2
13 15
9 3
11 1
21 12
8 6
6 15
7 14
9 11
5 25
20 4
23 20
7 22
20 17
11 14
19 9
8 1
24 15
8 4
21 6
7 18
5 16
14 10
11
9 5
7 1
6 4
7 2
1 3
8 6
5 10
7 11
6 3
3 5
18
1 17
17 4
8 11
15 5
12 13
14 4
7 2
8 13
9 4
13 7
18 4
1 11
15 16
7 10
4 5
6 8
3 1
18
16 6
12 15
1 2
14 4
5 4
8 6
9 5
17 14
2 7
11 15
11 10
18 13
9 3
13 3
18 8
16 10
7 17
20
1 15
1 20
19 1
18 1
1 4
1 12
1 6
8 1
5 1
1 10
3 1
11 1
2 1
14 1
7 1
1 16
9 1
13 1
1 17
23
21 20
1 3
4 16
9 4
4 7
5 6
8 14
21 3
2 3
14 1
14 11
1 23
22 6
6 18
22 7
9 12
13 19
19 15
10 1
15 7
10 17
1 15
13
7 1
13 1
1 5
12 1
1 9
1 6
1 10
4 1
1 2
1 3
11 1
8 1
19
17 11
19 6
7 6
5 16
5 17
4 12
11 2
14 10
15 4
13 7
6 1
5 3
5 8
6 17
12 1
1 14
9 18
1 9
21
16 17
3 16
2 18
7 21
19 3
17 9
10 20
5 13
10 21
6 2
18 14
5 7
12 6
9 11
12 8
13 19
15 14
4 1
8 11
20 4
11
6 7
10 9
10 1
1 3
7 5
2 8
3 8
4 8
11 10
3 7
16
9 7
10 12
8 16
4 1
11 14
3 15
6 3
11 5
10 4
8 13
13 11
7 10
13 1
8 2
4 3
22
22 1
3 1
7 1
21 1
13 1
14 1
6 1
1 16
1 8
1 5
15 1
9 1
10 1
20 1
1 2
12 1
18 1
4 1
11 1
1 17
19 1
16
1 5
1 13
12 1
1 4
6 1
1 3
16 1
1 15
1 11
7 1
1 9
14 1
2 1
8 1
1 10
24
10 19
24 10
7 14
15 11
8 5
8 15
6 13
5 13
24 18
7 4
22 20
2 9
16 11
22 12
20 21
6 18
19 3
14 23
12 16
17 1
17 3
21 4
9 23
28
18 15
22 17
24 25
1 23
10 24
7 19
14 26
8 27
1 11
16 5
3 6
28 10
21 2
16 27
1 14
10 11
19 13
11 4
15 17
16 6
10 9
21 1
6 7
21 17
1 6
20 7
12 1
22
18 14
20 17
1 22
4 14
11 14
2 20
3 11
13 6
22 21
18 12
7 11
3 1
19 14
5 1
18 8
16 20
1 20
22 10
13 11
9 8
15 2
13
6 2
7 13
8 2
11 3
9 5
7 12
3 12
8 10
9 11
13 4
10 4
6 1
15
8 7
1 14
15 14
1 8
15 13
10 15
12 1
14 3
1 6
1 2
4 14
6 11
9 14
5 7
27
26 4
14 15
27 6
27 12
9 16
11 7
11 16
23 19
10 1
17 5
11 2
7 20
4 10
23 3
2 1
3 27
13 17
10 5
23 18
3 2
24 7
5 14
14 25
21 17
8 16
4 22
19
8 16
5 12
12 19
15 5
7 3
11 10
3 17
4 9
9 16
11 6
1 18
17 13
9 2
3 1
18 14
10 1
9 12
1 9
28
13 3
2 4
15 5
1 10
27 24
3 18
15 28
22 7
6 25
15 22
10 12
5 17
5 11
12 26
19 28
24 16
4 8
7 24
7 6
26 21
1 22
28 14
3 12
20 2
26 9
10 4
23 6
28
17 4
10 5
16 6
9 5
12 20
25 1
21 15
13 23
26 8
6 20
7 2
17 7
21 22
18 26
24 25
8 9
14 22
27 24
12 13
18 15
3 23
11 4
28 14
19 16
10 3
11 27
2 19
17
14 1
15 6
11 4
2 9
11 13
8 9
12 7
5 6
17 13
15 11
11 1
5 7
13 3
8 1
16 14
11 10
23
22 1
1 21
7 17
12 7
10 19
4 10
16 5
23 8
4 2
6 1
9 17
11 23
14 3
6 15
17 5
13 6
1 17
22 3
4 23
19 18
23 17
3 20
24
23 22
8 24
16 1
2 19
19 15
13 5
5 21
2 12
13 9
1 24
17 21
1 2
1 22
7 6
21 2
6 1
24 14
20 16
11 8
4 21
10 16
24 18
21 3
22
15 21
19 13
14 13
20 2
19 9
6 5
16 22
4 18
1 14
16 3
12 3
22 8
11 20
12 5
18 7
11 10
8 15
4 17
21 9
10 17
7 6
25
10 2
14 12
23 9
16 13
7 5
3 20
8 22
6 19
19 13
21 10
24 25
4 15
17 9
18 22
7 25
11 1
11 16
3 8
15 21
4 12
20 23
5 6
17 24
18 2
19
17 1
1 11
1 9
1 4
1 13
5 1
8 1
19 1
1 10
1 6
16 1
1 3
1 7
15 1
1 12
1 18
14 1
2 1
18
15 8
1 17
2 18
16 2
1 2
11 5
1 8
10 7
5 1
9 10
14 8
6 11
4 13
13 2
12 13
3 4
9 13
17
15 5
6 10
3 7
1 15
5 14
8 13
7 11
16 8
6 12
6 17
11 9
10 7
11 4
5 2
15 8
10 1
26
23 13
1 8
18 7
9 14
26 14
9 23
18 14
11 9
9 17
25 4
14 10
19 26
12 3
12 21
24 10
3 13
4 9
16 20
2 20
23 1
12 6
1 15
5 19
22 4
16 12
23
18 2
15 21
22 5
5 16
1 4
8 1
10 5
5 14
2 19
7 1
13 1
5 7
3 12
11 4
13 9
18 15
3 9
8 6
13 23
13 17
1 20
15 7
17
1 11
1 4
9 1
13 1
15 1
1 8
1 6
3 1
2 1
1 17
16 1
1 14
1 12
1 10
5 1
7 1
18
5 1
1 17
1 4
6 1
18 1
15 1
1 11
13 1
8 1
1 16
12 1
1 10
1 14
1 7
1 9
1 3
1 2
11
3 1
7 1
3 4
8 3
10 5
5 11
1 5
6 5
2 9
1 2
11
1 5
2 1
1 7
8 1
1 3
1 11
9 1
1 10
4 1
1 6
27
6 11
23 17
6 12
1 12
8 17
1 25
5 22
14 13
14 1
27 2
1 15
3 1
18 23
26 21
1 10
24 11
13 22
19 9
3 20
5 7
4 21
3 23
27 16
15 9
21 14
16 12
14
7 10
5 6
9 14
3 2
1 13
7 8
11 7
4 14
13 14
8 1
3 12
8 3
5 13
24
18 2
14 23
9 3
24 11
22 14
16 8
6 1
20 10
4 1
15 13
1 19
17 22
4 18
5 23
12 4
20 18
14 13
20 7
1 16
11 1
16 3
1 13
4 21
26
25 22
15 8
10 5
1 22
5 4
13 19
4 22
19 16
18 5
16 26
9 11
11 25
13 6
4 24
11 2
8 25
19 1
17 16
12 17
24 23
21 8
3 17
26 14
13 7
20 24
21
15 16
8 1
9 3
8 19
12 1
4 8
4 20
13 20
6 19
10 7
20 15
15 2
3 10
21 14
8 5
17 1
18 21
11 3
18 5
3 20
10
5 3
2 10
7 6
5 7
1 7
4 2
1 9
1 4
8 10
15
14 1
4 15
11 13
1 9
12 10
1 4
8 14
5 1
13 15
10 6
5 7
7 2
10 13
3 13
17
13 2
8 1
17 14
4 12
1 4
16 7
3 1
16 14
10 1
13 5
16 15
11 3
9 3
13 6
12 6
1 16
21
1 21
1 17
1 16
1 12
7 1
3 1
1 5
18 1
1 14
9 1
1 6
1 11
1 13
1 19
20 1
1 4
1 10
8 1
1 2
15 1
14
8 1
9 13
5 11
12 6
14 3
2 13
1 2
11 10
14 8
7 10
4 14
3 6
10 1
22
15 10
8 4
14 13
15 22
6 16
3 5
2 18
18 17
3 21
6 2
20 13
4 19
19 11
20 17
1 10
12 7
14 7
16 22
21 8
9 11
9 12
27
17 9
21 14
22 16
10 20
12 14
22 6
15 25
1 18
23 26
10 3
8 16
2 5
7 2
23 27
6 24
27 13
25 18
26 7
20 15
13 4
19 11
5 9
4 19
3 21
11 8
17 12
15
1 6
15 1
4 1
1 13
11 1
1 9
1 3
1 7
2 1
14 1
12 1
8 1
1 5
1 10
25
1 25
1 22
13 1
1 24
14 1
1 12
18 1
1 7
11 1
8 1
1 16
21 1
19 1
1 23
1 2
1 15
1 10
1 17
4 1
20 1
3 1
6 1
5 1
1 9
22
1 5
15 1
4 1
1 11
6 1
21 1
18 1
1 2
7 1
1 8
1 16
22 1
1 3
1 14
1 20
19 1
12 1
10 1
9 1
13 1
17 1
25
6 11
13 24
16 17
14 4
9 12
16 19
11 20
15 1
3 2
7 8
12 10
15 9
25 2
13 22
18 4
5 17
8 20
21 22
24 19
23 25
7 10
14 21
23 6
3 5
27
8 6
1 7
26 19
18 4
14 21
5 8
7 12
18 13
27 10
26 24
16 22
16 11
6 9
15 5
17 15
24 22
11 10
21 19
20 23
3 12
3 17
27 2
20 14
25 2
23 9
4 25
11
5 1
10 7
9 6
4 2
1 6
6 3
1 7
2 5
11 6
8 9
13
3 1
12 4
7 4
13 5
2 13
12 1
6 4
12 13
12 9
11 9
10 2
8 1
15
13 1
9 1
1 3
2 1
5 1
12 1
1 6
7 1
1 10
4 1
1 8
14 1
1 11
1 15
22
20 1
14 4
21 11
10 2
6 5
21 13
5 19
9 19
12 2
17 9
11 22
5 15
3 2
18 22
3 20
8 9
11 20
7 21
14 16
3 14
19 1
20
9 13
2 16
19 1
19 13
3 5
20 4
14 11
19 16
5 15
13 6
5 8
4 18
12 15
17 14
7 16
11 10
14 12
4 15
1 12
15
1 8
3 1
1 2
10 1
6 1
11 1
1 5
1 12
15 1
1 9
14 1
4 1
13 1
1 7
10
2 7
2 9
4 1
7 1
6 4
3 4
1 10
6 5
8 1
23
16 1
1 15
11 1
1 13
1 21
1 7
1 9
5 1
1 6
1 19
1 18
2 1
1 10
1 23
1 12
3 1
20 1
1 4
17 1
22 1
1 14
1 8
26
8 26
8 13
2 6
4 3
12 17
5 22
26 1
21 3
14 22
2 14
25 11
24 16
21 19
10 19
24 18
16 6
4 9
20 15
23 18
23 20
7 15
25 10
9 17
12 7
13 11
25
1 10
2 1
1 7
1 13
1 20
1 8
1 11
15 1
17 1
1 6
24 1
5 1
18 1
1 22
9 1
3 1
1 4
12 1
1 14
1 16
21 1
25 1
23 1
19 1
25
19 14
11 24
24 20
12 18
22 10
4 25
1 15
16 10
4 17
19 11
17 23
5 15
8 19
16 6
1 25
12 3
13 20
1 11
15 10
25 3
9 2
11 21
5 7
2 15
28
3 19
18 7
28 22
12 27
24 8
20 16
24 1
21 14
6 25
8 11
15 7
17 5
14 22
26 2
15 23
10 2
13 11
6 21
19 9
28 20
10 4
27 13
4 5
17 3
26 16
12 9
23 25
12
9 1
9 5
12 8
10 6
5 3
12 4
11 7
3 2
10 7
8 6
2 4
18
1 5
16 1
1 3
17 1
8 1
12 1
18 1
11 1
1 9
1 10
13 1
6 1
1 2
1 7
15 1
1 4
1 14
22
5 1
1 7
1 19
1 22
4 1
11 1
1 18
1 20
1 10
6 1
13 1
1 9
1 21
1 17
1 8
1 2
1 16
1 3
1 14
1 15
1 12
25
12 17
16 6
20 19
17 14
4 23
1 10
13 15
25 15
13 5
2 8
12 13
24 13
15 9
16 18
1 22
8 15
24 11
16 4
21 10
19 17
3 10
21 13
4 21
7 10
18
12 16
10 18
15 4
16 3
11 12
14 5
6 15
13 3
8 7
6 17
17 2
1 14
4 8
9 5
13 18
9 7
11 2
17
10 1
2 1
6 1
3 1
14 1
1 17
12 1
1 15
8 1
1 11
1 9
1 4
1 16
13 1
1 7
1 5
23
5 11
1 5
1 15
14 9
22 5
20 5
18 5
12 20
6 19
12 17
16 8
18 3
5 19
5 21
3 14
13 21
2 22
18 10
5 23
8 7
4 17
20 8
28
13 15
11 25
18 8
13 24
3 16
26 6
3 2
2 8
15 10
24 23
22 10
20 5
27 20
2 9
1 13
15 25
19 10
27 9
20 17
28 24
8 21
9 1
14 23
26 27
12 26
4 25
7 3
14
4 5
6 11
11 7
6 1
2 3
4 12
8 4
2 6
10 14
13 10
2 9
10 12
1 12
29
1 10
1 8
27 1
1 28
29 1
1 5
1 15
16 1
25 1
1 19
1 24
9 1
14 1
1 26
23 1
17 1
1 20
22 1
1 18
1 7
12 1
1 4
11 1
1 6
1 3
1 2
1 21
13 1
26
11 1
1 14
21 1
1 8
1 17
1 19
1 26
18 1
1 9
5 1
22 1
1 3
25 1
1 7
1 23
10 1
1 12
15 1
1 20
1 6
1 16
1 2
1 4
1 24
13 1
29
1 6
14 1
1 3
1 19
1 12
26 1
1 20
1 17
9 1
1 27
1 13
1 25
1 7
28 1
23 1
29 1
24 1
1 4
21 1
22 1
15 1
5 1
1 10
16 1
2 1
1 11
8 1
18 1
16
11 2
8 14
5 3
4 7
3 15
3 1
4 9
13 12
4 13
14 13
1 6
14 1
10 7
9 16
14 11
11
1 7
1 2
1 6
1 9
5 1
1 8
11 1
1 3
1 4
1 10
28
1 20
22 1
15 1
12 1
26 1
13 1
1 17
11 1
1 19
1 3
24 1
9 1
1 4
23 1
16 1
1 7
1 5
1 2
18 1
1 8
28 1
25 1
6 1
14 1
1 27
21 1
1 10
14
1 10
6 14
13 11
10 6
2 6
12 10
10 11
6 3
5 9
4 3
10 5
8 1
7 3
25
10 6
19 3
6 12
1 21
14 21
21 22
1 23
13 10
1 20
19 15
9 5
16 19
9 1
2 20
6 4
9 25
1 11
3 18
21 10
15 10
7 3
24 17
21 24
21 8
20
1 18
20 2
16 3
19 14
4 1
6 18
11 16
14 17
17 16
12 14
9 7
2 8
17 18
15 7
2 4
13 10
4 7
5 6
6 13
25
19 1
10 1
1 11
1 16
1 5
1 20
8 1
1 6
1 13
1 18
15 1
24 1
25 1
1 22
7 1
1 17
1 4
1 12
1 2
1 3
1 9
14 1
1 21
1 23
14
12 3
2 6
11 14
12 8
10 13
6 10
5 2
7 13
9 14
7 11
9 3
8 4
4 1
20
2 20
17 9
6 16
13 15
12 4
3 1
12 17
5 10
19 14
10 14
19 18
7 9
16 11
4 11
13 20
7 2
15 3
8 18
6 8
20
6 7
12 3
2 4
16 18
20 16
12 2
7 19
12 6
11 6
17 19
14 18
4 9
1 4
10 8
15 4
16 1
13 12
5 4
8 1
11
9 2
4 5
5 11
11 1
3 2
1 6
7 11
8 6
1 10
2 6
15
14 7
12 3
13 11
2 7
8 12
13 9
6 11
8 10
4 9
15 10
2 5
15 14
5 4
1 3
23
17 6
4 23
10 23
21 20
12 3
3 6
1 4
11 22
17 21
3 19
18 15
11 16
11 4
19 8
7 12
13 12
19 9
21 2
5 15
14 23
15 17
6 1
11
1 5
9 1
6 1
1 10
1 4
1 2
1 8
1 7
1 11
1 3
10
5 3
1 9
3 1
2 8
3 7
6 1
10 2
4 5
3 2
14
13 1
7 1
1 3
12 1
8 1
1 4
1 2
10 1
5 1
11 1
1 14
6 1
1 9
21
9 7
10 11
10 21
10 20
9 1
1 4
1 13
15 9
10 1
3 13
19 17
2 6
16 8
5 4
19 16
5 19
12 9
18 16
6 16
14 1
28
28 1
1 27
1 8
1 22
1 5
24 1
11 1
1 25
16 1
23 1
1 9
4 1
1 13
1 12
1 18
19 1
15 1
1 21
1 7
1 10
14 1
2 1
20 1
1 26
17 1
6 1
1 3
19
17 4
3 1
7 12
1 18
16 10
10 4
1 4
5 18
4 19
6 8
9 11
11 14
11 2
4 13
7 11
6 12
15 8
12 18
28
1 7
5 1
4 1
22 1
1 10
1 2
1 24
1 21
1 25
1 19
1 9
1 3
1 17
1 20
27 1
13 1
1 8
11 1
16 1
15 1
1 12
23 1
14 1
6 1
18 1
26 1
28 1
16
12 6
15 11
1 8
5 9
14 16
11 3
2 16
7 8
13 12
7 4
6 16
8 11
5 7
6 1
12 10
19
1 2
1 16
1 19
1 8
12 1
15 1
1 3
1 6
1 7
1 5
1 18
1 17
1 10
9 1
4 1
13 1
1 14
11 1
20
18 20
16 9
4 6
6 13
8 15
18 5
10 6
15 9
1 5
19 5
1 11
6 17
16 3
1 6
1 14
2 18
5 7
15 5
4 12
25
13 24
16 6
9 21
17 8
19 23
22 5
1 20
2 3
2 11
7 16
14 20
14 10
25 18
24 8
12 9
23 11
4 21
13 3
25 19
10 17
6 22
7 12
5 15
15 18
19
10 18
4 16
9 1
14 15
11 2
7 18
9 15
19 16
4 5
8 12
14 6
12 5
3 2
17 13
7 3
17 8
6 11
19 10
10
3 7
2 5
6 5
4 1
8 6
10 8
9 10
9 7
4 2
12
11 12
10 9
7 2
6 8
11 2
8 5
6 1
4 9
6 9
2 1
3 8
23
18 6
8 5
8 19
6 10
1 16
10 15
8 12
10 22
19 7
17 5
3 15
21 11
4 3
5 16
11 19
20 4
5 9
2 14
16 23
13 12
1 3
2 3
13
12 6
1 10
9 13
3 12
9 2
4 13
11 1
5 11
13 8
3 1
13 1
11 7
28
18 4
21 11
6 16
23 10
5 4
1 19
24 22
8 27
24 16
2 16
18 25
23 20
28 3
11 27
14 26
24 7
9 18
1 24
14 20
19 15
27 20
17 12
17 13
4 19
15 11
15 13
10 28
25
1 5
1 23
1 7
1 10
4 1
25 1
12 1
1 13
1 21
3 1
6 1
1 20
1 9
1 22
19 1
1 18
11 1
1 17
24 1
1 8
1 14
1 2
1 15
1 16
16
2 9
6 1
10 14
13 10
5 1
6 3
15 2
9 7
2 12
8 6
4 2
15 13
6 9
11 5
16 1
13
12 10
13 11
2 5
6 1
7 3
2 4
4 6
8 12
10 7
3 9
9 11
5 8
18
14 3
8 10
1 12
13 1
16 3
11 10
5 15
16 1
4 8
16 6
6 17
8 16
4 5
7 9
2 8
18 4
7 6
28
1 26
15 1
1 10
5 1
1 2
1 9
23 1
1 13
7 1
1 4
1 6
17 1
1 19
21 1
1 22
1 28
1 11
16 1
20 1
1 12
3 1
1 25
27 1
1 24
1 8
1 18
14 1
23
4 18
20 5
22 20
6 15
14 11
12 8
19 10
2 3
13 11
17 9
16 5
13 23
16 6
7 17
7 23
21 4
8 18
19 15
21 10
1 3
9 22
2 14
23
1 23
1 4
1 12
2 1
1 6
1 10
16 1
1 13
1 17
1 18
1 22
1 21
15 1
5 1
1 3
20 1
19 1
1 14
1 11
7 1
1 8
1 9
11
1 6
1 4
2 1
1 8
1 10
3 1
7 1
1 9
1 11
1 5
11
10 3
11 9
11 1
10 6
6 1
10 4
7 2
7 8
6 7
5 11
14
7 8
14 11
13 11
10 7
5 2
9 7
6 7
6 4
4 13
5 6
1 12
1 6
3 9
19
9 1
17 12
2 4
19 3
6 18
17 1
5 7
8 1
8 11
11 13
18 8
14 5
15 9
16 13
10 3
1 19
3 5
17 2
14
7 6
10 9
14 1
14 4
5 3
8 3
5 11
13 14
10 3
1 6
3 14
12 3
2 6
23
1 22
1 11
7 1
2 1
1 9
1 5
1 4
1 17
10 1
15 1
1 3
1 6
12 1
1 14
1 19
8 1
23 1
20 1
18 1
21 1
16 1
1 13
12
3 12
6 5
12 8
1 3
9 6
2 1
2 11
3 6
3 10
9 4
12 7
17
15 6
16 3
2 9
2 4
10 13
12 6
14 13
17 7
8 9
4 7
16 10
14 8
5 11
12 3
5 17
11 1
13
11 2
5 13
6 1
12 3
1 12
12 2
13 6
2 7
9 13
6 4
10 4
8 4
17
8 11
4 9
13 4
8 3
12 10
13 2
1 3
6 13
8 7
5 12
14 10
4 3
14 17
15 14
10 1
16 12
29
27 8
5 15
29 21
24 28
29 19
17 12
14 18
15 9
22 10
24 20
26 8
18 19
10 13
6 10
2 29
1 6
8 12
15 28
11 18
27 16
24 4
13 3
28 26
6 19
13 23
7 12
1 26
25 27
17
4 17
5 4
9 14
5 1
9 13
8 7
2 16
16 8
10 2
3 15
12 3
6 4
9 2
11 8
5 3
16 1
26
7 26
20 14
23 9
8 18
6 5
1 4
7 17
16 13
4 11
20 12
10 7
13 9
15 5
22 2
4 22
1 5
7 9
8 1
12 4
2 3
12 21
1 9
15 19
24 22
22 25
27
27 6
13 4
20 4
1 6
11 9
6 18
12 1
14 24
19 22
16 9
8 1
23 10
13 1
9 22
24 2
23 5
25 21
1 25
7 17
11 17
8 9
15 27
2 25
3 11
1 10
10 26
21
11 1
11 21
2 11
15 16
9 15
12 20
6 19
19 13
8 14
3 2
14 16
15 4
16 1
5 7
5 21
14 17
19 2
20 18
21 20
10 5
17
8 1
3 1
1 15
1 12
1 10
1 7
1 6
1 16
1 13
14 1
1 9
1 11
1 2
1 17
4 1
5 1
16
1 2
16 7
14 4
14 12
13 1
1 14
15 12
3 5
15 6
10 1
3 7
15 9
12 11
8 1
14 3
13
8 6
1 4
13 8
4 3
7 3
9 12
6 2
7 11
5 2
10 11
5 9
10 13
24
19 9
2 22
20 21
11 19
20 14
3 12
23 15
8 13
4 13
18 7
8 23
7 16
5 4
15 14
24 10
22 5
1 18
12 10
21 16
11 17
9 24
17 2
6 3
20
5 2
8 13
9 18
17 20
16 6
12 1
19 7
19 8
3 13
4 18
9 10
2 15
16 4
14 3
11 15
7 17
14 5
6 20
10 12
11
6 5
2 7
7 8
11 1
11 9
3 11
8 6
1 8
6 4
7 10
19
8 19
16 3
10 1
10 18
11 6
1 11
14 1
5 10
14 7
16 12
16 13
7 2
5 15
18 17
9 12
11 19
4 14
10 12
21
7 1
8 1
12 1
19 1
1 14
11 1
5 1
1 20
10 1
9 1
1 6
1 13
4 1
17 1
1 3
1 16
1 15
1 2
1 18
1 21
15
7 5
6 8
15 8
10 13
13 9
7 12
15 9
3 5
14 10
3 14
12 11
11 2
4 1
4 2
14
1 13
2 1
1 4
14 1
8 1
1 3
5 1
6 1
7 1
9 1
1 11
1 10
12 1
20
10 1
18 1
1 16
17 1
1 3
19 1
1 5
4 1
1 13
1 6
7 1
1 9
1 20
2 1
12 1
1 11
1 14
1 15
8 1
13
4 1
1 9
6 1
2 1
3 1
11 1
1 12
5 1
10 1
8 1
1 7
13 1
22
21 11
11 4
8 18
10 22
3 8
12 1
20 17
12 18
4 13
3 7
19 17
9 2
21 5
5 16
6 2
14 19
7 10
15 14
16 6
13 20
22 15
20
1 6
1 15
1 7
1 10
16 1
1 2
13 1
20 1
9 1
3 1
1 4
18 1
1 19
1 12
1 5
1 14
1 8
1 11
17 1
19
17 15
8 1
2 13
10 14
18 2
17 3
17 4
11 19
14 8
3 9
3 12
15 19
19 16
5 4
8 2
14 7
6 4
15 1
14
9 1
2 10
13 12
14 9
10 1
12 9
11 5
7 2
6 2
14 4
10 11
12 3
8 11
17
8 4
16 2
12 16
10 17
15 14
3 13
5 15
9 16
1 2
13 7
2 13
6 17
4 11
10 1
10 4
15 17
22
7 8
9 13
22 19
7 18
22 5
8 21
11 14
10 17
6 14
2 17
20 3
16 13
11 4
20 15
4 12
9 18
5 6
15 1
12 10
3 21
16 2
20
14 5
17 2
13 19
19 8
19 15
15 18
9 18
1 2
15 1
15 6
11 18
1 3
6 12
7 17
20 18
5 18
14 16
2 10
4 3
10
3 1
6 7
1 4
7 10
9 3
1 7
8 1
2 1
5 1
29
25 1
7 1
1 19
23 1
1 18
27 1
22 1
1 14
1 12
1 16
1 8
21 1
9 1
1 17
10 1
24 1
1 4
29 1
1 28
1 13
5 1
1 20
3 1
1 15
2 1
6 1
26 1
1 11
19
18 15
11 12
1 17
9 5
2 7
8 3
3 16
18 19
11 10
4 9
18 10
3 6
10 8
17 2
13 2
17 9
14 11
1 8
11
11 4
7 9
9 6
3 5
1 11
5 9
3 10
8 3
11 2
5 1
26
9 14
25 14
8 1
4 17
10 2
11 19
22 2
20 21
17 12
7 15
24 11
18 7
15 20
12 6
13 3
8 22
5 23
5 26
4 25
16 24
26 10
6 23
18 16
3 21
9 19
20
11 19
8 10
3 4
5 18
19 2
14 15
13 8
18 12
4 9
6 2
16 5
13 6
20 1
9 10
16 17
17 11
7 15
14 12
7 20
14
1 9
7 1
8 1
2 1
1 6
1 3
12 1
13 1
5 1
11 1
4 1
1 14
10 1
28
21 15
2 9
19 16
23 13
3 25
15 27
26 12
12 1
2 16
3 12
1 4
14 23
20 28
28 17
11 19
2 10
6 22
7 6
13 18
18 1
12 8
24 20
5 7
1 21
2 1
7 21
17 10
16
1 2
14 16
1 3
6 4
14 13
15 11
14 9
1 15
14 1
7 1
10 11
13 12
8 5
2 4
8 10
29
14 16
28 17
29 18
3 2
21 24
4 9
1 10
13 8
28 5
26 5
24 6
6 13
8 11
7 23
19 22
15 2
12 21
19 29
25 20
17 3
20 27
22 9
4 11
7 27
18 26
14 15
25 16
10 23
15
7 8
3 9
6 5
2 8
11 9
2 1
12 8
14 5
5 2
11 1
13 4
4 11
4 10
15 9
18
13 1
14 11
6 10
11 18
4 7
8 5
17 12
9 15
5 2
14 3
9 12
2 10
16 4
7 15
3 6
8 13
18 16
19
17 19
3 18
9 16
1 18
8 11
12 7
3 4
10 16
8 7
4 5
15 6
14 13
2 9
19 11
15 14
6 12
13 5
10 17
11
3 10
1 6
11 5
2 5
4 8
9 1
10 4
8 7
2 7
10 1
12
2 8
12 3
10 2
3 7
2 3
3 6
2 9
9 4
2 1
5 4
11 6
26
5 25
23 4
14 20
7 22
4 8
18 4
10 16
8 1
6 21
26 10
10 15
24 20
8 25
22 20
19 22
9 11
11 15
2 5
13 19
15 7
12 19
11 3
25 6
1 7
17 6
19
1 5
7 1
12 1
17 1
1 10
14 1
18 1
1 13
2 1
1 16
4 1
1 3
8 1
11 1
19 1
15 1
6 1
9 1
15
6 1
7 1
1 12
5 1
1 3
13 1
1 4
14 1
1 11
1 9
15 1
1 2
1 8
10 1
24
8 10
7 4
18 5
16 11
13 19
12 3
1 19
20 19
21 13
12 6
20 12
1 14
5 9
20 5
8 13
4 14
24 16
23 21
2 8
17 7
22 4
16 14
21 15
13
4 10
1 5
2 9
7 3
13 3
5 8
10 11
12 6
2 7
8 11
4 12
9 6
27
21 2
18 22
14 22
13 16
17 25
6 13
4 17
17 24
3 24
12 1
8 10
20 11
27 3
12 5
10 16
11 7
5 22
9 21
24 12
19 3
1 2
11 5
15 21
16 2
23 10
26 13
20
7 12
12 19
12 8
9 10
13 2
14 6
17 9
18 15
6 20
3 6
20 13
16 5
20 10
9 15
11 16
19 1
4 13
10 1
16 19
24
4 5
8 5
18 12
7 6
18 20
3 16
19 12
8 7
20 14
17 13
24 19
18 1
21 17
12 2
20 17
1 8
22 2
5 3
9 14
7 23
10 19
11 14
15 2
27
8 19
23 13
15 14
25 6
5 26
24 2
27 17
25 24
9 12
22 2
26 3
5 7
10 21
20 21
9 14
23 10
1 4
15 7
8 11
4 12
27 16
19 18
16 20
6 17
11 22
18 3
26
11 1
7 1
1 3
25 1
9 1
1 21
1 4
1 2
22 1
24 1
1 8
14 1
20 1
6 1
1 5
1 26
16 1
1 17
18 1
12 1
19 1
1 10
1 23
13 1
15 1
12
5 8
8 4
1 2
4 1
12 6
3 9
6 3
11 5
10 5
7 8
1 9
15
12 6
1 6
4 14
13 2
2 11
15 12
5 1
6 2
10 8
10 5
7 4
9 12
3 10
4 5
26
1 7
16 1
24 1
1 9
23 1
18 1
17 1
26 1
1 4
1 21
3 1
1 22
19 1
8 1
5 1
12 1
1 2
15 1
1 25
6 1
13 1
11 1
1 10
20 1
14 1
13
2 1
13 12
8 13
2 10
3 7
5 11
7 1
4 3
6 11
9 3
11 2
7 13
17
16 2
6 11
14 8
7 3
1 14
17 1
1 4
8 3
12 2
14 2
17 10
14 6
2 9
17 5
4 15
1 13
28
1 16
22 6
7 26
2 28
23 22
11 25
2 9
12 8
4 7
22 10
5 17
16 28
3 20
22 18
15 6
22 1
28 13
27 24
18 5
25 12
26 1
2 19
24 28
1 12
21 7
3 18
16 14
10
7 10
10 3
4 8
5 2
9 3
4 9
5 6
6 7
1 2
27
14 3
25 5
23 20
25 27
9 4
17 15
24 15
15 13
17 18
8 22
10 2
3 5
10 7
10 20
11 25
23 12
8 17
4 19
1 16
21 3
4 18
20 16
5 16
6 8
18 1
26 23
20
15 7
11 8
5 6
3 1
17 9
8 18
16 5
2 12
15 19
14 17
11 7
6 13
9 20
4 10
16 14
18 20
10 19
12 13
2 3
22
19 6
9 8
3 8
18 6
5 9
2 1
17 11
12 16
4 15
7 20
19 7
21 18
13 21
11 12
2 16
14 13
10 22
17 5
20 10
15 14
3 22
18
9 5
14 7
4 11
6 13
9 8
11 3
8 10
17 12
16 10
13 18
12 16
1 15
15 17
5 3
18 4
7 6
14 2
13
9 1
5 1
11 1
10 1
1 8
1 2
13 1
1 6
12 1
4 1
1 7
1 3
16
1 11
1 12
1 6
1 3
10 1
5 1
1 8
1 7
1 16
4 1
1 14
1 2
1 9
13 1
15 1
25
23 11
12 1
22 21
6 3
14 3
24 11
20 6
14 15
2 12
24 8
24 17
13 16
21 14
2 4
6 7
10 4
16 2
25 16
23 18
1 3
11 12
4 5
9 21
19 23
24
13 11
11 16
12 4
6 21
19 10
4 21
10 5
20 11
23 10
1 21
1 13
21 19
17 10
15 1
24 3
8 10
13 14
21 2
9 10
11 22
7 12
18 14
15 3
19
2 1
1 3
1 10
1 5
1 17
1 7
1 11
1 16
1 4
8 1
9 1
18 1
13 1
1 14
1 19
1 15
1 6
1 12
24
19 14
20 11
2 16
23 8
12 5
18 22
3 23
23 9
1 12
20 14
17 10
14 16
6 8
9 24
15 14
23 11
11 18
11 1
18 7
20 4
11 17
21 9
13 10
29
6 3
12 3
11 17
13 17
19 17
26 2
8 13
20 2
26 8
24 27
12 10
18 7
19 15
11 18
21 13
29 5
14 28
1 11
11 22
29 25
28 24
4 14
3 25
26 9
5 27
5 1
2 23
26 16
26
19 11
5 26
16 13
19 24
16 9
18 14
7 20
13 24
18 21
8 22
6 4
20 10
15 12
5 1
3 10
3 2
17 8
22 23
17 6
7 15
21 12
4 25
23 14
9 25
2 26
11
1 2
4 1
1 10
1 7
9 1
1 6
5 1
1 11
1 8
3 1
24
13 3
15 1
5 1
10 1
18 12
14 7
20 24
4 7
2 21
19 22
7 10
17 20
16 6
15 9
1 8
1 22
2 3
16 10
9 23
20 7
21 1
19 12
17 11
29
10 27
9 2
9 10
12 2
12 24
26 29
28 24
22 17
20 11
6 13
6 25
11 16
26 28
20 19
14 15
23 15
5 27
18 8
23 7
25 21
13 29
17 5
3 4
18 7
14 16
22 8
21 3
4 1
15
5 15
9 12
13 5
9 14
7 8
11 15
11 7
6 14
4 2
4 12
2 3
10 8
3 10
13 1
26
15 25
10 23
6 7
4 11
21 3
23 16
18 26
2 24
7 12
19 3
10 1
10 2
4 26
11 12
7 13
11 1
22 12
9 26
23 3
2 8
25 20
4 25
22 5
16 17
14 22
27
13 1
6 1
1 19
1 9
24 1
1 12
3 1
25 1
5 1
1 4
23 1
14 1
17 1
21 1
1 11
16 1
1 7
1 8
1 27
2 1
1 20
1 22
15 1
1 26
10 1
1 18
10
4 10
2 4
3 6
6 10
3 5
7 1
9 2
7 9
8 5
15
13 7
14 7
1 2
12 7
5 4
9 4
13 9
9 3
10 6
1 6
1 8
1 15
9 11
4 6
23
4 9
9 23
11 2
6 10
10 17
12 19
20 4
1 7
16 5
8 19
18 12
14 3
18 23
21 15
22 17
8 22
13 15
16 11
20 2
3 13
7 21
6 14
29
19 1
1 13
20 1
11 1
18 1
28 1
25 1
16 1
12 1
1 26
23 1
1 17
10 1
22 1
6 1
1 9
1 2
4 1
1 29
1 27
24 1
14 1
21 1
1 8
1 3
15 1
1 5
7 1
22
1 3
13 5
4 16
13 17
2 14
18 20
10 12
5 4
21 7
19 11
14 15
8 9
6 2
15 22
12 17
10 22
7 6
8 21
9 19
11 20
16 3
15
9 3
7 11
8 6
6 10
5 3
15 12
7 14
12 4
6 13
3 4
12 2
1 8
4 1
8 7
10
6 10
7 4
3 2
10 5
9 6
5 7
2 6
1 2
8 1
17
2 13
17 3
1 5
2 9
12 7
3 16
6 8
10 4
14 7
10 2
5 3
7 5
10 11
4 1
8 15
4 8
23
1 13
1 9
23 1
22 1
1 6
2 1
3 1
14 1
16 1
1 4
1 5
1 10
1 7
8 1
18 1
19 1
11 1
21 1
15 1
1 20
12 1
17 1
28
23 13
27 8
16 1
3 4
18 6
24 21
6 17
25 27
12 15
14 4
8 22
16 28
22 26
12 28
14 19
13 3
7 10
10 19
17 2
25 2
11 20
7 20
18 24
5 23
21 15
11 26
5 9
27
8 27
25 26
10 21
6 20
1 6
4 6
13 15
21 3
27 21
2 17
27 16
24 11
20 22
17 13
11 14
8 1
15 19
18 17
16 7
8 13
16 23
9 25
4 25
5 20
12 15
4 11
16
7 13
3 14
15 16
11 14
8 14
13 8
15 2
1 8
2 10
1 2
4 10
13 6
12 9
9 15
10 5
10
2 6
2 7
1 10
3 10
5 9
8 9
8 7
4 3
5 4
21
20 21
5 1
15 18
17 19
20 16
8 2
4 3
15 10
15 13
11 3
6 4
9 17
5 18
1 16
18 8
3 7
14 8
4 5
17 16
20 12
18
14 1
1 9
1 13
11 1
10 1
1 5
1 8
1 3
1 15
1 2
1 12
1 6
1 16
1 18
4 1
7 1
17 1
15
5 8
10 6
4 13
12 1
13 5
1 6
9 6
15 4
5 2
14 8
1 5
1 7
7 11
1 3
10
10 6
6 4
2 8
7 4
9 2
1 5
10 3
9 3
8 5
19
6 10
2 10
3 5
18 7
5 13
18 1
1 15
16 9
15 5
2 4
7 14
11 10
16 15
7 19
4 8
18 2
12 4
16 17
13
1 3
5 1
12 1
7 1
1 10
1 6
1 2
11 1
1 9
1 13
1 4
1 8
23
20 15
9 1
15 12
23 14
16 21
16 4
19 3
6 15
20 13
18 7
14 1
1 6
19 6
22 1
11 19
14 5
1 10
4 5
7 15
8 10
17 2
15 17
28
1 5
16 3
15 9
6 18
28 16
1 3
4 9
8 26
21 13
7 6
25 5
21 9
3 26
13 27
6 16
24 28
23 26
14 5
22 13
20 6
9 26
14 17
8 10
12 1
2 11
10 11
19 11
20
6 9
7 10
14 6
12 4
11 16
6 8
19 3
1 8
13 1
7 13
18 10
10 2
15 5
5 20
13 12
7 5
17 19
11 12
19 8
25
10 1
20 1
1 3
1 19
16 1
1 8
1 25
1 11
1 2
23 1
1 6
21 1
1 13
1 12
24 1
1 7
1 15
1 22
14 1
17 1
1 4
1 9
1 5
1 18
26
17 8
5 15
15 3
15 13
4 5
5 26
24 12
16 10
9 22
7 25
23 8
21 18
1 24
24 11
7 14
20 18
10 19
1 23
22 15
2 16
19 15
7 6
20 25
24 22
24 7
14
14 3
5 3
4 8
7 2
12 9
3 6
3 1
9 11
1 9
9 4
13 5
2 10
9 2
22
6 16
4 19
5 7
22 21
19 13
20 15
10 3
7 22
15 1
6 15
4 18
5 20
13 11
1 10
4 12
4 9
19 14
9 10
18 17
2 6
20 8
22
6 22
20 13
10 1
9 14
22 4
3 13
5 1
12 1
10 16
8 11
19 3
18 3
15 19
10 21
7 17
7 22
3 4
22 1
8 4
9 10
7 2
20
20 7
10 19
18 4
17 12
2 9
10 15
1 15
19 20
13 8
3 16
5 16
14 6
13 18
14 4
17 11
12 5
11 7
6 2
3 8
18
1 16
1 8
1 2
13 1
14 1
11 1
12 1
6 1
5 1
3 1
18 1
1 7
10 1
1 17
15 1
1 9
4 1
11
1 5
2 1
10 1
4 1
3 1
8 1
1 6
9 1
7 1
11 1
22
16 10
12 1
16 4
4 20
2 20
8 15
15 5
12 18
21 20
1 16
6 17
4 19
18 7
11 18
10 15
10 22
9 22
3 19
13 22
14 6
6 12
13
11 1
1 9
1 4
3 1
13 1
5 1
10 1
2 1
6 1
12 1
1 8
1 7
14
1 3
14 5
9 2
13 1
11 4
6 7
10 8
12 11
13 4
4 6
4 5
1 2
1 10
26
12 1
1 15
21 1
25 1
1 3
23 1
26 1
1 19
24 1
1 8
10 1
1 9
1 6
18 1
1 4
1 13
1 17
2 1
1 11
7 1
1 22
5 1
1 14
16 1
1 20
24
11 1
9 1
10 1
20 1
14 1
16 1
1 18
7 1
1 15
4 1
1 21
24 1
8 1
13 1
1 23
3 1
1 19
1 5
2 1
1 22
1 6
12 1
17 1
19
9 13
7 3
10 14
19 4
14 2
7 19
6 15
12 18
12 10
6 2
5 17
13 4
11 18
15 5
8 16
11 8
9 17
1 16
23
3 13
12 23
1 23
3 18
3 7
5 6
1 21
8 7
21 2
20 10
11 10
3 19
11 22
3 11
16 21
9 15
12 4
5 2
17 10
20 15
14 11
21 11
23
10 2
14 13
16 5
22 12
8 17
18 6
23 2
2 12
20 1
10 14
10 9
2 7
18 1
18 4
21 11
23 3
15 14
19 14
2 16
1 9
1 17
1 21
10
7 10
9 3
7 5
4 7
8 2
3 6
1 4
1 3
4 2
17
8 17
9 13
15 14
6 11
1 13
8 5
16 2
3 12
9 2
12 14
6 15
10 4
7 4
3 17
5 10
16 7
16
16 15
15 12
16 13
7 11
2 9
5 6
5 4
13 14
3 4
8 10
1 8
10 2
9 7
11 6
3 14
14
2 9
12 8
13 3
6 2
4 7
4 14
10 3
1 11
11 3
11 4
5 2
1 6
6 12
11
8 9
3 4
3 11
3 10
8 5
2 11
8 1
6 2
11 1
2 7
22
15 10
15 4
12 6
4 1
22 19
9 13
6 8
6 5
11 21
3 18
1 2
11 6
22 7
2 9
17 6
2 12
17 16
22 1
19 14
20 14
3 9
28
1 21
11 19
22 17
5 18
2 21
5 27
1 6
8 10
10 6
16 9
16 20
14 21
16 24
4 27
8 25
17 12
6 16
23 2
28 17
21 17
3 13
1 5
7 17
16 3
7 15
24 11
11 26
27
7 24
3 2
24 6
16 21
26 1
14 24
7 22
9 19
27 8
16 25
24 4
17 1
1 24
20 7
7 10
27 6
15 7
9 17
16 1
12 13
2 21
12 18
23 3
5 25
21 11
4 13
26
6 10
13 7
5 11
1 6
20 23
5 26
21 18
25 18
2 24
13 9
7 10
14 3
17 4
17 11
16 15
3 19
22 12
20 21
8 4
25 24
26 12
22 14
23 19
16 8
2 9
18
11 3
15 13
14 13
7 8
1 12
14 4
9 2
3 5
16 10
6 2
8 16
7 11
6 17
5 12
10 15
18 9
17 4
27
27 1
8 1
7 1
1 23
1 20
1 14
21 1
1 5
12 1
10 1
19 1
1 25
1 18
1 3
22 1
1 4
9 1
2 1
24 1
1 26
6 1
13 1
1 17
11 1
15 1
1 16
16
1 6
1 10
1 15
14 1
12 1
1 3
2 1
1 5
13 1
1 7
1 16
11 1
9 1
1 8
1 4
16
1 2
3 1
1 16
1 11
7 1
4 1
13 1
1 5
1 12
6 1
8 1
9 1
1 14
1 15
1 10
17
17 4
7 6
5 4
9 16
8 15
2 8
9 11
14 2
15 12
10 3
7 13
16 17
11 14
10 12
3 13
5 1
17
9 16
13 4
7 1
6 8
15 2
12 4
1 5
17 15
7 6
3 9
4 7
14 11
6 11
15 5
9 5
11 10
12
12 4
10 7
10 9
11 4
6 3
1 4
5 12
7 3
1 7
3 2
8 10
19
11 1
19 6
10 17
5 6
12 2
5 8
4 3
5 1
9 12
5 18
18 7
3 12
19 16
1 12
14 5
8 13
15 19
10 9
11
1 9
4 1
8 1
3 1
1 7
2 1
11 1
1 6
1 5
10 1
11
4 2
1 8
2 3
6 8
3 1
8 7
10 3
11 2
5 10
9 10
29
2 23
24 10
6 7
24 15
24 14
21 14
3 17
19 17
28 13
22 25
29 9
27 12
14 12
4 27
7 26
12 13
12 23
20 25
1 26
18 23
14 3
22 17
12 26
29 12
11 8
16 15
8 19
23 5
22
20 13
1 10
12 1
18 4
12 2
15 5
22 3
15 9
7 10
13 2
18 11
9 17
5 6
21 1
21 15
3 8
9 16
14 11
15 11
19 7
12 3
29
4 6
22 5
5 20
25 10
20 26
23 2
27 13
6 25
11 17
25 1
14 26
28 15
9 3
11 19
9 6
20 23
10 8
5 1
22 13
22 15
23 24
12 9
26 16
29 8
15 18
10 11
8 21
7 13
13
4 2
5 1
11 1
6 4
3 13
2 12
7 8
10 8
6 7
4 13
11 4
9 4
10
8 1
5 1
3 1
1 6
1 4
1 10
1 2
7 1
9 1
15
15 2
14 3
7 14
4 11
9 13
12 5
9 7
1 10
6 10
15 5
2 13
12 4
8 3
6 8
26
14 22
23 19
9 16
15 14
8 7
18 19
17 5
10 23
7 12
2 19
21 13
1 20
23 20
26 22
3 21
5 12
11 14
7 6
9 4
5 24
26 12
10 25
9 20
26 1
22 21
20
1 3
1 2
13 1
5 1
20 1
12 1
14 1
7 1
10 1
1 17
15 1
1 11
18 1
1 9
16 1
1 4
1 8
1 6
1 19
22
20 9
10 11
21 18
14 7
7 22
6 5
5 14
16 22
17 8
10 15
19 18
4 3
21 12
2 13
15 19
1 4
12 20
11 13
3 8
17 16
6 2
17
4 2
14 17
17 13
8 9
10 7
14 4
6 11
17 3
6 5
7 8
7 1
15 4
12 8
14 1
16 10
10 6
26
17 5
23 16
6 2
16 7
17 21
6 12
17 3
1 19
22 24
3 9
13 9
3 19
10 14
20 22
26 9
4 23
6 16
24 19
4 25
24 14
14 18
4 8
23 1
15 22
11 7
17
8 4
5 4
10 2
9 16
8 10
12 16
13 17
3 16
1 8
11 7
15 17
1 3
3 17
4 6
11 10
14 11
23
20 1
1 6
1 14
12 1
18 1
23 1
7 1
9 1
15 1
1 17
1 22
1 21
1 8
1 19
5 1
10 1
1 4
11 1
1 16
1 2
1 13
3 1
22
7 3
7 19
14 16
4 19
2 3
15 14
5 16
10 19
1 6
5 19
19 22
1 16
11 9
12 11
11 19
17 6
8 20
18 15
21 9
8 13
20 5
17
6 13
15 16
13 11
9 10
8 5
9 15
12 7
2 3
3 14
2 16
14 4
12 17
11 4
8 6
1 17
5 7
20
16 13
15 6
4 3
8 11
13 7
1 4
12 8
2 19
3 17
11 10
8 13
2 12
12 1
5 3
14 11
19 20
9 15
4 15
18 2
25
1 12
9 1
18 1
1 5
1 6
16 1
1 25
7 1
21 1
1 10
4 1
1 23
13 1
17 1
1 14
20 1
1 22
3 1
2 1
1 11
8 1
1 15
1 19
24 1
23
18 14
23 15
14 17
22 2
20 15
6 17
18 5
16 3
2 8
3 15
13 17
23 1
9 21
1 11
10 20
19 21
2 11
18 12
21 11
7 3
14 23
20 4
11
8 6
11 7
10 11
4 9
5 1
6 11
6 3
7 9
1 2
11 1
15
3 15
14 9
12 13
7 9
4 3
11 1
2 10
6 5
7 8
2 11
15 10
13 6
4 8
12 14
16
2 16
11 4
6 7
10 13
1 3
4 14
15 1
16 3
8 7
1 11
1 12
1 9
12 13
4 5
8 1
21
8 11
5 3
10 5
15 20
2 4
1 13
13 15
7 6
18 11
4 14
20 12
5 18
7 9
4 13
17 20
18 1
21 2
11 16
19 2
7 15
13
1 2
8 1
10 1
12 1
9 1
5 1
1 4
1 11
6 1
1 13
1 3
1 7
29
18 8
11 24
27 15
20 8
7 3
11 5
22 7
6 19
18 4
12 10
23 10
14 1
25 12
12 2
20 10
22 28
21 3
14 7
1 20
19 29
19 8
22 13
14 27
26 3
27 11
18 17
9 15
15 16
22
4 8
3 19
10 12
5 13
6 17
14 11
18 12
9 3
5 1
20 7
15 13
4 21
12 1
2 7
11 10
22 13
4 18
7 10
16 17
17 5
18 3
28
4 8
21 5
22 2
8 14
19 20
11 28
16 3
15 26
13 10
26 11
23 14
3 17
27 10
4 12
7 6
9 20
24 19
28 12
24 6
15 25
23 27
18 22
21 7
16 1
2 17
13 18
9 25
10
8 9
7 3
6 4
7 2
8 10
5 6
5 1
9 3
4 2
11
6 1
1 5
1 11
1 9
1 7
1 2
4 1
10 1
8 1
3 1
10
5 2
8 3
4 3
9 1
4 1
6 4
7 8
9 5
10 1
24
19 4
2 8
13 11
3 8
9 16
10 16
10 1
13 6
10 8
23 17
18 17
7 20
1 14
24 12
22 4
6 14
21 14
16 20
12 6
21 17
4 21
12 15
13 5
26
7 4
24 6
13 25
14 19
22 24
25 1
1 5
10 16
8 10
11 18
26 10
4 2
12 1
20 24
15 8
17 1
20 1
1 21
23 19
9 23
3 20
1 19
7 24
15 7
25 11
25
6 4
21 24
13 16
17 25
5 3
13 6
19 16
22 1
21 20
8 9
6 14
1 21
3 2
10 16
3 8
17 24
22 13
11 20
9 18
8 22
23 17
15 20
12 24
9 7
11
9 10
8 11
11 3
4 11
2 6
6 7
6 4
4 1
5 10
10 1
29
12 10
15 25
24 22
23 20
12 17
28 21
21 6
1 7
3 5
28 8
4 1
12 7
8 12
24 9
9 7
23 15
16 17
26 8
25 19
13 28
28 2
28 23
3 27
3 29
27 14
12 18
25 11
28 3
15
15 13
5 7
14 3
1 4
8 10
4 11
4 6
6 8
11 5
9 4
2 6
15 12
3 9
1 12
16
16 1
1 8
1 9
15 1
14 1
3 1
5 1
4 1
1 10
6 1
12 1
1 2
1 7
1 13
11 1
26
1 15
10 1
24 1
1 21
1 8
17 1
1 7
26 1
1 23
13 1
1 11
1 12
25 1
1 4
20 1
6 1
9 1
16 1
1 5
1 2
3 1
19 1
1 22
1 14
18 1
22
14 4
21 13
15 12
12 11
3 6
17 14
1 20
14 10
8 6
20 18
19 2
19 18
21 18
12 5
11 6
4 20
9 22
7 22
19 16
1 11
22 4
25
9 16
25 19
10 25
13 24
16 2
12 21
14 4
12 15
4 5
3 7
18 6
13 17
3 11
22 21
8 19
20 18
10 5
24 2
23 14
9 1
20 11
7 15
8 6
17 23
14
13 3
5 9
12 2
3 7
6 13
10 8
7 10
9 4
11 6
1 2
11 12
5 14
8 4
11
4 2
3 1
2 6
4 5
10 8
7 6
8 9
11 3
10 11
5 9
24
4 1
16 1
13 1
1 8
22 1
14 1
1 23
1 5
1 10
1 19
1 9
12 1
1 7
1 15
1 3
1 21
1 20
11 1
6 1
1 17
1 2
18 1
1 24
15
13 15
7 9
2 12
3 8
3 11
15 11
4 10
14 1
13 6
5 10
9 8
12 5
6 4
14 7
28
26 13
26 9
18 24
22 24
28 5
15 12
8 23
3 8
22 14
1 19
28 11
2 12
5 4
12 21
8 13
5 27
19 13
16 21
11 7
11 20
17 10
10 21
1 16
16 22
26 6
10 25
19 28
11
11 1
7 1
10 1
1 4
5 1
9 1
1 3
1 6
1 8
1 2
20
10 5
1 17
8 13
12 5
13 16
17 3
19 13
8 5
14 6
14 2
4 3
14 9
20 7
11 3
8 1
7 18
17 6
7 6
15 4
11
8 1
1 9
2 1
5 1
3 1
1 4
10 1
11 1
6 1
7 1
10
3 6
4 7
7 5
1 8
10 2
3 9
2 8
10 5
4 9
23
7 16
19 10
10 1
2 11
15 20
15 13
6 4
11 8
22 23
18 7
7 12
1 12
13 3
19 4
11 12
3 9
4 14
10 13
23 17
3 21
23 19
15 5
17
3 4
7 3
12 17
10 14
13 2
11 9
8 13
8 12
4 15
1 11
14 7
6 16
2 5
16 5
9 10
6 15
22
2 1
3 1
1 7
21 1
19 1
1 11
1 8
12 1
1 10
22 1
18 1
1 20
9 1
4 1
16 1
15 1
5 1
13 1
17 1
1 14
6 1
14
14 3
3 11
7 1
6 7
1 12
1 2
5 3
10 13
1 11
10 3
8 1
10 4
10 9
20
13 18
1 10
15 14
11 18
2 3
13 15
8 20
8 11
2 16
11 17
12 20
1 9
9 2
14 7
9 5
1 4
2 19
2 6
13 1
12
10 11
8 12
1 3
10 9
3 7
1 6
4 3
6 8
7 2
5 8
6 10
25
7 16
23 3
17 4
16 3
18 21
9 22
7 6
2 14
25 21
17 6
19 17
13 21
14 18
9 16
3 12
24 20
11 14
7 1
25 15
10 25
5 9
20 8
6 20
18 1
13
1 7
1 5
1 9
1 4
1 13
3 1
1 12
6 1
1 8
10 1
11 1
1 2
27
11 1
18 1
3 1
1 10
1 24
1 15
16 1
1 7
1 4
5 1
19 1
25 1
1 17
1 23
8 1
27 1
1 22
20 1
12 1
1 6
1 21
1 13
2 1
9 1
26 1
1 14
10
8 1
9 1
1 5
1 2
1 10
7 1
4 1
1 6
1 3
12
6 12
5 10
9 5
10 11
2 11
7 1
8 5
7 4
7 6
3 11
1 10
11
6 2
5 11
8 2
1 11
11 9
2 3
4 8
11 4
10 7
10 4
28
26 1
1 21
11 1
15 1
22 1
8 1
10 1
1 28
25 1
5 1
1 19
18 1
17 1
1 7
1 3
9 1
14 1
13 1
1 12
1 2
1 6
23 1
16 1
1 27
1 20
4 1
24 1
15
5 11
7 10
6 10
15 13
10 3
2 4
1 9
9 4
14 4
5 6
15 9
1 6
8 15
5 12
24
15 20
24 21
7 18
17 4
14 9
6 15
22 4
8 23
11 10
20 14
21 6
19 1
13 9
12 5
23 12
11 7
16 18
22 8
5 2
10 17
13 3
16 3
24 19
10
10 1
3 1
2 1
6 1
9 1
1 5
4 1
1 7
8 1
14
1 9
1 2
1 6
1 8
13 1
1 12
3 1
1 7
5 1
11 1
1 10
4 1
1 14
28
4 1
26 1
28 1
1 21
1 27
3 1
1 14
1 6
25 1
1 19
1 8
24 1
1 13
22 1
2 1
1 23
1 15
1 11
18 1
1 17
9 1
1 20
16 1
12 1
1 7
10 1
5 1
28
1 5
24 1
1 22
27 1
26 1
2 1
19 1
18 1
15 1
3 1
1 25
9 1
1 21
12 1
1 11
14 1
1 16
20 1
23 1
1 4
7 1
17 1
10 1
1 6
1 8
13 1
28 1
13
12 13
3 4
1 10
12 1
8 7
8 12
3 11
3 10
6 10
5 6
6 2
8 9
18
2 1
13 1
1 18
15 1
17 1
7 1
1 5
1 6
3 1
1 16
1 8
1 9
1 14
1 10
1 12
11 1
4 1
23
11 4
10 8
18 17
14 12
13 21
9 17
10 19
4 5
20 3
18 1
2 23
2 16
22 8
6 12
20 23
15 13
7 15
11 22
21 5
7 14
16 9
6 3
21
7 14
21 18
12 10
8 4
5 1
9 8
1 9
20 13
5 21
13 11
9 2
19 16
7 8
15 7
12 3
17 19
19 2
5 13
6 21
2 12
19
19 5
5 17
8 4
7 10
7 3
6 13
17 13
18 12
15 14
12 14
18 10
6 9
4 16
16 3
15 11
8 1
19 11
2 9
29
28 27
5 29
7 11
23 3
13 12
19 23
14 15
6 8
21 18
24 15
5 4
1 8
2 20
9 22
2 11
21 6
16 13
12 4
17 20
27 9
19 25
14 26
25 17
10 16
28 10
7 29
18 26
24 3
10
2 5
6 2
9 4
6 8
9 10
1 9
2 1
5 3
5 7
29
12 26
9 23
14 8
16 20
7 20
21 24
3 19
23 15
12 18
24 28
10 11
7 22
15 25
9 29
28 16
29 13
19 27
17 8
1 3
11 25
26 2
4 5
27 10
6 14
4 22
17 5
21 18
13 6
28
16 10
4 13
4 9
28 8
10 27
18 21
23 28
10 24
19 2
24 22
27 15
6 17
25 3
1 18
20 11
7 10
6 20
1 26
13 23
4 10
4 5
12 27
1 4
25 1
14 17
6 27
19 27
17
3 7
11 14
15 4
10 12
9 8
17 2
3 2
6 13
15 13
1 5
14 17
16 12
11 10
5 6
4 8
16 9
15
1 12
8 1
1 5
6 1
4 1
1 2
9 1
14 1
1 10
7 1
1 11
1 3
13 1
15 1
12
7 11
5 6
2 10
1 5
2 7
8 9
10 9
5 2
7 12
3 1
1 4
10
7 5
6 4
8 4
3 10
9 7
1 8
3 2
6 9
5 2
16
12 4
13 6
15 8
9 16
1 7
6 7
2 3
15 10
4 1
5 12
6 14
9 3
7 9
4 15
12 11
12
7 1
1 8
1 3
1 2
1 12
1 10
4 1
5 1
6 1
11 1
1 9
24
12 3
5 2
24 14
14 11
23 9
3 6
8 17
2 10
16 4
1 6
14 20
9 15
24 21
23 16
3 18
17 24
16 22
6 5
7 9
19 5
13 17
21 23
21 1
17
4 10
17 16
5 17
6 1
12 3
15 11
11 8
11 2
6 3
15 17
7 14
3 9
4 6
13 14
4 14
15 1
11
1 11
4 1
1 6
1 9
5 1
8 1
10 1
1 2
7 1
3 1
20
2 11
12 13
18 17
20 18
3 17
6 1
9 16
1 9
8 14
1 13
13 15
4 15
18 11
19 5
11 14
19 13
10 3
14 13
11 7
18
10 11
14 11
13 6
9 3
11 17
6 8
13 3
14 1
16 7
3 15
13 1
2 17
14 7
5 10
7 4
18 6
10 12
22
8 6
7 11
4 20
14 19
18 13
21 10
6 3
20 5
12 11
9 3
21 9
19 15
16 5
4 10
17 15
17 2
14 1
18 22
8 22
16 12
7 2
13
1 7
12 9
11 13
1 9
3 9
4 10
7 13
3 2
5 10
13 8
6 3
7 10
28
27 22
5 7
19 25
27 13
6 21
26 28
11 14
8 1
17 18
24 19
15 21
18 3
7 11
16 5
4 23
10 20
24 10
25 12
15 8
26 23
17 28
9 2
12 13
9 20
4 14
6 22
16 2
21
1 6
20 18
1 5
10 15
20 1
19 13
7 3
8 11
16 5
11 17
10 2
16 13
21 16
15 1
9 18
15 4
19 12
7 5
12 8
11 14
14
6 9
3 4
7 13
7 11
10 14
5 3
10 4
11 9
12 6
1 12
13 2
5 2
8 14
24
6 21
24 8
22 7
4 19
9 10
21 18
15 11
17 6
5 9
10 16
23 3
3 12
11 13
17 2
23 24
20 16
5 12
18 1
14 2
4 7
22 15
13 20
19 14
11
7 8
9 5
1 7
6 9
11 5
1 9
6 3
6 2
7 4
5 10
22
13 11
11 10
4 11
22 15
13 14
4 15
7 3
22 16
6 15
10 12
8 19
1 5
21 13
17 3
6 18
8 2
3 5
1 4
5 8
9 22
10 20
10
4 3
8 2
5 10
1 10
9 10
3 7
1 4
4 8
8 6
11
1 6
8 10
4 6
7 3
4 11
3 6
1 8
4 5
9 3
2 8
16
1 3
2 9
1 9
4 9
11 14
11 1
15 11
10 3
12 8
16 15
8 1
7 13
3 5
1 7
1 6
27
11 4
9 8
5 18
16 8
20 15
15 17
4 23
5 13
14 17
26 24
20 6
8 4
3 5
25 20
9 21
13 10
19 9
24 12
2 15
10 27
2 1
10 22
24 2
7 17
16 13
16 1
15
12 5
9 13
4 2
3 11
4 1
7 5
15 8
10 14
8 6
6 7
3 10
11 2
15 9
12 14
12
2 6
8 9
3 1
1 5
8 2
4 2
5 12
8 5
11 10
5 10
7 3
12
3 7
10 8
6 11
9 4
6 3
5 2
5 11
12 1
2 12
7 10
9 8
28
17 18
23 5
25 5
16 28
26 8
28 19
21 20
15 19
24 28
11 17
23 21
28 22
23 2
14 10
15 9
4 10
17 5
26 27
19 6
17 7
1 5
1 28
16 4
3 23
26 9
13 28
9 12
25
4 24
5 6
13 10
3 5
19 23
16 9
4 5
6 2
25 18
5 17
14 20
8 15
19 25
13 8
6 1
3 11
18 21
14 12
25 1
16 14
7 2
12 25
22 5
4 13
16
11 3
13 2
10 9
8 14
2 5
7 9
1 13
15 7
6 11
6 5
4 15
16 12
4 8
12 10
3 14
11
1 10
5 1
9 1
2 1
1 8
1 11
4 1
7 1
1 6
3 1
13
4 1
10 1
1 11
2 1
1 6
12 1
5 1
7 1
9 1
1 8
3 1
13 1
29
20 1
3 1
1 16
1 5
13 1
27 1
1 4
1 14
1 25
1 17
1 12
1 2
19 1
1 9
1 29
18 1
1 10
23 1
1 28
7 1
1 6
1 21
1 22
1 15
24 1
1 26
1 8
1 11
19
13 19
6 16
9 19
14 8
10 13
11 3
11 16
6 2
12 9
10 8
12 7
18 4
5 4
7 15
14 17
17 3
15 1
18 2
13
10 8
4 2
8 4
3 5
2 9
12 6
10 13
5 7
7 1
12 11
6 9
11 3
24
6 19
7 1
19 1
17 23
19 12
21 18
16 9
20 2
18 12
24 7
15 4
9 6
17 14
5 12
3 24
18 22
5 13
7 17
11 20
24 4
6 20
9 8
10 5
14
7 13
14 10
4 11
11 2
1 5
12 6
7 6
14 2
3 5
12 10
9 8
4 3
13 9
29
25 11
10 7
19 29
19 28
4 5
2 15
3 12
1 5
14 17
6 21
27 9
16 8
2 3
29 20
27 14
18 24
17 7
4 28
23 20
9 13
12 16
25 10
22 24
8 23
26 13
6 11
18 21
15 22
15
3 1
13 7
8 15
14 3
12 11
11 2
4 5
14 12
2 15
9 4
13 5
6 10
10 7
8 6
26
7 16
16 8
25 6
6 10
26 23
20 26
13 3
11 17
10 7
26 12
25 2
4 14
10 1
12 17
1 9
6 14
24 18
19 25
3 22
15 14
5 18
18 7
12 9
21 16
9 3
20
19 3
20 5
16 12
16 1
13 4
1 15
13 8
11 1
7 3
18 6
17 14
20 16
2 13
1 7
6 8
19 9
10 3
8 16
17 1
20
1 19
6 1
1 5
1 12
11 1
1 7
1 8
1 20
4 1
16 1
1 13
15 1
17 1
9 1
1 14
1 18
10 1
3 1
1 2
24
1 18
1 4
1 14
1 7
1 16
1 20
1 21
1 5
1 22
1 19
8 1
1 24
17 1
12 1
1 23
1 15
1 10
13 1
1 2
3 1
9 1
11 1
1 6
16
2 16
6 3
13 5
8 2
4 11
4 10
1 16
9 2
6 14
3 4
7 16
1 3
6 12
7 13
15 7
25
1 9
21 1
19 1
1 17
1 6
24 1
25 1
20 1
1 11
2 1
1 7
22 1
8 1
18 1
1 5
13 1
1 14
1 12
1 23
1 4
10 1
16 1
1 3
15 1
16
9 1
15 1
2 1
1 13
4 1
1 14
7 1
11 1
12 1
1 6
16 1
1 10
5 1
1 3
1 8
12
3 1
8 1
1 11
1 10
9 1
12 1
4 1
1 2
1 5
6 1
7 1
12
1 7
2 6
2 7
9 7
3 9
12 4
12 5
1 12
11 5
9 8
2 10
13
9 4
12 10
8 13
5 12
1 11
3 6
7 8
4 2
6 10
2 11
7 3
9 13
24
1 5
13 1
1 15
1 9
20 1
11 1
1 10
1 21
1 19
1 17
1 22
16 1
1 2
3 1
1 8
1 14
6 1
1 18
4 1
23 1
7 1
12 1
24 1
17
12 4
14 2
13 11
1 13
11 6
8 12
2 16
17 11
5 15
10 12
3 15
13 16
2 7
15 10
9 16
10 1
22
17 4
5 16
21 13
10 9
8 3
12 8
19 4
20 7
14 6
22 10
15 11
7 17
22 21
11 3
1 19
6 20
14 2
9 15
18 5
16 12
2 18
14
8 13
2 12
2 14
7 1
2 1
9 8
1 3
2 11
7 9
10 9
4 7
7 6
1 5
13
10 7
6 1
6 4
9 1
9 7
3 13
8 5
7 12
8 6
6 3
4 2
9 11
19
15 1
18 1
16 1
1 5
1 4
11 1
1 19
10 1
17 1
13 1
1 9
12 1
1 6
3 1
1 14
1 7
8 1
2 1
13
1 10
5 11
7 4
6 5
12 2
4 12
12 9
1 4
13 3
3 8
10 3
5 10
23
22 18
23 15
7 12
3 15
18 19
1 14
8 5
4 15
13 19
19 11
8 16
17 11
4 13
7 14
18 21
11 6
10 14
4 8
7 2
1 13
9 10
20 10
18
9 7
11 1
14 10
17 8
3 5
16 18
13 4
8 12
16 10
7 3
17 4
5 6
18 15
9 13
14 11
12 2
15 6
22
2 10
10 17
1 3
1 14
6 14
2 7
4 1
10 22
13 20
15 1
11 16
4 5
17 11
17 1
21 18
21 15
19 1
13 17
12 4
10 9
5 8
18
5 11
9 1
14 10
13 12
16 10
1 16
2 4
4 7
6 11
16 4
3 17
3 9
9 13
11 10
3 18
14 8
13 15
10
6 1
1 10
1 5
1 2
9 1
8 1
1 3
7 1
4 1
25
22 1
5 1
20 1
4 1
1 19
1 10
21 1
1 17
7 1
18 1
3 1
1 13
1 16
1 24
1 23
1 11
1 8
1 9
12 1
1 15
14 1
2 1
1 25
1 6
23
9 10
12 17
15 16
2 23
10 13
1 7
18 11
19 20
1 5
4 2
5 15
6 2
21 7
23 20
21 17
10 21
17 22
15 3
7 23
14 20
5 18
18 8
26
6 20
25 17
21 8
2 1
9 8
1 14
2 7
8 10
4 21
2 18
5 15
1 12
14 22
9 3
16 10
1 17
20 1
17 15
12 11
26 10
13 18
23 12
10 24
10 12
10 19
26
6 14
23 3
4 14
8 16
17 18
9 11
16 25
26 2
22 10
1 8
22 17
20 9
15 24
25 12
8 3
15 17
5 23
26 3
22 21
13 26
18 9
1 18
23 19
7 25
16 14
18
11 6
13 7
3 17
4 16
8 16
6 17
13 1
11 10
12 7
15 17
10 14
9 18
13 16
5 7
2 10
18 11
1 6
15
1 13
3 1
12 1
1 11
8 1
1 10
1 2
1 5
1 15
1 4
1 9
1 6
1 7
14 1
14
9 3
10 6
10 13
8 12
7 6
5 3
2 11
12 4
14 13
14 11
2 4
5 8
1 9
14
6 1
14 1
13 1
1 4
1 5
1 7
8 1
1 3
1 10
1 9
1 2
11 1
1 12
21
19 8
9 11
4 10
4 2
15 13
13 14
12 9
20 6
15 21
3 17
5 6
20 16
21 7
7 18
1 17
10 11
16 12
5 3
18 2
8 14
15
1 15
7 1
3 1
13 1
1 6
1 12
11 1
14 1
1 4
9 1
1 10
5 1
8 1
2 1
13
8 1
1 3
1 6
7 1
4 1
12 1
1 10
5 1
9 1
13 1
2 1
1 11
17
5 10
11 16
14 5
17 10
7 15
8 15
14 15
6 4
11 3
13 1
5 4
12 10
11 14
11 1
14 2
9 2
24
7 22
1 3
20 15
15 2
14 8
3 6
12 21
19 11
6 9
4 24
5 22
4 17
2 19
13 10
16 18
18 5
7 10
20 13
21 9
24 11
23 14
12 8
23 16
12
1 2
1 10
4 1
1 5
12 1
7 1
6 1
1 9
3 1
1 11
1 8
13
1 7
9 1
10 1
6 1
5 1
3 1
1 4
11 1
1 13
1 8
12 1
1 2
27
17 13
20 6
23 11
20 5
8 12
24 11
21 1
12 19
6 25
15 11
9 27
19 1
2 25
17 15
12 14
10 25
21 6
15 19
17 16
27 7
27 21
26 20
7 4
9 18
9 3
7 22
22
3 10
9 3
21 17
4 12
22 5
19 20
16 9
18 7
8 1
4 16
13 8
15 19
20 17
13 22
18 11
6 14
2 12
6 15
14 2
5 10
7 21
29
1 9
1 22
1 7
11 1
1 25
1 29
19 1
26 1
13 1
1 21
1 27
1 15
1 12
1 17
23 1
1 20
2 1
8 1
1 14
3 1
24 1
1 6
1 28
16 1
10 1
4 1
1 5
1 18
28
17 1
27 1
1 12
18 1
24 1
28 1
26 1
1 9
1 23
1 6
2 1
15 1
8 1
22 1
4 1
1 10
14 1
19 1
25 1
11 1
1 3
13 1
1 7
20 1
16 1
21 1
1 5
24
9 7
11 18
21 24
24 20
4 6
9 2
18 4
8 3
5 17
21 22
22 23
12 10
19 3
23 11
7 8
15 6
19 10
14 16
1 16
13 2
17 20
14 13
12 5
19
7 1
16 4
13 12
9 11
5 17
2 16
14 6
9 13
15 17
1 9
18 8
4 8
3 9
17 4
19 8
1 8
10 19
16 14
11
1 3
6 5
4 6
5 9
7 1
5 8
6 1
1 11
10 6
2 6
22
1 8
1 9
1 12
7 1
5 1
17 1
21 1
4 1
1 14
15 1
19 1
1 2
1 11
6 1
1 20
1 16
13 1
1 18
3 1
1 10
22 1
19
3 12
15 19
19 18
7 10
18 2
6 7
9 11
12 5
19 1
7 13
11 7
15 10
2 17
5 16
14 1
15 8
12 18
8 4
28
27 23
7 10
15 21
20 9
25 21
16 2
25 16
22 19
6 3
4 17
5 4
11 24
24 28
23 13
3 2
14 8
12 22
1 15
10 8
14 12
6 18
7 26
20 17
9 19
13 11
26 18
5 27
14
11 3
10 13
14 1
4 12
9 5
2 6
14 6
7 3
3 12
4 5
1 13
9 8
4 1
28
18 1
11 6
3 27
26 2
15 12
15 14
10 17
13 6
1 8
7 5
17 27
23 2
16 3
26 22
15 8
20 28
4 10
1 26
11 5
20 19
9 12
27 11
8 28
21 27
24 27
25 20
1 27
21
3 1
1 21
17 1
1 16
20 1
1 9
1 6
8 1
1 18
7 1
12 1
1 13
1 2
1 5
14 1
19 1
1 11
1 4
10 1
15 1
18
6 5
14 7
13 10
5 2
10 18
1 10
15 4
18 16
17 10
4 10
6 3
9 2
8 5
6 13
1 11
12 10
7 6
15
15 9
5 12
8 14
13 15
2 10
5 4
11 6
9 6
4 3
13 7
3 14
2 8
7 1
11 10
20
4 16
20 16
6 15
3 15
18 16
8 10
4 1
20 14
12 2
7 20
13 1
13 2
15 13
17 8
5 2
8 4
17 9
18 11
19 18
28
1 14
20 1
1 2
24 1
11 1
16 1
1 25
19 1
1 18
5 1
15 1
10 1
1 12
1 9
1 3
26 1
4 1
1 27
1 23
1 17
8 1
1 22
28 1
1 7
6 1
13 1
21 1
26
8 10
18 16
9 3
12 10
4 21
2 14
25 18
4 5
3 16
3 23
15 10
13 26
16 13
15 14
20 19
18 24
14 20
7 2
26 6
11 6
15 1
22 20
13 1
17 6
26 4
14
9 5
3 12
13 12
9 13
2 10
11 3
10 11
14 8
14 4
2 8
5 6
4 7
1 7
12
5 2
3 8
9 12
10 1
8 7
7 2
3 11
5 12
6 4
4 10
11 6
15
7 12
4 3
15 8
13 14
10 6
3 10
5 11
13 11
15 1
8 2
4 7
2 6
14 9
5 12
16
10 13
3 5
4 6
16 15
2 16
5 9
13 14
15 7
16 10
12 5
6 12
8 6
12 1
13 11
10 1
26
3 24
12 9
16 11
22 3
26 17
17 14
10 15
23 25
2 6
19 21
23 11
5 6
18 4
19 16
18 1
10 2
21 8
15 4
14 5
7 22
20 25
24 8
20 13
13 9
26 7
23
5 22
16 14
16 12
18 2
19 17
4 7
23 10
6 12
21 4
7 14
6 15
11 9
20 21
13 8
23 13
20 10
15 22
18 3
19 1
9 8
17 11
5 3
11
7 6
8 11
3 10
11 9
2 1
6 4
10 1
6 1
5 10
2 9
16
13 11
4 16
8 4
14 1
7 3
15 5
6 15
11 2
15 10
4 5
14 7
5 1
2 14
2 9
7 12
29
26 5
16 8
5 17
8 25
9 4
22 11
14 19
6 24
22 24
12 17
26 7
2 13
21 4
25 10
19 13
20 29
28 14
20 10
28 18
16 23
15 11
27 3
2 6
9 12
1 18
23 27
3 21
15 7
11
2 1
1 11
1 7
8 1
9 1
1 3
10 1
1 4
6 1
5 1
12
6 12
1 3
4 7
2 8
7 3
5 10
11 9
2 1
11 1
5 6
6 2
14
14 4
1 3
14 12
11 7
5 8
6 1
1 10
2 14
1 11
6 14
7 9
10 13
12 8
27
10 27
17 6
21 15
12 20
7 19
4 10
7 25
9 11
6 2
25 20
18 8
3 1
9 16
7 24
27 15
18 22
1 17
13 10
14 6
11 3
25 3
5 20
15 23
27 17
18 11
9 26
16
11 2
14 3
10 8
15 12
9 3
2 6
13 9
16 5
14 12
10 7
4 5
6 15
8 16
4 13
1 7
11
9 8
1 3
7 1
9 3
11 4
3 11
9 5
2 7
6 11
7 10
25
7 1
1 14
25 1
1 2
1 16
9 1
24 1
1 4
11 1
20 1
1 12
1 15
1 5
21 1
19 1
1 23
10 1
1 18
1 22
13 1
1 3
6 1
8 1
17 1
22
1 5
17 10
20 16
13 6
21 16
8 21
18 15
7 11
12 21
14 12
13 4
12 9
3 10
10 2
7 19
18 22
2 13
5 18
1 8
5 7
8 2
28
1 28
1 13
1 16
7 1
4 1
14 1
1 21
11 1
17 1
1 25
3 1
6 1
20 1
1 23
1 12
1 27
1 22
1 15
1 18
1 19
1 5
1 26
1 10
1 8
24 1
2 1
9 1
26
18 1
9 1
1 10
23 1
1 7
1 24
1 26
12 1
17 1
13 1
1 14
19 1
1 2
25 1
3 1
1 4
21 1
1 6
1 5
16 1
1 20
15 1
22 1
8 1
11 1
24
1 10
11 1
1 19
23 1
1 8
9 1
20 1
24 1
1 14
1 17
1 2
1 22
1 3
1 18
6 1
13 1
5 1
4 1
1 21
7 1
1 12
16 1
1 15
16
9 8
9 13
7 15
2 16
5 9
8 4
5 12
6 8
3 15
2 9
10 14
1 2
11 2
3 2
8 14
19
11 16
1 8
17 10
17 16
5 13
19 7
9 5
6 2
3 6
15 4
15 7
18 14
9 18
19 10
11 12
8 4
3 12
14 2
26
14 1
1 26
1 16
1 2
3 1
13 1
5 1
12 1
19 1
1 22
6 1
10 1
8 1
1 9
23 1
24 1
7 1
11 1
20 1
1 4
1 15
1 17
25 1
1 21
18 1
11
5 9
1 4
10 4
1 5
11 1
2 1
8 5
9 7
8 3
6 9
27
12 11
14 15
24 27
26 23
6 16
17 9
27 23
13 20
2 24
10 23
22 11
13 8
1 12
8 24
3 15
3 2
10 9
23 1
25 20
6 8
21 20
4 19
19 24
5 14
7 14
18 11
15
13 7
4 15
3 12
7 9
14 6
5 11
1 5
10 2
8 4
15 12
6 9
13 10
3 14
11 8
17
8 17
3 12
7 11
3 13
2 6
2 5
1 13
6 7
13 9
3 8
16 2
6 1
9 10
4 7
9 14
15 8
29
4 24
13 24
3 16
1 19
16 19
15 14
28 6
25 18
9 17
26 15
10 4
14 16
14 21
24 12
28 5
2 27
15 18
23 14
28 1
10 8
21 29
11 24
27 19
14 20
28 22
17 19
19 24
7 13
20
1 9
1 2
1 15
6 1
1 8
1 5
13 1
16 1
1 19
11 1
7 1
1 18
1 14
12 1
1 20
10 1
3 1
1 17
4 1
12
5 1
1 3
7 1
11 1
1 9
1 2
1 12
4 1
8 1
1 6
1 10
17
3 9
9 6
1 14
16 2
11 17
7 12
6 11
11 5
10 4
15 2
14 2
14 10
12 10
9 13
12 8
6 1
28
19 21
14 17
16 24
27 7
10 17
18 17
24 12
19 28
8 11
15 18
19 9
28 7
27 8
4 22
22 23
20 6
16 26
8 3
7 1
28 22
25 10
20 5
14 16
2 10
18 13
27 20
14 1
17
1 3
16 6
17 5
15 2
1 13
13 2
13 5
3 16
16 4
9 8
2 12
9 3
14 11
9 11
5 10
7 11
23
23 16
7 3
4 13
8 18
8 5
6 3
9 2
10 12
1 21
15 21
15 11
23 10
22 2
18 19
17 20
13 19
5 11
9 4
14 16
6 12
14 22
17 7
24
4 16
22 2
13 1
9 21
7 12
16 8
16 23
16 7
14 1
11 17
1 2
17 10
17 7
1 19
12 20
21 18
15 8
3 13
6 22
1 16
5 2
24 2
1 18
22
15 13
5 2
4 19
6 3
4 12
20 17
18 21
18 5
22 20
17 16
15 1
13 8
9 10
2 19
6 11
8 16
14 11
14 7
21 10
22 7
12 3
25
6 16
11 8
4 10
3 17
17 12
7 13
9 14
5 9
1 23
13 21
23 15
20 16
24 2
19 8
21 1
8 18
10 21
6 25
16 9
10 2
1 16
22 19
10 19
17 21
19
1 11
1 5
1 7
9 1
1 12
1 19
10 1
1 17
14 1
6 1
18 1
1 8
1 4
2 1
13 1
1 3
1 15
16 1
20
7 13
7 3
17 9
15 10
1 15
1 17
15 11
6 9
15 7
2 16
2 10
12 11
17 4
17 5
10 20
18 15
19 4
14 9
8 15
19
1 10
1 13
1 14
1 7
1 4
18 1
9 1
1 12
1 16
5 1
8 1
1 6
1 3
1 19
1 17
11 1
1 15
1 2
23
10 19
5 17
5 15
7 4
20 8
18 12
17 10
10 16
18 4
3 20
22 7
1 7
14 9
21 6
22 9
11 18
23 5
20 4
9 2
6 13
6 22
17 1
10
5 7
1 7
3 7
10 8
10 1
3 6
5 4
3 9
10 2
26
9 25
1 18
14 2
16 17
4 22
7 8
8 10
9 16
21 13
10 9
20 21
13 6
23 19
1 9
26 1
26 11
15 18
10 4
19 26
12 26
6 2
13 18
9 24
5 25
8 3
13
10 12
8 13
11 3
9 7
11 8
2 10
4 9
12 4
6 7
13 1
6 5
2 3
10
3 4
2 4
5 10
7 1
1 4
6 8
6 7
5 7
6 9
15
11 3
9 6
15 6
8 13
2 15
10 3
10 8
5 6
3 12
2 7
15 1
1 10
14 8
2 4
18
2 12
5 4
14 8
7 1
13 17
8 10
6 18
13 15
14 4
2 15
16 18
11 12
9 3
5 3
9 17
16 7
6 10
21
15 21
11 12
9 14
16 5
11 2
11 17
1 18
4 16
16 3
19 10
16 15
5 13
13 20
1 17
9 8
14 1
17 5
17 7
14 6
10 7
13
9 7
2 3
1 9
8 13
5 1
3 4
3 13
6 1
2 11
9 12
9 3
1 10
19
5 6
2 5
19 18
14 17
9 2
15 13
9 15
13 16
16 10
4 1
14 3
17 8
12 3
7 12
10 11
19 11
8 4
7 6
25
15 6
17 1
20 24
12 7
8 23
21 22
9 11
12 16
5 19
20 8
25 4
14 24
18 17
23 10
22 6
11 21
9 3
7 14
25 19
13 15
2 13
4 16
18 2
3 5
28
1 8
13 23
13 12
14 8
20 26
13 8
7 10
26 17
1 17
6 1
8 7
25 3
22 14
20 25
10 16
28 5
5 13
11 12
8 27
1 24
18 13
15 26
23 4
21 5
12 9
20 19
15 2
18
18 3
17 12
14 3
15 7
5 1
13 6
16 10
4 12
17 18
15 11
8 9
14 2
8 7
4 16
9 6
5 10
2 13
27
10 1
18 4
9 5
17 26
16 4
24 25
8 21
21 15
15 17
17 22
10 9
10 13
27 4
7 1
15 20
10 15
21 19
21 12
14 18
11 25
18 6
23 25
2 4
7 4
25 4
17 3
13
12 7
7 11
8 3
1 7
11 9
12 2
11 5
13 8
6 10
4 12
8 10
1 10
24
1 16
18 10
5 9
23 11
18 23
6 8
18 4
16 22
2 22
9 12
1 11
7 16
11 9
19 15
14 5
13 7
7 6
15 23
15 24
3 12
20 22
21 12
5 17
28
26 27
23 21
8 7
14 4
27 4
25 5
11 3
5 17
20 21
22 11
28 11
7 18
1 9
9 24
10 16
20 10
13 21
22 7
24 5
10 6
26 1
20 26
24 2
9 22
15 27
12 2
2 19
27
24 12
21 13
6 14
14 18
24 9
4 16
11 26
9 13
7 5
1 11
9 20
4 9
2 9
24 25
26 17
27 14
10 16
5 18
19 1
14 1
1 23
18 3
26 22
4 1
8 7
14 15
26
1 19
26 1
5 1
14 1
1 24
11 1
10 1
1 2
1 9
1 13
1 22
1 6
15 1
23 1
1 21
8 1
1 20
18 1
12 1
3 1
17 1
16 1
4 1
1 25
7 1
29
27 2
22 7
14 4
10 12
14 5
13 23
29 28
20 15
13 22
10 11
20 2
14 18
21 27
24 28
6 1
9 18
2 6
27 25
10 26
11 6
11 28
23 1
9 16
18 23
22 8
9 3
17 13
19 20
26
17 12
3 1
12 10
16 2
25 9
2 9
1 14
24 3
23 18
8 9
22 23
26 25
7 21
26 19
26 4
9 20
21 26
8 1
10 3
23 25
6 13
8 15
23 13
7 11
9 5
25
16 18
15 11
21 25
20 11
14 6
5 12
21 1
10 18
5 7
11 23
5 10
19 18
25 17
4 22
24 9
6 4
17 13
17 8
21 10
2 9
9 25
3 4
6 23
1 23
18
14 15
9 10
7 5
9 1
9 3
2 13
7 6
5 2
18 3
8 2
5 1
3 15
4 7
15 12
10 11
17 10
18 16
28
26 11
24 19
19 18
1 3
8 3
13 28
23 11
14 8
6 26
22 28
27 25
14 7
21 6
4 9
26 25
10 9
27 19
4 3
16 11
25 1
12 14
15 8
15 17
4 2
27 28
15 5
6 20
12
1 10
12 1
10 9
4 2
12 6
10 3
4 11
12 4
7 3
5 6
6 8
29
27 22
5 9
7 22
11 1
20 15
20 21
19 26
3 27
10 11
1 26
2 13
18 6
25 28
14 4
13 6
11 24
12 25
1 8
5 15
27 26
24 23
27 29
8 17
14 20
24 20
16 7
25 11
2 20
16
8 2
10 13
9 1
6 15
13 16
4 5
4 7
11 8
9 12
16 3
14 10
12 2
15 7
3 11
6 14
11
4 1
1 3
1 5
10 1
1 6
9 1
1 7
1 11
8 1
1 2
24
10 14
6 15
17 5
1 19
22 2
2 17
1 17
1 12
22 9
18 13
8 15
24 8
23 16
20 15
14 5
23 14
4 19
20 7
9 21
5 11
3 20
13 15
13 17
26
24 12
22 13
1 25
16 14
20 6
9 16
8 18
7 14
10 3
16 1
2 24
23 3
19 20
21 10
14 10
14 17
24 20
9 11
25 15
4 18
4 1
1 22
16 5
25 20
26 17
20
1 11
12 1
1 3
4 1
8 1
1 18
1 13
1 19
1 20
15 1
1 7
9 1
1 2
1 14
16 1
1 10
5 1
6 1
17 1
16
11 4
9 5
8 5
12 3
3 6
14 15
8 4
6 7
4 10
13 1
14 6
4 14
1 5
16 2
5 16
19
5 9
8 19
2 17
1 11
15 16
7 14
19 4
11 13
6 3
7 17
8 10
9 16
5 6
10 12
13 3
12 2
15 18
18 14
13
10 6
9 7
13 11
5 11
3 13
1 3
12 6
8 4
7 8
9 10
4 5
2 12
22
8 10
13 9
3 7
17 15
1 8
16 15
17 6
15 12
19 10
9 12
7 8
18 10
20 13
5 2
16 4
21 7
16 11
17 14
12 1
9 5
13 22
28
1 26
6 4
14 17
28 5
23 18
28 26
7 8
6 22
17 1
5 24
16 10
20 15
4 17
21 14
2 19
26 8
9 16
18 4
18 11
13 7
19 27
14 15
8 16
28 19
5 3
12 7
6 25
15
6 10
1 13
15 13
9 8
9 3
13 2
4 9
7 4
1 11
14 5
5 13
6 5
12 11
13 9
11
5 6
7 2
8 3
4 8
11 6
5 8
1 5
6 10
1 2
2 9
22
22 18
8 17
6 1
7 22
9 11
2 20
20 14
1 5
19 9
9 7
16 1
7 5
1 3
14 10
5 14
10 13
8 7
20 15
12 21
15 4
12 9
23
18 23
4 10
15 19
11 22
8 20
18 1
4 2
5 9
23 13
22 20
14 4
8 10
21 7
7 16
23 6
5 17
18 7
15 12
20 15
8 1
22 3
10 5
17
9 8
12 2
4 6
2 14
10 8
11 9
16 5
15 16
15 1
7 3
13 4
12 6
7 17
5 17
3 13
11 14
16
1 7
10 1
6 1
1 12
4 1
11 1
1 9
13 1
1 16
1 3
1 8
1 5
2 1
1 15
1 14
16
1 10
6 1
1 7
11 1
1 12
1 5
8 1
13 1
15 1
4 1
16 1
1 3
1 2
1 14
1 9
27
4 1
7 1
13 1
17 1
2 1
9 1
23 1
3 1
1 16
24 1
1 8
1 26
1 12
27 1
1 22
1 6
1 20
1 14
1 19
1 5
18 1
1 21
1 25
10 1
11 1
15 1
20
3 16
19 15
12 14
19 1
17 4
11 7
15 4
6 16
10 8
12 13
1 3
18 8
19 12
15 8
16 2
9 13
4 5
7 20
3 7
18
1 10
16 1
12 1
1 4
11 1
18 1
1 3
1 14
7 1
1 9
1 13
15 1
1 17
1 5
8 1
1 2
1 6
10
8 4
1 4
3 4
9 10
9 1
6 9
8 2
3 7
8 5
10
2 10
8 4
5 10
9 1
3 7
4 6
8 7
6 2
5 9
16
1 11
15 1
1 6
1 5
1 2
4 1
3 1
13 1
14 1
1 16
10 1
7 1
1 9
1 12
8 1
14
13 1
1 7
1 3
2 1
14 1
8 1
5 1
1 12
10 1
4 1
1 9
6 1
11 1
19
15 13
1 2
3 14
9 14
4 11
4 3
15 19
2 19
18 4
17 5
7 12
17 16
2 5
3 12
5 3
10 3
8 13
6 17
11
10 7
9 4
5 2
11 10
3 2
9 7
4 3
6 8
8 11
1 6
21
20 14
11 20
11 8
2 21
9 21
7 11
5 10
12 6
11 3
5 14
2 14
16 18
1 11
12 5
15 2
12 19
13 5
17 4
17 11
21 16
27
24 1
1 12
22 1
14 1
1 5
8 1
1 3
1 27
15 1
1 9
7 1
1 11
1 18
1 6
1 13
1 25
16 1
23 1
1 2
19 1
1 26
1 10
1 21
1 20
1 17
4 1
29
11 18
4 8
27 6
6 26
17 23
5 20
11 5
27 4
29 3
25 9
26 10
16 12
21 20
28 3
21 2
18 23
15 1
2 24
15 19
12 9
24 28
8 17
14 7
13 14
22 7
16 13
10 22
25 19
28
25 6
11 24
8 13
20 18
22 26
10 5
5 18
21 24
6 12
4 19
28 14
4 7
28 16
27 7
15 19
9 10
14 21
16 23
3 27
2 25
20 22
17 2
23 15
13 1
17 26
9 8
12 3
12
12 1
6 2
8 3
7 1
5 6
12 3
4 1
4 6
2 9
7 10
11 9
17
6 13
15 14
12 11
5 13
3 8
4 10
15 17
17 1
15 2
12 16
7 12
4 17
11 13
9 8
4 8
1 11
28
1 25
7 1
10 1
1 27
1 13
17 1
16 1
5 1
1 15
28 1
14 1
1 4
3 1
1 22
23 1
2 1
11 1
1 21
20 1
8 1
6 1
9 1
1 19
1 18
1 24
1 12
26 1
11
10 5
4 6
1 3
4 3
6 7
9 3
4 8
10 2
1 10
1 11
16
3 16
14 4
2 15
16 10
1 12
7 4
15 9
2 11
3 5
6 13
7 8
5 6
13 12
10 11
8 9
18
3 1
1 7
1 15
6 1
13 1
1 10
4 1
14 1
2 1
8 1
1 5
18 1
9 1
17 1
1 12
11 1
1 16
25
22 1
9 1
16 1
18 1
1 23
3 1
1 13
1 24
1 15
1 7
1 21
19 1
1 6
1 14
1 4
17 1
1 11
20 1
5 1
25 1
1 8
1 10
2 1
1 12
14
11 9
10 2
12 11
9 1
11 10
9 5
5 6
13 4
14 7
13 6
5 8
14 1
1 3
27
10 1
13 1
16 1
1 5
9 1
1 4
1 17
8 1
1 7
6 1
25 1
21 1
1 15
24 1
3 1
19 1
23 1
26 1
27 1
11 1
1 20
1 14
1 22
18 1
1 2
12 1
19
2 17
14 13
12 10
1 5
19 15
13 6
8 4
16 1
9 11
2 13
2 10
15 13
7 17
12 1
11 10
3 5
1 18
4 13
23
14 16
13 4
4 21
17 12
9 12
20 10
22 17
20 1
2 11
3 7
18 7
2 9
2 4
6 14
7 20
9 1
23 17
10 15
12 14
11 19
10 5
8 11
28
24 12
26 23
10 7
26 19
16 25
14 2
8 27
11 26
9 18
19 1
24 17
5 24
21 23
13 28
20 10
14 13
6 18
5 8
19 5
14 22
8 3
28 15
25 18
16 1
4 28
13 16
25 10
18
9 4
6 9
15 2
16 13
5 16
10 7
16 14
7 12
13 1
4 2
7 13
1 8
8 4
11 18
3 11
17 2
11 8
19
1 7
1 13
1 17
11 1
1 14
18 1
16 1
1 5
12 1
2 1
1 8
9 1
15 1
4 1
6 1
3 1
1 10
1 19
13
1 11
2 1
8 1
13 1
5 1
1 3
1 6
1 12
4 1
1 10
9 1
7 1
14
3 11
1 10
13 7
4 5
4 9
10 9
6 14
11 2
6 2
12 7
12 5
14 8
3 13
28
7 23
12 20
13 11
10 25
15 17
12 8
10 13
28 26
21 7
25 28
5 7
3 23
9 4
14 27
13 22
24 4
17 2
19 1
1 12
13 6
13 18
13 1
16 26
17 18
27 10
23 1
4 25
29
3 5
17 6
7 5
15 2
15 9
22 27
14 16
17 21
18 1
8 10
21 26
27 19
20 29
8 3
14 23
11 24
6 16
28 23
11 9
4 20
26 4
12 24
19 10
22 25
7 18
25 12
28 2
13 29
21
1 21
20 1
1 4
18 1
13 1
1 17
1 5
1 12
11 1
1 19
2 1
3 1
1 16
1 14
1 10
1 6
7 1
1 15
1 9
1 8
17
5 17
13 5
16 8
8 12
14 15
10 2
16 11
6 15
7 4
7 3
2 17
13 11
9 6
14 4
12 3
9 1
17
10 2
3 1
8 10
14 9
4 15
5 6
4 12
16 9
16 17
13 7
8 6
14 3
5 11
13 12
2 17
7 11
27
24 2
7 4
7 16
19 2
27 4
15 10
8 11
3 7
17 12
5 4
14 1
11 5
12 13
15 25
8 22
12 11
24 18
8 20
14 15
19 6
21 19
1 5
24 23
27 26
27 9
2 14
19
4 1
9 1
1 12
1 17
1 6
1 5
2 1
8 1
1 11
1 13
10 1
1 15
1 18
1 7
1 16
1 14
1 3
1 19
23
16 19
9 5
2 11
21 23
20 11
7 18
11 10
15 14
12 14
5 23
14 13
5 3
21 1
19 8
10 1
6 4
23 18
12 21
17 18
10 19
4 12
4 22
21
14 9
16 7
6 11
18 20
4 12
8 1
9 4
19 11
17 16
18 5
20 3
21 13
13 2
10 15
3 8
6 10
12 2
14 19
7 5
17 15
20
3 2
17 4
3 13
1 18
20 12
11 14
8 6
13 14
18 20
6 2
6 16
13 5
4 2
3 1
19 18
10 4
7 19
15 20
19 9
20
4 19
6 3
7 12
14 1
7 18
12 8
6 2
12 1
9 17
18 19
6 13
19 17
20 5
2 20
7 3
14 11
16 17
12 15
10 7
12
8 1
3 9
9 1
11 2
4 2
7 9
7 10
6 5
6 8
6 12
2 8
20
15 4
3 4
12 4
5 19
1 8
9 4
6 20
10 17
3 1
17 16
20 1
1 16
13 17
14 12
6 11
18 4
6 19
20 2
1 7
12
10 1
2 9
11 12
3 2
6 12
7 2
9 8
10 2
4 9
1 6
10 5
28
7 15
22 26
28 15
13 28
27 21
9 24
6 27
13 8
14 5
14 24
23 4
12 18
2 11
19 12
26 23
2 3
18 6
20 9
16 11
19 25
20 4
21 7
10 17
22 8
1 25
17 5
16 10
15
5 11
10 15
5 15
2 14
5 3
8 13
6 10
1 15
12 10
14 4
7 13
7 14
1 7
13 9
11
7 10
1 2
6 3
6 1
10 9
1 7
4 5
10 8
1 4
11 10
12
1 9
6 1
7 1
3 1
1 11
1 8
1 2
5 1
12 1
10 1
1 4
28
24 26
20 5
23 22
5 9
13 18
1 21
17 28
8 3
26 16
17 12
14 16
28 15
20 19
10 2
2 22
9 11
6 21
25 14
15 7
11 4
6 10
27 24
25 13
12 23
8 7
27 4
18 3
29
8 25
8 26
24 6
14 20
11 14
3 21
29 21
1 23
7 18
27 9
10 14
23 12
29 23
1 16
21 5
9 12
19 20
2 16
2 7
13 17
28 13
4 7
29 8
22 9
13 2
15 6
16 20
12 6
28
12 8
23 17
27 5
27 21
16 10
14 23
25 26
4 9
25 8
19 28
23 13
15 10
24 17
18 27
26 22
16 1
24 25
1 24
6 15
17 4
18 16
4 3
26 20
18 19
2 19
8 11
10 7
19
4 9
4 8
2 11
16 3
15 19
1 19
15 14
17 2
5 13
6 2
12 15
19 8
11 1
8 5
5 10
16 11
7 16
18 4
11
5 6
1 4
8 11
11 10
5 4
11 1
9 7
2 5
4 7
3 7
13
7 5
8 2
10 9
12 13
3 7
6 12
1 6
9 4
5 8
11 4
11 13
2 10
17
11 16
2 4
8 17
7 9
13 15
6 12
5 8
9 1
14 17
6 5
16 15
13 7
3 11
10 2
10 12
3 4
27
27 26
15 11
19 18
4 17
2 7
18 3
22 25
24 16
23 21
9 5
6 15
2 16
17 25
5 14
27 23
13 7
4 21
13 14
3 10
8 12
8 20
26 1
20 6
11 10
12 24
22 19
10
9 7
3 8
2 7
4 1
7 6
8 4
5 9
10 9
7 1
14
14 8
2 14
7 9
5 12
7 1
14 11
4 5
1 2
5 7
9 10
3 6
2 3
3 13
18
9 13
4 2
2 10
3 6
7 10
17 11
3 14
16 18
7 1
13 5
8 11
12 15
6 9
15 8
4 16
18 17
5 12
17
6 15
5 11
1 9
2 9
10 17
17 3
4 15
3 4
14 15
4 7
13 5
16 4
15 11
1 4
12 14
8 4
26
4 3
20 2
13 8
13 20
8 24
7 15
10 16
18 5
1 6
22 9
19 10
22 6
26 25
9 3
7 11
25 12
21 26
5 19
23 21
17 18
4 16
2 14
14 15
12 24
17 11
19
14 10
17 7
16 12
15 12
18 6
18 1
18 16
17 9
5 6
4 2
8 12
17 16
19 10
6 11
13 4
4 19
1 19
3 10
16
1 13
1 16
2 1
14 1
12 1
10 1
5 1
1 9
1 11
4 1
7 1
1 3
1 15
8 1
1 6
25
17 25
19 20
1 11
5 9
24 1
19 25
16 11
7 15
2 7
14 1
11 13
25 23
16 4
25 21
6 20
6 1
12 7
8 25
5 6
18 5
3 5
7 19
9 10
22 12
25
3 10
7 5
23 1
7 9
8 2
11 16
4 22
4 12
17 16
15 11
8 24
24 20
5 12
19 10
23 6
9 20
25 18
21 13
19 25
15 14
22 18
3 13
6 17
14 2
16
14 11
14 8
7 6
8 12
13 16
5 7
10 5
15 11
15 1
3 9
2 10
13 2
9 4
12 16
3 6
18
13 3
15 6
3 16
18 17
5 7
1 14
12 10
18 9
12 9
18 6
1 9
14 5
14 3
6 11
12 2
5 8
4 17
14
8 1
4 1
9 1
1 7
1 12
1 5
1 3
1 6
1 10
14 1
1 13
11 1
1 2
19
7 19
18 13
9 6
16 15
14 8
12 9
3 18
15 18
10 2
4 16
12 14
1 13
13 19
3 2
8 1
5 6
11 3
18 17
26
1 23
1 4
8 1
10 1
1 19
1 20
1 21
16 1
1 9
24 1
22 1
5 1
26 1
17 1
1 3
25 1
2 1
1 14
7 1
1 13
18 1
1 11
12 1
15 1
1 6
17
1 9
1 13
1 5
16 1
1 10
1 15
7 1
1 17
1 11
1 6
3 1
12 1
1 8
1 4
1 2
1 14
21
10 16
3 15
12 10
15 18
14 9
1 3
19 15
21 14
10 17
11 7
20 16
14 2
6 11
7 13
10 7
10 4
16 3
2 15
13 5
3 8
14
9 1
1 13
1 7
2 1
14 1
11 1
12 1
5 1
1 4
3 1
1 8
1 6
1 10
22
14 1
9 1
16 1
8 1
1 3
1 4
1 11
1 5
1 10
1 15
1 18
21 1
1 6
1 17
1 20
7 1
1 13
1 22
19 1
1 12
1 2
15
1 6
2 1
13 1
3 1
4 1
15 1
14 1
5 1
1 7
9 1
10 1
1 11
8 1
12 1
10
3 4
8 7
1 2
2 9
1 4
5 3
2 10
3 6
7 4
28
9 13
12 11
6 18
10 21
27 4
17 9
24 23
7 23
19 8
22 1
3 21
8 6
4 22
15 23
22 6
28 18
27 2
21 4
27 20
7 25
17 11
14 9
15 1
5 18
15 17
26 11
16 8
27
7 16
27 24
9 1
3 5
14 20
12 2
20 21
10 12
27 4
3 22
10 17
6 23
7 5
12 4
7 15
8 4
6 24
11 5
11 1
25 24
4 19
1 20
26 8
18 3
1 13
12 11
25
5 24
10 13
18 23
7 16
21 6
10 2
8 12
5 23
22 14
25 24
18 2
9 19
25 7
15 16
19 8
1 4
13 20
6 22
15 3
11 20
17 9
14 3
21 4
11 17
12
7 6
11 1
2 5
11 4
10 7
6 3
12 9
8 9
4 2
12 10
5 3
14
2 1
1 10
5 1
1 3
9 1
1 8
11 1
1 14
12 1
13 1
1 7
1 4
6 1
18
13 9
3 12
11 7
5 18
15 4
16 13
12 2
16 1
12 14
8 11
16 4
14 7
17 11
10 13
7 5
6 4
1 14
10
9 2
4 2
3 5
7 3
9 10
4 8
7 6
1 8
6 10
15
14 15
7 1
9 4
9 13
13 8
11 12
14 10
3 7
4 3
5 12
15 2
10 8
5 6
2 11
25
16 1
1 18
1 3
10 1
1 17
4 1
1 9
1 15
21 1
1 14
1 19
1 8
13 1
1 12
2 1
1 23
5 1
22 1
6 1
1 24
1 25
7 1
1 11
1 20
23
3 1
20 1
1 23
14 1
16 1
15 1
8 1
1 10
4 1
19 1
1 11
22 1
1 6
1 2
21 1
1 13
5 1
1 7
9 1
12 1
17 1
18 1
23
1 19
12 1
1 7
22 1
1 2
1 16
14 1
1 21
1 3
1 10
4 1
1 15
1 23
9 1
5 1
1 18
1 11
6 1
1 20
1 13
1 17
8 1
17
16 2
7 3
14 3
13 17
10 13
7 9
4 5
11 12
1 8
12 4
11 14
2 6
15 6
8 17
15 9
10 5
15
12 10
4 8
11 9
1 5
7 8
10 5
1 7
2 7
1 3
14 9
9 15
1 9
13 3
6 8
14
4 14
8 10
12 1
7 12
2 5
12 2
14 6
2 3
13 7
10 9
1 6
6 10
11 14
27
14 1
13 1
1 10
15 1
1 12
5 1
16 1
1 3
26 1
24 1
1 21
19 1
1 22
1 23
1 8
17 1
6 1
11 1
1 18
1 27
1 4
1 2
25 1
1 7
1 20
9 1
25
9 18
15 3
7 14
5 17
9 8
11 21
7 23
10 6
2 25
6 12
24 20
19 3
13 23
4 1
16 5
16 10
4 8
15 22
25 13
17 20
12 21
18 11
24 19
2 22
21
19 7
13 7
7 5
1 12
1 16
4 11
9 21
1 17
14 21
10 3
21 15
18 1
14 1
4 2
6 7
11 14
6 20
8 18
6 14
10 15
19
17 2
19 5
10 3
1 16
17 4
6 13
15 6
13 17
4 8
17 7
17 11
12 1
2 18
1 6
3 17
13 9
15 19
17 14
23
19 22
4 8
18 20
3 14
18 11
16 5
20 15
19 13
17 19
8 12
6 17
15 1
6 10
6 23
1 17
9 3
2 18
15 7
8 20
16 21
7 16
7 3
13
10 3
5 13
4 3
11 13
2 7
6 4
11 8
7 9
12 6
9 8
5 10
1 12
24
17 21
3 14
18 7
6 8
9 20
7 14
21 6
19 15
12 1
13 15
14 1
22 21
1 13
13 23
21 20
10 1
16 12
24 22
5 12
8 2
6 1
16 11
4 7
21
5 1
6 1
1 2
7 1
1 19
16 1
1 11
8 1
1 4
3 1
15 1
18 1
1 14
1 13
21 1
17 1
10 1
20 1
12 1
1 9
24
22 18
20 3
21 14
8 12
13 1
22 3
19 5
17 8
6 2
21 4
11 16
14 6
19 23
9 2
12 13
9 20
4 24
24 10
17 15
5 16
7 18
7 11
15 23
22
8 20
22 18
21 4
11 17
1 15
16 1
13 21
19 22
3 15
9 20
21 10
6 9
1 14
18 9
21 1
12 16
7 18
20 16
14 2
5 14
20 11
11
2 1
7 1
10 6
9 10
6 1
11 1
9 3
8 6
4 1
5 4
16
15 1
1 3
1 12
1 9
1 7
1 10
16 1
13 1
1 14
1 5
1 8
1 4
11 1
2 1
1 6
21
9 6
20 10
21 10
19 5
2 8
21 19
7 12
14 1
17 15
6 11
5 14
20 18
12 8
4 16
3 17
4 7
18 9
3 13
15 16
11 2
29
1 8
13 15
26 29
9 21
6 2
17 14
8 15
25 16
24 10
20 11
5 28
3 20
6 19
13 9
26 28
7 24
22 10
4 18
16 21
18 5
25 12
27 23
7 12
2 4
22 14
11 29
19 27
23 17
18
8 18
3 14
9 10
12 7
7 8
18 5
4 5
17 16
9 11
15 13
6 13
1 15
12 11
6 17
3 16
4 2
14 2
17
4 15
8 3
15 5
4 1
15 8
10 1
16 3
6 2
6 14
17 9
13 3
7 9
11 15
1 2
15 9
4 12
25
3 5
18 12
22 19
9 24
19 7
10 23
12 16
3 7
17 2
8 6
25 13
9 11
14 20
15 1
18 20
14 5
4 22
17 25
23 2
8 11
15 24
4 6
13 21
10 16
19
9 1
8 1
15 1
16 1
1 3
1 5
14 1
7 1
10 1
1 2
1 17
19 1
1 4
18 1
6 1
13 1
11 1
1 12
25
13 1
2 1
22 1
24 1
1 8
25 1
16 1
1 12
1 18
3 1
5 1
1 7
23 1
10 1
9 1
20 1
1 11
17 1
14 1
1 6
1 19
1 4
1 21
1 15
28
19 12
18 19
2 27
15 5
1 14
21 25
10 9
17 8
16 14
23 9
28 6
11 13
22 28
5 3
10 16
26 3
21 4
22 7
25 18
7 13
24 20
27 26
23 4
24 8
17 2
12 20
11 15
26
21 5
18 17
10 19
26 23
15 12
6 20
9 8
7 4
2 24
22 10
25 6
18 16
15 16
3 24
11 22
13 14
20 2
19 4
26 3
12 21
25 14
5 11
1 9
8 23
13 17
11
2 10
10 11
6 5
4 6
6 1
8 7
10 9
9 1
9 7
3 7
14
12 9
4 10
11 7
13 5
13 8
4 8
2 9
6 12
3 10
6 14
14 5
3 1
7 2
26
16 7
23 6
4 10
11 2
15 16
24 15
20 3
23 14
8 9
12 4
12 20
19 13
24 18
19 5
25 21
13 8
10 5
25 1
17 7
11 9
21 22
2 17
3 26
18 6
26 22
19
11 13
15 9
18 10
2 19
17 1
8 12
1 14
4 9
5 10
9 14
17 6
11 7
11 14
3 8
6 19
19 16
10 6
8 17
28
15 22
11 1
13 11
6 18
7 19
4 3
5 10
26 8
13 28
2 15
20 24
8 11
26 25
15 19
9 26
19 6
6 16
24 4
7 1
7 4
28 17
13 5
27 28
14 12
8 14
14 21
5 23
17
12 13
11 16
3 11
13 11
13 15
17 7
1 14
5 4
17 13
11 10
4 8
4 17
4 1
6 7
11 2
9 4
22
19 1
20 1
1 21
1 22
1 3
1 16
1 15
1 6
7 1
1 18
14 1
1 12
17 1
10 1
1 11
5 1
9 1
1 13
1 2
1 4
1 8
14
9 13
4 11
9 1
4 7
10 5
6 14
11 1
2 7
11 8
11 5
9 12
6 4
3 13
12
12 1
7 3
11 1
2 3
6 2
11 10
12 5
3 4
1 3
9 11
3 8
27
8 1
16 1
1 27
23 1
1 18
19 1
1 20
14 1
1 22
6 1
2 1
1 25
1 17
21 1
15 1
7 1
1 26
1 9
12 1
5 1
1 24
1 13
1 10
1 3
11 1
4 1
14
2 10
8 12
1 6
7 9
14 6
7 10
11 5
2 4
9 8
11 4
3 5
13 14
3 13
18
7 15
8 13
16 10
12 15
9 12
9 16
18 11
6 10
3 5
17 13
4 5
18 1
14 11
17 3
2 8
7 4
14 6
16
3 1
15 8
11 7
9 10
12 15
1 7
9 1
6 2
14 4
13 10
15 9
9 4
2 9
9 5
5 16
11
9 1
1 10
1 2
1 11
1 6
1 3
1 7
1 8
5 1
4 1
25
1 2
9 1
3 1
1 15
1 22
7 1
13 1
1 12
1 16
1 21
1 5
24 1
1 11
25 1
20 1
6 1
4 1
14 1
8 1
18 1
1 17
1 10
23 1
19 1
12
8 1
6 1
1 3
11 1
12 1
5 1
1 9
7 1
4 1
2 1
1 10
25
14 19
9 4
23 15
17 20
15 22
18 6
10 11
21 23
16 10
2 1
8 4
2 23
24 19
7 10
13 6
5 6
17 19
11 2
4 11
3 21
1 18
12 15
17 18
25 21
23
15 18
3 22
19 15
4 5
8 17
21 13
19 12
9 5
17 6
3 7
21 16
2 7
11 16
11 23
1 14
2 10
6 12
9 18
13 8
4 14
10 23
20 22
22
13 1
19 1
2 1
22 1
7 1
9 1
18 1
1 14
21 1
11 1
1 12
20 1
1 15
1 16
1 17
1 6
1 4
1 3
5 1
10 1
8 1
24
2 15
17 14
21 17
21 3
24 22
16 8
8 20
2 11
6 4
9 12
13 4
20 11
1 7
5 12
22 6
18 5
7 13
9 10
19 15
23 16
3 24
23 10
19 14
15
1 6
15 1
1 3
5 1
1 14
1 7
1 2
12 1
1 13
9 1
1 10
11 1
1 4
1 8
26
26 25
9 4
16 6
16 5
2 12
3 24
7 24
5 1
14 17
15 14
20 16
13 10
22 7
21 3
5 12
19 4
2 11
12 14
23 26
1 3
18 13
4 24
7 8
21 26
13 21
22
2 9
22 7
1 3
17 1
15 1
16 7
17 22
1 8
6 10
11 13
9 6
21 18
5 4
14 9
13 9
20 14
17 18
5 7
1 10
3 12
19 1
24
20 23
24 15
17 20
24 4
10 22
2 4
19 13
12 6
18 9
3 14
11 21
7 18
8 11
23 3
14 7
16 6
2 12
5 8
21 13
17 5
9 16
19 22
15 1
26
22 1
2 20
25 16
20 11
26 24
5 1
23 10
18 17
7 14
23 3
14 6
2 26
26 8
15 23
12 16
19 14
4 13
16 7
5 2
15 22
18 21
20 9
7 5
22 18
15 13
23
20 21
10 15
22 17
19 2
6 22
5 11
18 3
8 11
12 8
4 7
16 3
23 10
19 9
6 13
4 9
20 14
13 14
2 16
21 5
12 1
15 17
7 23
23
10 1
1 23
21 1
2 1
20 1
1 22
1 11
1 9
12 1
1 3
1 17
1 4
1 14
1 6
1 18
8 1
1 16
1 19
1 7
13 1
1 5
1 15
24
22 11
3 12
19 14
10 8
5 24
7 2
6 3
5 17
17 21
1 18
15 14
23 19
13 4
20 2
9 18
13 9
22 20
21 12
6 16
4 10
11 15
16 8
23 24
26
21 22
22 23
10 20
26 2
8 25
14 16
24 6
16 11
18 19
25 9
4 22
17 24
23 12
10 7
16 1
1 26
8 3
20 8
5 23
4 15
24 10
4 26
1 24
13 4
24 18
11
1 5
1 3
1 4
1 8
1 11
10 1
1 6
2 1
7 1
9 1
13
5 1
1 11
1 2
8 1
1 13
1 6
4 1
1 7
3 1
9 1
10 1
12 1
14
7 3
10 4
10 13
10 8
2 9
1 8
14 3
5 8
1 7
12 5
9 7
6 9
5 11
10
1 8
7 1
3 1
4 1
6 1
1 9
2 1
5 1
10 1
12
1 2
4 1
11 1
1 9
1 12
1 5
6 1
10 1
8 1
7 1
1 3
26
25 11
18 15
12 4
18 26
1 10
1 4
8 26
10 5
2 1
6 8
9 2
26 20
25 1
1 14
17 18
8 10
25 13
16 19
22 7
3 16
22 16
22 21
1 22
23 15
24 26
20
17 1
19 1
1 13
12 1
1 10
3 1
15 1
1 11
1 9
4 1
5 1
1 2
1 6
1 18
1 7
1 8
1 16
1 14
20 1
21
20 2
1 9
1 17
3 1
14 3
4 6
21 2
19 9
13 8
11 5
2 18
3 7
21 16
11 21
13 17
6 15
21 12
21 7
1 4
10 18
18
6 18
10 13
4 2
16 13
11 15
2 11
17 9
3 4
14 7
14 12
5 8
16 9
18 7
8 15
10 6
12 3
1 17
17
7 6
12 9
10 17
10 13
6 12
14 5
5 8
2 8
7 15
11 2
9 17
1 4
4 14
3 13
16 3
15 11
14
1 3
2 1
8 3
11 6
7 6
14 10
9 13
4 6
1 11
11 9
14 1
5 9
12 14
25
11 8
10 20
8 25
12 20
1 11
17 10
7 1
15 16
3 20
6 1
18 1
2 10
22 25
23 24
13 17
14 20
6 21
19 4
23 11
9 1
20 24
23 4
5 20
16 20
14
11 1
1 8
1 4
1 14
1 2
3 1
1 5
10 1
1 13
7 1
1 9
6 1
12 1
16
1 8
5 1
16 1
7 1
1 2
4 1
1 3
1 15
13 1
10 1
1 11
12 1
9 1
6 1
14 1
14
8 1
1 12
6 1
11 1
9 1
3 1
5 1
1 13
1 10
1 2
1 14
1 7
4 1
28
10 16
12 18
3 23
21 12
1 8
25 27
20 27
23 11
10 17
26 11
19 15
26 6
7 22
8 5
9 22
25 2
15 9
5 18
16 6
20 17
14 13
14 3
13 4
28 7
2 24
19 24
4 21
10
1 4
1 9
1 2
6 1
8 1
1 7
10 1
1 3
5 1
16
14 11
10 13
15 13
6 1
13 11
13 7
9 2
9 11
3 14
10 8
6 5
6 4
13 6
16 15
12 9
18
1 6
18 1
1 8
1 16
3 1
12 1
1 4
1 17
13 1
1 15
7 1
1 9
1 11
1 10
1 2
5 1
1 14
15
10 7
5 13
15 9
1 15
1 4
12 15
2 11
8 2
14 2
6 13
8 10
1 2
13 2
5 3
11
8 5
6 11
9 10
11 1
3 10
10 2
10 11
10 4
3 7
11 8
20
16 1
14 1
1 5
1 17
7 1
4 1
1 20
1 13
9 1
19 1
6 1
1 2
15 1
8 1
1 12
1 3
10 1
1 18
11 1
11
1 10
3 1
5 1
9 1
6 1
11 1
7 1
2 1
8 1
1 4
12
8 7
11 12
5 3
6 2
4 2
12 10
9 2
12 9
7 1
7 3
1 9
25
8 11
12 1
14 9
10 21
25 13
4 12
23 11
9 12
17 4
19 23
21 8
17 5
16 15
20 9
10 18
24 10
23 2
8 1
4 22
25 11
16 7
3 17
21 16
6 25
16
5 4
3 14
13 11
10 2
15 10
9 5
7 16
6 8
11 14
7 9
12 6
2 1
8 3
15 16
4 13
13
3 5
1 4
7 6
10 8
3 11
3 6
3 10
12 9
1 9
9 13
2 4
4 10
28
18 8
8 5
21 9
11 18
12 13
6 23
26 22
27 15
19 28
3 28
11 17
14 2
27 2
25 24
12 19
16 10
20 23
9 7
25 16
15 22
6 21
24 4
10 3
17 20
13 5
1 4
26 7
25
3 12
2 21
18 14
17 16
20 11
15 18
25 23
1 3
5 2
20 7
17 6
24 4
17 10
16 25
1 13
15 22
17 19
15 9
1 2
24 17
17 18
5 20
8 18
24 1
10
5 7
6 5
2 1
10 2
3 6
5 8
4 2
3 9
1 6
25
8 17
10 11
14 15
13 24
9 25
8 21
15 18
7 12
10 2
4 22
5 20
1 19
22 3
16 20
21 14
16 23
6 4
11 24
9 19
23 12
5 3
25 13
7 17
6 2
19
11 7
10 13
9 19
10 1
9 3
12 18
5 13
8 4
18 14
19 1
5 16
2 9
8 6
11 17
19 18
11 10
15 5
13 8
26
14 2
24 10
5 20
15 2
8 20
7 13
3 13
1 17
9 14
11 15
21 24
26 4
10 6
23 7
22 12
23 19
11 22
4 5
21 18
16 18
9 17
26 19
25 8
3 16
25 12
10
3 9
8 6
6 2
5 10
10 4
1 4
8 3
5 2
7 9
20
9 15
19 13
14 7
12 1
18 3
6 17
4 9
3 20
13 15
14 4
18 5
5 10
11 17
19 2
20 8
6 7
16 8
16 12
10 11
24
14 1
1 7
22 1
1 9
15 1
24 1
6 1
20 1
1 17
1 13
23 1
3 1
1 11
1 10
1 21
1 2
12 1
1 5
8 1
1 18
16 1
19 1
4 1
14
1 9
2 1
1 3
10 1
5 1
11 1
1 8
12 1
6 1
1 14
13 1
1 4
1 7
26
1 6
10 1
1 20
9 1
16 1
22 1
26 1
1 3
13 1
1 25
15 1
18 1
7 1
1 24
4 1
21 1
1 17
1 12
1 19
1 23
1 14
8 1
5 1
11 1
1 2
18
3 16
6 7
2 8
10 14
16 9
10 2
17 3
6 13
17 8
9 18
5 1
13 5
12 11
4 15
15 11
14 12
7 18
25
17 20
10 18
8 21
13 14
21 5
3 5
19 3
16 7
23 15
4 12
20 8
25 18
25 14
1 24
2 6
16 9
11 10
12 19
2 23
11 6
4 7
15 22
22 17
24 13
20
15 1
9 1
17 1
1 8
1 10
4 1
14 1
16 1
5 1
1 18
3 1
11 1
1 2
1 20
7 1
1 12
1 19
6 1
1 13
21
10 1
1 11
4 1
1 18
1 15
1 6
20 1
14 1
12 1
1 2
1 16
17 1
21 1
1 7
1 8
1 9
1 3
13 1
1 19
1 5
27
1 14
23 1
7 1
19 1
1 24
27 1
1 2
25 1
4 1
26 1
16 1
17 1
12 1
6 1
1 15
11 1
1 13
1 21
3 1
20 1
1 8
1 22
1 10
1 9
1 5
18 1
18
3 14
9 10
10 11
9 8
2 15
2 5
6 18
13 7
12 1
11 3
5 17
6 14
8 16
7 4
17 16
15 4
12 13
16
11 1
1 2
1 10
4 1
13 1
1 7
1 14
1 15
5 1
8 1
1 3
1 16
1 6
1 12
9 1
28
20 1
19 1
1 16
1 26
25 1
1 24
1 18
11 1
1 13
9 1
1 28
21 1
22 1
23 1
1 2
5 1
1 27
7 1
10 1
15 1
1 3
1 14
1 17
12 1
8 1
1 4
6 1
11
5 9
8 3
5 2
1 6
7 2
10 4
9 4
11 7
3 10
8 6
13
1 4
3 1
13 1
10 1
1 7
5 1
8 1
1 11
12 1
6 1
1 9
1 2
24
5 9
2 3
12 20
11 10
24 17
22 18
19 16
2 10
6 22
11 13
1 4
6 17
21 14
23 15
14 15
16 4
24 23
7 8
18 5
19 20
8 13
3 12
7 21
19
10 9
19 7
6 18
11 19
9 17
4 12
18 17
17 1
13 16
18 14
1 3
13 5
3 19
8 9
15 13
2 12
15 3
15 12
16
7 10
5 16
5 9
11 10
13 9
15 8
13 2
16 14
3 7
11 6
8 1
6 4
15 2
14 12
3 12
18
8 5
3 8
15 13
2 11
12 14
2 8
13 3
16 1
7 9
1 3
7 2
18 8
18 17
3 4
14 13
3 10
2 6
19
15 1
1 10
1 18
4 1
1 12
13 1
17 1
1 8
14 1
2 1
6 1
16 1
11 1
1 7
1 3
19 1
9 1
5 1
11
8 1
1 4
5 1
1 9
2 1
6 1
1 7
1 11
10 1
3 1
19
9 1
2 1
1 11
17 1
1 10
1 18
1 12
1 6
1 14
8 1
3 1
16 1
15 1
1 4
1 19
1 13
1 5
1 7
15
11 10
1 8
7 13
4 5
4 1
7 9
7 4
1 2
8 14
12 2
8 15
3 4
7 6
11 7
13
1 5
8 1
1 6
2 1
1 12
7 1
9 1
3 1
11 1
4 1
1 13
1 10
16
1 2
1 9
5 1
15 1
1 3
1 7
10 1
1 13
1 4
1 8
1 6
12 1
1 16
1 11
1 14
23
8 1
13 1
17 1
1 19
1 2
1 20
5 1
10 1
1 3
16 1
9 1
1 22
12 1
1 18
1 7
23 1
1 14
11 1
1 15
1 4
1 21
6 1
14
1 5
12 1
1 4
1 2
9 1
13 1
10 1
11 1
1 3
1 14
8 1
1 7
6 1
28
10 1
1 2
1 23
1 13
1 7
5 1
26 1
3 1
1 17
1 6
19 1
1 21
1 12
1 24
18 1
27 1
1 28
9 1
25 1
1 11
8 1
22 1
1 4
1 15
1 14
1 20
1 16
16
6 1
1 3
1 4
11 1
1 8
1 9
1 10
1 7
1 5
14 1
15 1
1 12
1 16
13 1
2 1
26
1 15
25 18
5 17
19 11
18 16
4 20
23 12
3 22
23 19
17 14
20 8
4 9
25 11
9 3
7 13
2 14
24 21
13 6
8 15
10 21
24 2
12 22
5 6
26 16
10 26
11
7 2
1 7
1 4
4 6
5 11
11 9
8 5
11 1
3 10
11 10
12
1 11
8 1
1 12
7 1
2 1
1 3
1 10
6 1
4 1
9 1
5 1
10
2 1
7 10
10 2
8 9
6 3
4 5
7 5
8 3
4 9
21
19 16
8 17
12 13
1 18
21 4
12 14
9 15
4 11
18 11
13 1
4 20
15 18
8 11
13 16
15 3
6 16
12 10
3 2
8 5
7 3
12
4 5
3 6
8 12
10 2
6 9
7 10
6 2
2 1
12 4
10 11
1 12
14
2 3
10 13
9 5
1 11
1 7
6 11
1 8
12 3
9 4
14 10
1 14
14 3
4 7
20
1 10
19 1
8 2
7 16
4 5
2 7
17 6
9 20
10 20
13 20
8 12
18 17
5 3
2 19
8 15
19 3
7 11
17 10
14 3
16
1 12
1 13
9 1
3 1
10 5
3 16
2 4
5 1
1 15
14 12
2 6
11 4
8 4
5 6
15 7
29
5 19
19 21
22 20
23 3
13 4
20 16
22 9
6 12
26 15
21 12
8 18
2 29
10 1
26 11
25 27
28 16
27 14
28 29
25 7
9 18
17 24
13 24
17 14
8 6
5 10
2 11
3 4
15 23
15
15 1
14 8
5 8
6 11
3 15
1 4
1 10
9 12
7 8
1 2
6 10
7 11
11 9
13 10
13
6 1
11 2
11 6
12 8
9 7
10 12
6 4
11 5
9 13
9 10
12 3
1 10
29
29 1
17 18
7 21
28 17
16 13
23 1
20 5
3 21
4 26
13 29
2 29
10 19
13 5
4 15
6 21
13 4
23 19
22 28
7 12
29 24
25 2
14 13
5 8
4 9
11 1
16 17
4 27
1 7
10
6 9
4 9
10 3
2 3
10 8
7 1
7 5
4 5
8 6
29
11 23
29 16
9 1
8 22
15 1
12 21
12 27
18 7
1 27
17 26
29 20
17 12
25 2
12 28
28 5
3 10
13 10
4 18
14 19
14 20
20 1
7 6
11 27
10 1
14 25
14 8
24 25
7 10
19
1 17
11 1
1 18
16 1
1 12
1 9
1 7
4 1
5 1
19 1
13 1
2 1
1 3
1 14
8 1
1 15
10 1
1 6
13
1 10
7 1
1 8
1 12
13 1
1 9
5 1
1 11
4 1
6 1
1 3
2 1
20
8 1
1 12
2 1
1 16
10 1
1 3
9 1
1 4
1 11
1 13
14 1
1 20
1 7
6 1
1 5
18 1
1 15
1 19
1 17
23
2 10
3 16
8 1
19 12
15 16
3 10
6 23
1 12
9 4
22 7
5 9
11 22
8 23
20 17
20 21
22 19
14 10
13 16
18 23
9 19
3 12
20 8
12
12 9
11 7
8 12
1 7
5 2
3 4
7 5
6 12
1 6
10 4
4 6
10
9 8
6 8
3 6
1 4
2 9
2 4
10 3
10 7
7 5
15
11 2
2 9
3 5
8 14
10 7
12 10
8 1
5 6
4 14
14 15
5 12
10 13
2 8
1 12
17
5 3
17 6
1 10
15 2
7 10
17 4
15 12
6 14
4 9
8 16
5 16
11 13
7 12
3 13
2 11
14 8
14
13 1
8 9
13 8
1 11
9 6
7 13
12 4
5 13
14 8
5 10
1 2
14 3
4 8
29
5 27
14 24
1 26
14 28
19 7
6 5
10 1
27 7
11 28
20 12
6 14
12 25
10 16
9 26
3 6
29 12
21 17
20 26
4 16
12 18
10 21
16 8
24 13
16 2
12 22
8 15
23 19
14 10
20
14 12
11 12
6 5
10 2
1 6
16 19
13 2
6 3
9 1
9 15
20 17
17 19
7 6
12 4
8 13
13 6
18 20
1 17
4 1
15
11 9
8 2
13 4
14 15
3 6
7 8
15 13
11 5
1 12
12 10
6 2
9 4
3 10
14 7
17
3 1
1 14
1 11
1 17
1 7
1 9
1 10
1 16
1 13
15 1
1 6
2 1
8 1
12 1
1 4
5 1
26
1 22
12 1
21 1
1 18
23 1
2 1
1 3
1 4
14 1
1 8
1 7
24 1
19 1
1 17
20 1
6 1
1 11
1 25
9 1
1 13
26 1
10 1
1 5
15 1
1 16
26
15 19
13 20
6 8
6 4
26 15
6 15
16 12
20 3
22 6
3 18
18 1
9 18
1 15
25 11
10 5
18 21
23 6
5 16
26 7
11 2
1 11
24 1
14 1
16 24
17 3
28
8 9
9 14
10 5
22 3
8 7
7 4
13 19
18 23
15 20
20 14
24 28
24 18
25 11
23 17
16 13
23 2
5 28
25 6
9 1
26 7
27 22
13 8
1 24
12 28
14 25
21 20
22 18
23
9 19
4 9
22 2
7 18
10 11
12 23
23 16
17 15
11 8
3 7
3 16
21 13
19 18
17 21
13 14
1 22
6 12
20 14
6 8
5 10
2 20
4 15
29
11 25
22 9
29 8
21 2
25 14
28 15
18 20
16 10
5 27
11 3
4 17
12 15
14 7
22 1
23 12
16 9
2 19
3 6
28 27
10 23
7 8
18 4
17 6
26 29
19 5
13 24
26 13
24 21
20
3 15
14 8
10 16
12 6
17 9
16 1
10 2
12 19
11 20
17 5
4 13
19 11
13 14
18 9
8 5
7 6
18 3
20 4
2 7
10
1 2
1 10
1 4
1 6
3 1
1 9
7 1
1 8
1 5
13
10 3
5 9
9 4
2 8
10 6
7 10
9 11
7 12
13 10
9 6
6 2
6 1
13
6 11
4 10
8 7
13 10
13 9
3 12
6 8
5 11
2 9
2 12
7 1
4 5
16
3 14
11 3
5 3
13 1
3 1
12 2
11 15
16 8
4 11
10 9
7 6
16 7
8 2
5 16
4 9
29
5 1
11 1
1 13
1 17
1 10
27 1
1 22
1 2
1 23
16 1
25 1
1 4
7 1
20 1
1 8
1 29
9 1
1 3
15 1
1 28
24 1
1 6
12 1
1 21
1 19
1 26
14 1
18 1
20
8 1
19 1
1 16
1 5
1 14
20 1
2 1
1 3
1 13
7 1
1 10
6 1
1 18
17 1
4 1
15 1
12 1
11 1
1 9
29
23 4
21 24
9 3
28 15
10 6
27 10
26 8
8 16
1 4
11 9
22 23
27 7
19 24
10 17
14 1
18 24
10 12
12 20
15 17
12 24
1 8
15 13
23 9
2 11
29 24
10 25
10 1
5 7
20
16 8
2 11
7 15
1 8
10 17
13 15
13 14
1 11
5 15
6 20
10 11
12 9
19 4
18 9
19 16
15 16
15 6
1 9
3 14
17
14 5
13 7
9 1
13 1
7 11
5 4
8 9
17 15
4 9
17 9
12 11
3 1
3 10
7 6
16 7
13 2
17
13 1
15 1
1 6
1 11
1 17
7 1
3 1
1 4
1 2
1 10
1 9
14 1
1 12
1 16
5 1
1 8
10
9 6
4 10
8 3
1 8
2 5
7 6
7 5
4 9
3 10
14
9 8
6 14
2 4
10 9
12 9
14 11
4 7
8 1
6 3
11 5
6 13
1 14
8 4
16
1 4
9 1
1 11
1 8
5 1
1 6
2 1
1 10
13 1
1 7
1 12
14 1
1 3
1 16
15 1
12
6 4
9 5
7 8
1 10
1 4
10 5
12 3
11 7
4 12
2 5
7 10
26
17 9
6 22
23 1
2 17
7 21
21 16
24 25
18 23
4 10
26 22
10 20
24 26
5 12
14 3
18 11
2 19
25 13
11 8
15 12
5 4
14 15
8 20
16 6
13 9
3 19
19
2 18
8 18
9 15
18 3
13 19
12 13
11 19
7 13
10 1
17 18
15 13
2 13
7 6
12 16
13 1
14 1
8 5
4 10
16
8 11
3 5
3 12
16 8
1 15
10 15
2 4
2 9
6 7
5 4
6 13
10 13
12 14
9 11
16 7
23
19 1
15 1
1 14
1 5
1 22
4 1
7 1
1 2
23 1
6 1
3 1
20 1
1 17
13 1
1 16
1 21
9 1
1 11
8 1
1 18
10 1
12 1
16
1 7
9 1
16 1
1 4
1 11
1 13
15 1
1 12
6 1
2 1
1 14
10 1
8 1
5 1
3 1
27
14 13
12 2
20 14
19 21
25 11
21 23
26 24
18 8
7 6
10 26
12 4
18 5
16 6
5 22
2 25
1 3
8 19
15 9
17 27
20 23
27 11
13 3
17 15
10 7
22 24
4 16
17
2 8
11 6
15 10
3 7
13 10
14 12
11 2
4 15
7 4
6 3
14 5
13 16
16 1
9 17
8 17
9 5
16
14 16
12 8
1 11
6 2
10 6
11 4
3 2
4 14
9 7
13 9
16 5
15 8
13 10
7 12
5 15
24
8 1
4 1
5 1
11 1
1 15
23 1
1 19
1 13
1 24
1 3
1 2
16 1
1 18
22 1
10 1
14 1
1 7
1 6
20 1
1 17
1 9
1 12
1 21
19
5 6
10 4
8 2
2 1
17 1
19 5
2 6
14 9
12 8
5 13
15 3
17 4
14 11
4 18
17 14
15 6
8 7
15 16
27
9 4
18 2
1 15
23 20
9 15
10 1
14 24
27 1
23 19
1 16
15 17
12 19
25 5
5 2
3 7
3 10
13 8
6 11
2 21
19 22
21 1
21 26
8 18
13 6
19 1
21 14
10
6 2
5 9
8 1
7 4
1 2
10 2
8 9
8 4
3 4
23
8 2
20 21
18 4
9 19
20 12
11 23
11 2
16 4
5 14
1 7
10 13
6 7
22 21
19 17
23 13
22 15
14 18
8 5
3 15
3 9
16 17
10 6
29
17 16
19 18
3 27
20 17
12 11
9 1
5 28
29 22
8 24
25 24
2 13
16 6
21 5
29 10
26 11
13 6
15 14
19 4
3 9
7 18
27 25
23 26
23 4
21 14
12 22
7 15
20 28
8 10
12
4 1
12 1
10 5
7 8
7 6
3 7
1 5
12 9
2 8
1 8
10 11
17
7 13
15 17
1 14
11 9
10 12
8 6
7 14
1 8
17 8
11 16
8 9
8 3
17 4
10 2
3 5
17 10
27
8 19
12 2
23 12
13 18
25 6
21 19
14 6
16 15
13 1
27 18
24 9
11 9
8 9
3 16
19 17
10 4
15 22
10 23
5 12
20 10
23 13
15 6
18 26
22 8
16 7
1 22
11
1 11
4 9
7 2
5 2
11 9
10 1
1 5
6 1
3 10
1 8
18
18 1
3 1
1 10
16 1
4 1
12 1
1 17
2 1
15 1
5 1
13 1
1 8
1 9
7 1
1 6
11 1
14 1
16
6 1
13 1
1 2
1 10
8 1
11 1
1 14
1 12
7 1
3 1
5 1
16 1
1 15
9 1
1 4
22
14 13
22 12
20 11
16 18
12 20
15 17
15 16
19 7
3 19
6 15
19 9
21 22
7 1
8 22
14 4
5 2
20 10
1 18
12 18
7 14
16 5
26
18 15
9 1
26 17
14 25
24 6
5 9
24 17
21 12
7 8
22 12
9 15
19 13
18 3
5 13
20 26
5 12
10 20
2 20
18 4
15 14
14 23
24 16
13 11
1 17
26 7
10
10 7
1 2
1 6
8 6
5 4
6 10
6 5
9 1
9 3
13
6 7
2 4
1 11
1 5
4 5
8 7
4 13
11 9
7 5
3 11
3 10
3 12
23
1 9
17 1
15 1
1 16
5 1
7 1
21 1
1 14
1 4
1 8
1 2
19 1
6 1
1 3
22 1
1 23
1 12
1 11
13 1
18 1
20 1
1 10
12
9 1
4 9
7 11
10 9
8 9
12 3
10 2
3 6
3 5
4 3
8 11
18
15 16
4 18
12 7
7 10
1 7
1 11
17 5
5 14
18 3
9 12
6 4
12 13
6 7
14 2
4 8
14 6
14 15
22
4 2
9 15
19 11
22 11
15 5
21 6
8 1
7 13
4 14
16 20
18 16
17 3
10 9
17 19
12 20
18 5
13 3
6 22
10 14
8 21
7 12
22
1 19
3 18
15 9
19 16
12 13
17 15
5 7
1 11
21 20
11 17
1 8
2 4
18 10
10 14
6 3
11 21
13 18
17 22
7 11
17 2
18 17
20
20 17
13 10
9 20
8 5
17 6
20 7
15 1
15 14
17 18
11 10
1 9
3 14
5 9
16 5
7 12
19 8
10 15
7 2
14 4
21
18 15
1 16
8 7
17 19
9 15
18 6
21 6
18 10
13 7
18 4
16 15
17 13
3 14
14 18
15 13
5 16
12 18
20 2
11 16
2 9
10
4 9
1 5
3 4
8 7
4 5
8 1
10 6
5 10
8 2
24
1 19
1 8
1 10
11 1
22 1
1 2
1 16
1 5
1 14
1 23
1 4
1 18
1 24
1 21
1 13
1 17
1 3
12 1
1 9
1 6
1 15
7 1
20 1
23
7 21
7 2
14 18
6 16
15 4
21 11
5 3
4 13
1 20
19 16
23 5
13 23
11 22
6 8
8 17
17 14
20 22
2 18
9 3
12 19
10 9
12 15
15
1 11
1 10
4 1
1 15
6 1
8 1
2 1
14 1
3 1
5 1
1 9
7 1
1 12
1 13
15
3 9
6 5
11 3
12 13
13 15
9 1
2 8
9 5
10 5
8 7
7 13
7 1
3 14
8 4
28
12 3
5 10
2 1
17 19
24 22
17 6
7 28
20 23
24 26
25 3
27 28
10 4
25 19
14 15
27 16
9 16
22 7
8 18
11 14
8 21
2 4
23 26
20 5
9 15
12 13
11 6
13 21
29
10 28
8 6
3 18
25 1
13 7
27 26
1 7
14 26
24 25
3 25
23 24
2 28
17 23
28 13
8 16
4 3
6 26
21 20
29 11
11 13
6 7
4 5
11 9
8 19
15 21
23 12
22 4
21 24
23
13 1
16 1
1 22
1 19
21 1
1 12
1 10
6 1
1 15
9 1
2 1
3 1
7 1
1 20
17 1
18 1
5 1
1 4
14 1
1 23
1 11
8 1
26
26 5
14 19
24 17
23 10
8 1
1 9
19 8
17 9
18 5
10 7
12 20
4 6
8 4
1 11
20 9
20 21
16 20
9 5
15 5
1 25
17 3
9 7
2 17
13 9
10 22
12
8 1
7 1
3 1
1 2
11 1
1 6
1 12
1 4
10 1
9 1
1 5
28
3 19
22 18
23 15
21 19
24 25
2 28
15 9
24 14
7 27
26 16
4 5
6 14
17 16
8 4
1 28
13 18
11 6
26 20
2 12
11 10
22 27
3 17
21 9
5 7
23 12
20 8
13 10
16
3 6
2 15
13 7
13 2
15 16
6 4
11 8
8 1
15 14
11 9
5 13
12 7
1 2
10 11
6 8
23
3 1
6 1
19 1
1 13
1 12
1 14
21 1
23 1
1 4
20 1
1 11
1 18
17 1
8 1
1 15
1 7
1 2
22 1
9 1
1 5
1 16
10 1
16
2 15
13 10
15 16
9 3
16 9
4 12
14 13
10 3
12 6
11 4
7 8
8 14
6 1
11 5
7 5
12
12 6
8 10
8 9
3 5
2 1
5 8
1 8
8 11
2 7
12 8
4 2
17
1 14
8 9
11 1
8 16
14 8
15 10
5 2
16 7
3 17
13 11
1 15
4 11
11 5
6 1
8 3
5 12
19
7 11
18 8
11 4
11 6
13 9
2 6
15 12
1 17
16 3
8 17
9 11
10 5
11 10
6 1
11 19
6 16
12 1
14 1
12
7 10
2 5
9 12
7 8
4 6
6 1
8 12
11 10
3 5
9 3
4 2
11
1 10
7 5
8 3
11 2
11 8
6 8
4 6
9 5
7 1
7 11
26
19 1
20 1
25 1
1 17
24 1
1 8
1 22
1 4
1 13
5 1
1 2
1 14
23 1
9 1
1 12
11 1
1 16
10 1
1 3
26 1
18 1
1 21
1 6
15 1
1 7
13
11 5
5 6
2 13
8 3
10 4
2 7
11 1
7 1
8 11
4 8
9 2
12 1
13
12 10
6 1
1 11
2 3
13 5
4 1
9 6
8 5
7 6
2 8
9 8
12 6
17
1 14
1 9
8 1
1 6
1 2
16 1
1 12
1 7
1 5
1 13
17 1
1 4
1 10
15 1
1 11
3 1
23
22 1
17 4
17 19
1 10
2 22
13 21
20 23
8 17
12 5
6 20
7 18
12 1
4 18
3 22
20 14
17 16
21 11
9 8
12 20
2 15
7 11
22 19
28
27 6
2 27
1 12
17 11
18 10
23 24
12 20
22 17
20 26
21 18
15 26
5 25
14 26
19 28
9 1
9 24
21 9
3 23
19 13
5 4
23 7
8 19
20 5
24 17
8 27
8 12
21 16
24
24 15
16 22
10 3
19 5
20 7
20 2
11 24
13 12
22 15
3 14
12 6
13 5
1 7
18 10
24 23
5 21
22 17
8 15
3 7
8 1
9 20
4 12
13 8
24
9 7
24 9
21 20
19 12
12 4
23 1
16 2
3 2
17 24
2 5
10 21
16 12
11 15
15 18
1 22
13 14
8 15
22 21
14 6
23 16
9 22
23 18
14 18
21
14 18
7 6
16 19
7 15
16 17
17 4
6 20
9 18
1 11
19 20
12 2
10 3
4 3
12 9
8 13
14 10
5 11
21 15
2 5
21 13
24
20 10
9 23
18 5
14 1
23 16
24 11
4 8
24 19
21 8
14 23
2 16
13 5
13 12
17 23
13 7
22 15
3 21
10 6
11 23
7 14
10 14
1 22
21 1
24
3 9
9 10
23 9
23 6
17 16
5 24
24 18
15 7
3 11
11 14
11 15
21 17
2 24
15 20
3 2
13 21
4 9
11 22
21 1
1 11
14 8
9 19
12 22
26
20 14
19 26
21 13
11 23
5 23
10 6
16 19
8 24
12 21
15 24
6 3
20 18
7 21
2 10
11 2
15 7
10 17
25 6
15 19
1 7
22 17
2 1
23 9
4 17
20 11
15
5 1
1 2
1 11
1 13
4 1
1 3
1 10
1 12
9 1
1 6
14 1
1 7
1 15
1 8
20
9 1
1 19
12 1
1 17
1 3
13 1
1 4
1 20
1 5
1 2
8 1
10 1
18 1
1 15
16 1
1 14
1 6
11 1
7 1
16
12 9
14 7
5 16
6 10
10 11
9 1
4 13
15 4
3 8
16 13
5 2
12 11
3 14
8 2
15 6
17
17 4
13 11
10 8
5 2
8 17
6 8
12 2
9 15
17 1
13 14
3 15
16 2
1 16
4 7
15 16
13 4
25
11 4
4 12
3 12
25 8
16 14
20 12
8 18
7 6
19 16
19 17
14 1
25 14
10 2
9 8
7 15
19 13
2 25
16 7
23 21
23 3
3 1
2 24
5 4
22 23
21
20 5
10 21
14 4
13 5
3 2
2 19
9 11
8 10
9 14
12 21
4 1
20 8
3 6
7 6
15 16
12 17
11 16
7 17
19 18
13 15
23
14 17
10 17
8 1
14 3
14 21
10 23
12 1
18 2
22 5
5 7
8 10
5 10
6 9
2 7
11 9
15 11
13 8
11 19
16 19
21 4
8 19
20 1
21
12 1
6 1
21 1
1 9
7 1
19 1
1 4
1 11
13 1
18 1
8 1
3 1
16 1
1 17
1 10
1 14
1 5
1 15
20 1
2 1
21
20 12
11 20
14 6
17 2
13 4
10 15
20 16
11 13
2 19
3 19
19 13
8 7
8 17
10 5
4 10
13 21
18 19
1 19
9 1
6 3
29
5 18
23 14
23 22
28 4
2 23
25 11
13 11
22 6
24 27
21 10
21 7
22 24
7 4
25 26
6 7
18 9
24 3
16 11
17 25
19 15
19 20
9 19
8 18
29 4
12 21
1 17
17 9
6 1
24
8 24
2 18
15 5
9 7
1 20
3 16
17 9
7 20
6 22
8 20
10 11
12 11
9 11
10 16
23 1
19 14
1 15
9 22
20 4
14 20
21 22
9 2
13 4
18
1 13
4 16
12 9
3 7
16 13
16 3
12 14
15 17
11 2
18 1
3 8
18 15
18 11
10 4
5 15
11 6
13 12
20
5 1
1 18
1 20
1 9
10 1
13 1
1 17
11 1
14 1
2 1
1 12
1 8
1 16
7 1
6 1
3 1
1 4
19 1
15 1
27
4 1
5 1
1 11
18 1
1 7
1 25
1 24
16 1
2 1
23 1
1 12
22 1
1 26
6 1
3 1
1 15
27 1
14 1
20 1
17 1
8 1
19 1
10 1
1 13
1 21
1 9
13
10 4
8 7
10 11
5 1
5 8
6 12
12 11
2 4
2 3
13 9
7 3
9 6
16
14 13
5 7
15 12
10 15
11 7
4 14
14 16
6 3
7 13
2 1
2 12
6 9
2 6
8 12
1 13
11
1 8
1 4
11 1
1 5
6 1
10 1
2 1
9 1
7 1
3 1
18
7 8
9 5
11 16
18 13
12 18
6 5
1 14
1 5
16 12
10 9
3 15
3 4
12 9
3 7
17 7
1 3
18 2
21
6 1
1 14
21 14
3 9
2 1
19 11
17 1
16 10
15 11
17 8
8 9
4 12
2 12
11 6
13 14
8 18
14 5
7 19
16 7
18 20
20
12 4
3 8
4 17
11 20
1 13
1 4
12 9
20 10
7 17
12 16
5 16
19 16
13 3
9 6
20 13
14 17
15 14
3 18
9 2
18
13 9
4 8
2 14
7 11
2 17
18 8
7 8
5 1
12 1
16 15
9 2
9 3
18 1
14 10
9 16
3 8
2 6
29
5 26
27 12
3 14
10 16
13 28
16 18
3 23
26 4
11 17
28 9
2 13
10 5
22 27
19 23
18 24
1 9
25 24
8 29
22 25
2 21
8 21
29 17
12 19
6 20
15 7
6 11
14 15
20 4
10
4 7
8 4
10 3
10 2
1 10
4 1
7 5
9 7
8 6
20
2 1
1 12
17 1
1 6
18 1
11 1
7 1
9 1
1 4
1 20
3 1
8 1
1 16
19 1
1 5
1 14
10 1
1 13
1 15
20
10 1
3 1
17 1
1 14
16 1
1 13
12 1
8 1
7 1
18 1
19 1
4 1
2 1
11 1
15 1
20 1
9 1
1 6
5 1
14
14 12
2 11
1 13
3 1
7 3
13 8
3 11
11 5
10 14
4 8
7 6
7 9
14 13
17
9 1
1 7
1 6
3 1
12 1
10 1
15 1
14 1
1 2
1 13
1 16
1 5
17 1
11 1
4 1
1 8
15
14 10
2 1
4 7
7 10
10 6
8 4
1 7
13 5
3 9
2 9
5 15
4 12
2 5
11 9
24
24 19
3 22
11 20
15 4
1 15
8 3
17 24
2 1
17 21
16 13
13 9
24 23
5 8
14 18
24 1
9 5
11 24
13 7
6 22
1 8
12 1
10 3
24 18
27
25 18
7 5
20 11
10 16
24 1
20 13
3 13
24 23
12 26
17 15
22 14
26 4
18 4
17 21
25 22
5 27
19 9
23 2
8 11
7 12
3 2
6 21
16 19
8 27
15 14
6 10
11
8 3
4 10
2 1
2 6
11 8
9 4
1 9
5 2
4 7
9 8
12
1 5
2 1
3 1
6 1
8 1
11 1
1 4
10 1
1 9
1 7
1 12
10
1 9
4 1
1 3
7 1
1 8
1 2
5 1
1 10
6 1
10
2 10
7 6
5 3
10 9
1 5
9 3
4 6
8 2
8 7
25
8 1
1 2
1 24
1 6
23 1
1 25
7 1
1 18
1 3
9 1
1 16
13 1
1 15
22 1
1 17
1 4
11 1
12 1
21 1
5 1
1 20
1 10
19 1
14 1
14
5 8
10 13
7 10
13 3
6 9
11 12
2 8
5 11
2 6
14 12
1 9
14 7
4 3
13
7 1
3 1
5 1
9 1
1 8
1 4
11 1
10 1
1 2
12 1
1 6
13 1
15
1 5
14 15
9 13
2 12
6 14
5 7
4 12
1 15
3 7
12 5
8 14
11 13
7 10
15 13
18
8 9
16 3
11 18
18 14
15 3
10 7
17 6
1 4
14 13
16 13
2 15
5 6
4 12
8 12
17 10
7 9
5 2
17
4 3
14 5
4 7
2 10
3 8
11 12
13 14
16 2
5 6
8 15
17 9
6 12
13 1
7 11
15 10
17 16
12
7 1
8 11
12 7
1 8
9 10
12 5
4 11
2 8
9 7
6 9
12 3
21
1 16
1 12
21 1
1 17
1 8
20 1
6 1
14 1
2 1
15 1
1 10
4 1
11 1
9 1
19 1
1 18
1 3
1 7
13 1
5 1
23
23 2
15 3
13 22
11 22
12 9
20 7
11 5
18 16
19 9
6 17
14 15
4 8
17 13
10 1
10 20
21 16
5 23
18 3
21 12
19 6
14 4
7 8
27
1 11
27 1
3 1
22 1
13 1
5 1
1 9
1 24
1 14
20 1
15 1
8 1
16 1
1 25
1 21
17 1
1 12
4 1
1 26
10 1
1 19
1 18
1 23
2 1
7 1
6 1
12
11 6
1 5
4 3
11 10
1 9
12 2
1 10
5 8
12 9
3 9
9 7
18
12 11
10 8
3 13
1 14
17 6
12 2
18 8
9 13
7 16
11 4
10 16
17 18
5 14
3 5
6 15
2 15
7 9
12
8 1
4 9
5 8
12 2
5 6
8 7
3 5
4 1
2 4
10 8
8 11
24
20 12
5 17
9 22
11 3
5 6
6 23
11 23
21 9
8 15
4 7
2 16
4 15
17 14
24 22
1 8
19 13
12 3
2 14
18 16
18 10
7 19
24 10
13 21
23
20 5
21 6
12 6
1 14
15 16
5 22
5 2
7 4
12 23
17 15
9 3
22 18
14 15
8 13
21 11
1 13
19 6
13 2
22 10
13 6
1 7
5 3
16
11 13
15 14
10 5
14 7
11 5
9 16
5 1
12 14
2 11
1 7
7 16
13 8
10 4
10 3
16 6
15
6 12
1 5
13 10
1 13
5 4
14 11
8 14
11 7
15 8
6 1
11 13
4 2
9 3
3 4
29
16 29
11 8
1 24
28 16
8 21
5 7
12 3
4 17
20 19
23 9
6 11
27 5
24 21
12 29
3 22
18 26
2 18
22 19
13 10
6 26
13 20
28 9
10 14
14 25
25 15
27 4
17 15
2 23
23
19 21
8 5
12 2
12 11
21 1
1 7
22 21
18 5
7 4
4 14
12 19
23 13
13 19
17 16
22 5
13 15
10 20
10 22
3 4
16 6
7 16
10 9
21
9 1
16 14
21 2
11 6
6 18
10 19
4 1
11 14
15 21
6 7
9 11
15 9
13 19
19 4
8 20
17 14
21 12
15 5
3 8
4 8
20
1 8
3 1
1 5
1 12
1 10
19 1
9 1
14 1
1 18
20 1
11 1
13 1
1 7
1 4
15 1
1 6
1 2
17 1
1 16
29
24 15
2 28
13 2
23 1
17 14
6 2
11 7
10 26
28 4
22 26
24 7
4 27
7 9
16 4
17 3
17 24
18 12
21 11
25 1
8 2
8 20
3 19
4 7
26 7
20 5
28 1
18 23
20 29
17
7 1
4 1
1 10
6 1
1 2
15 1
11 1
14 1
1 9
3 1
17 1
1 16
13 1
1 5
1 12
8 1
20
18 2
11 15
4 16
14 7
9 12
6 19
18 9
2 3
1 20
19 12
13 4
15 6
5 10
11 17
8 3
8 13
14 5
10 16
20 7
28
14 1
28 11
8 16
20 22
5 28
23 4
6 9
9 25
6 18
11 7
2 23
21 16
3 28
26 16
26 13
26 14
1 7
17 27
24 13
15 13
6 14
10 27
19 22
11 23
27 19
19 7
22 12
29
1 13
1 17
1 28
1 10
1 29
21 1
1 27
1 6
14 1
1 23
9 1
1 19
26 1
1 7
1 8
20 1
4 1
1 22
1 2
5 1
16 1
11 1
15 1
18 1
3 1
24 1
12 1
1 25
19
2 17
14 1
4 19
1 19
18 9
7 3
11 8
7 4
13 16
17 19
1 15
16 4
3 10
18 2
1 12
17 8
11 5
6 17
20
14 8
15 16
2 7
4 10
13 2
12 4
11 17
19 10
7 12
20 8
19 6
11 9
3 18
18 17
16 14
20 6
13 1
15 5
3 5
28
8 1
9 25
12 21
12 17
20 26
23 21
6 20
15 8
11 22
1 11
15 18
4 17
13 11
20 5
9 14
27 14
1 16
8 9
23 28
8 20
2 7
10 17
24 14
8 3
17 1
7 8
19 14
24
12 23
11 24
7 19
7 15
9 6
19 11
21 5
6 3
17 14
3 1
20 11
16 3
13 3
18 4
22 3
10 13
11 13
1 21
2 8
2 23
23 10
4 22
17 21
23
4 12
1 7
5 15
15 16
17 19
11 3
16 13
11 6
14 22
3 10
7 23
22 5
2 9
18 10
18 8
20 14
8 12
21 9
19 6
23 21
20 2
13 4
13
4 8
10 7
11 13
1 8
5 1
1 3
7 5
6 9
13 2
5 9
10 12
5 2
13
9 5
8 2
3 2
12 10
6 11
7 3
9 13
8 13
10 7
6 12
4 5
1 11
15
7 11
11 2
6 15
12 2
10 15
14 4
1 11
3 15
4 9
13 2
5 7
7 8
4 6
1 6
17
7 15
1 8
5 12
13 12
11 15
15 2
14 17
10 16
14 9
3 14
8 12
2 4
9 16
6 16
2 8
9 1
20
18 13
9 7
10 5
7 12
2 12
10 6
13 20
17 1
3 8
14 16
3 14
16 19
2 19
6 11
17 18
9 4
15 5
11 4
20 15
22
4 19
1 18
2 17
4 11
12 17
17 13
3 16
15 2
8 22
18 3
5 2
13 1
19 13
18 10
7 12
10 14
9 10
3 6
21 12
19 8
20 8
26
17 25
15 16
14 3
23 24
14 21
20 11
3 10
20 18
12 15
22 6
25 26
13 9
6 7
22 19
7 10
17 18
8 16
21 12
4 11
2 1
13 19
5 8
2 4
24 26
23 5
12
12 11
1 7
2 3
12 5
9 11
12 6
10 3
4 12
3 1
11 1
7 8
11
6 8
11 8
3 1
5 6
7 11
10 11
6 2
1 8
3 4
9 3
17
13 17
12 6
13 5
7 3
16 12
9 11
15 14
4 2
5 14
7 11
1 17
9 10
3 16
10 8
4 6
2 15
28
6 20
21 28
1 24
19 7
17 11
18 23
15 3
14 2
24 6
15 4
18 13
9 27
26 5
25 16
3 11
25 12
23 16
8 26
9 2
12 8
4 28
22 10
27 10
14 21
7 20
5 22
17 19
17
17 2
3 5
1 9
3 12
12 17
14 15
13 14
7 8
6 8
10 2
9 16
10 13
15 16
11 4
7 5
11 6
26
16 9
15 24
25 4
2 25
1 6
23 26
7 23
26 18
20 12
19 14
22 24
17 25
5 3
5 13
21 26
24 11
9 4
9 10
1 23
12 8
6 22
7 14
7 12
5 22
4 6
11
5 11
1 11
1 2
4 1
10 11
2 6
7 4
3 9
4 8
3 4
22
17 15
21 1
12 20
6 22
11 4
22 16
8 7
2 22
15 6
3 6
9 6
10 13
18 9
9 12
4 13
12 13
7 17
11 19
14 13
8 5
12 1
10
5 7
1 3
8 6
3 5
4 5
9 5
2 5
1 8
1 10
20
18 17
8 7
15 12
13 10
1 10
4 19
2 17
5 11
5 9
6 4
9 8
11 14
3 14
16 6
7 19
15 2
12 16
13 20
20 18
17
15 6
6 8
4 1
11 5
17 4
4 15
11 12
1 16
4 11
3 5
2 9
10 7
2 1
13 5
15 7
14 2
10
5 8
8 4
3 6
6 8
7 1
6 1
9 7
2 7
3 10
20
3 11
17 16
14 8
1 19
20 17
13 1
4 13
1 5
1 11
4 7
18 2
1 20
6 18
9 2
15 20
17 2
17 12
5 10
13 14
22
18 3
14 16
1 6
13 1
13 7
6 3
16 4
20 7
8 15
7 21
11 19
11 22
16 9
18 10
8 12
5 17
17 14
17 2
6 14
3 8
13 11
29
19 17
3 12
13 25
1 25
9 5
21 7
12 23
28 18
14 8
4 1
16 22
26 3
28 9
25 9
11 22
7 2
21 20
19 6
8 24
1 14
6 7
10 3
4 27
25 21
29 1
12 1
7 16
17 15
16
6 3
9 11
11 16
3 2
7 12
5 14
9 10
5 15
1 13
9 13
5 13
1 2
12 2
8 3
12 4
17
12 1
10 5
4 17
13 17
10 15
2 10
17 8
16 4
7 12
12 3
1 17
12 2
4 9
8 14
11 2
6 13
19
14 6
18 8
4 13
5 2
16 9
10 5
15 1
5 12
3 19
16 18
1 3
1 14
2 16
17 6
14 16
11 16
7 2
1 13
25
1 16
2 1
1 9
12 1
1 19
24 1
25 1
1 5
1 8
17 1
1 10
18 1
1 4
1 14
1 23
11 1
13 1
1 7
1 6
15 1
1 20
21 1
22 1
1 3
17
3 13
17 16
9 16
4 12
6 4
10 7
5 11
10 2
2 9
6 7
14 1
15 13
8 5
15 11
14 12
17 8
24
4 1
1 18
12 1
1 13
1 8
14 1
1 22
20 1
1 3
1 10
1 19
7 1
1 6
24 1
1 16
15 1
5 1
1 23
21 1
2 1
1 11
1 17
9 1
11
5 11
1 8
2 4
9 2
6 5
5 1
10 7
1 2
1 7
7 3
29
7 18
25 26
6 21
23 15
27 14
17 19
4 24
20 26
22 5
12 3
29 10
7 13
10 27
18 24
25 16
9 3
8 6
17 13
2 11
20 15
1 2
14 8
12 28
11 22
16 21
28 5
23 19
9 29
29
8 15
5 8
17 8
21 9
15 25
14 23
10 4
22 17
4 29
6 8
11 13
21 3
7 12
15 16
1 3
1 12
9 18
28 12
6 3
17 4
20 3
2 6
19 6
8 24
27 1
26 5
8 23
1 11
15
6 12
1 13
15 4
1 9
10 13
1 5
1 3
12 11
5 6
13 4
5 8
7 5
1 14
2 9
27
16 3
14 15
23 6
8 18
8 4
25 26
22 10
2 16
15 24
18 23
1 11
19 2
9 26
19 20
25 5
27 22
21 13
9 12
11 7
27 17
13 4
12 6
24 17
10 5
14 7
20 21
12
11 10
12 9
10 9
12 8
7 4
5 6
5 3
6 8
4 1
2 3
7 11
29
19 15
7 23
16 27
11 9
5 23
4 6
14 2
13 20
28 22
16 8
25 17
29 14
22 21
12 18
9 5
10 12
7 21
3 20
15 8
1 4
10 11
3 29
26 13
18 26
2 17
28 6
25 24
19 24
13
11 8
13 6
10 8
2 12
5 6
2 3
12 7
5 4
4 1
7 9
9 11
10 13
23
20 10
20 6
20 21
23 16
7 9
7 4
19 4
11 10
1 6
4 17
15 1
13 15
21 22
14 18
10 2
23 22
12 16
18 6
3 19
5 4
8 1
18 4
13
7 2
5 10
10 9
3 9
2 12
12 13
7 6
2 1
9 8
7 11
10 1
4 12
13
12 3
9 5
2 7
8 10
9 3
1 11
4 12
5 2
13 4
7 11
10 13
6 8
24
24 13
14 18
16 14
24 5
23 14
7 3
12 10
24 6
22 16
4 20
1 8
20 15
6 20
21 7
2 8
11 22
2 10
2 7
19 22
16 8
17 10
1 6
13 9
13
7 1
2 1
12 1
1 13
3 1
1 4
1 9
1 5
1 10
1 6
11 1
8 1
29
1 29
1 14
1 17
5 1
1 28
6 1
1 27
1 21
13 1
22 1
1 24
1 16
15 1
1 26
10 1
1 18
1 25
1 8
1 19
1 2
20 1
12 1
11 1
1 7
1 9
4 1
3 1
1 23
10
3 1
7 9
2 6
1 4
3 5
4 9
8 3
10 2
2 4
26
15 5
15 23
25 20
26 13
6 17
15 1
26 3
16 1
1 13
10 12
19 2
9 26
4 24
6 5
3 22
3 7
10 25
13 11
19 15
12 16
18 22
24 1
10 21
17 14
3 8
18
12 15
17 10
4 11
7 18
14 11
15 9
16 1
6 7
8 5
8 4
16 10
4 16
2 10
1 12
12 7
13 15
8 3
24
8 13
6 17
21 6
8 11
20 24
15 1
3 15
11 22
1 8
14 11
7 20
6 1
5 12
22 2
23 19
18 17
18 16
4 18
11 9
8 5
23 15
10 23
1 20
18
17 9
3 14
7 14
16 13
14 10
1 3
6 4
8 4
15 11
16 2
1 17
5 16
4 17
18 9
12 9
15 5
3 5
19
12 1
1 10
1 19
5 1
11 1
1 16
1 9
1 18
3 1
1 4
2 1
7 1
8 1
14 1
1 6
15 1
1 17
13 1
15
9 14
8 11
8 15
8 10
9 13
1 5
4 7
8 3
14 7
12 14
6 10
1 2
8 1
14 10
18
11 7
1 6
16 1
7 10
8 17
2 5
9 3
16 10
6 5
14 12
10 9
15 5
12 6
4 12
9 18
17 16
17 13
11
1 4
10 1
6 5
8 7
10 11
5 4
7 4
10 3
9 7
5 2
21
6 19
1 12
9 17
6 20
21 14
2 18
2 15
13 10
5 18
3 8
12 15
4 20
3 7
14 17
19 21
10 16
7 11
13 4
9 11
5 16
11
1 10
1 11
8 1
1 7
6 1
3 1
4 1
5 1
1 2
9 1
16
15 13
8 2
13 5
4 6
16 1
4 16
9 11
12 7
7 14
2 10
4 11
15 2
15 1
16 7
13 3
12
8 3
8 4
5 6
3 9
2 10
9 6
7 10
4 7
2 12
11 5
1 11
26
23 3
8 22
4 17
15 1
8 4
24 14
26 25
5 15
10 6
16 11
18 26
3 10
13 19
9 5
22 12
16 7
6 7
20 19
21 23
2 25
13 21
9 18
20 24
14 2
12 11
24
21 1
19 23
20 11
18 9
13 4
5 23
4 15
2 13
10 2
14 2
21 19
7 17
12 18
4 6
18 3
13 21
22 20
9 1
19 17
17 8
3 16
9 20
24 23
26
3 12
7 25
11 2
13 17
19 1
11 17
5 3
6 3
17 16
14 8
10 3
1 17
3 1
1 23
9 3
15 7
14 4
22 23
20 16
14 25
24 13
14 12
18 7
21 12
26 12
17
14 10
1 7
9 7
10 2
11 6
15 17
15 5
3 10
2 6
7 8
8 16
9 12
13 9
1 2
6 15
4 8
21
9 12
10 1
11 5
8 4
18 15
6 21
3 14
8 13
19 11
21 10
15 9
7 17
18 19
2 3
13 5
20 17
14 12
20 2
16 7
4 6
28
11 4
27 28
27 9
11 16
8 10
8 23
3 6
17 18
1 22
19 26
4 18
21 27
7 11
1 13
13 28
8 15
3 28
5 26
5 20
15 12
13 15
12 2
22 4
22 5
18 25
12 14
3 24
19
5 3
1 6
19 17
14 9
11 8
1 17
13 3
1 12
12 7
13 10
4 1
3 18
9 10
1 10
1 15
17 2
16 6
8 13
28
1 15
20 1
19 1
1 5
1 17
28 1
25 1
1 27
9 1
1 21
18 1
1 24
10 1
1 6
1 14
26 1
1 22
13 1
4 1
16 1
1 3
23 1
12 1
11 1
7 1
8 1
2 1
26
17 21
7 1
1 2
3 9
10 23
19 6
26 23
7 5
18 17
22 7
16 23
26 13
20 25
18 26
3 5
15 7
6 7
23 24
25 18
4 8
23 4
19 12
5 14
11 13
7 26
10
8 10
2 9
4 7
1 5
5 2
7 3
8 1
6 8
7 5
21
10 19
1 13
21 1
14 6
16 20
1 9
21 15
20 10
2 5
3 11
11 6
6 7
10 13
4 21
17 21
5 9
18 12
6 1
8 10
12 6
28
23 7
18 3
5 25
24 9
24 13
28 10
28 14
11 21
27 15
1 13
11 2
21 1
28 24
19 23
15 26
25 15
9 12
5 17
21 4
4 16
16 22
20 9
8 16
25 13
6 5
11 3
4 23
16
1 6
3 1
1 2
1 9
1 7
4 1
12 1
1 8
1 15
16 1
1 10
1 13
11 1
1 14
5 1
24
1 23
1 4
24 1
1 2
17 1
6 1
15 1
1 7
1 5
16 1
1 19
9 1
1 13
1 14
1 10
1 12
1 18
22 1
21 1
1 8
11 1
1 3
1 20
10
4 1
9 1
1 6
1 8
3 1
5 1
7 1
10 1
1 2
19
14 17
12 8
4 3
17 6
13 5
11 3
6 5
2 7
2 9
2 10
6 1
4 9
1 9
19 3
15 17
4 8
5 16
8 18
22
14 1
7 1
1 8
1 10
1 2
1 9
11 1
3 1
1 20
1 15
1 18
6 1
1 4
16 1
1 21
1 22
1 19
17 1
5 1
13 1
12 1
22
1 18
4 1
5 1
1 14
7 1
9 1
21 1
17 1
2 1
1 20
1 19
1 22
15 1
1 11
1 3
12 1
1 10
1 16
1 8
1 13
6 1
28
8 13
4 1
5 17
8 27
17 3
28 5
6 9
16 27
25 19
26 18
2 11
24 10
4 22
12 2
3 22
25 20
14 23
20 15
6 10
9 26
21 7
23 12
28 11
7 15
16 18
24 14
21 13
26
5 9
8 12
10 22
14 21
12 10
24 17
16 2
15 25
19 21
17 22
15 20
3 20
3 5
4 7
23 26
2 13
11 4
1 14
18 6
8 13
25 18
26 6
9 16
19 11
7 23
15
2 15
2 4
9 3
1 2
11 12
8 4
14 11
6 11
9 4
5 1
6 13
6 1
7 1
2 10
27
1 22
23 13
26 25
14 12
5 12
26 15
7 15
21 10
3 9
22 23
21 16
18 16
10 15
19 22
26 20
12 19
1 10
9 2
7 24
7 4
11 8
8 19
21 9
8 17
16 6
27 23
12
2 1
10 7
7 4
5 2
9 6
1 10
8 5
9 3
9 10
2 11
12 7
23
19 10
21 12
5 16
3 11
4 3
9 1
7 12
11 20
9 14
20 13
8 15
2 18
21 23
10 22
2 6
8 16
6 22
4 14
15 19
7 17
18 23
5 13
19
3 5
17 16
5 15
4 15
7 6
10 14
12 11
1 2
3 8
12 9
13 11
14 6
19 4
16 13
18 10
7 17
18 19
9 2
23
3 1
1 23
13 1
6 1
1 16
1 5
2 1
1 22
1 10
17 1
8 1
18 1
1 21
14 1
20 1
1 7
11 1
1 4
9 1
1 19
1 15
1 12
16
4 6
2 11
12 5
4 16
6 14
2 9
14 11
16 1
8 9
15 7
7 13
12 3
13 5
10 8
3 10
29
13 16
15 20
6 9
8 18
28 3
13 25
14 29
1 7
1 11
5 27
2 25
17 15
13 22
24 23
19 28
28 13
11 21
27 10
22 6
8 27
13 4
29 24
13 15
26 13
3 1
12 1
14 15
3 10
13
2 5
4 1
5 10
8 1
9 1
1 13
12 7
11 9
13 3
4 6
5 4
1 7
22
13 19
11 22
4 9
5 6
12 14
13 8
8 17
11 7
15 5
1 9
19 18
10 21
16 3
16 2
20 10
12 7
18 4
15 2
6 21
17 20
3 14
23
1 2
21 4
19 10
12 1
17 3
17 8
14 22
7 10
6 5
21 3
2 10
20 9
3 12
16 5
12 13
20 11
17 18
22 13
15 21
5 13
23 22
20 2
20
8 11
10 1
12 9
17 9
7 2
20 16
12 18
6 4
17 16
5 20
15 19
10 13
3 18
14 6
11 13
8 4
19 5
3 2
7 14
21
4 3
16 20
15 9
8 6
15 7
1 7
19 12
6 12
11 20
10 14
8 5
18 8
10 7
17 15
21 12
20 3
6 13
3 13
2 10
13 1
12
12 6
9 2
5 4
8 2
3 5
5 7
1 12
12 10
7 2
11 6
1 7
27
24 8
5 7
14 13
6 9
24 1
19 23
9 10
4 12
8 21
16 9
26 7
3 22
23 27
4 18
14 22
19 24
3 2
16 20
1 20
20 22
11 23
17 8
25 14
7 16
15 3
19 4
16
10 12
2 1
16 13
10 5
3 10
11 16
1 7
3 6
5 14
9 13
8 7
12 4
10 15
16 2
5 1
22
2 11
8 12
12 19
20 13
17 16
12 16
15 10
6 4
6 9
21 18
9 1
20 9
17 1
22 2
7 2
17 22
5 15
16 15
6 14
18 22
3 20
22
15 8
2 6
19 14
15 9
12 8
9 20
21 2
14 5
19 1
17 13
10 16
16 7
11 4
10 17
13 3
18 4
12 5
22 6
3 11
7 21
20 22
23
7 13
5 2
3 16
14 13
22 19
19 23
17 18
23 16
18 5
7 3
14 8
9 6
10 12
15 4
12 4
2 8
22 20
6 1
11 17
21 9
15 21
10 20
24
21 9
2 11
20 7
2 21
24 3
19 12
4 8
13 15
6 14
8 15
18 22
3 5
11 22
24 18
16 7
23 4
23 6
10 13
20 19
14 1
9 17
5 16
12 10
16
4 7
16 7
7 13
9 5
15 8
13 12
11 1
4 10
7 15
2 14
2 1
5 11
7 11
7 6
3 7
26
6 7
24 13
16 10
4 12
26 7
12 5
20 15
16 19
18 25
5 10
17 26
1 21
3 9
24 14
21 23
2 17
3 15
22 2
19 14
9 22
11 8
6 11
20 25
18 23
4 8
11
1 8
11 1
1 9
1 4
1 5
1 10
1 7
1 2
1 3
1 6
26
5 7
4 18
5 6
18 8
22 25
3 17
7 14
3 11
14 26
1 12
1 24
16 13
24 22
18 2
12 15
16 23
16 15
20 9
8 20
22 19
15 3
8 12
24 7
21 14
20 10
17
10 13
4 12
6 9
10 2
8 4
17 5
16 9
14 3
10 15
3 4
1 11
3 11
5 7
9 15
1 15
5 11
21
3 15
3 8
12 3
7 16
21 14
18 9
1 16
9 21
2 21
21 1
18 10
21 6
20 14
1 11
2 5
5 4
17 6
3 1
5 19
3 13
22
16 6
4 1
3 1
5 21
14 7
12 8
8 17
16 3
2 5
14 12
2 19
10 3
9 14
12 4
10 22
15 19
4 2
20 16
18 8
10 13
11 5
23
4 18
13 22
1 19
4 6
19 9
16 5
10 8
21 9
15 13
13 16
8 7
2 3
21 11
17 2
3 8
4 9
3 19
5 14
5 12
23 21
2 20
16 1
17
9 1
5 6
11 15
9 14
3 4
8 2
6 2
16 7
13 15
5 7
11 3
17 14
8 12
4 17
10 12
16 13
21
5 10
11 17
13 6
2 6
9 8
19 18
15 2
11 16
13 14
16 1
10 4
8 20
17 14
5 3
7 21
12 7
19 20
9 15
4 21
18 12
28
5 1
1 19
1 23
10 1
7 1
1 20
1 21
1 13
16 1
1 8
1 14
9 1
11 1
1 3
1 2
26 1
4 1
24 1
1 17
1 27
25 1
6 1
1 12
22 1
1 18
15 1
28 1
24
18 24
23 17
21 16
3 5
6 15
1 23
17 10
2 22
4 6
19 20
22 3
5 15
9 7
22 14
11 17
18 8
16 19
5 1
9 3
18 15
12 6
23 16
9 13
24
16 14
11 21
6 3
4 15
23 18
19 17
8 17
21 15
23 2
16 9
16 2
5 1
2 6
6 22
21 24
7 12
19 1
1 10
13 17
6 7
15 17
6 1
9 20
11
5 8
10 3
8 1
5 4
9 5
8 3
1 11
3 2
11 7
11 6
22
2 17
15 18
22 21
20 11
3 22
16 13
1 3
22 2
14 18
16 10
12 21
1 15
15 11
9 8
19 9
4 18
9 10
11 7
6 2
5 21
3 10
27
23 7
1 21
12 26
27 17
25 8
3 21
22 2
13 24
21 11
26 11
11 24
16 27
26 14
3 10
23 18
6 22
1 16
23 27
16 6
24 5
15 17
19 8
17 9
20 3
8 6
4 22
22
4 22
5 15
12 8
20 2
15 21
7 17
10 16
1 6
19 9
11 5
3 14
14 18
19 20
11 7
9 16
10 13
22 18
17 6
21 13
12 3
8 2
22
4 6
7 10
22 5
7 20
14 9
2 14
12 15
3 8
9 16
11 5
18 15
19 8
3 4
13 1
18 11
12 21
16 13
10 2
21 6
19 20
22 17
17
17 12
1 15
10 5
11 8
10 1
2 4
15 16
7 13
6 14
17 4
5 8
17 3
1 7
14 1
1 12
9 1
17
2 3
10 17
13 14
16 17
6 10
11 8
8 13
12 16
7 9
15 3
9 5
11 15
2 4
12 14
1 7
5 4
28
25 1
23 1
1 9
15 1
1 26
5 1
12 1
6 1
1 2
1 16
18 1
1 13
1 17
1 14
1 10
21 1
11 1
1 24
1 7
19 1
1 8
1 22
1 3
1 20
27 1
4 1
28 1
10
9 1
1 7
2 3
3 9
4 9
6 7
5 4
7 8
10 3
16
5 15
6 4
2 7
12 2
11 6
8 14
1 11
6 16
13 2
13 14
14 10
3 15
5 11
5 9
13 1
21
1 19
2 1
1 20
11 1
7 1
1 17
1 15
6 1
1 10
4 1
14 1
9 1
18 1
21 1
1 8
1 16
1 5
1 12
13 1
1 3
12
9 6
9 1
6 11
2 5
7 10
4 1
4 10
2 8
3 4
6 12
2 9
29
27 28
22 18
14 9
27 16
10 2
29 21
12 8
5 11
1 13
21 12
3 17
2 7
26 16
25 17
24 14
18 7
10 13
15 6
20 24
19 15
23 29
23 3
28 11
22 6
20 25
8 5
4 19
4 9
26
24 1
1 3
1 10
1 25
5 1
1 9
15 1
1 8
1 19
1 14
1 22
1 11
1 23
1 17
1 20
1 26
1 12
1 13
21 1
1 2
6 1
7 1
1 16
18 1
1 4
20
8 1
7 1
11 1
6 1
1 13
19 1
16 1
1 12
5 1
18 1
9 1
1 15
1 10
1 4
1 17
1 20
1 2
14 1
1 3
14
7 5
5 1
9 3
11 6
4 12
8 5
1 4
2 9
13 1
13 10
2 1
6 5
14 1
27
18 14
27 24
15 5
20 17
24 11
27 6
21 2
20 12
10 19
15 16
27 1
11 25
9 7
22 11
16 19
21 6
14 8
3 1
3 16
15 13
6 14
20 3
19 26
9 23
4 21
9 24
25
6 7
8 19
4 14
1 18
25 3
11 17
12 3
6 15
22 2
16 12
5 21
2 19
13 14
23 9
10 24
21 8
7 4
23 17
24 20
5 16
9 25
15 22
18 11
10 13
17
11 2
5 16
1 3
5 12
16 6
13 11
17 8
12 10
9 10
11 14
12 7
10 2
5 4
2 15
2 1
2 8
23
1 22
17 1
14 1
12 1
1 11
15 1
10 1
1 7
8 1
18 1
20 1
3 1
1 23
1 5
1 21
1 13
19 1
2 1
6 1
1 4
1 16
1 9
11
10 1
6 1
8 1
1 7
9 1
11 1
1 3
1 5
4 1
2 1
27
18 4
7 20
16 5
5 17
7 27
8 4
14 15
4 1
9 11
1 14
22 15
25 7
2 19
22 10
19 18
13 8
3 19
5 20
21 9
26 15
26 6
8 24
12 26
20 14
23 22
18 9
17
8 1
2 6
1 3
1 15
4 5
3 17
1 2
11 15
14 2
12 13
8 4
12 9
16 4
2 7
12 7
12 10
11
6 3
3 10
2 11
9 8
1 8
10 7
5 2
9 6
4 7
11 4
17
11 2
6 8
1 10
11 13
10 14
7 2
12 14
5 14
9 11
15 3
13 8
4 8
16 2
1 13
17 3
10 3
13
1 6
11 8
5 4
2 3
12 13
7 3
4 2
13 11
1 9
10 5
13 2
1 13
16
1 7
1 6
5 1
8 1
1 14
12 1
1 2
1 16
10 1
9 1
15 1
1 3
1 11
4 1
1 13
12
9 5
2 6
1 3
8 11
12 11
10 8
2 5
6 7
3 10
12 4
7 4
14
4 1
3 1
5 1
1 8
6 1
1 7
12 1
1 2
1 13
9 1
10 1
14 1
11 1
17
4 6
17 16
10 2
5 2
14 6
7 17
13 8
1 8
11 10
14 1
15 6
13 12
3 2
8 17
10 14
9 13
29
23 1
1 21
15 1
1 25
1 14
1 29
13 1
1 5
3 1
11 1
1 18
26 1
28 1
27 1
1 10
9 1
1 20
1 16
4 1
17 1
7 1
1 2
1 12
6 1
1 22
1 24
1 19
1 8
10
2 6
6 7
7 4
5 3
9 8
10 4
8 1
10 3
9 2
12
8 9
11 2
12 10
9 1
5 7
5 10
5 4
6 7
8 2
5 8
12 3
19
17 19
6 10
3 2
1 7
16 1
3 7
9 7
6 7
7 4
10 5
15 3
14 4
19 12
19 16
8 16
11 8
13 7
18 9
15
8 6
10 4
6 11
4 15
8 1
3 13
7 13
2 12
3 2
12 9
5 9
10 5
14 11
15 14
28
14 27
6 26
15 3
10 8
16 18
19 2
19 22
4 10
17 1
11 7
13 27
15 25
25 12
9 10
6 28
27 24
3 1
20 22
24 3
16 5
11 15
17 8
17 19
23 25
21 11
16 24
6 8
21
4 21
14 13
7 14
21 7
16 13
18 11
6 10
5 17
7 1
3 6
14 2
8 4
12 13
15 11
11 10
5 21
5 20
9 4
1 10
19 6
18
11 14
3 2
1 9
12 17
6 17
1 12
13 9
16 18
11 15
8 13
5 17
3 10
13 4
12 11
3 7
7 9
18 7
29
1 13
2 28
1 17
27 22
25 1
11 4
14 28
16 13
27 5
27 12
8 1
26 19
26 13
28 15
6 3
28 5
1 5
4 25
7 2
21 5
27 10
20 9
8 20
4 24
29 11
3 23
8 18
3 27
20
13 7
13 2
20 10
5 16
2 9
17 7
11 17
15 11
12 4
8 18
19 3
9 6
5 8
6 3
19 20
1 14
14 18
4 10
16 15
11
1 8
1 9
10 1
1 6
1 7
5 1
4 1
3 1
2 1
11 1
26
19 12
26 16
18 10
7 6
5 1
21 23
21 8
9 16
24 1
13 20
22 12
12 24
20 5
2 13
16 17
20 7
3 14
15 13
7 11
4 24
3 4
9 21
18 25
9 5
18 4
15
2 5
8 9
9 4
9 3
1 3
5 1
10 6
13 11
15 6
11 3
7 2
12 11
14 2
6 5
20
6 16
19 13
17 13
4 1
15 2
14 15
17 1
20 10
5 9
13 5
4 18
13 8
6 1
15 3
17 11
17 20
12 9
7 20
20 2
28
1 20
18 1
3 1
7 1
1 5
23 1
1 28
1 11
22 1
26 1
1 17
1 6
1 8
2 1
1 27
1 10
4 1
1 15
14 1
24 1
12 1
19 1
1 21
1 16
1 13
9 1
25 1
11
1 7
1 11
1 4
1 3
9 1
1 8
6 1
10 1
5 1
2 1
16
3 1
1 16
1 11
1 14
6 1
1 12
1 7
1 8
15 1
5 1
13 1
9 1
1 10
2 1
4 1
13
12 1
8 3
1 2
12 5
8 11
4 7
6 7
10 2
9 10
7 12
2 8
13 10
23
5 23
17 8
9 7
2 17
14 15
20 7
1 4
22 9
2 16
2 13
14 23
20 3
1 5
4 7
11 21
22 6
2 1
18 16
1 21
19 5
22 12
10 17
22
2 6
5 13
2 14
12 8
4 22
7 1
17 8
5 20
18 16
4 10
21 6
16 12
11 15
22 14
20 7
15 3
3 21
11 9
19 18
13 19
17 10
28
9 4
25 12
20 23
6 22
16 13
16 23
14 7
26 12
15 19
18 26
4 5
11 24
10 5
2 10
8 27
17 21
1 11
24 28
2 28
19 13
21 25
3 7
18 22
15 17
8 9
3 6
27 20
24
15 6
22 13
16 9
10 15
5 3
8 1
13 24
11 18
23 2
7 24
7 14
4 5
17 23
11 12
8 9
21 3
20 18
22 16
6 20
21 19
19 2
17 12
4 14
22
4 1
1 2
1 5
1 12
7 1
1 13
21 1
18 1
1 11
1 22
1 16
1 10
6 1
1 20
19 1
9 1
1 17
15 1
1 8
14 1
1 3
28
7 3
6 14
10 19
9 24
26 4
27 22
21 18
7 2
9 17
11 2
8 13
25 16
5 28
12 15
19 28
25 20
23 8
5 4
11 6
16 27
26 18
24 15
13 14
23 21
3 20
10 12
1 22
14
1 10
11 12
5 13
9 8
2 5
12 6
4 14
10 13
3 7
11 4
9 7
6 3
8 2
23
8 9
15 22
2 1
17 22
7 17
3 18
16 7
21 10
12 3
14 11
20 11
2 13
20 10
12 21
4 18
5 16
23 19
19 5
15 4
8 6
6 14
23 13
21
20 17
21 6
1 10
17 15
2 16
9 3
7 19
16 10
3 18
5 10
5 17
13 2
14 5
11 2
4 3
8 21
7 9
21 16
1 9
12 7
11
1 6
5 1
3 1
1 8
1 2
1 4
11 1
1 7
1 9
10 1
26
17 25
5 22
15 14
1 2
14 1
20 18
19 17
10 3
8 20
16 9
4 17
23 24
9 20
2 13
5 8
11 14
12 8
23 1
9 6
20 26
17 8
5 7
1 9
21 1
10 18
14
5 10
7 10
8 3
13 8
12 3
1 8
4 10
6 1
1 14
9 1
11 1
10 2
8 4
10
3 2
5 4
9 10
10 7
1 6
4 7
2 6
5 3
8 9
27
11 1
21 2
19 3
27 13
18 19
23 19
27 10
23 16
17 20
27 26
4 5
7 23
1 4
22 17
25 1
9 8
13 21
13 1
14 25
15 26
13 24
7 11
7 12
8 11
17 19
6 20
24
1 14
21 1
1 13
4 1
11 1
15 1
1 20
1 2
1 22
16 1
3 1
1 8
9 1
1 12
1 17
1 24
10 1
1 19
5 1
1 18
1 7
23 1
6 1
18
13 3
17 4
5 14
4 7
1 17
7 12
2 6
18 11
16 14
10 9
10 8
5 2
16 3
15 12
18 9
6 8
11 15
19
18 6
17 8
19 4
14 3
6 17
17 16
9 5
13 9
2 18
18 10
9 3
18 1
17 11
12 11
15 11
9 7
9 6
4 6
20
3 17
6 11
3 18
20 2
6 8
19 2
17 8
14 4
16 19
11 14
16 9
4 7
20 5
12 9
5 13
1 15
15 12
13 7
18 10
12
1 9
5 8
7 10
12 10
6 11
3 4
2 11
8 1
4 8
9 11
9 10
15
4 10
2 3
1 12
12 4
4 15
8 1
14 6
2 12
2 9
5 7
5 11
8 14
5 8
13 14
14
8 1
13 6
4 6
1 14
8 3
6 10
8 6
9 11
2 9
8 9
5 8
12 3
7 11
16
4 8
5 11
15 11
9 10
15 6
3 8
9 4
14 13
2 12
6 16
3 13
12 1
2 7
10 16
5 7
21
8 9
12 19
18 9
15 6
2 15
14 7
20 17
21 4
14 6
11 21
10 1
7 13
10 21
16 19
1 6
14 17
7 5
3 17
10 9
19 15
14
1 8
1 6
1 10
1 9
1 14
4 1
13 1
12 1
1 3
1 5
1 2
1 11
1 7
29
24 16
10 23
9 7
8 17
14 18
27 9
19 12
19 21
16 1
27 16
23 2
5 28
14 26
13 11
6 22
6 15
10 11
28 25
2 19
17 27
10 14
4 17
28 2
9 20
11 3
24 29
23 1
6 24
28
1 6
1 9
14 1
1 15
1 5
1 2
1 22
13 1
1 3
12 1
23 1
1 11
1 7
18 1
1 8
1 17
1 24
25 1
21 1
4 1
27 1
16 1
20 1
19 1
28 1
1 26
1 10
10
2 3
1 9
4 1
9 7
9 10
6 5
5 3
6 1
1 8
22
22 4
6 8
2 7
10 13
20 15
21 5
4 17
12 8
20 3
21 9
4 21
3 7
8 18
3 1
9 18
10 16
14 7
18 10
19 20
5 11
9 1
16
12 1
5 1
1 14
1 15
3 1
9 1
1 11
1 6
1 2
4 1
7 1
1 16
1 8
1 13
10 1
18
17 1
1 18
1 8
1 14
15 1
1 9
6 1
1 4
1 7
1 3
2 1
1 10
1 5
1 16
13 1
12 1
11 1
24
12 5
8 11
21 19
13 21
10 14
2 5
10 16
13 9
24 20
3 18
4 16
15 24
7 20
14 7
23 19
6 2
9 4
23 8
3 12
18 15
22 6
17 11
1 22
26
21 11
1 21
26 10
26 18
17 25
15 24
5 25
10 13
25 10
6 8
1 8
16 6
24 8
23 20
14 17
23 2
3 6
21 23
1 19
7 4
22 24
3 12
8 10
8 4
19 9
12
1 5
1 10
3 1
1 6
9 1
1 4
11 1
7 1
1 2
12 1
1 8
23
19 9
5 14
11 21
22 3
18 21
14 3
1 8
2 13
16 6
4 11
22 10
13 7
19 4
15 2
12 7
5 9
20 17
23 18
10 12
20 8
17 16
23 6
18
3 12
12 17
11 2
11 10
5 14
1 10
14 9
11 4
8 13
14 7
18 15
1 7
6 18
8 3
3 7
18 10
16 8
29
26 7
22 14
9 3
18 20
14 13
14 2
5 1
8 27
15 21
29 1
17 12
10 2
26 11
7 3
24 9
25 7
29 3
18 14
17 14
23 11
6 12
15 4
13 28
14 3
15 9
13 8
19 3
16 7
21
21 1
12 1
1 4
9 1
15 1
6 1
10 1
2 1
1 19
1 14
13 1
16 1
5 1
1 3
1 7
11 1
1 17
20 1
18 1
8 1
26
10 15
8 21
15 2
10 18
13 17
18 14
11 8
23 19
1 25
16 20
19 22
25 17
7 18
20 21
20 4
13 5
26 2
24 13
2 3
17 19
21 25
15 9
9 6
12 8
10 1
13
11 3
2 7
10 4
12 9
12 8
3 9
1 5
7 6
4 11
5 13
2 8
13 10
12
7 6
12 5
12 2
12 7
4 11
10 3
3 4
8 6
4 1
6 9
7 1
24
13 11
24 9
5 15
24 6
1 18
13 10
12 8
2 4
3 4
12 22
21 18
11 16
14 20
14 19
15 16
5 17
2 7
20 3
8 10
21 22
6 7
23 9
17 19
20
10 3
12 17
20 15
4 3
9 6
18 13
1 10
18 9
12 7
14 16
11 12
1 13
15 13
2 19
8 5
12 2
18 16
12 1
8 17
22
16 6
22 20
4 5
17 7
8 22
6 18
12 18
12 13
15 16
21 11
14 15
2 9
9 14
19 13
8 2
3 10
10 4
5 21
11 20
1 7
3 17
12
11 5
6 12
9 5
5 10
6 4
3 6
5 2
3 8
6 5
3 1
3 7
25
8 4
14 10
8 21
24 15
2 13
9 5
13 9
17 25
10 2
23 4
19 5
7 12
11 21
6 16
19 1
20 23
22 14
24 7
18 3
20 17
11 6
12 18
16 3
22 25
19
12 1
1 3
7 1
4 1
1 15
1 13
2 1
11 1
1 18
1 8
17 1
5 1
14 1
1 16
6 1
9 1
10 1
1 19
22
11 13
16 14
12 17
22 15
5 8
9 3
2 20
7 11
16 15
4 14
10 6
8 1
4 12
21 18
5 17
3 22
13 10
20 9
2 21
6 18
19 7
18
6 10
15 2
8 5
9 8
1 17
17 10
7 15
3 8
1 5
16 13
7 11
2 14
10 12
13 17
13 18
2 4
15 5
17
9 6
7 2
13 12
15 13
11 16
1 13
12 3
4 2
9 14
8 12
1 4
9 2
11 10
4 11
17 15
5 15
13
4 11
1 2
9 11
1 8
3 9
4 5
2 7
9 6
1 9
2 12
2 13
11 10
22
1 17
1 22
4 1
15 1
2 1
3 1
10 1
1 7
1 14
1 9
1 13
1 12
1 5
18 1
1 20
6 1
8 1
11 1
16 1
19 1
1 21
16
4 3
3 1
2 5
16 4
12 7
9 13
11 6
14 11
2 15
1 6
12 13
10 11
4 8
6 13
2 3
12
3 8
10 11
3 7
1 6
9 12
2 9
11 2
8 10
5 4
4 7
5 6
13
1 11
9 1
2 10
11 10
11 5
5 8
4 6
13 5
7 9
6 9
3 6
12 10
12
12 1
10 11
5 6
4 9
4 12
10 1
2 6
12 6
3 10
7 4
3 8
10
1 10
1 2
3 1
1 7
8 1
1 4
9 1
1 5
1 6
18
17 16
1 10
14 18
12 6
15 10
12 14
7 5
3 10
14 16
4 10
13 16
7 4
2 3
8 14
1 14
11 6
9 2
27
16 18
24 5
8 19
6 9
27 14
19 15
5 19
7 22
14 1
3 10
19 21
4 10
1 18
19 13
11 8
25 9
8 26
8 9
18 15
2 8
15 10
17 22
19 20
10 12
23 15
17 8
29
22 17
27 28
19 29
23 7
13 12
13 9
23 8
3 25
7 11
22 24
4 12
28 19
21 10
20 15
16 18
3 26
6 27
5 10
29 20
4 26
16 5
2 14
17 11
18 1
9 15
24 25
8 14
6 21
17
7 8
8 12
2 14
5 2
9 5
15 12
11 2
12 1
17 3
1 5
9 16
9 6
17 13
4 15
15 17
8 10
27
15 22
13 26
19 27
8 21
3 14
24 11
1 21
23 17
1 19
14 8
20 12
7 1
22 18
3 9
20 8
10 26
18 1
25 6
21 4
27 5
10 2
26 16
8 6
19 24
10 19
14 17
14
6 9
2 7
12 5
1 11
11 5
14 5
2 10
9 3
9 4
2 4
13 11
4 1
13 8
12
7 3
9 6
8 3
7 6
4 11
2 5
1 2
3 12
7 1
10 6
2 4
21
11 21
2 6
18 7
9 4
2 14
13 1
15 16
4 16
8 2
3 12
19 7
12 13
1 17
14 17
12 5
16 17
10 11
20 4
14 11
7 13
17
1 14
6 1
16 1
1 17
8 1
15 1
12 1
11 1
1 13
10 1
1 9
2 1
1 7
1 4
3 1
5 1
11
10 7
6 1
7 6
4 9
11 8
2 4
4 1
6 8
7 5
3 8
28
24 17
19 8
4 3
21 5
12 20
6 14
15 22
7 2
14 13
4 11
18 6
16 28
23 18
13 25
25 10
12 27
20 9
1 9
15 19
28 21
27 2
26 10
11 5
23 24
8 3
26 16
7 17
12
12 5
5 9
7 9
8 5
3 6
9 1
3 1
10 6
11 3
7 2
4 7
24
1 16
1 11
24 1
1 5
19 1
1 17
1 8
22 1
6 1
1 18
2 1
1 13
1 23
1 10
9 1
1 7
1 21
1 15
12 1
3 1
14 1
20 1
1 4
14
12 9
10 1
14 8
3 8
3 11
4 6
1 6
5 7
4 8
7 13
1 9
9 7
4 2
19
3 5
8 16
1 14
16 12
7 9
4 11
17 8
19 2
16 3
13 3
19 12
9 15
1 12
11 6
11 14
9 14
10 19
8 18
16
5 4
10 15
6 12
2 1
16 14
13 16
11 8
6 9
11 5
7 12
7 13
2 9
10 14
4 3
15 3
10
2 8
2 4
2 1
5 7
9 10
10 6
3 5
1 3
3 10
21
7 1
5 1
21 1
1 11
1 4
1 6
16 1
1 9
15 1
1 17
14 1
1 19
10 1
3 1
2 1
8 1
12 1
1 18
1 13
1 20
14
6 12
2 6
11 10
14 8
4 1
9 13
12 9
5 6
12 1
3 14
14 4
4 11
7 9
15
7 12
7 11
6 5
15 13
9 11
2 8
4 2
12 3
8 14
10 15
1 6
4 3
5 14
9 13
21
1 5
20 1
1 14
1 3
11 1
2 1
1 21
19 1
1 4
6 1
17 1
1 7
1 18
15 1
1 12
1 8
1 13
10 1
1 9
1 16
21
9 7
8 10
6 18
1 3
18 1
1 4
14 12
1 2
17 6
1 14
13 16
5 18
7 16
11 1
14 20
2 21
15 18
10 18
18 7
18 19
11
1 7
1 6
4 7
1 3
10 6
2 4
11 7
9 6
8 1
5 10
10
2 1
5 6
1 5
9 8
9 10
5 9
6 3
6 4
7 4
16
14 1
1 9
1 3
1 4
1 5
7 1
1 10
1 2
15 1
1 16
1 11
1 13
6 1
12 1
8 1
29
1 23
1 6
1 5
20 1
3 1
8 1
22 1
1 19
1 2
4 1
16 1
29 1
24 1
1 27
1 10
28 1
1 15
1 25
14 1
1 13
1 9
26 1
11 1
1 21
12 1
18 1
7 1
17 1
27
1 15
1 3
23 1
21 1
1 22
1 20
1 4
5 1
10 1
9 1
16 1
18 1
25 1
11 1
1 12
19 1
2 1
1 26
7 1
27 1
1 17
13 1
1 14
8 1
6 1
1 24
12
1 12
1 6
3 1
10 1
1 7
1 11
4 1
2 1
1 5
8 1
1 9
14
13 10
1 9
1 2
7 6
2 3
1 11
6 4
8 2
10 2
4 14
4 2
12 1
9 5
19
1 5
9 1
1 19
12 1
1 17
1 2
1 14
1 18
1 15
10 1
1 13
1 4
7 1
8 1
1 11
1 6
3 1
1 16
16
1 3
1 12
16 1
9 1
11 1
15 1
13 1
8 1
5 1
1 4
10 1
6 1
1 2
1 7
14 1
24
12 3
3 9
3 4
23 6
1 19
19 20
2 15
24 1
19 22
18 4
17 14
7 19
24 5
10 16
16 11
21 19
7 14
1 8
1 13
16 1
8 9
4 2
6 24
25
17 19
18 14
14 3
9 22
6 16
6 8
8 11
13 25
5 25
10 7
14 17
9 23
5 12
1 6
15 16
2 8
25 21
7 16
20 7
24 19
12 1
19 4
9 5
12 17
19
17 5
8 10
8 19
2 12
18 16
3 11
3 1
15 16
6 16
7 2
9 17
15 8
15 4
17 4
2 3
11 13
4 1
14 11
28
4 22
10 11
2 28
18 11
3 2
26 12
27 9
23 8
4 10
24 23
18 6
1 11
23 28
15 28
14 25
14 10
7 2
9 19
15 12
16 26
4 20
18 17
13 14
26 21
6 5
12 9
1 15
26
19 25
1 13
12 2
22 1
1 17
6 19
20 12
23 11
9 4
17 24
1 14
7 4
22 8
26 21
16 12
13 15
13 18
22 23
10 4
3 1
22 20
5 12
4 24
19 20
14 21
18
6 17
14 18
9 5
17 4
9 8
6 2
7 5
7 12
4 11
15 18
8 16
13 12
3 16
13 10
10 11
14 3
15 1
24
15 12
12 7
19 1
19 4
4 15
11 21
13 22
16 20
23 12
6 4
7 24
3 4
16 21
14 9
18 2
17 19
12 22
10 19
1 14
1 2
5 15
8 21
16 12
12
10 6
11 1
3 9
11 9
8 5
5 7
2 5
10 8
12 10
11 4
8 1
12
1 2
3 10
7 1
6 1
12 8
6 9
4 7
3 5
4 11
12 2
7 5
20
1 20
1 3
1 13
11 1
1 18
10 1
1 17
1 9
12 1
1 15
1 8
1 16
1 4
1 19
1 7
2 1
1 5
14 1
6 1
25
7 2
6 12
5 25
12 9
5 22
25 1
17 24
8 11
17 3
15 6
8 14
4 21
23 19
16 7
9 23
20 21
18 10
18 14
24 4
3 22
13 19
20 11
2 10
16 13
20
7 5
5 20
9 17
13 5
4 1
1 12
14 2
4 9
18 6
20 12
11 19
19 10
4 18
9 3
2 16
12 11
18 8
2 20
11 15
18
1 10
1 14
5 1
3 1
1 17
1 13
1 12
1 8
4 1
1 7
9 1
1 6
2 1
18 1
11 1
1 15
1 16
27
7 4
13 20
16 14
14 23
15 1
13 8
11 15
20 1
18 6
27 18
10 17
14 9
24 10
21 2
24 5
25 9
17 19
2 18
12 15
24 1
22 26
9 2
2 1
1 3
7 1
18 26
19
1 18
1 17
1 12
1 11
15 1
1 10
6 1
1 7
16 1
9 1
19 1
1 4
1 5
8 1
1 3
13 1
1 14
1 2
22
5 21
13 11
10 15
4 1
10 2
4 11
4 19
6 16
17 22
12 10
4 6
10 3
18 10
14 8
3 22
2 9
3 1
11 21
20 13
14 13
21 7
21
7 18
11 20
6 17
10 1
14 3
18 6
17 15
1 20
6 1
5 21
5 14
1 2
6 8
12 13
19 16
6 14
12 7
7 19
9 7
4 6
25
19 21
7 5
7 11
1 24
25 9
1 2
25 18
23 16
8 12
17 24
22 2
14 1
22 6
25 8
20 13
24 21
11 1
4 10
13 15
8 11
21 15
4 23
23 21
3 17
17
9 4
12 15
16 1
12 5
1 10
3 9
2 13
3 7
2 12
15 11
7 6
10 8
2 16
12 14
9 17
3 16
29
19 1
1 22
26 1
1 10
24 1
4 1
16 1
1 23
6 1
1 29
14 1
1 27
11 1
1 18
1 7
9 1
1 25
21 1
1 2
1 20
1 3
5 1
1 17
12 1
1 28
1 13
1 15
8 1
25
4 1
1 6
20 1
12 1
1 24
1 18
3 1
25 1
1 21
1 11
5 1
1 10
1 2
8 1
1 19
14 1
9 1
1 22
17 1
23 1
15 1
16 1
7 1
1 13
17
9 6
12 2
17 9
16 6
8 14
15 7
2 4
7 3
5 13
10 12
8 3
17 10
11 13
11 14
4 1
16 15
19
8 4
3 6
15 11
12 18
19 13
7 15
5 14
13 1
3 5
19 6
11 9
2 18
7 17
9 16
10 17
14 10
12 4
16 2
17
10 14
6 11
15 6
8 12
9 4
10 2
3 13
5 2
5 9
16 13
7 17
12 14
3 17
8 7
1 15
16 11
24
4 24
2 1
3 21
12 19
6 15
23 3
1 11
18 21
22 24
4 16
13 5
11 21
14 21
22 6
13 11
21 10
12 17
7 5
12 1
3 8
18 20
20 9
21 24
26
3 7
4 1
22 11
14 12
2 10
21 19
21 14
12 20
17 24
13 23
5 25
19 15
5 11
23 9
18 6
26 15
2 9
4 18
22 13
25 8
7 8
26 24
17 16
20 3
6 16
29
1 18
1 3
25 1
20 1
29 1
1 26
21 1
1 28
27 1
17 1
1 10
8 1
1 14
15 1
13 1
1 24
7 1
1 22
2 1
12 1
1 4
1 9
5 1
11 1
23 1
16 1
19 1
6 1
23
11 6
13 19
19 14
17 3
9 20
22 8
4 22
10 21
2 3
21 1
18 16
6 5
8 5
23 2
11 7
13 15
17 20
4 23
12 9
16 10
15 7
14 18
18
14 1
6 9
5 13
14 13
14 2
15 1
3 17
1 6
7 10
2 12
8 9
16 2
1 10
11 5
14 3
18 1
4 13
17
1 10
2 1
1 13
16 1
11 1
14 1
1 17
1 9
12 1
1 5
8 1
1 4
15 1
1 7
1 6
3 1
22
11 14
20 8
12 16
21 16
15 20
9 19
18 7
19 6
10 17
13 18
15 3
1 8
11 20
4 16
17 8
19 21
5 10
10 22
11 2
18 17
21 1
25
10 14
20 19
11 18
2 21
18 4
14 16
12 15
8 4
21 25
23 5
19 8
15 17
13 6
7 24
6 1
25 9
20 9
24 23
17 11
5 22
22 13
2 3
10 7
12 16
18
1 11
1 14
17 1
7 1
4 1
5 1
9 1
1 3
12 1
1 2
1 6
1 18
16 1
1 15
1 10
13 1
8 1
27
1 4
19 13
18 22
12 23
25 7
19 25
24 27
1 11
12 2
11 18
15 4
2 10
16 5
26 8
17 12
19 5
1 8
12 18
8 7
14 18
12 3
9 10
6 1
18 27
6 21
20 3
11
8 2
10 1
5 3
5 9
11 3
4 6
11 10
2 7
7 6
9 8
28
27 17
20 1
1 16
12 11
1 24
20 4
22 23
22 12
27 26
19 22
2 16
24 10
5 15
7 27
9 25
26 24
19 15
13 25
1 6
10 8
3 22
24 5
9 21
22 18
14 24
28 4
21 10
12
12 9
11 12
5 4
1 4
3 4
12 1
7 1
6 4
9 2
8 10
3 8
15
5 1
14 1
9 1
2 1
1 8
1 13
10 1
7 1
6 1
3 1
1 15
1 4
1 11
1 12
12
7 4
6 12
11 1
11 9
4 1
11 12
3 4
9 2
3 8
9 5
12 10
12
7 8
8 4
3 7
9 3
1 7
12 6
2 1
2 10
11 8
12 2
3 5
20
13 9
10 14
12 13
4 2
9 20
18 17
19 18
13 6
3 14
3 18
4 11
4 12
2 7
16 11
1 3
14 5
2 15
8 11
12 1
17
8 5
14 11
11 7
10 5
4 1
2 17
3 17
6 9
1 9
14 4
4 5
11 12
14 13
15 6
9 17
16 6
21
8 16
11 16
10 18
5 10
15 11
9 13
19 14
2 3
17 9
18 21
4 20
12 19
4 2
14 20
8 7
5 17
15 6
1 12
7 3
6 21
22
13 1
14 1
1 21
22 1
1 6
1 19
7 1
1 16
1 11
2 1
1 10
15 1
1 4
1 5
3 1
12 1
1 18
20 1
1 8
1 17
9 1
12
3 1
7 5
10 9
6 3
4 10
2 8
8 12
8 1
11 1
7 12
10 8
13
1 13
5 1
1 10
1 8
1 6
1 11
9 1
7 1
12 1
1 3
4 1
2 1
29
15 6
5 22
23 1
13 14
7 11
9 18
21 9
14 2
19 25
13 3
10 24
24 27
6 22
12 17
3 21
16 11
26 19
16 12
29 8
7 5
15 10
18 4
23 8
17 25
28 2
20 27
4 26
20 29
12
12 3
7 8
3 6
6 2
10 11
1 10
7 9
2 9
8 11
5 4
12 4
10
1 3
8 1
1 6
1 2
1 5
7 1
9 1
4 1
10 1
10
2 10
10 3
7 8
5 3
9 6
6 2
4 9
8 5
1 4
25
9 18
7 20
20 10
2 17
13 21
13 12
16 8
10 14
17 11
4 14
5 22
25 21
1 6
2 18
23 22
15 5
12 24
9 24
3 11
15 19
8 7
25 6
19 4
23 3
19
1 8
10 8
7 11
3 6
6 4
16 19
19 18
4 17
15 14
17 8
7 10
9 4
14 4
4 2
18 13
5 19
8 19
12 10
16
6 4
16 5
13 14
12 4
3 8
7 9
2 15
2 12
5 1
13 7
9 6
11 14
3 16
15 8
10 11
17
2 16
9 16
3 6
3 15
8 14
6 14
17 11
2 7
5 17
7 11
1 13
4 8
13 5
9 4
15 12
10 12
15
15 3
9 13
15 2
9 15
10 6
9 1
7 4
7 6
4 14
11 13
5 13
4 8
12 6
7 1
24
11 16
4 23
4 5
16 24
23 14
15 24
20 6
13 22
19 9
1 22
13 21
8 3
18 11
7 15
19 17
8 5
9 12
12 7
20 14
21 3
2 17
6 2
10 18
25
3 20
8 23
17 19
9 3
15 4
14 18
5 21
9 13
1 17
24 5
4 9
3 1
17 25
10 1
2 3
16 7
6 25
1 23
14 12
11 17
18 21
9 22
21 3
5 16
28
7 1
13 1
1 15
1 11
1 9
2 1
1 5
21 1
1 12
1 17
1 3
1 4
20 1
24 1
25 1
1 22
19 1
1 18
1 28
1 10
1 27
16 1
23 1
6 1
1 14
26 1
8 1
13
10 8
5 4
13 5
11 8
12 3
7 12
1 13
2 5
6 3
13 8
1 3
9 12
18
7 10
6 5
18 1
14 9
12 2
12 6
8 4
14 4
17 15
15 9
13 7
3 16
13 17
18 2
5 8
3 10
16 11
24
3 1
23 21
19 5
22 16
17 2
5 7
20 21
16 3
13 5
13 9
24 11
13 21
12 17
6 1
9 4
7 15
11 2
8 17
1 13
24 13
14 18
22 14
10 11
10
8 1
5 1
1 2
4 1
1 9
7 1
6 1
1 10
3 1
15
9 12
14 1
6 12
4 12
13 12
1 10
1 9
6 7
11 7
3 4
5 4
8 13
15 10
2 1
21
10 18
2 15
21 16
13 18
15 20
12 19
9 17
19 9
11 6
5 4
3 7
10 8
7 14
21 1
4 16
14 11
8 5
20 3
6 12
17 13
21
4 21
8 3
14 3
21 7
11 1
9 17
17 2
1 4
17 3
12 16
18 4
16 5
6 5
15 11
1 5
3 19
13 8
8 1
16 10
18 20
16
4 1
9 1
14 1
1 11
1 7
15 1
12 1
8 1
6 1
1 3
1 5
16 1
13 1
10 1
2 1
22
14 20
9 20
17 15
8 21
3 10
7 14
21 18
20 8
19 11
2 11
21 10
8 1
16 9
14 6
10 5
22 9
12 18
11 13
1 2
2 17
17 4
22
1 5
6 1
1 10
8 1
1 9
4 1
13 1
1 7
1 11
14 1
1 17
1 18
1 21
15 1
1 22
20 1
3 1
12 1
19 1
2 1
16 1
19
1 11
13 1
1 9
8 1
1 7
1 10
1 2
5 1
1 3
1 4
1 14
1 18
1 12
1 16
19 1
1 6
15 1
1 17
16
16 4
9 16
6 14
13 2
11 8
1 5
12 11
13 15
12 7
8 6
4 2
15 14
3 7
5 10
10 3
19
6 1
9 3
12 10
12 9
5 13
15 8
18 12
1 10
18 16
5 6
7 5
14 11
4 18
2 9
14 19
10 14
15 17
15 6
12
3 12
2 10
1 5
7 3
12 2
5 4
8 9
7 6
10 9
11 6
11 4
26
19 1
1 16
4 1
1 13
24 1
1 7
17 1
18 1
22 1
1 2
1 21
1 3
8 1
1 6
1 26
1 5
1 12
1 11
1 15
10 1
1 23
1 9
20 1
1 14
1 25
28
1 9
1 16
1 8
6 1
14 1
3 1
4 1
7 1
1 17
1 12
13 1
1 5
1 19
18 1
1 26
1 20
2 1
1 22
1 25
1 11
1 10
1 27
24 1
15 1
23 1
28 1
21 1
27
7 9
2 4
1 27
13 27
17 23
24 21
3 12
4 19
10 19
16 27
23 18
4 27
3 9
21 22
9 11
3 15
7 6
5 14
26 17
13 9
17 13
8 11
25 15
1 24
5 3
11 20
28
10 25
10 14
1 27
20 25
13 23
8 9
14 6
13 12
23 11
26 3
14 17
9 18
5 12
28 25
4 7
15 13
22 3
24 12
15 1
7 27
23 21
26 16
2 4
10 15
9 7
27 3
4 19
15
13 2
5 2
12 4
15 2
8 9
5 1
3 1
10 11
4 5
10 3
10 6
3 8
8 7
4 14
28
4 16
21 3
17 19
15 11
3 8
7 5
23 16
10 25
14 18
27 6
7 19
24 12
14 6
9 28
2 21
9 4
25 2
26 22
8 1
27 5
26 17
22 13
10 15
18 20
24 28
11 20
23 13
23
1 22
1 20
18 1
12 1
1 7
1 19
1 9
1 17
1 14
1 15
4 1
1 10
1 2
3 1
1 21
8 1
1 23
16 1
1 6
1 13
11 1
5 1
20
13 8
12 4
11 19
3 1
14 17
2 16
20 5
9 11
7 10
17 13
5 7
6 15
12 10
14 18
3 8
2 4
20 15
9 6
16 18
25
19 1
1 20
1 11
1 22
1 25
17 1
23 1
1 12
1 4
18 1
1 6
5 1
1 3
1 13
1 7
1 16
10 1
2 1
1 21
9 1
8 1
24 1
14 1
15 1
20
1 16
4 1
5 1
1 14
1 20
3 1
1 13
1 2
1 17
8 1
1 7
12 1
1 18
1 10
9 1
1 15
1 19
11 1
6 1
12
12 4
5 1
3 9
6 12
10 7
2 4
1 4
7 8
5 7
9 5
9 11
25
18 17
6 21
25 4
24 12
21 9
8 15
12 13
16 20
25 11
10 15
19 18
13 20
2 7
22 23
7 23
11 24
14 3
5 1
19 2
9 10
16 17
3 5
14 22
4 6
23
10 16
14 13
15 12
7 14
22 9
20 6
20 9
23 8
10 13
8 5
11 21
3 17
11 16
19 15
18 17
1 23
18 2
6 12
19 5
3 22
4 7
4 2
13
5 12
1 3
8 12
13 8
7 4
1 12
11 8
2 10
6 4
4 3
9 2
2 3
13
13 11
7 3
12 5
9 8
12 1
4 11
2 11
12 8
1 4
3 4
3 10
8 6
22
1 6
1 15
1 9
1 16
1 22
17 1
5 1
11 1
7 1
20 1
18 1
21 1
12 1
3 1
1 4
1 13
8 1
10 1
19 1
1 2
1 14
25
23 24
11 22
16 4
4 5
15 17
18 21
10 1
7 22
9 25
12 11
6 10
6 20
16 21
19 18
12 13
3 8
7 8
5 3
24 15
13 14
2 25
19 17
20 9
2 23
24
14 15
24 16
9 15
17 3
22 9
6 3
10 21
17 5
1 14
20 2
13 19
7 19
23 18
8 6
7 4
23 16
12 8
10 20
11 13
21 18
22 12
2 4
11 5
16
5 8
11 8
16 6
4 9
7 3
3 4
13 3
3 12
11 1
8 15
8 6
1 3
3 2
4 10
14 6
10
10 3
7 9
8 9
5 4
2 7
6 5
1 10
3 6
4 8
18
1 14
7 6
12 13
7 17
8 4
4 1
5 11
5 1
9 12
7 9
12 2
16 13
18 13
13 1
12 15
10 5
12 3
13
10 1
12 2
5 3
9 2
7 12
5 6
12 1
11 2
13 10
13 8
13 4
10 5
21
17 21
7 2
6 3
20 10
21 6
3 16
21 11
11 4
1 7
9 6
1 8
5 14
19 5
8 5
20 1
12 21
8 18
20 13
15 5
1 21
12
6 1
12 1
6 8
3 1
4 1
10 2
6 11
9 5
7 8
2 4
9 12
20
13 15
3 12
10 7
18 19
2 10
5 4
3 1
4 2
12 6
10 16
18 9
8 15
15 17
20 14
4 11
8 18
1 8
2 3
20 12
20
18 11
8 3
5 2
19 12
16 13
17 7
3 15
20 6
11 9
5 17
13 15
4 18
20 12
14 7
16 6
10 14
10 4
2 8
1 19
23
17 16
3 7
22 12
14 19
13 11
16 15
3 16
23 17
6 3
4 12
9 14
23 13
14 8
1 19
5 10
18 13
12 23
21 15
1 17
10 20
19 10
15 2
12
7 1
6 1
7 12
1 10
4 8
1 5
5 11
2 9
7 9
3 10
6 8
13
10 5
2 4
3 8
10 2
4 12
7 8
9 11
11 7
1 13
12 13
6 5
6 9
22
1 13
1 22
7 1
1 21
1 17
20 1
1 11
1 19
18 1
14 1
9 1
10 1
1 2
15 1
12 1
1 16
1 4
8 1
3 1
6 1
1 5
23
9 17
13 3
12 16
6 16
18 7
21 14
1 10
12 18
5 23
20 22
9 4
14 3
19 15
11 7
13 17
11 21
20 8
15 6
19 8
5 4
2 23
10 22
28
15 8
11 20
16 25
24 4
1 25
15 19
2 25
23 26
25 10
21 3
12 10
17 16
23 24
24 1
23 7
28 15
3 1
14 25
1 22
3 15
5 20
27 20
10 18
28 9
13 20
6 16
25 13
16
6 4
8 12
9 16
1 9
10 9
6 14
1 2
3 4
14 13
14 5
1 12
7 3
5 9
15 5
1 11
13
1 11
8 1
1 3
13 1
1 7
1 9
1 6
1 5
2 1
4 1
12 1
1 10
18
4 18
3 13
8 12
17 15
18 15
3 6
3 10
12 7
1 6
12 9
15 11
1 18
5 8
16 14
14 5
5 1
1 2
25
10 22
10 5
23 21
21 18
15 24
13 22
2 16
8 19
9 15
3 1
7 3
14 4
8 18
25 4
11 7
5 9
16 25
2 20
12 6
13 11
14 19
6 20
17 23
12 24
22
4 1
1 17
1 8
22 1
11 1
1 10
1 12
3 1
13 1
1 14
1 9
2 1
6 1
1 21
1 19
18 1
16 1
7 1
1 20
1 15
1 5
20
6 1
1 9
1 12
15 1
14 1
1 20
1 5
8 1
1 13
11 1
19 1
16 1
10 1
1 3
1 7
1 17
4 1
2 1
1 18
11
9 10
8 3
4 2
5 7
11 7
9 8
5 6
1 9
9 2
9 7
15
8 3
6 2
12 1
8 7
13 11
11 7
12 14
10 3
4 11
12 6
11 9
9 5
12 15
1 13
12
12 1
1 2
1 9
1 8
3 1
1 5
1 4
6 1
1 11
7 1
1 10
25
1 25
3 19
16 4
25 23
11 14
25 9
21 18
24 13
7 16
22 13
14 8
17 10
17 20
13 7
18 7
6 23
15 23
2 3
12 9
5 16
21 14
1 18
3 9
17 21
13
8 1
11 3
4 10
13 4
2 6
7 8
9 6
5 9
9 3
12 1
1 6
6 13
11
6 8
4 3
6 1
1 10
10 3
3 9
7 10
6 5
2 7
11 7
22
3 2
11 3
22 7
11 10
17 18
13 4
14 9
5 10
1 19
20 2
12 17
15 14
16 6
12 22
7 8
8 15
5 6
16 13
4 18
9 19
21 20
23
17 19
4 20
8 22
14 10
19 15
11 6
18 2
17 20
23 5
3 16
2 1
16 7
3 18
6 12
12 23
15 21
21 10
7 22
8 13
13 5
4 11
14 9
26
8 7
5 6
19 11
1 13
15 5
23 20
16 15
20 17
14 25
12 25
3 2
8 10
26 15
1 20
17 22
10 1
12 10
11 26
4 5
4 24
18 22
12 9
15 3
1 3
21 25
10
5 4
10 2
5 6
1 5
8 4
7 9
5 9
3 4
2 5
22
12 6
16 11
3 5
19 5
22 13
21 15
12 22
8 19
7 9
20 10
6 16
1 9
17 8
2 21
3 14
4 15
13 2
4 14
18 11
20 7
17 10
16
1 12
14 1
1 10
1 7
1 9
1 13
8 1
6 1
1 5
1 15
4 1
1 16
11 1
1 2
3 1
23
10 20
14 23
5 16
9 18
11 12
14 4
16 9
21 7
18 7
18 4
22 17
8 13
7 19
17 13
15 10
23 3
1 6
2 15
12 13
1 9
9 13
10 1
28
23 1
6 1
2 1
15 1
13 1
25 1
11 1
16 1
24 1
1 12
1 8
20 1
3 1
1 10
21 1
4 1
18 1
28 1
22 1
1 27
1 19
1 14
9 1
1 5
26 1
7 1
1 17
20
1 9
8 1
1 6
1 3
14 1
1 19
1 13
1 2
1 15
4 1
1 10
12 1
7 1
1 5
20 1
11 1
1 18
16 1
17 1
24
1 9
1 6
1 12
1 11
15 1
1 16
1 5
1 2
1 21
14 1
8 1
1 4
24 1
1 23
1 13
1 22
18 1
1 3
1 17
1 19
10 1
1 7
1 20
29
1 15
25 1
10 1
4 1
1 14
1 8
1 5
1 27
1 23
7 1
9 1
18 1
16 1
1 26
1 21
1 29
1 12
1 24
6 1
1 2
3 1
11 1
1 28
1 20
17 1
22 1
1 19
13 1
27
1 25
7 1
1 18
21 1
1 24
1 17
23 1
8 1
3 1
1 22
2 1
9 1
1 14
19 1
20 1
1 5
1 26
15 1
1 12
6 1
1 11
10 1
16 1
1 27
1 13
4 1
16
10 9
3 1
4 12
2 15
7 3
2 5
13 11
13 9
15 8
12 14
4 16
6 5
11 14
8 16
7 10
20
18 12
3 20
9 8
18 8
8 17
7 20
15 20
17 10
14 2
14 11
14 15
19 6
13 18
15 1
1 17
10 6
10 4
9 5
9 16
29
9 29
10 21
17 13
14 6
24 18
23 15
21 8
5 15
29 27
21 11
4 1
27 4
15 12
24 26
14 12
28 29
17 27
19 25
4 12
7 18
10 3
10 7
20 17
14 2
18 19
1 7
19 22
24 16
22
14 10
20 22
17 11
10 19
15 8
7 1
5 15
1 9
3 12
20 1
17 3
1 14
18 5
5 16
21 3
4 15
20 18
13 1
22 6
20 3
22 2
16
16 1
1 12
9 1
3 1
1 10
1 7
5 1
11 1
1 15
2 1
13 1
6 1
1 4
8 1
1 14
12
2 7
12 7
9 10
11 7
9 4
8 3
5 3
1 2
8 6
8 1
9 2
12
9 12
5 2
2 6
4 6
1 10
8 10
9 4
8 11
7 3
5 11
12 7
16
1 8
1 16
1 15
2 1
1 7
4 1
1 3
14 1
1 10
9 1
1 13
12 1
1 11
1 6
1 5
29
17 26
28 18
14 16
22 5
25 15
19 24
22 13
4 16
15 26
24 29
11 13
4 27
7 5
17 19
2 6
23 20
2 9
25 27
12 23
1 14
9 11
8 18
10 21
21 3
6 28
12 8
10 29
7 3
14
7 1
9 1
3 1
1 13
1 11
14 1
8 1
1 5
6 1
1 12
1 2
1 4
10 1
28
1 22
21 1
1 8
1 13
2 1
28 1
1 10
1 18
24 1
1 17
6 1
1 25
5 1
26 1
1 9
3 1
1 12
11 1
27 1
14 1
20 1
19 1
1 4
7 1
15 1
1 16
23 1
12
11 3
8 9
9 2
5 10
1 2
4 11
2 11
10 7
1 10
7 12
6 9
18
2 13
16 3
1 18
14 15
12 1
9 10
6 18
16 2
11 9
4 15
17 16
8 18
15 1
1 2
18 10
7 1
5 18
15
6 1
9 3
8 13
14 9
9 12
8 12
8 10
11 1
4 14
12 7
14 15
14 1
12 2
2 5
22
3 22
11 1
14 21
21 8
22 13
14 15
17 16
12 6
9 11
8 3
9 20
13 4
15 5
10 19
5 2
7 2
18 7
20 18
16 6
10 12
19 4
24
10 15
21 3
23 22
12 14
6 23
9 24
22 17
1 20
8 21
12 21
24 2
13 3
15 14
5 7
11 3
20 24
19 8
20 22
15 4
18 5
1 12
14 5
8 16
24
22 16
15 20
1 14
10 5
14 5
14 3
18 21
23 13
10 12
10 11
8 16
6 17
9 6
24 21
23 14
5 15
2 10
1 6
15 21
23 8
10 19
2 7
10 4
27
12 6
13 21
6 7
22 23
1 11
2 21
13 15
20 19
27 15
24 18
11 20
17 22
10 16
27 5
14 26
4 9
17 8
12 3
18 16
8 3
9 25
14 7
24 26
4 19
5 23
25 2
15
6 1
2 6
10 9
10 11
1 8
4 1
9 13
7 15
3 6
9 14
12 6
5 1
7 6
10 6
11
3 4
7 3
11 9
8 11
2 10
8 6
7 6
2 1
5 9
5 10
28
7 3
17 1
2 28
23 1
12 11
6 27
8 18
20 17
13 5
5 23
6 26
10 25
14 20
2 17
4 14
14 22
16 13
24 13
5 10
9 7
21 7
23 9
6 9
11 20
18 2
19 11
10 15
24
14 9
6 3
13 24
7 20
5 4
24 3
8 3
17 20
2 18
20 16
22 16
17 23
18 12
8 9
1 8
19 21
18 10
8 21
21 20
15 18
8 2
8 11
5 16
11
8 4
5 11
8 5
1 9
3 9
2 11
11 10
7 9
8 6
1 5
26
4 1
1 11
1 16
13 1
1 15
1 24
1 18
1 25
1 14
1 10
20 1
2 1
1 26
12 1
5 1
1 23
6 1
22 1
7 1
1 8
1 3
1 19
17 1
9 1
1 21
17
1 17
1 10
7 1
15 1
13 1
6 1
1 2
1 4
1 9
1 14
1 3
8 1
1 16
1 12
5 1
11 1
20
15 10
2 13
19 11
12 18
8 5
9 5
10 1
9 6
11 15
3 13
3 7
14 2
17 4
17 14
20 7
19 16
18 6
4 16
12 20
20
12 14
7 2
3 9
1 13
16 19
11 14
6 17
15 19
13 5
19 6
7 20
5 9
5 8
6 1
4 13
17 18
14 4
4 7
17 10
21
17 1
1 9
16 1
7 1
6 1
12 1
18 1
4 1
15 1
1 2
1 19
1 11
1 10
1 20
8 1
1 5
13 1
3 1
1 14
21 1
18
8 6
11 10
17 3
14 16
17 13
12 18
4 8
9 16
7 12
5 2
15 5
1 11
13 2
9 10
4 18
7 3
14 15
13
6 13
1 10
4 7
4 10
3 11
5 4
12 10
3 1
11 9
3 13
2 13
11 8
24
18 1
21 1
1 23
1 15
1 12
10 1
1 14
1 13
22 1
17 1
20 1
1 2
1 11
1 8
1 3
1 16
7 1
4 1
1 19
1 5
1 24
1 9
6 1
13
12 11
9 10
12 5
5 13
4 13
8 2
3 2
10 4
7 8
1 6
3 9
6 7
18
1 11
17 1
1 18
1 2
1 14
12 1
1 13
4 1
1 6
1 9
15 1
10 1
8 1
16 1
1 5
1 3
7 1
25
23 2
10 8
10 20
2 22
10 1
16 10
8 13
5 4
9 25
10 18
12 14
3 19
11 1
23 14
2 24
4 21
8 6
25 20
1 7
23 1
19 20
20 21
17 2
1 15
11
4 1
10 3
7 2
3 1
6 7
11 10
3 7
4 5
10 8
9 4
25
20 13
24 1
8 24
17 16
8 17
3 11
8 10
17 15
5 10
22 11
19 1
10 23
18 12
9 2
21 12
12 19
7 20
13 24
6 9
25 6
13 11
9 14
6 19
4 20
19
4 1
14 1
9 1
1 6
10 1
1 15
1 2
12 1
1 5
1 16
18 1
11 1
1 8
1 7
1 3
1 17
1 13
19 1
14
8 1
5 1
8 11
3 2
14 2
13 4
11 10
6 12
6 7
5 13
5 2
9 13
8 6
13
9 7
12 5
11 9
5 8
3 10
2 4
4 6
12 1
13 6
13 3
8 7
10 11
10
6 10
8 1
2 1
4 2
3 2
8 9
2 7
10 2
5 8
27
24 13
2 16
7 14
6 10
20 27
17 24
16 7
16 4
3 12
19 1
25 12
8 21
9 15
7 12
10 17
5 24
26 21
17 19
1 14
15 8
23 15
10 22
27 19
21 18
11 27
14 8
15
9 14
8 10
10 1
8 7
15 13
1 15
1 12
11 15
3 1
2 7
8 14
4 9
6 1
5 8
18
5 10
2 15
3 7
13 11
1 7
16 17
18 11
15 14
17 6
9 6
7 4
1 12
13 5
11 7
11 14
1 16
1 8
23
1 20
1 11
10 1
4 1
15 1
19 1
1 18
8 1
1 22
1 21
1 16
1 23
3 1
2 1
1 17
13 1
1 6
1 9
14 1
12 1
7 1
5 1
13
6 3
9 4
12 7
2 11
9 13
2 13
7 10
1 10
5 8
3 4
8 6
12 11
26
1 14
1 24
21 1
1 9
4 1
20 1
23 1
13 1
19 1
6 1
1 22
1 11
26 1
1 10
1 15
18 1
2 1
3 1
12 1
25 1
17 1
1 5
1 16
1 7
8 1
27
9 24
20 26
24 19
10 4
24 23
20 4
6 21
6 11
18 2
12 5
3 5
10 25
23 1
17 22
1 22
5 21
15 16
17 18
23 21
16 17
4 22
10 14
20 8
13 6
7 16
18 27
20
1 10
1 12
1 5
1 7
20 1
18 1
3 1
1 17
1 9
1 6
15 1
1 13
19 1
1 2
11 1
1 4
1 16
8 1
1 14
14
5 11
14 3
6 12
9 10
14 10
2 1
11 1
3 8
8 7
10 12
1 12
13 14
4 9
15
14 7
2 9
7 2
9 6
8 5
10 14
13 3
13 10
3 8
12 4
5 15
15 11
6 1
4 11
28
20 2
16 11
15 22
4 6
7 21
18 19
25 26
21 17
10 5
10 20
23 3
4 2
25 13
12 15
7 3
17 5
11 9
28 6
8 14
18 24
23 27
19 14
28 9
26 1
27 22
13 16
12 8
19
11 3
7 11
1 19
18 8
17 11
6 11
9 12
5 14
1 11
1 18
2 15
2 11
11 5
3 12
13 10
13 17
4 16
1 4
26
9 6
11 25
2 20
6 7
12 13
3 4
22 21
14 5
16 21
2 11
13 24
12 3
1 24
4 8
8 17
10 26
25 19
26 19
23 15
10 7
5 23
15 22
9 14
16 17
20 18
12
9 7
9 2
4 5
5 10
8 6
9 1
4 3
4 9
4 6
5 12
12 11
19
19 15
18 13
8 16
7 1
17 13
1 10
6 7
5 15
4 16
11 14
3 2
16 1
7 13
11 7
9 11
2 7
12 15
15 1
23
1 8
11 1
1 6
14 1
19 1
15 1
13 1
18 1
1 10
1 21
1 5
1 22
12 1
16 1
23 1
9 1
3 1
1 2
17 1
7 1
20 1
4 1
15
4 2
13 15
7 6
1 8
6 2
3 12
12 6
4 14
9 6
12 1
5 10
15 12
5 2
6 11
17
16 1
1 15
3 1
1 10
1 17
8 1
1 12
1 6
11 1
1 2
9 1
1 4
1 7
1 14
13 1
5 1
18
5 1
14 13
16 5
11 5
5 9
4 3
8 15
17 1
17 15
1 6
12 1
1 7
10 5
2 5
18 1
3 15
1 13
28
17 20
6 16
2 10
21 1
21 18
19 3
10 11
23 28
22 19
16 8
24 9
14 13
27 8
18 23
5 12
26 25
5 4
3 7
13 12
4 6
27 25
9 7
20 14
2 28
26 15
24 17
11 22
22
16 18
22 16
11 1
22 1
22 21
21 4
12 7
13 2
5 16
22 8
3 5
10 9
2 1
17 15
11 15
9 11
15 19
6 9
9 14
7 11
21 20
28
24 12
18 9
4 27
20 14
7 4
25 16
21 10
5 1
25 2
6 5
20 2
22 18
21 11
20 15
2 5
26 4
24 6
6 28
21 18
19 25
23 26
1 9
17 22
13 23
23 8
22 3
9 26
10
5 9
2 4
1 3
1 10
7 9
6 3
2 8
5 1
2 10
22
13 1
20 1
1 22
1 21
1 14
18 1
1 12
5 1
1 11
1 6
1 17
15 1
1 2
19 1
16 1
1 9
4 1
3 1
1 10
8 1
7 1
17
8 6
5 4
13 3
7 15
2 10
3 4
16 5
14 17
2 13
12 8
1 16
11 17
12 9
10 11
14 7
6 15
26
19 3
5 6
20 26
12 2
18 4
22 16
10 1
10 20
22 25
2 21
4 23
15 11
24 22
9 26
2 14
4 7
11 25
25 14
23 5
8 3
13 26
17 5
10 23
14 1
20 3
25
1 10
8 1
21 1
1 16
1 3
1 23
22 1
19 1
2 1
25 1
20 1
15 1
6 1
11 1
1 12
5 1
18 1
4 1
1 13
14 1
7 1
9 1
1 24
17 1
13
5 9
10 11
3 7
9 4
6 1
3 12
3 1
4 8
4 13
10 1
4 1
12 2
14
3 2
9 7
11 1
12 4
5 9
9 11
13 2
1 6
6 2
10 12
14 8
6 12
8 11
16
6 8
11 9
5 4
2 10
14 9
13 8
14 7
15 14
13 1
9 1
10 16
10 13
4 11
11 12
8 3
14
11 2
8 12
14 3
8 14
9 13
1 6
10 13
12 5
9 4
6 3
10 11
5 2
7 4
27
20 4
7 1
24 14
9 26
8 12
12 9
14 2
20 2
6 16
23 20
11 1
13 11
16 1
23 1
27 7
11 25
27 21
3 18
19 16
1 17
1 10
14 22
15 12
9 7
5 7
20 3
14
8 10
13 7
7 1
6 7
14 4
11 12
3 5
11 7
2 6
9 14
9 6
1 10
5 1
10
7 1
1 9
5 1
3 1
1 2
1 8
1 6
1 10
1 4
21
16 12
4 2
10 17
12 10
8 21
4 3
19 1
14 6
20 6
18 11
4 10
1 17
8 15
6 9
11 7
8 19
11 19
17 9
9 13
5 12
10
7 8
5 2
10 8
9 3
4 1
6 9
5 6
4 2
3 7
26
6 18
5 4
8 14
1 26
5 10
14 19
11 10
4 22
2 20
16 1
3 16
12 14
10 14
24 10
1 11
17 9
12 15
25 1
19 2
23 10
13 19
19 7
11 17
21 25
18 14
18
15 2
1 6
10 2
3 5
8 3
7 16
13 4
12 13
5 6
18 14
14 17
16 5
9 13
11 16
14 4
6 2
1 4
13
2 3
13 12
8 4
6 2
1 8
8 5
8 2
9 12
13 4
13 7
1 11
4 10
11
9 7
5 9
1 11
11 10
6 9
2 3
1 6
8 4
1 2
8 1
14
13 1
2 1
1 10
4 1
1 8
1 9
3 1
12 1
1 7
14 1
6 1
11 1
5 1
24
4 1
1 22
1 20
1 19
13 1
12 1
1 23
24 1
7 1
9 1
11 1
14 1
6 1
21 1
1 5
1 15
10 1
18 1
1 16
8 1
1 17
1 2
3 1
14
1 10
14 5
9 8
6 12
3 7
12 3
1 6
5 10
8 1
9 4
2 12
3 11
8 13
11
8 10
3 7
2 11
9 4
6 4
8 5
7 9
1 10
5 11
2 6
15
2 11
6 2
7 13
9 8
1 10
14 9
11 1
12 7
5 15
7 10
11 5
3 5
10 9
4 2
22
3 19
6 3
19 1
9 22
2 14
21 10
10 11
12 16
22 16
6 8
17 7
7 8
5 13
21 18
13 17
20 4
4 12
14 20
9 18
2 5
15 11
29
22 1
1 23
9 1
25 1
1 2
20 1
17 1
1 7
1 3
1 16
1 18
8 1
1 26
1 21
1 12
1 11
1 15
19 1
1 14
1 5
6 1
27 1
4 1
24 1
28 1
1 29
10 1
1 13
29
1 7
1 9
17 1
2 1
22 1
10 1
1 11
1 5
4 1
1 20
1 6
23 1
26 1
21 1
1 8
29 1
1 18
1 15
3 1
1 19
12 1
1 16
1 14
24 1
1 13
25 1
28 1
27 1
11
7 8
11 4
8 11
4 5
6 2
3 9
10 5
1 7
6 9
3 10
14
1 10
14 4
12 1
12 13
5 6
5 12
7 9
3 4
11 8
4 1
2 13
7 4
11 7
11
4 1
1 6
3 1
1 5
7 1
10 1
8 1
11 1
1 9
1 2
23
2 1
23 4
22 9
12 2
10 9
16 5
21 9
15 2
17 20
19 4
18 14
11 14
17 15
7 13
22 14
8 5
17 6
13 3
22 1
13 15
4 12
5 12
11
6 1
1 10
5 1
1 2
1 9
1 11
8 1
1 4
3 1
1 7
29
1 26
21 1
15 1
5 1
1 19
1 20
1 18
1 16
1 8
1 11
28 1
14 1
1 2
1 29
9 1
23 1
6 1
10 1
7 1
22 1
1 27
1 24
12 1
17 1
3 1
1 13
1 4
25 1
20
6 2
13 20
15 1
12 14
6 16
5 2
12 16
17 11
11 4
7 3
15 4
5 18
8 14
7 9
10 9
8 19
17 13
20 19
3 18
13
1 13
5 1
10 1
1 3
1 2
1 7
1 4
1 11
12 1
8 1
9 1
1 6
20
8 5
7 9
8 7
11 13
15 14
20 14
18 8
19 5
1 13
19 14
11 17
16 4
10 11
4 13
4 12
3 6
6 2
19 6
1 5
15
2 3
4 1
3 1
1 12
11 1
5 4
6 7
12 15
1 8
6 13
5 9
1 10
1 14
4 13
19
4 7
12 16
9 3
16 15
3 17
9 18
11 6
7 3
2 3
11 19
6 3
1 14
1 3
1 10
5 1
17 13
16 14
8 6
19
5 12
10 12
9 17
1 9
7 10
2 4
3 16
5 18
6 13
15 16
19 13
4 8
15 6
11 8
2 3
14 17
11 7
14 18
11
10 5
7 9
3 1
3 10
11 9
6 4
6 3
10 2
1 9
8 6
24
21 10
7 6
16 20
21 3
15 12
19 3
14 2
9 11
5 23
2 1
18 13
17 20
4 24
8 12
22 24
19 14
7 22
6 10
13 23
18 17
4 16
15 9
5 11
18
12 6
16 11
15 4
15 18
16 2
7 10
3 10
1 2
8 5
14 16
17 15
5 7
2 6
4 7
9 10
13 6
4 1
20
18 1
8 1
1 2
1 19
1 20
1 7
4 1
6 1
5 1
1 12
14 1
1 17
1 13
1 16
11 1
3 1
1 15
1 10
1 9
24
1 5
24 1
4 1
2 1
10 1
6 1
1 20
1 3
1 15
17 1
1 13
22 1
1 9
14 1
1 19
1 12
1 18
1 16
1 11
23 1
8 1
1 21
7 1
15
5 12
12 1
4 1
13 4
8 12
13 7
11 8
10 5
13 9
2 4
8 6
3 2
15 5
2 14
25
12 16
17 22
8 6
13 21
19 6
21 10
18 3
9 7
15 13
14 20
16 5
25 12
22 5
10 11
24 14
18 4
7 20
3 25
24 2
4 19
15 1
23 9
8 23
11 2
11
5 8
9 11
8 10
8 6
9 4
6 7
7 2
9 1
1 6
7 3
17
14 1
1 17
9 1
10 1
11 1
1 2
15 1
12 1
7 1
13 1
3 1
8 1
4 1
1 16
6 1
1 5
11
10 9
6 10
7 3
6 4
8 9
6 2
1 7
10 1
9 5
11 7
18
11 4
18 12
14 9
13 10
5 6
13 15
6 3
10 4
7 5
8 15
11 18
14 7
17 1
16 17
2 3
16 8
9 12
14
3 11
14 9
6 5
14 4
3 1
7 12
12 4
5 10
8 12
2 5
5 1
13 1
12 2
26
6 23
1 2
22 26
23 18
16 5
20 18
23 26
7 20
15 11
1 12
24 18
8 3
21 25
17 7
23 10
16 14
26 9
18 3
7 5
4 12
21 20
19 9
7 1
18 13
11 1
15
10 1
7 4
9 12
7 9
8 6
2 6
11 5
1 7
11 10
15 10
1 6
3 11
14 13
13 10
22
19 14
16 11
9 6
2 4
22 21
18 3
16 8
7 12
13 14
12 22
17 13
8 21
17 15
9 15
20 19
3 5
4 10
6 7
18 2
5 1
11 10
17
11 1
4 11
14 16
16 9
4 7
5 2
17 10
12 5
6 3
8 10
15 13
3 2
14 8
13 7
6 9
17 15
14
13 10
9 14
5 7
3 8
3 1
7 12
5 1
7 6
4 8
5 9
2 9
13 3
11 13
11
2 7
1 4
1 5
3 8
10 9
7 9
7 8
3 6
3 1
3 11
26
18 13
9 8
24 5
11 14
21 22
11 5
12 8
4 26
16 23
4 19
6 17
3 24
10 22
15 21
2 7
15 23
18 10
16 6
12 13
19 17
20 3
9 25
1 20
14 2
26 7
13
6 9
7 2
7 1
12 6
11 10
7 10
8 4
4 13
6 13
3 4
13 1
5 10
25
14 12
2 1
22 7
11 17
6 13
2 7
19 15
20 6
25 21
18 10
24 2
7 13
2 4
13 3
8 25
19 21
16 13
23 18
25 18
13 9
2 25
17 13
6 5
13 12
28
22 28
20 1
15 6
27 17
9 20
8 3
25 13
19 14
21 2
16 6
14 20
11 28
16 3
12 1
4 21
13 23
9 13
9 21
26 28
12 11
6 5
16 12
17 11
10 14
3 24
7 17
18 10
18
10 7
1 15
11 14
7 2
2 14
12 16
15 17
13 12
4 1
4 12
3 18
9 14
17 5
4 2
17 8
3 15
3 6
19
15 6
14 13
1 14
2 10
7 18
1 3
16 7
4 19
15 11
9 19
15 3
12 13
2 3
17 13
2 8
19 16
16 14
7 5
29
12 16
20 9
25 24
28 27
11 16
15 9
14 1
2 26
24 3
23 17
10 2
29 3
28 11
19 15
26 14
18 11
16 8
9 22
28 21
3 14
13 2
26 17
7 17
1 18
5 29
6 29
4 24
18 15
17
10 14
11 3
12 13
6 16
13 15
9 8
12 5
11 1
14 9
2 3
10 7
15 2
8 4
5 4
17 7
17 6
22
4 3
19 13
5 7
14 2
17 11
16 10
2 8
8 20
9 6
5 14
4 15
9 15
21 22
16 12
3 13
18 22
19 12
1 21
6 20
17 7
18 10
18
5 3
4 5
3 13
11 16
4 11
2 12
17 2
17 1
6 8
10 9
4 1
14 6
5 10
18 3
11 7
2 15
17 6
23
22 3
22 18
1 5
17 7
4 7
20 10
20 7
13 1
1 21
23 22
8 14
12 13
7 14
9 16
5 22
19 13
2 5
6 22
11 16
15 5
5 16
14 1
11
6 7
9 11
9 2
8 6
10 4
10 3
9 1
8 10
5 6
8 1
13
10 1
11 13
1 8
12 6
7 13
6 5
10 9
10 6
8 3
4 9
2 9
8 13
19
16 9
15 10
19 8
12 9
1 19
6 5
11 16
7 15
18 12
17 7
5 14
6 13
3 8
11 4
2 10
17 3
2 4
18 14
27
26 15
4 24
2 18
25 14
1 24
14 18
20 24
23 14
15 21
3 1
8 10
1 27
9 24
12 22
6 19
17 14
16 10
14 26
14 1
7 6
27 12
27 6
17 5
24 11
13 22
8 1
21
11 10
13 3
10 2
7 19
20 15
6 8
16 9
4 3
1 20
3 21
14 19
18 9
12 10
8 13
2 17
19 15
15 9
5 8
2 20
13 1
13
1 11
9 4
10 8
13 3
12 1
3 2
5 3
7 11
1 5
3 8
11 9
2 6
24
4 11
7 23
1 24
23 18
7 24
15 2
12 10
8 23
7 16
24 13
10 6
17 10
22 17
13 2
21 2
20 19
14 4
3 16
1 12
13 4
9 19
19 12
5 16
25
12 1
19 23
4 10
18 19
2 9
16 10
10 1
15 25
18 17
6 16
9 7
3 6
20 18
21 14
21 18
25 16
10 24
8 22
4 19
13 6
15 5
4 22
4 7
11 23
26
8 7
11 2
22 20
25 12
10 4
21 4
15 24
15 6
4 13
3 16
20 5
26 14
26 1
26 21
3 11
17 20
11 5
8 14
3 9
25 14
15 21
19 25
5 1
18 2
8 23
16
9 4
15 16
6 11
14 7
12 8
3 16
13 10
14 15
9 10
5 12
3 8
13 11
1 7
6 5
4 2
22
1 5
16 1
15 1
3 1
1 4
19 1
14 1
1 12
17 1
1 22
1 20
1 13
18 1
1 2
9 1
1 7
1 11
8 1
21 1
1 10
1 6
29
19 17
13 28
3 6
20 10
16 1
24 2
13 25
14 4
4 5
7 8
17 24
11 10
6 9
22 23
24 1
13 27
16 18
8 17
27 10
12 15
6 2
23 29
2 23
26 8
15 18
16 27
15 21
18 4
14
10 9
8 5
12 4
12 11
7 6
12 1
6 8
8 3
12 14
2 1
8 1
4 9
12 13
19
18 1
1 16
1 4
1 12
3 1
17 1
1 7
1 10
1 8
6 1
14 1
9 1
1 5
19 1
11 1
1 2
15 1
13 1
13
5 2
12 11
1 8
4 11
6 5
9 7
12 7
10 8
3 7
8 5
13 11
12 1
29
21 17
15 23
13 3
5 20
17 6
12 27
20 14
23 26
25 8
11 1
18 9
10 8
22 3
3 12
23 4
20 28
9 2
15 27
29 7
29 24
11 5
15 19
11 24
16 29
27 1
24 8
17 5
9 12
19
18 1
12 15
19 13
5 9
8 6
3 10
18 5
18 19
10 4
13 17
6 7
16 2
13 16
1 10
1 6
4 14
2 11
15 1
19
12 14
14 4
3 5
12 19
15 18
9 12
1 7
1 5
16 1
9 1
2 3
16 8
3 6
13 9
19 17
10 5
11 16
18 16
13
7 1
12 1
11 1
3 1
1 2
13 1
10 1
1 8
5 1
4 1
6 1
9 1
17
13 1
14 15
13 4
7 10
15 2
11 14
5 12
17 4
15 9
16 4
13 7
5 9
7 6
9 1
3 14
8 5
15
2 12
15 9
5 10
1 5
6 15
14 15
5 3
4 3
14 2
1 14
7 3
13 10
11 10
8 2
15
10 6
7 15
13 11
14 6
4 6
10 1
5 7
13 5
3 8
1 5
3 10
2 7
12 13
9 3
26
1 24
8 1
1 7
1 15
1 13
17 1
20 1
1 4
1 25
1 14
1 26
1 22
12 1
1 16
9 1
1 11
1 21
10 1
1 23
18 1
1 3
1 19
1 6
1 2
1 5
21
3 2
19 9
11 17
2 17
4 6
11 8
12 5
9 21
6 1
15 9
16 13
20 5
10 11
19 5
7 4
13 14
17 6
19 1
18 2
13 4
29
2 3
3 20
24 4
25 9
6 14
1 8
22 10
26 3
27 28
27 5
2 8
7 25
14 12
17 11
18 27
25 16
4 28
10 16
6 1
8 28
19 17
4 15
14 17
16 6
23 13
21 13
2 13
10 29
13
11 7
5 2
9 8
5 12
3 8
5 10
1 11
12 8
11 6
6 4
1 12
6 13
17
15 7
1 2
2 5
12 3
9 7
13 6
7 1
13 2
5 8
12 17
16 5
12 15
9 10
11 9
15 4
13 14
10
5 9
8 2
6 10
2 7
5 10
3 4
6 4
1 9
3 7
18
13 10
3 13
3 17
9 11
8 11
15 8
6 17
2 16
4 2
7 5
4 10
9 12
7 12
16 5
6 1
14 18
15 14
11
1 4
10 1
3 1
6 1
11 1
1 9
2 1
5 1
8 1
7 1
14
1 12
14 1
9 1
1 10
1 11
8 1
4 1
1 7
1 6
13 1
1 5
3 1
1 2
27
5 17
10 17
6 10
18 6
18 25
26 6
20 16
11 23
15 20
1 10
21 12
19 21
20 8
14 9
13 26
4 11
7 26
16 19
1 16
22 21
24 18
5 2
3 5
27 14
11 17
14 19
14
4 11
6 12
10 4
11 6
8 7
10 13
2 1
14 7
2 3
12 9
8 5
5 9
3 13
22
1 22
10 1
8 1
1 14
1 5
1 11
1 16
1 13
20 1
3 1
1 9
1 21
17 1
1 18
4 1
6 1
1 12
7 1
15 1
1 2
19 1
23
15 13
9 12
1 22
1 16
13 14
3 11
18 21
22 13
9 1
6 1
8 4
6 23
20 6
13 18
2 17
7 2
19 14
10 22
11 16
4 5
17 1
16 4
26
7 25
18 14
26 9
1 17
3 19
11 4
21 24
16 22
2 26
14 15
12 3
2 23
16 9
17 20
6 25
5 13
4 8
7 8
11 10
21 15
23 10
18 5
19 22
12 13
20 6
16
1 16
5 13
4 12
10 2
4 11
9 12
15 10
10 16
8 11
5 14
11 6
13 7
12 3
16 13
1 4
18
4 16
6 10
3 7
2 8
11 2
16 12
16 1
6 15
14 12
17 7
5 15
18 4
1 10
6 7
2 10
13 12
9 4
18
7 9
18 16
1 3
11 4
12 3
15 17
1 7
8 18
2 17
8 4
8 7
9 5
12 14
6 12
13 9
3 17
10 18
27
27 12
4 8
20 9
13 15
1 9
25 14
11 25
13 20
14 7
17 7
21 12
24 23
1 19
9 12
23 26
25 5
22 18
23 6
2 18
16 4
3 13
14 19
4 6
18 20
6 19
7 10
19
6 3
1 7
2 19
18 1
7 15
12 14
9 13
15 8
9 18
11 6
7 11
6 16
2 5
17 9
14 18
4 15
2 11
14 10
12
11 9
6 10
7 6
2 8
12 4
8 10
3 7
1 5
4 3
2 9
11 5
28
12 19
8 5
28 6
10 16
3 15
1 26
25 24
13 18
26 9
11 6
7 2
5 17
23 7
19 21
17 20
13 12
10 22
20 2
22 9
11 25
16 3
18 15
27 24
4 28
14 27
21 14
23 4
24
19 20
5 4
5 13
2 9
18 17
7 11
2 24
21 12
4 7
10 11
8 22
3 21
4 1
15 18
13 14
7 21
2 23
1 24
19 8
18 5
13 16
24 8
11 6
13
11 2
13 11
13 1
7 1
3 9
4 5
4 13
4 6
7 12
11 8
9 10
9 7
26
3 26
23 15
13 19
10 21
20 3
20 8
3 9
12 18
18 15
25 18
1 23
24 19
8 6
22 7
26 14
26 17
4 7
10 4
10 5
4 23
11 9
2 8
16 7
1 20
15 19
13
7 6
5 13
7 4
5 1
4 9
10 11
6 12
5 10
10 3
4 2
7 1
8 6
12
3 1
6 1
1 9
11 1
1 7
1 12
10 1
1 2
4 1
5 1
8 1
15
1 3
14 10
13 6
3 7
7 4
1 11
3 10
15 9
1 5
7 9
14 12
8 4
10 2
6 7
15
15 12
3 2
8 1
13 4
14 8
9 6
15 4
11 9
10 14
7 6
10 2
3 13
11 5
5 12
27
16 23
20 15
4 12
10 3
19 6
13 22
11 18
23 15
9 8
27 25
3 2
4 6
9 21
3 23
26 18
15 7
22 26
6 9
18 24
16 27
19 26
5 27
22 14
17 4
1 19
16 1
19
14 2
13 11
7 13
8 10
16 19
10 12
16 5
6 7
1 17
6 18
13 9
14 19
16 15
6 3
4 14
1 19
17 10
7 17
14
12 13
8 1
7 14
9 1
11 5
2 14
1 7
6 11
1 4
3 8
11 7
7 10
13 7
23
1 13
1 20
1 18
15 1
1 21
1 6
1 12
1 5
1 23
1 4
11 1
1 3
19 1
1 16
9 1
14 1
7 1
17 1
8 1
1 2
1 22
10 1
22
9 4
17 15
15 22
10 16
22 21
10 17
18 11
20 12
11 21
4 2
6 1
18 5
3 16
13 20
14 19
19 8
2 14
3 8
5 7
6 12
9 13
23
15 1
1 16
1 5
17 1
1 2
8 1
1 13
1 6
22 1
1 3
11 1
1 10
1 7
1 18
19 1
4 1
14 1
1 21
12 1
20 1
9 1
1 23
26
15 22
5 7
21 18
4 2
10 11
17 18
19 11
12 20
16 20
8 9
6 13
23 2
24 25
22 10
1 3
6 23
5 3
14 17
21 24
9 15
8 13
16 4
7 12
26 19
25 26
10
7 3
2 6
9 7
10 6
10 1
7 1
5 8
6 4
5 10
11
6 8
4 2
10 6
3 6
9 7
11 4
7 5
7 8
8 1
1 4
15
4 12
10 13
14 15
11 8
6 14
9 12
5 8
1 14
2 3
9 14
2 14
1 7
11 7
10 1
19
11 1
1 8
18 1
5 1
1 7
1 2
4 1
1 10
13 1
1 9
16 1
1 3
1 14
17 1
1 12
6 1
15 1
19 1
16
13 7
8 13
9 15
3 11
1 3
12 15
15 13
5 6
16 6
10 3
14 3
13 6
15 2
9 4
15 1
14
7 13
6 3
4 14
7 11
4 5
2 6
1 9
3 9
8 13
14 2
5 12
10 11
12 8
29
2 29
4 12
6 10
1 21
18 10
27 19
16 12
8 19
3 13
19 20
18 11
14 2
18 26
15 29
7 29
17 1
8 12
21 2
17 10
22 3
22 21
22 9
9 5
6 24
3 28
17 8
6 25
9 23
25
6 20
5 3
7 16
9 16
14 13
18 6
2 15
21 11
10 8
4 24
24 1
17 3
9 22
23 7
1 6
19 24
2 10
22 12
16 5
6 13
25 15
20 16
21 10
10 6
29
2 23
15 25
19 28
7 13
1 29
29 23
27 6
5 14
24 13
27 12
22 8
16 3
28 14
1 13
1 22
28 6
29 26
11 8
29 18
10 28
16 21
22 9
28 20
18 21
1 14
25 29
23 4
23 17
24
11 23
8 13
7 4
19 1
24 2
22 15
23 18
6 20
20 7
10 12
12 3
1 18
24 16
5 19
22 5
7 18
22 21
23 14
13 9
19 9
5 12
17 13
24 9
22
19 7
9 8
16 7
17 12
16 18
11 13
14 3
9 6
3 22
12 6
4 22
22 21
1 6
15 12
11 2
14 20
1 19
5 9
16 10
7 11
19 3
11
7 1
2 3
7 10
10 3
9 11
11 8
2 6
9 6
5 4
4 8
15
7 1
1 15
9 1
1 2
1 5
4 1
1 11
1 10
1 12
1 8
1 13
3 1
1 14
1 6
28
22 1
1 5
1 26
8 1
9 1
1 20
2 1
1 21
1 16
18 1
1 27
1 14
1 17
13 1
15 1
1 4
12 1
3 1
1 6
24 1
7 1
1 23
1 25
19 1
11 1
1 28
10 1
27
14 26
4 1
17 21
18 3
22 10
26 21
25 7
4 20
7 9
4 18
13 1
15 20
14 27
15 5
24 14
13 26
7 12
25 22
11 22
6 19
18 16
13 25
8 21
15 2
23 19
19 20
29
4 1
21 1
1 19
24 1
1 13
11 1
28 1
1 6
1 9
1 14
22 1
5 1
12 1
17 1
1 18
26 1
15 1
8 1
1 3
20 1
7 1
10 1
23 1
2 1
25 1
1 27
16 1
1 29
11
1 8
1 6
10 1
1 9
3 1
7 1
1 11
1 5
1 2
4 1
23
1 12
11 12
4 8
19 10
2 10
2 14
1 13
2 12
15 22
16 6
10 4
10 17
5 18
6 10
10 3
1 22
21 6
18 10
9 8
20 1
3 23
7 11
17
14 1
1 16
3 1
1 6
1 12
17 1
1 7
1 5
11 1
1 2
15 1
1 9
4 1
1 10
8 1
13 1
19
17 1
17 9
8 12
1 12
13 16
17 7
16 14
10 5
10 16
19 7
6 16
15 7
4 1
7 18
11 16
2 18
1 16
4 3
28
4 3
21 7
27 1
25 20
8 10
16 11
16 21
28 25
24 6
2 25
6 1
28 21
5 10
12 25
23 27
11 10
3 19
11 1
16 3
9 1
11 18
26 24
17 3
25 22
15 23
13 3
14 21
19
3 16
1 16
6 5
9 1
2 10
10 13
1 6
7 8
19 9
1 18
7 11
1 11
17 11
16 10
14 18
4 16
12 17
15 11
21
20 15
2 12
11 16
12 3
4 20
8 14
18 13
14 7
19 21
9 3
5 2
19 9
6 13
6 21
18 7
11 17
10 16
5 10
4 17
15 1
24
3 2
24 15
9 7
17 4
5 9
12 6
11 18
8 17
24 14
7 19
23 7
14 18
3 4
12 24
17 16
18 20
14 1
10 5
13 4
13 1
5 22
13 9
21 3
25
18 16
10 22
17 22
11 16
5 12
7 21
15 8
2 19
20 11
4 16
25 24
24 2
11 12
14 24
2 10
6 22
12 13
7 9
7 8
15 23
1 10
20 8
1 20
3 15
13
8 12
4 3
11 7
2 5
13 4
10 4
9 11
1 3
2 11
1 2
12 6
12 3
17
6 1
1 3
3 5
4 16
16 9
1 14
2 3
1 15
12 11
3 8
11 14
17 4
6 7
6 4
10 2
8 13
17
9 8
4 9
17 9
3 6
11 13
8 1
3 10
7 12
2 11
8 12
3 11
1 2
5 2
5 14
16 5
15 12
19
11 1
1 16
1 10
5 1
9 1
14 1
1 2
19 1
1 6
1 8
17 1
4 1
1 7
15 1
12 1
1 18
13 1
1 3
16
16 1
1 4
1 13
1 15
10 1
6 1
1 9
1 7
12 1
1 8
1 14
5 1
1 2
1 3
1 11
29
11 6
24 6
27 21
1 13
25 21
1 6
26 13
1 17
6 19
29 19
27 28
16 6
17 22
5 1
1 7
14 1
7 10
3 13
20 1
22 18
4 21
1 9
23 6
15 6
2 23
12 26
8 9
1 28
20
1 14
1 9
17 1
1 3
1 6
2 1
1 11
12 1
1 18
20 1
1 5
1 7
1 4
1 13
15 1
1 10
1 16
1 8
1 19
18
1 3
17 1
6 1
1 10
1 18
2 1
13 1
5 1
4 1
9 1
1 14
1 8
7 1
15 1
1 12
1 16
1 11
22
21 5
16 4
19 22
9 17
15 6
20 13
8 22
13 22
19 3
12 19
15 21
10 6
18 13
16 7
8 15
1 8
4 1
21 14
11 17
2 16
17 4
15
11 1
13 1
1 8
1 15
1 4
2 1
1 9
1 12
10 1
7 1
1 6
1 14
5 1
3 1
25
3 10
2 6
25 15
13 12
16 22
14 9
22 21
5 19
19 7
10 25
8 6
10 4
17 19
24 14
21 17
21 1
12 23
18 16
11 12
11 25
1 11
20 16
17 14
22 6
16
13 14
7 5
16 7
3 10
8 4
15 7
12 11
10 12
4 7
9 7
11 7
6 14
7 1
7 6
2 9
24
9 1
23 21
23 22
4 24
10 24
3 9
18 12
16 2
19 1
12 22
5 18
1 22
16 22
23 20
12 14
15 23
23 7
21 8
13 22
1 6
11 2
15 24
24 17
24
11 9
5 3
12 9
10 1
4 14
17 4
7 8
19 24
22 17
14 11
13 16
6 20
20 13
10 8
19 5
18 15
16 24
2 18
15 3
23 2
22 7
23 12
21 6
14
6 1
10 1
1 4
1 3
1 2
1 13
7 1
8 1
1 14
1 5
11 1
1 9
12 1
11
4 2
5 11
8 1
3 8
7 3
11 10
2 8
9 6
10 9
9 2
28
11 15
10 2
21 11
19 2
2 20
11 27
18 1
12 11
6 14
5 18
17 8
26 10
25 7
5 19
8 4
11 8
1 17
28 11
22 3
11 3
13 19
16 23
14 1
2 23
19 24
9 20
25 19
27
23 1
9 18
8 12
21 20
6 23
15 13
4 2
10 25
2 15
1 8
15 9
16 14
19 23
15 8
7 15
8 17
23 10
10 22
15 24
27 2
1 3
22 26
1 11
5 2
14 6
21 2
28
4 19
25 15
5 14
3 21
9 24
5 8
3 2
13 19
11 26
14 1
23 9
20 12
24 27
2 27
18 7
16 6
11 21
10 4
10 25
15 12
23 7
20 8
17 13
16 17
18 6
26 22
22 28
16
1 12
10 1
1 5
7 1
1 2
15 1
9 1
1 8
1 3
1 14
1 6
16 1
1 4
1 11
13 1
15
1 8
12 2
15 5
4 14
15 8
5 9
6 4
12 3
11 7
14 13
9 13
6 11
3 10
7 2
14
7 1
1 13
10 1
14 1
1 11
1 9
1 8
1 4
5 1
1 3
2 1
12 1
6 1
25
9 10
1 10
21 20
7 4
16 5
8 2
22 19
15 17
1 24
7 13
25 10
15 1
18 11
1 18
22 5
2 12
1 7
1 23
1 3
16 8
18 6
8 21
1 8
10 14
20
1 4
1 17
1 9
16 1
12 1
1 7
11 1
1 15
10 1
18 1
1 13
1 20
8 1
2 1
6 1
1 5
19 1
14 1
1 3
22
16 5
15 14
7 22
8 3
22 21
14 19
13 2
6 19
9 17
15 20
3 12
16 4
18 13
8 4
1 10
9 11
6 5
10 11
21 12
17 2
18 20
27
15 26
10 22
6 1
9 5
8 14
15 23
23 22
8 17
18 7
13 25
5 20
25 4
4 19
21 7
2 5
22 12
27 15
20 1
4 6
21 20
16 25
24 19
19 3
11 7
8 21
6 23
15
1 14
5 1
1 6
1 9
1 13
1 3
4 1
1 12
7 1
2 1
15 1
1 8
10 1
1 11
14
13 11
6 3
6 10
4 12
13 14
2 7
9 12
11 2
12 3
11 1
1 3
13 8
5 2
17
10 7
12 17
2 3
13 4
2 16
1 4
8 6
15 5
10 11
8 17
3 7
3 15
14 1
9 1
17 10
10 14
16
4 5
3 9
2 14
9 1
15 10
6 14
2 1
11 7
15 7
3 7
5 12
5 7
7 16
8 9
1 13
12
1 6
9 12
1 12
4 11
4 3
5 1
8 1
10 1
12 4
7 8
5 2
18
10 16
14 15
12 4
2 14
12 1
18 3
8 13
4 13
15 11
8 18
17 9
17 5
6 11
2 16
3 5
7 6
7 9
22
1 20
14 13
12 4
6 10
8 7
17 11
4 9
2 19
5 18
6 15
14 2
11 13
22 3
7 12
10 3
17 15
5 9
16 18
8 20
22 21
19 16
23
18 20
4 17
2 12
21 18
20 11
19 9
11 3
22 9
13 12
21 8
17 10
10 15
16 4
6 15
8 7
22 14
7 1
13 3
6 5
14 23
5 2
16 23
19
8 16
5 11
14 1
8 1
5 15
13 7
17 10
14 5
6 3
2 7
10 8
17 9
17 4
16 19
7 14
10 3
16 12
3 18
28
10 1
1 22
23 1
1 3
19 1
9 1
1 18
1 16
21 1
5 1
14 1
20 1
6 1
1 13
15 1
1 11
26 1
7 1
17 1
4 1
1 8
1 12
1 27
2 1
28 1
1 25
24 1
22
17 1
12 17
7 10
8 5
3 2
21 14
16 6
2 4
13 8
18 21
16 15
15 9
19 10
12 11
20 19
14 13
7 5
3 22
4 9
18 22
11 20
19
1 6
11 1
1 18
15 1
14 1
1 10
16 1
5 1
1 2
12 1
9 1
1 3
8 1
13 1
1 17
4 1
7 1
19 1
20
8 12
19 6
16 5
17 10
2 14
13 5
2 6
7 14
18 12
11 16
9 15
13 3
1 18
4 19
7 17
11 20
15 8
20 10
9 3
13
11 10
7 13
7 5
6 1
3 11
12 4
3 2
9 13
6 8
12 2
8 4
9 10
27
18 13
5 20
13 15
18 1
10 3
20 24
27 23
24 17
20 1
13 23
22 3
7 9
13 2
4 19
24 6
26 9
3 12
1 9
11 26
22 25
18 22
21 23
13 8
19 8
5 14
16 23
13
11 1
1 4
7 1
10 1
1 13
8 1
6 1
2 1
1 12
1 5
3 1
1 9
29
1 9
1 27
19 1
1 14
22 1
1 15
20 1
1 29
8 1
1 26
23 1
1 10
1 2
18 1
1 13
6 1
1 25
11 1
17 1
1 16
24 1
1 5
1 3
1 7
1 21
1 28
1 4
1 12
28
16 6
7 17
18 8
20 11
7 4
4 19
3 23
6 27
8 4
11 27
6 25
10 8
14 12
16 1
23 8
15 16
5 4
14 4
27 26
7 24
25 28
8 21
11 22
13 2
9 6
6 13
4 1
23
6 4
14 10
4 23
8 9
11 19
12 23
20 10
14 5
18 7
20 16
9 15
10 6
17 9
18 15
1 6
19 4
21 19
23 22
13 20
2 18
14 3
15 1
28
8 11
7 6
13 21
20 10
24 28
7 27
19 1
6 8
25 5
4 26
17 15
23 13
16 26
10 9
25 15
28 16
3 5
17 18
19 21
2 14
9 12
24 2
27 18
22 4
23 12
22 11
20 14
11
2 1
1 10
9 1
1 8
1 11
1 6
1 4
1 3
1 7
5 1
21
12 21
14 11
11 10
2 4
3 21
15 6
16 14
1 19
10 20
9 13
8 21
5 13
18 2
1 8
14 17
6 2
19 11
19 6
7 10
8 13
21
1 12
5 9
16 4
19 13
20 15
17 3
21 14
8 6
11 13
7 6
16 19
18 21
15 10
17 14
9 7
8 3
5 20
4 2
11 12
10 2
29
3 23
18 23
22 10
11 6
17 4
18 20
20 29
15 13
1 15
14 17
25 24
26 16
27 19
25 22
9 28
24 2
8 11
6 4
7 28
10 16
13 8
19 12
12 9
21 29
3 5
26 14
7 2
27 21
29
21 26
14 19
20 11
15 27
10 14
5 10
9 19
18 17
11 10
6 26
24 21
26 10
28 4
1 26
29 26
12 16
3 10
25 20
27 2
7 21
22 15
14 4
10 12
18 10
29 23
11 15
13 21
4 8
11
10 1
1 4
6 5
5 8
4 2
3 1
11 1
9 8
8 7
4 9
16
13 4
7 8
10 13
10 5
15 8
11 12
5 7
3 2
16 9
14 1
12 6
16 2
3 6
11 4
14 9
19
13 4
8 17
5 14
10 11
18 17
5 6
7 12
8 1
4 19
16 12
15 8
11 16
12 9
11 2
15 4
15 5
1 16
3 17
19
18 1
2 1
1 16
1 10
17 1
12 1
6 1
1 15
5 1
1 3
4 1
7 1
1 19
11 1
1 14
9 1
1 13
1 8
28
20 22
15 2
8 22
19 25
17 9
28 7
13 8
5 2
22 1
22 16
6 18
14 23
1 18
26 14
11 22
10 19
18 5
28 1
21 15
4 23
1 26
22 27
22 24
19 14
9 28
16 3
6 12
13
9 6
2 1
9 5
12 2
13 4
11 2
6 10
1 8
3 10
7 6
4 9
4 1
27
12 1
4 1
1 9
1 26
1 18
8 1
1 21
17 1
15 1
22 1
25 1
11 1
3 1
27 1
1 10
13 1
1 19
20 1
2 1
1 5
24 1
1 16
23 1
7 1
1 6
14 1
13
8 4
3 12
10 4
8 11
9 3
7 13
10 5
9 13
1 11
7 6
2 12
5 6
22
13 5
18 14
22 4
19 2
12 17
16 19
3 7
15 22
12 11
7 20
21 18
14 1
6 5
22 14
13 8
7 9
19 3
10 18
8 3
13 12
8 1
19
1 11
1 9
1 17
1 2
13 1
14 1
12 1
7 1
1 8
6 1
1 15
1 5
3 1
1 16
19 1
4 1
18 1
1 10
21
1 13
16 1
1 2
9 1
1 5
11 1
1 19
3 1
1 18
20 1
6 1
1 21
12 1
1 7
1 14
1 8
4 1
10 1
1 17
1 15
23
20 10
11 4
8 2
5 4
16 17
3 10
13 22
15 23
5 8
11 6
12 23
1 19
15 7
9 14
14 3
18 9
16 19
7 2
12 13
17 6
20 21
22 18
25
5 18
22 6
20 16
13 7
25 16
14 21
24 6
24 21
23 10
9 18
7 11
23 9
4 18
8 1
9 8
25 8
19 3
15 3
25 7
6 2
12 16
24 1
23 17
21 3
22
13 14
2 16
2 17
22 21
20 3
11 22
14 11
2 22
1 15
22 1
18 16
13 10
5 3
22 3
7 5
6 8
9 4
16 12
12 19
22 4
3 6
20
6 1
1 8
17 1
1 5
1 10
1 19
9 1
20 1
13 1
1 14
15 1
1 18
1 2
4 1
1 3
12 1
1 16
1 11
1 7
11
6 5
7 10
6 10
3 11
7 4
4 1
11 8
2 9
2 5
3 9
10
10 3
8 4
7 3
7 4
6 2
2 1
9 6
8 9
10 5
15
10 6
12 2
10 13
9 15
1 6
10 3
7 4
9 1
2 5
14 15
6 4
11 15
4 8
9 2
28
11 9
12 17
24 1
4 8
9 6
7 3
16 21
26 12
13 24
4 16
17 15
2 20
23 18
22 6
28 10
15 2
27 8
5 18
13 26
14 27
19 23
25 19
5 20
14 22
28 25
3 21
11 10
17
9 1
1 16
1 7
1 14
1 2
1 17
11 1
8 1
1 15
10 1
6 1
3 1
1 13
1 5
4 1
1 12
27
5 1
6 1
19 1
1 10
1 14
1 13
21 1
18 1
1 12
3 1
24 1
22 1
25 1
20 1
15 1
1 2
27 1
16 1
1 23
4 1
17 1
1 7
9 1
1 26
8 1
11 1
15
13 2
3 5
1 8
7 11
7 6
7 13
9 14
14 12
8 15
14 7
10 3
13 3
1 7
4 8
24
6 13
7 21
7 3
18 3
17 12
22 19
14 20
9 17
5 6
24 5
14 12
18 20
19 11
1 8
23 10
16 2
9 15
13 8
21 23
2 4
16 10
22 24
11 15
16
16 1
2 1
12 1
1 11
1 10
1 13
1 15
1 3
1 9
1 14
1 7
8 1
1 5
6 1
4 1
13
8 11
10 2
3 11
9 8
7 3
5 7
4 6
6 12
9 1
2 5
4 13
10 13
22
6 11
16 1
9 1
5 19
13 22
19 13
17 8
4 18
10 11
8 1
1 10
4 15
22 3
15 8
21 20
10 22
2 21
7 2
9 21
17 14
11 12
23
1 18
3 1
1 4
19 1
22 1
1 21
20 1
5 1
7 1
1 11
1 14
23 1
1 16
1 15
13 1
8 1
9 1
6 1
12 1
1 17
1 10
2 1
14
7 11
2 14
10 12
4 9
3 5
7 2
10 4
5 13
8 6
12 14
3 6
13 9
1 8
11
3 9
3 10
10 1
7 5
6 5
11 9
6 10
4 6
2 8
4 2
20
15 9
6 13
11 1
4 2
11 5
15 1
20 11
16 3
12 13
1 7
13 8
14 18
4 10
2 17
14 1
19 11
4 14
3 5
6 1
14
2 5
7 10
3 13
8 12
7 14
1 14
5 4
12 9
11 13
5 8
8 1
14 13
6 12
23
14 2
18 20
1 9
12 19
15 10
13 21
9 2
19 4
12 5
17 8
17 19
7 4
13 7
9 10
22 13
2 16
10 11
7 18
17 3
6 18
1 4
23 12
20
4 13
14 3
17 2
11 15
13 12
7 6
20 1
17 15
2 4
5 16
7 10
18 14
19 20
9 8
3 9
10 11
18 6
19 8
12 5
20
19 18
17 12
9 20
5 8
11 13
2 13
7 16
5 11
10 4
17 8
10 19
18 15
14 15
4 3
7 14
12 20
2 6
16 9
1 6
27
10 20
15 11
2 3
24 23
23 5
10 24
25 18
1 27
15 1
5 9
14 24
12 21
5 1
1 25
21 17
11 4
4 26
24 6
22 10
7 25
21 1
9 16
13 21
2 19
7 8
14 2
17
8 16
7 15
9 11
13 2
10 1
11 16
5 17
10 8
9 12
4 14
14 6
3 12
13 15
2 5
7 3
4 17
10
6 5
8 7
7 10
2 8
5 4
4 9
3 9
1 3
10 6
15
7 3
5 15
11 8
14 9
12 15
7 6
13 9
3 5
2 4
10 13
2 6
11 14
1 12
4 10
22
22 1
12 1
17 1
1 20
9 1
18 1
1 10
3 1
1 6
1 5
19 1
21 1
16 1
1 15
2 1
1 13
1 4
1 14
11 1
8 1
7 1
19
9 16
4 17
16 15
2 13
4 5
3 15
12 8
11 5
3 14
6 18
1 10
6 12
19 2
13 18
17 7
14 8
11 9
10 19
24
1 10
6 1
16 1
12 1
17 1
15 1
1 19
1 13
1 3
14 1
1 23
1 20
2 1
4 1
1 8
1 18
1 7
5 1
1 9
21 1
1 24
11 1
1 22
13
5 7
2 8
1 2
7 12
4 6
10 6
3 4
5 8
3 13
12 11
13 9
10 11
20
17 12
2 20
4 11
11 7
4 15
18 8
20 8
10 19
6 18
13 7
16 14
12 5
14 6
13 2
9 16
3 19
1 3
5 10
17 9
22
16 1
13 1
1 19
11 1
3 1
17 1
8 1
21 1
1 18
5 1
9 1
4 1
1 2
1 14
1 10
12 1
6 1
1 22
15 1
7 1
20 1
16
8 9
15 8
7 2
4 5
15 2
5 12
6 9
6 14
13 12
13 10
3 14
7 16
11 3
10 16
4 1
25
7 18
17 7
14 4
13 5
11 22
12 17
11 8
1 24
23 13
8 5
16 25
20 19
19 12
10 21
16 14
2 3
24 2
6 10
6 18
15 20
15 23
9 4
3 22
21 9
18
1 6
1 8
1 9
1 3
1 14
15 1
16 1
4 1
12 1
13 1
1 18
1 5
10 1
1 17
1 2
1 7
11 1
16
12 3
7 12
10 15
12 1
13 1
10 6
4 12
10 2
9 15
14 1
1 5
8 9
11 16
12 15
13 16
17
1 5
10 12
6 10
2 12
14 9
17 10
16 5
4 12
13 15
10 1
17 3
3 11
8 1
6 13
1 7
14 7
25
5 1
1 12
24 1
7 1
1 11
6 1
1 21
3 1
1 13
1 8
19 1
10 1
9 1
2 1
1 16
1 14
25 1
17 1
1 20
4 1
1 22
1 23
1 18
1 15
12
4 3
8 1
4 1
6 1
1 10
8 2
11 7
11 5
6 9
12 11
6 11
11
8 1
8 10
1 9
3 11
2 8
6 8
3 1
7 8
4 8
8 5
14
1 3
7 12
3 11
4 1
13 2
3 2
2 5
11 14
8 10
4 8
6 8
4 12
9 12
29
1 8
2 1
1 29
1 4
1 15
1 7
1 21
14 1
24 1
19 1
1 6
28 1
3 1
1 25
27 1
20 1
13 1
9 1
5 1
1 22
1 17
1 16
1 26
23 1
12 1
18 1
10 1
1 11
25
4 18
9 22
9 16
12 21
21 4
5 6
4 10
3 8
25 11
2 19
19 24
20 25
8 14
8 21
20 15
19 23
1 12
9 23
5 13
1 20
17 15
5 15
23 12
7 25
13
5 7
6 12
11 4
9 1
7 9
8 13
12 11
2 7
10 12
3 13
13 9
1 11
22
11 6
1 10
9 17
14 12
8 13
19 9
18 11
5 2
3 18
17 13
8 21
21 12
5 22
7 20
20 16
10 2
4 15
4 3
7 22
6 16
14 15
19
10 16
13 2
7 14
9 17
5 6
11 15
8 18
2 4
15 14
16 5
4 9
11 3
19 7
18 1
10 12
19 17
13 6
8 12
24
20 17
16 18
14 9
23 10
11 5
6 18
5 24
12 15
19 17
1 17
19 3
17 22
23 14
15 10
7 2
7 20
24 14
21 11
23 4
19 8
13 16
20 14
3 16
12
11 9
12 10
5 6
8 5
11 10
3 4
7 9
1 2
4 7
3 2
6 12
12
7 12
11 2
7 9
4 6
1 6
3 2
5 6
2 1
3 10
7 4
7 8
10
2 8
8 9
8 4
4 6
7 3
5 3
3 1
1 4
10 6
16
8 5
2 7
1 5
15 12
6 12
5 11
10 5
3 8
12 14
13 10
5 4
4 16
12 4
11 9
2 10
15
9 2
11 9
5 12
14 1
6 15
13 6
11 1
5 14
10 5
4 8
14 6
11 4
9 7
3 4
24
9 14
11 10
5 1
6 17
4 2
3 12
2 21
20 24
6 22
17 9
23 3
10 8
19 16
13 18
7 20
4 22
5 14
21 16
15 8
15 13
12 19
7 23
11 24
26
19 23
13 5
10 8
1 8
16 17
13 12
23 2
16 21
9 4
16 13
25 7
1 7
2 7
5 14
6 25
13 1
11 18
24 15
8 24
22 2
3 13
11 12
17 26
9 20
4 16
20
4 11
19 3
12 2
3 15
20 5
7 9
17 20
19 14
18 14
9 10
8 7
16 6
4 6
17 12
13 5
11 13
15 1
18 16
2 10
28
14 21
25 24
17 23
1 20
8 15
9 15
8 16
3 5
11 2
20 5
25 19
3 12
16 7
10 21
2 14
8 20
23 18
4 28
2 1
4 11
13 16
21 6
11 23
4 22
26 5
15 27
14 25
28
14 1
26 1
1 22
1 7
1 27
5 1
4 1
1 3
23 1
19 1
1 15
25 1
1 2
1 6
21 1
10 1
1 9
18 1
12 1
1 8
1 11
24 1
28 1
1 13
16 1
1 20
1 17
21
20 1
7 1
1 10
17 1
1 6
21 1
3 1
1 16
1 2
4 1
1 13
1 8
1 9
1 19
11 1
14 1
1 12
1 18
1 15
5 1
27
2 1
1 25
10 1
1 20
23 1
22 1
1 14
21 1
12 1
1 8
18 1
13 1
9 1
3 1
1 4
24 1
1 19
6 1
1 17
5 1
15 1
7 1
1 26
11 1
27 1
1 16
10
8 3
4 3
10 7
1 7
9 2
6 4
2 10
5 9
8 5
21
16 8
12 17
9 13
13 3
15 7
5 17
19 15
4 16
20 3
8 1
6 18
4 11
9 5
10 14
20 14
21 18
11 19
12 6
2 21
10 7
23
14 4
1 2
5 11
11 4
10 20
12 8
14 3
7 1
22 15
15 21
4 9
15 17
19 5
12 20
23 20
1 15
5 1
20 18
16 5
18 5
14 13
15 6
24
17 24
23 16
18 5
2 3
7 23
13 22
8 21
14 19
3 4
2 12
11 20
5 14
10 7
10 8
18 15
9 24
4 6
17 20
15 16
1 9
21 11
6 19
12 13
15
7 1
8 1
1 14
11 1
1 15
9 1
1 2
1 5
12 1
3 1
1 4
1 10
6 1
13 1
29
6 28
23 4
15 16
26 24
11 29
7 18
13 16
5 17
7 17
29 1
27 21
20 2
14 25
3 12
21 9
8 6
19 9
4 8
3 27
20 11
25 18
14 10
22 12
28 13
26 19
22 5
2 23
15 24
16
3 1
15 1
3 10
5 1
16 1
2 12
8 1
5 9
2 1
3 4
6 8
11 7
16 14
3 13
5 11
29
8 13
12 3
18 25
16 23
12 15
27 23
21 29
10 2
20 7
27 1
21 9
14 17
13 7
6 18
18 5
18 24
11 20
10 1
1 18
14 6
7 27
8 4
12 27
27 19
24 9
28 22
26 7
28 27
20
2 8
6 5
13 3
19 18
20 2
15 16
7 18
11 3
14 20
12 2
1 11
7 12
15 17
3 9
12 1
6 11
15 7
6 4
10 18
14
3 1
11 1
1 14
1 4
1 10
5 1
7 1
2 1
8 1
6 1
12 1
9 1
13 1
29
24 15
3 10
5 15
24 3
26 1
21 18
20 22
19 20
8 9
4 23
2 18
5 21
25 29
19 16
7 6
6 29
28 14
12 22
14 17
7 10
23 2
11 9
16 27
17 13
11 4
8 13
26 12
27 25
18
2 6
11 17
8 15
12 4
3 13
17 13
17 15
4 3
12 16
1 2
9 18
1 5
2 15
11 7
9 1
17 10
9 14
14
5 11
9 1
6 12
3 8
14 7
5 3
4 6
2 12
4 9
13 10
2 11
13 8
7 10
15
1 2
6 1
1 10
1 11
3 1
7 1
1 12
1 5
13 1
1 9
8 1
1 4
1 14
1 15
20
12 18
15 20
10 12
20 5
16 9
8 7
4 1
6 18
19 9
18 4
8 18
11 18
19 4
3 18
1 17
17 20
1 13
4 2
14 13
19
9 14
2 12
2 19
1 16
6 19
4 7
5 10
13 14
19 5
1 19
14 11
18 19
1 3
8 19
12 17
5 7
11 10
15 10
11
4 10
2 4
7 9
3 2
8 7
11 9
11 1
10 8
6 5
3 5
16
1 12
15 1
1 9
1 6
1 8
2 1
1 14
4 1
10 1
1 3
16 1
13 1
1 11
1 5
1 7
22
14 5
2 9
11 4
10 11
6 18
7 15
18 3
14 21
22 15
1 5
15 17
13 16
16 19
6 16
12 21
8 18
2 22
14 11
20 21
22 5
1 6
20
5 1
1 8
1 2
1 11
12 1
1 7
20 1
3 1
10 1
19 1
15 1
9 1
1 16
1 14
13 1
1 18
17 1
4 1
1 6
18
1 6
12 1
1 8
17 1
1 4
2 1
1 9
1 14
7 1
1 15
1 10
1 3
18 1
5 1
1 16
13 1
1 11
27
24 20
8 12
13 8
14 19
9 5
4 6
23 7
9 1
25 14
24 10
11 23
5 14
2 22
23 17
3 2
26 1
26 11
4 11
18 4
3 8
26 24
21 15
5 15
9 3
2 16
27 15
27
20 11
16 9
27 17
5 14
12 8
7 23
2 5
2 19
26 18
26 11
25 24
10 20
15 22
27 25
16 17
15 8
13 6
18 4
12 10
23 6
14 7
3 22
4 21
19 9
1 3
21 13
17
11 12
11 16
15 1
8 3
13 9
5 16
13 6
15 9
12 17
5 2
14 17
15 8
4 10
7 10
4 9
12 1
25
22 3
19 5
6 4
24 1
13 3
12 21
10 7
4 2
23 24
14 5
7 17
15 19
21 25
14 25
9 11
18 16
13 18
17 22
23 8
9 20
11 16
2 15
20 8
10 12
12
2 9
6 11
10 7
1 12
2 8
11 5
10 12
3 5
11 1
10 4
12 2
28
1 26
1 23
1 14
7 1
9 1
1 5
1 4
1 28
1 16
20 1
18 1
19 1
1 13
1 12
24 1
10 1
1 17
1 22
1 8
1 11
1 25
1 2
1 21
15 1
1 3
27 1
6 1
26
4 13
14 5
1 26
14 24
20 25
2 12
24 3
25 15
16 17
5 10
11 25
4 22
18 22
26 14
2 21
15 9
9 6
7 24
2 4
17 13
1 13
9 23
5 19
15 26
8 17
28
1 2
19 1
1 9
1 6
1 16
21 1
1 3
17 1
24 1
1 10
5 1
27 1
1 20
22 1
1 25
8 1
1 28
12 1
4 1
7 1
13 1
15 1
23 1
1 14
11 1
1 26
1 18
22
13 1
1 10
1 9
2 1
3 1
17 1
12 1
16 1
19 1
4 1
15 1
7 1
11 1
22 1
1 14
18 1
1 6
1 21
1 20
5 1
8 1
17
1 14
12 13
14 8
16 6
2 4
16 2
15 11
16 3
17 9
5 7
17 10
12 16
5 1
1 15
3 1
17 1
11
9 11
10 3
6 4
10 7
2 1
10 1
2 5
6 3
5 8
1 11
29
1 19
22 3
28 26
24 14
13 27
14 27
17 18
6 24
8 11
8 16
1 15
24 15
29 10
23 12
11 9
12 25
14 4
2 17
10 8
22 27
18 21
24 7
15 28
1 11
5 21
1 17
15 23
10 20
24
16 21
14 24
16 17
19 4
22 3
21 5
13 18
12 5
17 2
9 6
15 21
18 8
13 21
14 4
21 7
16 14
16 10
17 11
9 3
3 17
23 5
1 14
20 14
13
8 3
13 10
8 2
4 1
4 9
12 1
1 5
11 12
6 3
13 7
1 10
6 1
27
13 4
9 26
19 10
8 22
15 25
18 17
26 11
24 19
8 24
27 13
6 25
7 2
20 17
27 12
10 1
9 5
5 21
12 14
20 22
14 15
3 6
4 21
7 16
23 18
3 2
23 16
14
1 13
1 4
14 1
3 1
5 1
10 1
9 1
2 1
1 7
11 1
8 1
6 1
1 12
13
11 10
2 6
7 3
9 6
8 9
1 12
7 5
13 3
4 2
1 3
1 9
11 1
12
11 3
3 7
5 4
12 9
4 1
8 3
7 1
9 10
2 3
6 12
1 9
17
5 1
9 1
7 1
1 11
1 2
13 1
16 1
10 1
1 15
1 17
1 14
12 1
4 1
1 3
1 6
1 8
17
1 16
17 16
14 15
15 1
8 5
13 11
1 7
1 11
1 3
16 5
10 2
15 4
10 9
15 6
16 10
17 12
19
14 13
10 7
17 6
15 12
17 5
12 14
8 9
2 13
19 8
3 18
9 2
3 16
6 10
5 15
18 7
16 4
4 11
1 19
19
13 19
18 10
9 16
13 5
8 10
14 17
1 8
15 6
12 9
3 8
7 9
11 4
6 4
11 12
11 1
13 11
9 14
19 2
15
14 1
12 13
9 12
11 7
6 2
8 9
13 10
4 5
3 2
6 14
15 11
4 8
15 10
5 3
26
21 1
11 1
8 11
22 7
20 7
8 14
24 23
24 16
5 17
25 10
15 20
18 6
25 20
22 2
13 12
18 1
20 17
11 24
19 24
3 13
1 15
26 7
5 9
13 24
14 4
15
10 13
13 7
2 8
12 3
10 9
15 8
7 3
6 2
14 4
11 5
12 15
4 6
1 11
9 5
11
4 10
1 2
11 6
3 9
5 6
9 7
10 7
8 2
11 3
5 8
10
1 7
1 9
6 1
5 1
1 4
2 1
1 3
8 1
1 10
18
7 14
8 17
8 9
11 15
16 2
14 2
13 17
18 10
5 13
4 8
1 17
12 13
16 15
16 1
18 3
18 2
15 6
11
11 1
3 1
2 1
1 7
6 1
5 1
4 1
1 9
10 1
1 8
13
5 7
1 3
9 4
3 5
6 2
2 12
9 11
8 9
1 8
13 5
3 10
2 8
15
1 13
12 1
1 15
10 1
1 3
1 2
1 4
1 7
11 1
8 1
1 6
5 1
14 1
9 1
28
5 2
9 28
11 12
27 14
11 17
19 21
24 25
1 6
16 7
13 14
19 10
7 21
22 20
20 16
3 23
8 2
4 5
18 8
3 13
15 22
26 27
6 28
15 25
23 17
10 4
12 18
9 26
21
12 20
14 15
7 6
10 12
12 7
11 8
17 19
7 13
18 14
8 20
4 10
9 14
20 1
9 21
8 17
10 16
2 21
1 9
5 17
21 3
20
4 19
3 10
17 12
4 7
12 5
18 10
13 1
7 6
6 10
13 6
7 17
14 10
17 9
2 7
16 20
7 8
6 15
11 6
7 16
19
18 1
2 4
8 9
17 13
17 16
9 13
9 11
15 18
19 10
15 7
17 1
14 15
4 18
16 3
19 6
5 4
13 19
16 12
12
1 5
10 1
1 7
1 9
3 1
4 1
2 1
1 11
6 1
1 12
1 8
15
1 8
4 15
6 5
6 7
1 6
8 4
8 10
3 9
11 12
2 14
2 6
6 13
11 8
9 8
16
3 5
8 10
3 1
5 15
2 7
9 6
9 1
7 4
2 16
6 13
11 5
10 12
10 3
9 2
14 6
18
3 17
16 15
8 11
4 1
17 11
5 6
2 11
16 4
18 8
6 12
4 13
2 1
16 9
17 7
10 13
6 2
14 13
24
23 17
24 11
6 16
10 9
13 12
12 18
4 21
7 21
5 13
15 23
24 16
20 3
17 19
11 18
10 2
14 20
5 2
4 14
8 15
1 6
7 22
3 19
9 8
21
13 1
17 1
1 9
1 10
1 6
1 15
5 1
1 21
1 19
3 1
4 1
1 18
1 11
16 1
2 1
1 12
7 1
20 1
1 14
8 1
13
9 1
1 13
1 12
10 1
1 7
1 3
6 1
1 4
2 1
5 1
1 11
1 8
26
1 19
26 1
1 21
1 14
9 1
8 1
13 1
1 7
1 15
12 1
20 1
1 10
3 1
1 25
18 1
1 24
11 1
5 1
1 16
1 22
1 2
4 1
1 6
1 23
17 1
16
8 6
10 12
14 11
1 5
5 12
9 3
14 7
7 3
16 4
13 15
8 2
11 6
16 2
9 13
10 4
11
10 5
6 3
8 5
10 1
5 2
6 1
10 11
11 4
11 9
7 6
16
13 16
8 14
3 11
9 16
13 5
3 4
9 15
7 10
12 7
1 8
4 5
11 14
15 6
10 2
6 12
18
3 18
11 8
7 13
9 15
6 7
14 1
14 10
10 17
13 18
14 8
8 2
12 9
9 16
5 10
18 4
13 12
12 1
28
4 19
4 5
19 24
12 21
23 20
16 21
13 23
26 11
1 2
7 2
4 26
10 20
4 17
9 21
22 24
18 14
3 19
25 1
27 28
4 8
9 28
11 1
9 15
26 14
16 1
6 21
4 20
17
17 6
15 17
3 7
2 16
15 11
1 15
8 16
17 5
1 4
17 9
8 7
9 13
1 12
1 8
15 14
10 17
12
11 6
2 8
1 11
9 8
10 4
6 3
10 7
1 10
5 6
12 4
8 11
25
23 10
7 5
1 14
15 6
6 25
25 19
7 16
23 18
17 19
1 20
11 12
4 25
14 21
13 21
17 23
11 7
17 1
24 12
23 8
12 9
3 2
22 8
2 21
17 7
23
1 22
23 1
9 1
17 1
15 1
11 1
1 14
1 18
1 2
7 1
13 1
1 21
16 1
1 12
1 4
1 10
1 6
19 1
3 1
1 8
20 1
5 1
15
1 15
1 14
1 12
5 1
1 6
1 3
1 13
1 9
1 7
1 8
4 1
1 10
1 2
11 1
15
8 1
11 9
4 6
15 2
12 7
7 3
6 13
14 9
2 8
13 1
6 10
2 5
7 8
13 9
26
14 17
3 23
19 8
21 26
16 15
10 18
7 16
2 14
16 1
5 7
19 3
10 19
3 12
13 25
15 11
9 8
24 5
13 18
4 5
7 26
10 1
18 14
6 13
22 15
8 20
29
4 1
22 1
14 1
1 8
2 1
15 1
20 1
1 28
1 11
24 1
1 21
1 29
1 9
1 25
18 1
5 1
10 1
7 1
1 19
16 1
12 1
26 1
1 17
23 1
13 1
1 3
6 1
1 27
25
9 21
5 9
22 11
21 2
24 10
16 8
18 16
10 1
1 3
24 18
6 24
20 12
11 7
10 19
15 21
24 14
9 1
13 24
7 25
1 7
1 12
15 4
17 10
23 7
11
1 4
7 5
1 9
7 9
6 8
11 4
10 4
8 9
3 7
2 8
23
21 1
3 1
7 1
14 1
15 1
22 1
1 19
1 10
1 9
4 1
1 11
23 1
1 5
1 13
6 1
18 1
2 1
20 1
1 8
16 1
1 12
17 1
26
1 4
24 1
1 18
2 1
1 23
14 1
1 3
1 8
1 15
1 5
1 10
1 13
19 1
22 1
17 1
1 12
1 20
1 7
1 9
1 16
21 1
26 1
1 25
6 1
1 11
23
13 10
10 14
20 7
21 11
5 14
9 7
22 23
1 10
11 13
18 11
22 15
5 17
14 19
19 3
8 19
9 22
7 6
16 13
16 12
16 4
2 5
9 1
29
21 1
1 28
22 1
25 1
1 18
9 1
1 8
1 20
26 1
12 1
1 2
1 6
1 11
19 1
14 1
1 4
1 16
1 24
15 1
1 5
17 1
29 1
13 1
1 27
1 10
3 1
7 1
1 23
23
19 17
17 8
3 18
14 6
15 7
21 13
12 3
19 9
8 14
5 23
10 20
5 15
16 9
7 11
22 4
2 6
21 11
18 22
13 4
20 2
12 1
10 23
14
7 2
1 10
1 12
10 6
12 7
6 14
7 3
5 9
13 5
4 11
5 12
8 6
11 10
23
14 1
1 13
21 1
8 1
10 1
6 1
1 4
3 1
1 9
23 1
18 1
1 19
17 1
1 20
1 5
1 2
1 22
1 11
15 1
12 1
1 16
1 7
16
12 1
15 1
1 16
10 1
14 1
2 1
9 1
1 6
13 1
1 7
11 1
3 1
5 1
4 1
1 8
15
9 5
14 13
9 1
12 1
7 4
6 5
15 11
11 8
11 12
12 4
10 4
14 9
2 14
3 5
29
18 1
4 1
1 15
1 21
1 13
3 1
1 16
1 2
1 6
1 12
1 24
1 7
23 1
8 1
17 1
5 1
1 19
20 1
14 1
1 26
29 1
25 1
1 22
1 11
10 1
27 1
28 1
1 9
29
21 10
28 27
15 24
13 5
10 22
28 19
14 6
3 19
2 19
22 24
4 11
5 23
24 8
7 2
14 12
26 3
5 7
2 1
16 3
20 11
7 25
28 18
14 21
22 11
9 17
29 17
17 21
10 1
26
1 16
1 8
21 1
1 23
6 1
26 1
1 17
1 13
9 1
14 1
1 2
10 1
25 1
1 3
1 12
1 4
7 1
1 19
1 22
1 11
24 1
15 1
1 20
18 1
1 5
20
18 17
16 13
6 10
20 3
8 6
10 5
19 12
14 20
1 13
16 9
3 11
2 14
18 15
4 8
17 7
9 7
11 4
15 12
5 19
16
8 15
5 6
12 9
11 3
16 6
6 1
9 8
1 9
2 10
8 13
14 3
15 10
8 7
4 8
6 11
12
5 12
11 10
11 1
9 2
11 7
12 4
10 6
12 9
2 3
1 9
8 2
19
19 17
6 16
12 3
13 4
7 8
7 5
15 10
2 17
14 11
4 18
10 19
16 9
13 1
5 12
9 14
15 18
8 2
3 11
15
15 6
2 15
7 4
5 13
1 13
9 14
12 5
6 12
10 8
11 10
3 2
14 8
9 3
4 11
23
23 6
20 18
11 7
6 13
19 23
1 2
6 10
3 12
1 8
15 13
7 16
6 17
8 4
5 6
5 9
9 3
1 5
5 20
21 1
7 19
23 22
13 14
14
4 11
4 7
3 4
9 10
1 5
7 12
2 14
1 7
8 9
13 7
9 1
2 10
9 6
11
10 5
5 3
4 10
11 1
5 8
9 4
2 11
11 7
10 1
6 4
25
1 23
1 21
1 22
13 1
1 5
16 1
1 12
2 1
1 18
1 10
15 1
1 25
1 8
19 1
6 1
7 1
1 4
1 20
1 9
1 3
1 24
14 1
11 1
17 1
16
8 2
12 3
11 13
6 12
10 8
9 14
6 2
15 11
4 13
7 9
7 10
16 5
15 1
16 4
14 5
23
1 8
1 2
1 16
1 15
4 1
1 10
18 1
13 1
1 14
1 11
1 17
5 1
22 1
9 1
6 1
12 1
1 21
1 20
1 3
19 1
23 1
7 1
28
1 2
17 19
21 26
9 8
12 27
21 20
2 21
16 26
10 15
22 27
18 5
6 20
25 20
8 12
10 11
4 18
4 14
3 19
13 1
24 10
24 19
7 26
28 8
2 12
13 24
18 13
27 23
12
5 10
7 9
9 4
1 4
6 12
6 3
11 9
2 8
10 8
8 1
4 6
16
1 13
1 9
1 2
8 1
4 1
15 1
10 1
16 1
1 14
1 12
1 6
1 3
5 1
1 7
1 11
12
10 12
5 2
3 9
10 7
3 7
6 8
8 5
11 3
1 8
10 4
7 1
22
3 13
9 2
8 10
1 5
4 7
4 18
20 17
13 1
4 15
8 13
14 18
7 16
17 13
2 13
7 6
1 15
19 9
22 8
8 12
11 5
21 2
14
1 13
1 3
6 1
1 12
10 1
4 1
1 14
1 9
1 8
1 2
1 11
1 5
7 1
28
25 1
15 13
17 23
6 16
3 2
14 7
12 27
1 2
3 5
4 3
11 13
23 6
14 6
26 18
27 14
12 24
2 8
8 19
25 9
20 21
2 26
2 20
14 1
1 10
22 24
28 21
20 11
21
3 6
4 15
9 4
12 3
17 4
11 1
10 7
11 2
11 14
1 9
18 14
15 16
9 13
5 11
19 11
10 3
9 8
5 10
15 21
21 20
19
19 3
13 2
17 8
14 6
1 2
10 17
13 18
13 5
3 7
2 3
10 9
4 9
9 14
11 4
15 4
14 16
10 1
12 17
26
16 13
10 7
1 2
7 22
24 3
19 24
17 14
13 20
15 26
9 18
21 4
8 22
20 12
2 6
9 15
26 23
16 6
14 23
5 18
21 25
3 10
25 17
12 19
4 8
5 11
16
16 13
4 12
2 12
3 5
9 11
1 8
15 13
11 10
4 14
8 6
7 15
16 6
7 3
14 9
5 2
15
3 1
2 1
1 14
10 1
6 1
15 1
1 5
1 12
1 8
9 1
1 4
7 1
11 1
1 13
23
15 20
22 6
5 6
23 19
14 4
14 3
23 18
17 1
13 12
22 10
21 12
21 10
4 2
8 15
9 17
16 11
19 20
3 9
2 7
18 13
8 16
7 11
13
10 4
7 2
3 4
13 12
7 9
5 10
13 6
1 12
8 4
12 7
13 11
10 1
29
1 24
4 16
3 26
15 21
8 13
25 2
7 14
7 3
1 28
1 7
1 4
13 6
29 10
13 20
25 1
3 10
26 5
29 22
19 10
17 9
16 18
9 2
21 25
8 23
8 28
27 29
13 11
12 9
11
11 4
10 8
6 4
7 1
9 7
2 4
2 1
8 5
8 2
7 3
18
18 13
12 15
4 1
10 1
8 12
8 3
4 18
11 14
13 16
7 14
3 11
12 2
9 1
8 6
15 5
17 13
6 1
14
7 1
1 3
12 1
10 1
8 1
1 6
13 1
1 5
1 14
1 4
9 1
2 1
11 1
11
1 6
9 8
6 8
11 2
2 10
5 8
1 3
3 4
3 7
2 6
10
10 3
6 7
10 9
3 6
8 2
8 1
6 5
4 8
1 3
28
4 8
9 16
22 12
7 26
20 5
17 1
27 24
11 23
2 18
19 9
8 13
25 15
10 6
26 13
28 4
12 7
14 19
15 27
3 2
11 10
21 17
22 18
5 21
24 3
16 23
20 14
25 6
16
6 14
2 5
3 12
6 2
1 14
16 15
11 8
8 3
13 1
14 15
8 4
2 7
6 10
9 4
4 6
19
8 1
1 13
5 1
1 10
1 9
1 11
15 1
7 1
4 1
1 12
1 19
1 14
18 1
1 3
2 1
1 17
16 1
1 6
24
20 21
8 5
6 21
19 16
13 7
6 18
9 20
2 22
1 4
17 2
11 12
23 10
16 4
15 12
24 22
7 10
8 14
15 18
9 14
19 5
3 24
3 23
13 11
24
5 18
8 10
19 7
3 4
6 24
9 7
15 5
13 20
23 14
17 2
8 19
17 11
16 22
14 6
15 13
12 10
22 11
21 20
2 3
1 9
16 23
21 4
12 24
23
2 20
12 5
1 6
20 11
11 12
1 7
23 11
3 19
17 23
8 3
14 18
6 16
11 1
10 1
15 12
14 6
8 21
4 11
6 22
9 3
11 8
13 11
15
5 15
14 3
4 12
14 13
11 1
10 8
8 9
11 14
7 12
6 15
15 10
2 8
10 1
12 11
28
15 1
8 22
10 25
14 24
18 20
22 19
23 15
12 3
14 6
2 21
26 16
10 26
27 2
19 7
6 18
19 9
22 4
14 17
5 15
16 6
22 21
11 19
21 12
27 28
21 16
1 22
3 13
10
4 8
6 8
7 1
3 9
10 4
5 10
7 2
9 6
5 2
16
16 8
10 12
15 9
7 1
14 5
6 3
2 6
7 4
13 16
9 13
15 2
11 14
12 3
10 4
11 8
11
7 6
3 5
6 5
10 4
11 8
9 7
2 3
11 2
8 4
9 1
16
13 15
5 4
3 13
12 16
6 9
2 5
16 10
14 6
12 2
8 14
15 9
1 8
11 7
11 10
3 4
17
11 1
16 1
1 12
1 2
1 5
1 17
1 14
7 1
1 9
1 15
8 1
10 1
3 1
1 6
1 13
1 4
11
11 10
7 11
3 1
5 10
9 2
6 8
10 9
7 4
8 11
1 10
21
19 18
1 21
3 15
6 17
8 10
17 10
4 10
10 7
14 10
12 16
19 20
16 21
21 13
9 1
15 18
10 15
11 18
11 2
1 15
5 10
19
10 13
14 5
19 8
9 12
19 7
14 16
15 12
1 6
8 18
15 11
4 17
7 17
2 16
3 10
13 4
11 6
3 5
2 9
21
1 13
20 1
1 7
1 8
1 10
19 1
1 21
18 1
3 1
1 17
5 1
1 16
15 1
1 12
1 11
1 9
4 1
6 1
2 1
1 14
24
1 20
1 2
1 24
1 6
4 1
1 5
19 1
1 12
18 1
16 1
7 1
10 1
1 22
21 1
1 15
1 8
1 23
1 13
17 1
9 1
1 14
3 1
1 11
21
1 16
14 7
11 1
7 12
8 16
11 20
2 5
3 17
20 18
11 4
20 13
7 1
20 15
21 18
2 11
6 5
10 20
17 4
4 9
16 19
18
4 5
5 18
8 2
17 3
6 17
17 11
14 15
13 15
14 9
6 1
15 10
1 10
16 14
2 7
5 10
12 13
2 6
29
18 1
17 1
4 1
11 1
25 1
1 13
1 23
1 15
26 1
2 1
7 1
1 22
29 1
28 1
16 1
24 1
1 20
9 1
1 6
1 3
1 8
10 1
14 1
1 27
19 1
1 5
12 1
21 1
15
14 1
1 10
11 1
1 12
8 1
13 1
1 4
9 1
3 1
5 1
1 2
1 7
15 1
6 1
22
5 20
19 2
12 10
2 21
21 14
12 15
22 8
20 16
4 18
10 3
14 5
12 1
20 9
13 15
11 2
4 21
15 7
17 10
5 8
6 4
1 14
17
16 15
12 15
7 17
9 4
16 2
6 11
16 5
1 11
6 14
1 3
8 16
11 10
7 13
10 17
1 5
9 16
19
1 6
9 1
13 1
7 1
1 19
12 1
1 5
8 1
1 11
10 1
2 1
1 4
1 15
3 1
18 1
1 14
1 17
1 16
23
1 20
13 4
10 12
18 5
9 3
18 7
2 7
6 5
23 13
18 1
16 9
21 1
15 8
18 9
10 22
14 21
13 20
7 15
20 19
11 20
22 1
17 14
29
1 22
1 11
16 25
20 6
18 14
7 4
1 5
12 22
26 21
14 3
13 8
9 18
18 28
29 10
23 8
13 2
3 29
20 15
6 24
27 29
13 11
7 11
21 1
6 3
6 8
25 1
20 19
27 17
17
2 11
10 2
13 15
9 14
5 4
13 1
12 10
14 8
6 17
8 17
5 7
9 15
6 16
16 3
3 11
7 12
11
2 1
5 3
3 1
2 4
10 1
10 6
9 2
4 7
11 8
9 11
23
15 1
1 8
2 1
23 1
1 7
1 12
1 14
17 1
16 1
1 6
9 1
20 1
5 1
19 1
22 1
1 3
18 1
1 4
10 1
13 1
1 11
21 1
18
11 1
1 18
6 1
4 1
1 2
1 16
13 1
1 9
1 8
12 1
1 7
5 1
15 1
10 1
14 1
1 17
1 3
28
1 3
24 1
1 7
1 19
28 1
1 22
13 1
1 16
1 25
1 2
20 1
1 18
11 1
10 1
14 1
1 21
1 4
26 1
6 1
1 9
17 1
1 27
1 8
1 15
5 1
12 1
23 1
26
6 4
13 10
5 24
18 21
19 7
15 16
22 12
19 14
5 25
7 11
26 8
2 20
21 24
17 1
6 15
23 22
4 26
9 3
10 3
13 8
11 25
18 16
14 20
9 23
17 12
18
5 11
4 13
8 6
6 7
13 3
14 15
10 17
3 1
17 5
8 16
2 7
14 11
12 9
12 2
18 16
18 15
4 10
20
4 9
5 10
11 14
6 19
17 5
9 20
9 18
4 11
4 15
1 7
4 1
1 19
2 16
12 15
16 3
3 8
13 1
2 9
5 9
13
9 5
3 7
12 10
7 8
6 3
13 5
11 4
2 10
10 13
7 10
11 2
7 1
27
1 2
1 27
7 1
3 1
1 6
19 1
4 1
26 1
25 1
1 14
1 23
13 1
1 24
1 16
1 12
1 9
1 5
21 1
11 1
1 10
1 8
22 1
18 1
17 1
15 1
20 1
25
20 19
10 1
1 22
15 18
14 1
5 16
25 13
24 15
5 3
8 17
13 12
15 23
17 23
20 12
17 21
7 22
20 4
1 9
15 2
9 3
25 1
18 1
18 6
2 11
10
2 6
7 5
4 8
7 1
10 2
5 9
7 8
8 3
2 1
16
1 12
1 16
15 1
10 1
8 1
13 1
5 1
1 7
2 1
4 1
1 9
14 1
3 1
1 11
1 6
12
8 1
1 9
11 1
4 1
1 2
7 1
1 12
10 1
1 3
5 1
1 6
24
1 5
1 6
21 1
23 1
19 1
1 9
22 1
1 14
1 2
1 11
1 13
17 1
4 1
7 1
15 1
8 1
1 10
12 1
24 1
18 1
16 1
3 1
20 1
19
15 19
13 18
5 18
1 5
9 11
4 16
3 7
13 16
17 14
6 15
11 12
3 9
12 14
2 8
8 17
10 2
4 6
7 19
22
2 18
17 5
6 14
9 4
2 5
20 7
8 3
13 17
12 8
16 8
9 21
19 17
14 15
18 20
11 20
22 10
9 3
2 1
14 18
3 1
5 10
26
17 8
12 17
23 21
24 18
1 9
3 25
6 2
5 23
20 1
19 12
1 4
22 15
21 22
1 2
13 24
20 13
9 12
10 1
14 9
1 5
19 7
5 26
2 11
3 9
16 17
21
4 2
10 3
5 15
11 14
4 14
7 3
8 11
5 9
1 21
3 2
14 16
12 18
5 2
13 17
6 18
19 13
1 4
21 13
18 21
11 20
21
8 4
14 10
5 15
6 19
4 9
14 3
21 18
13 5
1 12
20 18
12 18
12 5
16 14
7 11
2 7
19 1
6 4
16 7
6 17
16 19
11
7 5
8 11
10 11
4 6
4 2
3 5
9 4
9 11
1 5
9 1
20
1 19
16 1
1 3
1 2
1 11
1 9
1 18
1 6
1 5
1 7
10 1
1 20
1 15
1 8
1 12
17 1
14 1
13 1
4 1
20
5 12
12 19
6 7
16 2
7 9
8 1
19 20
16 17
14 7
19 1
15 10
10 4
11 12
14 8
13 20
10 14
20 18
16 8
3 17
14
1 7
5 6
2 3
8 10
1 13
1 10
12 9
14 3
11 7
6 11
12 7
3 8
4 5
12
7 5
7 9
2 8
11 6
3 5
10 11
10 1
7 10
8 4
7 12
1 8
19
3 1
18 1
17 1
6 1
11 1
7 1
1 12
15 1
1 14
10 1
13 1
8 1
1 16
9 1
4 1
1 5
1 2
19 1
5546
3254 2115
3982 925
1706 733
3320 79
1939 3031
1013 10
2431 2083
12 783
4117 5158
2405 833
860 1748
5115 4023
4385 704
342 734
237 815
3240 2959
1061 3388
5465 5067
2490 2995
2260 898
3307 4301
1484 2176
1055 4827
4966 5015
620 5085
2270 1447
4117 1639
922 614
2945 2989
2942 3387
2931 5277
1057 1489
3404 2768
2747 3698
2357 1611
2730 1419
5472 5313
2409 3421
2983 5273
291 2221
4285 1297
695 3723
3506 930
4733 1576
5244 5287
2042 3736
3816 5356
1604 1843
1133 3919
5523 3875
1723 5048
3164 3585
3749 178
1657 5453
4463 26
873 1065
5095 3409
3143 291
3889 1859
482 1362
4412 389
2 2569
2829 4451
3886 4444
4007 1378
2449 5070
503 2700
1465 2564
2178 1682
1353 2879
3100 2270
2495 3819
3731 2410
2092 2971
100 371
1482 1514
2262 5315
1591 2271
1475 4847
2793 3653
4083 2200
2356 1995
1048 3222
3420 2254
3222 2103
290 342
4708 2885
80 5261
5512 3533
4919 1476
2879 1762
3604 2856
1324 3291
728 847
1066 1218
3485 5418
3877 3237
1497 3980
2306 2380
564 4343
3339 2638
5311 447
5231 1299
2447 2559
989 674
1292 5288
697 5309
4866 2354
263 3988
780 210
4606 450
2323 3880
763 2896
90 3456
5483 4758
3608 3579
2000 2980
48 3078
2461 630
4729 4534
3756 4569
3551 1342
4300 1103
3475 3973
4721 544
1517 1300
1183 1199
2474 3586
3013 1263
2728 2752
2723 1731
1831 4801
2135 1545
1815 1824
4949 3543
2135 1461
4641 1933
5373 3530
3708 399
5519 5238
2838 370
228 2413
1280 1517
2641 1231
2712 3373
47 1930
5137 669
448 1452
4564 3550
2359 3825
3535 1359
3909 1652
1306 5194
3437 4073
3008 1402
2870 1218
1833 5347
1292 5434
4383 4817
429 2456
376 2501
2905 385
3650 2610
984 840
3527 2552
2342 5424
2594 3244
4148 3972
5279 4535
390 2016
3921 1049
1931 4408
2216 2529
2334 3886
1444 5187
3952 2767
3703 3029
251 2660
5322 2420
3036 112
2452 2347
2143 1939
2806 2673
4516 1755
4281 2246
3642 594
131 342
3334 312
4340 1752
776 5426
4199 537
1240 4193
1503 5491
110 5480
986 4989
3958 3640
3686 1662
3498 4234
3583 2908
2381 1579
1495 2772
4387 81
2314 2610
3102 5285
2237 2969
736 3922
2288 418
3487 627
535 4815
2518 4921
4387 696
994 5141
2260 246
1606 333
5220 3803
4512 2144
1919 4274
2580 2373
3166 592
5221 3737
4250 2664
4670 4294
4313 2577
3653 3612
3984 4088
3277 3838
3272 2978
5182 5217
2705 2548
1108 4295
4900 1399
810 237
3011 4128
2431 1546
4368 1109
928 818
1902 4748
5058 5421
5403 3969
1280 1110
2294 4878
937 3959
5243 299
608 2916
3520 211
180 5193
1696 2263
4231 4273
549 347
5002 599
2569 2863
4328 2392
989 791
3980 5393
1810 2800
4133 662
5395 502
245 3372
4276 1572
4064 3351
46 4400
2490 5277
2130 495
3859 2312
2919 5437
2958 3354
2239 1934
5443 601
3177 552
92 3042
1706 2708
176 3605
874 437
5037 338
2319 2016
1386 1403
4934 5361
695 741
4712 3367
4932 1393
1976 4041
2854 52
5279 3130
4072 5059
5141 886
1325 3196
190 1014
536 3468
4186 1027
3813 1440
3474 2400
130 3097
2534 3108
937 781
2007 1703
3624 5540
1107 5246
5381 2816
1610 496
3079 195
2769 1575
690 3435
566 4474
3423 5033
3805 2889
4696 4156
160 3951
996 4369
2697 4688
4857 3464
2132 2405
3486 2183
2946 2737
3853 3719
3542 1000
4554 3938
5043 4762
758 291
446 5079
5200 704
904 3061
4155 5178
1780 3393
5134 5204
3214 5437
1078 1488
867 3022
3764 150
4370 2533
3811 2366
4153 1300
2120 646
2950 2234
4220 3
2747 1013
2142 232
57 275
1729 4404
3384 156
2145 239
5380 4222
2585 102
392 4964
4498 394
5193 4060
489 4221
662 2998
5233 802
2494 3737
1260 133
675 4409
735 3376
1553 2151
4829 4020
4135 3791
1416 2095
1357 1604
207 1404
4343 5470
3082 285
35 1927
2981 2117
2294 2465
1336 5417
3740 1231
4138 2641
3155 1467
967 2814
2563 3642
3191 4991
648 1240
145 526
2133 4028
1970 3209
4265 4465
2753 4392
764 2541
3168 4410
2501 4728
176 57
3788 1584
3626 3703
1311 494
1491 5420
4491 5301
202 410
4645 2897
943 4370
2094 491
1894 3420
3385 4647
807 149
4417 5034
2789 690
4596 3919
4418 2090
5177 5104
818 3417
904 2695
2394 4362
2099 853
584 3547
2751 522
3989 4556
4154 3219
2520 4332
5086 1441
2990 2378
2967 135
4032 4784
5453 2314
1598 2351
5011 4832
3651 4765
3355 5465
949 4037
5013 855
1803 2813
4474 4457
4159 498
5233 4189
3100 1149
3141 4079
3529 4830
3621 3073
3688 2550
364 4320
4065 5442
5175 3561
4447 4632
5288 21
1345 1059
346 4574
365 4893
4250 2598
3010 401
1336 5123
3873 1415
3376 2704
2667 5254
3586 3307
311 1837
1554 4736
4135 4727
1159 1945
370 1091
2333 3113
2326 3422
4012 3730
4436 2328
612 2470
822 3836
2424 1713
1229 624
4970 3337
84 2932
3185 1367
1066 5027
1848 4462
881 5331
1140 4804
137 3300
3406 456
4201 3414
1939 1879
1933 4993
2572 5096
3727 1318
4051 406
1251 2808
4224 5300
4556 1880
3044 2830
3802 3187
4534 1482
1726 3430
3541 916
1865 1990
4963 1624
4473 4041
3384 3816
2569 4765
3855 4878
2184 4723
1760 3770
3698 5136
2383 4917
4390 1148
2329 1766
4388 2840
508 2729
5531 1563
5519 1541
333 2808
2318 5046
1665 1683
3708 4092
5065 1792
4140 1974
4153 2404
1742 86
4094 1630
3158 2042
969 343
2883 3419
1880 2583
4996 3462
145 5160
570 2095
4619 3280
2927 104
1123 4821
831 1243
4394 1427
2393 3174
3403 2786
3200 5203
703 5470
1120 2353
2698 2031
5503 4721
200 5401
5336 4638
4316 310
4982 745
4482 2893
4867 131
3262 2117
4427 3936
701 4220
3736 3521
2043 5436
1901 883
3306 5409
4340 5149
3750 2700
5388 1981
3572 4749
2079 5168
3979 2010
958 4799
699 3692
2351 5024
1363 1800
4892 147
4822 1182
908 1062
2967 1273
268 2070
3082 1677
435 3033
2195 1940
5415 3232
147 4954
747 5254
5308 3033
4315 4932
1796 1811
2126 3097
2204 216
2575 2415
3623 1901
16 24
5035 1895
3532 2521
2508 3688
5434 4998
3544 2278
5282 4628
429 2537
4179 1928
3670 2948
3549 1423
2770 448
5292 1211
223 316
3976 4446
1018 2768
4091 1912
959 5470
3295 2507
1084 4726
1764 3271
3557 685
318 3394
5062 5083
1910 1213
2907 2860
4508 606
393 4162
546 1202
4796 5482
3450 2782
1125 3171
2114 811
679 5360
3294 930
2939 3168
2881 4152
4461 1405
2180 894
4021 756
2514 3614
1835 644
126 1406
2122 3291
568 4521
167 3059
2206 1134
1515 4592
2756 1772
1456 3373
4959 531
5143 1407
862 2504
1563 3407
2732 4733
148 962
355 3705
846 127
4368 18
1463 171
4185 1049
4641 2322
3793 468
2773 1385
4293 5261
3054 3760
4888 2931
1371 2258
2013 2993
413 3884
3363 3258
2489 2862
5060 4036
5298 2130
5534 176
4233 3843
452 3741
718 3845
1561 427
3380 1262
3324 4332
546 1794
2030 50
1710 2957
1760 1753
3857 4629
3171 5221
4329 4693
3540 988
2341 4818
71 1161
3634 3961
5475 2495
4772 5477
3576 3020
2707 3314
1227 101
4325 2275
2103 5386
5220 4892
2113 3250
3257 3517
5383 2485
3501 2582
1439 2008
50 3272
1868 4641
1670 109
778 5362
1955 1091
995 3716
2052 4289
5052 4409
4335 1095
3046 4137
2287 2245
2734 1398
2408 2819
4823 4447
4916 1760
4977 690
4544 3259
5089 2100
2427 1169
2755 2833
1866 3487
1334 4704
5323 911
632 2790
3080 2404
4435 4632
3631 1558
1601 5517
4273 3661
4734 2335
5506 5160
5298 1547
3044 4343
5012 349
3209 68
134 3204
4501 2846
491 1288
2059 2221
4433 814
1897 1570
2581 4822
1525 4854
5447 1113
478 3069
5422 3570
214 1878
1601 688
126 2439
3663 1581
4990 2145
3292 4250
2621 4690
2024 760
2335 4509
667 3029
2693 5148
2227 4047
161 255
2649 1793
1972 2720
1612 2673
4176 2232
5510 93
1706 688
2696 1861
3574 4179
2778 2348
1097 3441
2268 1751
396 1217
1861 3750
2546 4687
2233 2606
3608 2425
1444 1873
1988 457
4641 5165
2380 2877
1521 498
2284 3757
3741 652
1707 894
715 4162
2968 2581
2852 965
1500 5181
4896 3
651 94
4401 107
1890 1626
5041 112
3098 3442
1544 5448
3984 3444
3027 1440
3884 4455
760 397
555 1006
1245 5236
1049 2747
4148 756
919 3611
868 380
3908 4983
2631 1623
305 4773
3792 2226
5032 3525
3833 5050
1104 3724
2863 3199
2517 570
5034 3528
4393 4312
5440 1763
2721 1184
2945 5478
4332 4990
1701 3228
1328 1842
2056 4555
3445 945
4295 240
831 1156
5520 40
973 3223
1102 4327
4059 5004
3249 3286
716 508
56 2637
429 2604
1496 382
2257 4151
4182 5146
160 752
2520 2387
438 3737
1152 138
4842 1192
1816 4021
22 5532
628 106
4631 5198
5321 491
4568 442
1421 20
1580 1328
5138 5186
3624 1082
5119 699
1570 5001
738 4518
2915 3139
4389 2315
130 5526
4816 5065
3064 2253
2187 5447
2435 1396
5323 4903
3272 3316
4714 5472
4032 655
1809 1843
3230 1169
927 109
2358 1874
3871 4820
560 3955
3548 2637
4645 2937
795 3283
4181 853
2495 1226
825 399
3362 2155
4532 2978
5318 2751
2299 167
2370 4188
710 858
3949 3435
2627 4862
1822 2338
5298 1992
412 5188
3019 4159
2588 5043
716 5214
2726 4072
1247 4046
1669 4131
1038 4851
4621 3244
2428 4071
1746 3463
5412 2421
4839 3402
4946 3182
536 3829
1400 5040
4492 4139
1938 159
4106 1466
315 1254
1106 3802
583 5151
1900 4337
3333 2419
4843 1
2453 2618
120 5428
816 2597
4677 2472
3977 4583
715 4528
961 2661
3304 4321
5261 3988
1015 4473
4892 2388
2887 4686
616 4651
3637 1457
145 469
5061 4008
326 2499
2043 2784
1781 4754
1355 2604
4970 4345
3647 912
1755 139
2806 4130
4290 4942
3966 4290
871 1300
1939 3214
276 3658
1945 3729
2319 5237
4949 5513
428 4879
1684 1888
2141 2653
1911 5181
4459 1630
3237 1083
4072 4048
4541 3618
4943 5345
5238 3778
4312 4731
2703 2473
3090 5516
3750 2515
1582 1243
912 1395
4128 2215
3988 1046
4954 1122
4878 4690
2809 1161
3392 662
470 4596
4138 610
50 1573
2573 1145
2005 1841
2663 2669
1112 4958
609 3918
416 3091
1516 2109
4129 2076
107 1289
1351 1746
2422 592
2571 2452
3374 878
5517 4014
4345 1035
555 5392
2033 4539
4376 1030
4312 2665
4332 3581
5384 2915
5415 196
1903 2132
2723 692
469 4764
1025 4370
5455 699
1956 3978
1101 4711
3022 3719
3122 2752
1302 5178
652 757
2964 3039
585 2130
667 862
3742 481
3420 3097
4952 3758
1153 3517
5415 4269
1373 4473
4982 1431
534 567
1149 4371
2536 3452
4764 3135
289 5080
1607 5096
4087 169
1015 4206
2382 2265
5224 677
4732 4524
2045 3595
4 726
1011 3659
1096 2496
5277 1238
4701 1615
5169 1280
4829 3988
579 4819
3598 2839
4784 4962
2704 366
2760 488
5541 5028
3963 3779
4934 4358
2291 1248
4143 115
3280 213
2265 3224
1534 4927
3772 4346
4945 1392
2691 632
2 2256
5043 2054
3506 2579
5455 5153
1064 4035
702 3797
1063 5121
5390 4217
220 66
579 3561
1826 3603
2760 4949
926 4040
980 2372
432 4469
5154 2833
3093 5277
1945 219
5262 2548
349 633
5505 2527
1050 1706
5521 4963
182 352
5503 634
396 1734
2388 3479
3266 335
3139 3296
3636 2216
4584 3107
3548 1867
1731 1098
3973 1958
3197 1136
2981 1693
4218 1952
375 3975
450 975
867 273
712 3343
5404 1698
634 3874
5543 1503
131 272
45 4112
3374 2107
256 5164
3022 1580
4198 4446
1399 4537
3766 590
2625 2880
4775 3772
5166 1688
1871 893
803 4256
1460 2551
4586 5316
3856 4464
4214 2848
227 2900
3290 3819
3381 2967
3165 2523
114 766
3930 1221
1691 2868
2774 5173
2038 3137
1917 5160
3022 2104
1765 205
1535 1491
3073 1587
897 1233
821 2731
2649 2874
1190 1332
742 1769
2141 964
895 1325
2099 1673
4759 3886
4035 1169
347 1930
1695 5090
2315 4449
4540 4298
586 2822
3473 1603
1091 4312
2281 3383
777 3658
936 3153
2443 5225
2437 4477
973 2735
1523 3267
4511 2409
1783 1395
2147 3496
1318 3581
1460 2282
2474 3141
801 4993
1223 5026
3775 4535
4305 2144
322 4286
4164 2164
4140 971
3566 3637
2637 4594
4593 3522
1622 3302
1911 1345
838 3994
808 4157
2887 1654
2810 4452
885 1461
536 110
2404 876
4339 4728
3641 2048
4582 37
91 4614
1660 5475
5389 3623
2996 5122
1805 2630
387 3710
4049 2765
1810 4142
3368 2079
1084 3303
2747 4638
595 3766
5393 1567
2838 314
3364 805
2884 2690
2066 2688
2836 4431
1844 3984
2376 5323
2501 3204
3710 697
3909 608
4922 3151
1701 2103
4486 3731
760 1563
1697 2973
1029 1854
3206 318
3725 774
2919 4465
4932 1560
1131 1065
1635 4844
3635 2692
298 4074
5154 1206
5440 3391
4290 1961
2874 2669
3830 3185
3300 1204
1555 2270
103 977
4644 2439
2411 3457
5461 2738
4971 3665
3127 5212
1253 33
2761 3774
4953 767
1498 5228
4067 4787
2528 3366
2359 952
3033 3154
1781 4128
3415 2152
3101 3456
4543 930
1274 3508
2347 2867
1517 4911
496 1003
800 4282
5325 2227
2011 547
411 3911
4584 3992
4932 2884
970 4985
763 3460
4757 3486
4114 944
5445 3420
3324 5199
3487 1901
3345 3101
5496 2881
862 5466
391 5040
4662 1600
3847 252
3758 3162
3637 5466
145 3219
4328 3422
701 2947
4884 5383
3401 2420
342 4809
236 4590
3644 2794
2052 3164
2093 3739
1797 3489
3511 2373
1300 4847
2325 3658
1633 5270
4320 3085
1750 2610
2436 2955
169 4494
3850 459
3596 3332
2309 3419
1971 3249
493 5357
2851 147
2897 1196
4373 4418
3890 1544
5085 5546
413 1319
5432 5303
4858 5338
2810 1278
3017 3280
462 4702
3590 4924
998 2065
1427 2181
1870 4428
5113 243
4312 534
3948 2080
4295 4278
1007 30
3676 3739
4387 2930
2186 4821
3748 1764
1563 2639
4285 1461
1340 2909
1130 4314
4357 2509
1916 3791
3776 4365
4038 4609
1772 834
2757 4434
2853 5117
5048 3662
2219 1635
5396 375
1065 2078
2788 1028
3310 4745
2492 2506
4439 5028
426 5171
2365 857
4892 1
3080 356
2520 1225
1437 751
611 2303
4954 574
4977 4084
638 2403
5240 485
2760 2538
5200 3536
4012 3111
3754 4780
4666 5209
2111 1347
2869 57
3686 3299
1138 967
5225 1629
4666 1019
865 4232
2454 1115
2003 4841
4576 4676
3031 4303
2950 3847
930 2755
3548 2135
3698 1325
779 328
2942 2596
4439 3492
1021 434
2422 327
2267 2107
1907 4643
1792 2278
4003 4431
5185 2347
1422 1601
4365 5178
4309 544
4474 4483
3266 417
1628 745
712 3677
2813 4200
4169 37
2832 9
4868 2525
5239 1755
1641 196
293 3671
2575 4724
2848 43
4243 4018
663 1290
3571 2633
2540 4565
1748 231
5490 5030
4271 5142
2818 3925
4475 85
1508 2361
437 1764
4539 4195
1048 2266
4026 4257
5109 2462
67 3468
3163 5302
3140 2220
1342 2473
1325 5116
3365 1339
2651 5496
1836 1782
3390 5170
3620 4898
4059 493
5193 2409
3641 2402
898 2600
2423 2539
448 120
3874 3871
2706 581
1162 240
2123 186
2641 1335
2289 678
2466 1333
3974 495
3544 1189
2948 4314
2565 902
3757 4133
4593 4646
2560 1466
1449 160
982 839
740 3137
3161 5376
1643 975
4954 2389
3967 3211
2527 5521
653 1275
4790 380
2700 750
4792 2511
228 1013
1789 4399
2258 3598
3458 4842
2450 3132
186 1556
4401 960
3339 4312
598 1231
1269 4753
4104 2625
1962 3599
3319 1049
582 109
3879 5295
5361 1068
2318 10
741 3839
3750 3317
2850 3662
1900 3758
580 1261
2380 2555
796 3487
2451 2311
5510 50
4054 4121
1526 5469
3933 1130
461 1498
1805 601
1305 4936
3263 4881
3761 680
4922 2458
5178 1530
4949 5510
3060 4148
2724 4178
2852 1739
2853 4162
1957 3510
547 5040
1314 2356
3376 3345
4011 409
5033 111
4242 4613
1328 2198
2517 1143
4581 4052
3346 4480
2840 446
4556 2052
2464 1436
5497 2193
558 648
1350 1435
2226 2810
3014 5381
5404 5456
3597 1916
2672 1205
2383 1632
2032 2573
1524 3182
1581 4144
3814 5314
2204 4047
3548 404
2055 2878
3750 5156
836 4619
4012 663
4629 5446
564 3693
709 4261
1071 4615
2208 4524
2843 4460
2480 1432
2997 763
3092 5036
711 1022
560 4654
4730 1824
4119 1069
4701 4473
4091 2422
5206 4719
788 2632
5047 2414
2128 3109
1820 1729
1981 1346
1590 2527
625 2225
4073 2686
2094 2009
5306 3492
2069 87
1089 35
969 4733
1145 5260
2332 3533
546 5514
294 1453
2133 3947
5258 3304
4760 4306
2324 2201
2940 2515
1592 4614
3377 4064
2072 3190
765 4639
2451 555
3193 599
468 99
1553 4898
247 5449
5037 3970
1828 5111
421 1340
4843 4528
229 4821
2919 690
2332 1807
2787 2254
4228 162
1055 5129
4766 1029
2037 2540
2552 4953
3061 255
329 126
4290 2699
668 2979
2316 4277
4641 1941
1923 541
1892 897
4623 2668
2531 2424
1396 3317
1035 2319
300 1325
4334 815
2885 1000
1401 5219
5475 2108
2988 2628
3758 3369
4091 3498
981 275
951 5162
1011 1099
4081 3643
3912 3121
3913 1055
5142 3381
1134 110
4612 9
168 4120
1283 297
3308 465
2371 2845
2550 4891
2053 1659
1616 2458
5277 248
428 2866
2668 1527
3718 1407
3064 4754
2745 1184
2222 5472
3182 3065
5135 2129
5445 3500
2581 2481
311 4405
4045 3298
4556 1701
1710 2425
962 3216
1723 839
4063 2473
4220 5191
1194 1581
2424 1492
4110 3624
3813 5167
5527 1445
4825 854
437 4569
2927 4427
828 940
23 1819
2003 5227
2037 3385
619 3726
1991 3691
5031 1491
489 2289
4772 738
3260 4180
1808 4216
739 233
1483 2124
2817 2070
2341 4782
3054 2809
3954 3490
1843 388
993 282
361 4983
2672 4277
1454 5099
4760 483
3120 2808
3969 578
281 144
4264 4451
2335 5245
3609 2287
1351 548
1524 1666
2357 667
443 4446
4491 3349
2237 1325
4463 4291
4257 3945
3022 471
997 2037
1301 2243
3341 2015
256 4156
2446 126
2841 1668
3244 807
3990 1270
3966 625
549 895
5008 433
1520 3620
3013 2063
2297 2165
2945 1440
2709 2658
683 4417
3455 746
1444 797
5370 1407
2847 3226
2675 976
3991 4093
3167 4558
414 54
496 3964
2265 1390
1933 631
2923 1078
3799 5286
2971 3092
4360 701
918 2217
4006 5126
1072 3038
1868 2197
3703 946
3907 587
1877 2248
4159 4310
888 3317
1867 4637
4912 2812
2736 2330
5468 4083
1844 3426
240 2561
4103 2447
2755 4143
2795 635
1528 2902
1703 4276
3465 384
3839 3711
3927 839
5160 5478
4262 2647
4157 5354
2764 3157
4263 3022
724 1284
3379 4138
245 5190
58 1753
856 5442
3320 2144
4304 3550
2035 93
2625 603
4851 3548
3765 3696
2797 517
3636 4659
3759 1174
2514 4789
5391 1229
4240 1554
488 357
2302 2304
5003 5041
3359 5487
4788 1897
2460 4231
4689 2811
1051 732
4812 4167
2882 2880
240 1943
994 3029
4662 1393
2413 776
2355 5532
5415 746
4021 380
2350 4671
3676 175
3886 1491
3266 1896
3252 5507
1591 634
1311 1486
4752 3881
3202 4343
5510 5151
4095 2296
2625 2236
2157 1651
1730 117
2834 3913
181 117
4612 1155
3973 5159
3453 4412
4439 2477
2501 5082
4556 3501
3935 5228
2659 3254
870 1154
4219 2251
3984 4719
768 5376
5399 2821
1505 4750
270 5031
2984 490
1405 3217
3352 3354
4214 889
827 3795
4099 5388
4999 335
3216 3684
2908 1343
1305 4414
5077 2999
1804 2328
704 1929
578 862
3844 4295
2233 4355
5065 4960
268 1291
1951 3865
3914 2034
1838 4161
1180 1329
2422 4012
1658 1889
4034 2485
4253 4632
3851 4217
1023 557
5269 4875
4369 4759
3397 1337
5493 3907
3893 2402
3558 1580
3487 966
3787 4045
4384 1183
3505 5140
2476 4273
4059 3178
121 270
884 5334
790 4366
2774 3743
1160 1550
2077 1834
2716 2546
2404 4869
2829 1727
4342 4907
1122 3883
5340 5376
4873 3418
5077 3747
1243 3147
2649 2740
3054 2270
4973 3487
2913 4919
4534 4520
5478 1601
853 2846
3297 1551
1450 2286
3411 4991
2966 3250
1153 2897
3987 551
5168 3852
3477 1881
4397 2411
1243 1338
2702 4449
3089 1710
4297 4706
4598 958
5186 2757
626 4890
4826 837
3110 637
2089 4873
736 1945
2314 5500
5496 1250
2715 5502
4591 930
2890 445
1731 3934
720 1442
4288 3289
756 3272
5004 5172
1070 4473
3141 1987
4049 5182
5018 4207
2799 457
847 5436
3982 431
3470 5057
5528 4153
532 4646
2210 5105
1604 1863
3070 2941
1389 3013
3186 2784
132 3955
2058 5249
4959 468
959 5427
4192 4823
2270 1973
4869 551
5140 2468
2713 1914
1627 2840
5314 5032
1151 404
2904 2966
3055 1700
3100 325
2361 784
277 5222
2464 4806
499 1775
4995 1431
2190 3317
3705 4032
1017 500
1973 4169
317 1855
3797 3464
3851 4160
1338 4233
2030 4921
2684 1988
3089 116
2167 2525
2426 4058
4111 1066
1126 2894
4447 2994
3055 3631
1219 982
5185 3216
4701 1652
1169 1994
4937 2861
3513 2202
515 1767
1752 3669
389 5197
2832 2568
2052 367
3035 4199
4751 5219
4322 4924
4166 915
1795 5365
3912 453
3836 4857
4065 3359
5013 2884
3582 1835
4899 407
2434 4329
3963 5472
4115 1159
1610 3562
371 3613
1493 1901
785 2617
2062 691
3586 3876
5495 5034
2217 3710
3268 612
4555 1860
3604 3601
3834 4370
3266 1017
559 1070
57 756
15 4060
52 424
4697 2390
3758 3249
3689 1611
5470 3794
3095 2224
2024 1201
5276 1441
1203 1755
5249 4786
5329 2206
5312 1013
3123 4123
881 4449
2462 3434
635 3102
3803 4333
2929 1710
3730 1009
3321 4888
4196 3446
4158 3008
3055 737
3912 1676
2741 2016
4477 2043
1317 5292
5544 1988
4860 5271
3173 17
2153 4806
3666 5069
528 755
2662 4710
1013 1924
3292 3825
3911 4887
4607 724
2457 4909
1415 3907
5021 2660
461 3526
1570 2299
2088 1869
2381 1996
5270 2455
1786 517
3750 1650
5465 2317
3053 3898
3356 2571
268 1311
3357 5050
3692 2168
4139 439
3173 2379
1604 4465
1494 3836
223 5357
5269 1269
5305 781
3818 4006
3603 4705
1868 2398
3589 3431
514 1544
3545 2506
2566 4114
2714 428
3815 2625
709 4190
1949 1668
4895 4270
1207 1688
4567 2797
2849 273
465 4845
1609 809
3791 2725
250 950
493 975
2088 4697
4758 930
3717 5397
4173 1392
450 5000
3008 3330
1594 1668
2950 659
893 3834
4466 3902
3415 3887
5237 5110
3732 899
107 824
570 1219
4414 1737
3276 991
4632 3261
5078 4122
1948 2701
1706 1856
3851 1845
4456 4873
3198 1525
4266 2262
510 3970
516 524
475 321
3229 1049
2459 317
2504 4038
1267 3189
2974 1165
5219 3619
372 2932
3547 4680
4569 3471
4502 2474
5538 5065
1415 1428
4900 3590
4270 5232
24 576
763 1543
1088 2569
1077 496
1926 3633
2616 2628
1270 925
2136 1971
2019 3022
826 1991
3132 5049
4695 4632
3407 3373
2123 4124
2778 4963
4834 2049
2942 614
4924 2441
3971 897
2588 1627
1921 873
5207 4392
3305 3901
2003 5437
564 3601
4940 4583
4172 4068
2394 897
345 3044
726 3932
1788 4298
2625 1993
2956 600
3310 11
1235 553
5269 1764
1363 5368
3589 3282
4517 657
465 3628
2915 3709
5323 642
3773 324
1417 2096
322 3798
5520 2242
108 5363
2129 3016
2629 4031
3899 3984
2569 2043
3370 2449
5250 5261
50 2623
183 4213
740 189
3088 2325
978 2514
2504 4572
2955 1318
3044 4723
589 35
5039 2041
2058 5095
284 3483
76 3346
3873 2399
335 667
1409 5183
3512 3311
5272 3487
4097 4908
2694 3375
1706 2767
1079 2449
5020 5126
1303 2173
3086 2588
716 983
5115 43
3009 458
5047 4515
5071 1659
844 1631
5276 2668
2192 206
2438 927
3612 94
1271 3203
4179 3270
2217 75
3558 2820
4747 2396
3100 2013
2014 1699
97 1549
3484 4473
3532 3537
4578 4700
691 1324
4780 3034
2769 3012
4448 3769
1173 5013
5396 2910
3010 729
199 2527
4102 3125
1094 4704
862 5086
1610 2785
1531 3790
521 1788
2979 3036
261 3675
1058 4978
838 41
2363 1196
242 5228
593 2212
5393 412
2813 3025
2101 2855
519 5303
2816 811
634 1874
2179 4044
1777 3097
4258 4835
3032 5100
5220 2640
2995 765
4378 332
3277 30
3644 987
675 5064
623 2216
1621 4592
2085 1690
3776 363
2760 2513
4151 4437
4838 5465
3649 2525
3961 4474
2495 396
3512 3580
1248 3117
4389 5374
3342 4289
5025 2605
1964 355
799 1262
1606 5144
2335 245
2489 1855
297 4179
2773 3443
1274 5016
5267 2015
1118 2272
4013 4790
2627 3639
196 4471
2491 822
1326 622
2403 5464
723 4203
5485 2776
760 4557
209 2226
4915 3333
1801 192
406 2751
2935 656
3712 2372
3112 2537
3538 3973
2204 1392
3402 2881
3299 1325
3990 2986
3439 553
1755 1872
1969 5075
2181 2226
2918 2065
4373 2147
1591 3386
726 1741
3677 1147
177 1944
861 4660
3131 2811
3405 1719
1779 535
5348 1180
708 78
1491 4562
1375 2638
4879 1208
4853 4681
2530 4432
1233 3950
3142 4253
50 507
4924 3336
894 2808
3234 4641
3473 4682
3708 4004
4633 3390
1932 5062
3183 3051
2695 3126
4122 3373
2501 3169
1100 950
2097 4759
1712 2769
4948 1569
839 485
730 4023
2493 4179
209 1190
3777 1096
4510 4758
3143 1118
5168 3030
1588 1680
1933 1076
4708 740
1368 5065
1305 2648
5253 3078
858 2968
5466 764
745 2808
3998 3042
3758 1407
5458 2190
5400 5427
3889 4133
4590 913
1546 5048
5163 633
3502 2809
1814 1503
533 5380
4156 3146
640 1286
2964 5328
4361 845
4316 4480
3253 2761
1627 1741
3750 4889
2750 3839
5174 2711
1325 4562
920 1376
4852 1671
4035 4859
2436 931
2644 1907
1468 1401
2475 2029
2041 2583
2495 5233
3993 4405
4954 5339
1615 166
4232 2218
2296 1849
5042 1405
3581 3066
1658 1011
5308 1252
4755 2464
2277 4133
760 957
4526 1475
3903 2998
5509 2263
2075 1213
3813 74
4905 708
3927 4480
2950 1436
298 1853
1649 1635
3415 4635
773 2075
3498 3046
5518 4545
428 449
497 455
3331 3659
1432 564
4456 1164
5331 4392
2439 2208
5130 4558
3791 1145
4069 1121
4149 1167
524 894
4707 1979
1901 183
3514 2693
3576 2344
1614 1146
1850 53
1844 2151
3487 2581
3041 1743
4668 834
4170 3509
2774 4123
3274 791
1306 3922
2119 5192
1857 1224
1352 2373
761 3802
4472 1023
2718 4705
4167 1514
3134 2238
38 1658
2495 4906
3414 2688
3662 2137
4710 1817
3 2014
5405 2464
4089 549
4060 4000
682 1022
2421 3891
3519 2680
1116 1125
3471 3915
1609 2116
2717 2865
4580 3834
1157 4619
5516 3685
4127 157
376 4250
1163 1712
1996 1502
3847 5337
2200 4914
985 4644
1214 3047
1484 3837
2280 907
2676 406
2181 331
2320 1280
1325 2770
5099 1530
5006 3807
280 1522
4906 1540
2812 1042
4042 3821
4417 4399
309 2978
5174 546
991 4518
2052 2250
140 5013
4247 654
2474 271
1807 3733
2833 806
3462 355
1565 3432
2808 2780
3076 1982
407 3825
1395 835
4352 3589
59 1692
2346 268
5232 676
5119 2364
1079 4987
1912 681
2992 4638
1603 3008
4892 2879
2182 1648
5440 3979
1733 2217
4715 4149
4542 1938
794 317
2546 3109
462 3099
871 5303
778 4902
1778 2938
4300 4280
2915 4314
1652 1764
3397 5072
5322 4749
2164 1045
4876 5106
1792 4220
3581 596
3054 1977
4624 1222
5100 4613
1063 1350
3272 2319
3631 5081
3663 4627
3242 4868
4183 4492
5294 4609
4791 3445
54 3672
3560 1833
3594 4963
1839 2714
1659 1065
4986 1928
3361 1482
4533 1787
1569 3233
2478 4057
3666 4100
4215 146
1699 3669
3754 147
4847 1851
3096 97
159 3854
3901 3584
2162 4956
1379 946
3578 2072
1672 2927
476 4524
2006 3700
4839 2285
2314 1597
4922 4171
4257 824
2587 115
3780 1333
3676 2505
3610 1968
3883 4756
3888 4913
240 4329
629 4968
248 920
2406 3541
4354 1360
184 2221
1808 5506
2372 4162
3639 4658
2365 2127
4331 295
4118 2457
833 3091
2422 2020
1647 3741
3040 3524
2280 4686
862 1415
2592 2243
5351 2639
3895 3648
3114 376
4195 3330
1488 4840
4215 520
3759 1827
3920 2929
1748 185
2808 4665
3300 900
3873 2822
4739 1707
769 989
3780 1704
5063 5110
534 639
2871 2151
318 4581
284 2875
579 3755
920 2506
3656 3025
3297 47
887 3481
5518 2151
493 4855
5476 2178
2037 5438
162 3014
4214 4080
4618 2853
3714 2444
1220 1087
2897 5365
4824 4524
5488 241
2996 3100
4583 362
3047 1316
5424 2584
194 2432
3800 2761
1724 145
2908 221
5365 124
1538 5013
300 4436
3180 3749
2061 4419
1923 678
1704 3935
5160 4766
1339 4995
3304 5018
1286 4774
613 5525
95 3989
5339 5422
508 4491
3144 5373
75 1735
5146 831
549 4566
2628 4219
5181 4453
3524 2440
4127 3593
2707 4925
4238 1979
454 4654
3735 1388
2513 3241
1824 2098
481 5295
2428 3440
4329 3334
797 4741
5107 4783
5309 1503
3373 4488
99 2031
645 735
1268 809
1526 3612
722 4860
741 1844
3949 2607
286 2755
3155 3868
2158 3333
3084 5468
3101 1185
3605 260
1402 4678
2924 3242
2946 2174
492 4081
2731 3427
2043 684
667 4669
1340 2934
1832 2503
1200 1713
2950 849
3842 5096
5477 1886
2649 258
635 4464
3366 1664
4006 438
393 477
1943 565
797 3953
1764 4958
775 3341
2939 3246
2631 3092
4457 2763
2909 1505
1785 4412
1273 2362
657 862
1698 134
2221 1862
5411 1432
4581 1170
515 4403
4771 5274
2921 3520
5198 4425
4093 5185
5117 1474
4871 535
3702 3876
4889 3325
2743 3444
4136 1490
4203 4225
4865 1567
970 4090
5488 5009
2960 3149
1385 4015
2761 3074
4179 3600
3383 3823
4822 4179
1857 2589
2106 1951
1765 534
4892 3548
5283 2614
1529 3483
1630 2951
1740 5038
3061 5367
3170 99
2001 3175
4068 3181
4711 4691
2455 2308
1914 4349
5524 3358
1670 375
2065 4230
4247 4827
3246 715
1603 4272
164 2361
429 3250
278 4007
4329 2106
122 3656
287 3236
562 4404
1704 5472
4725 1035
2262 5279
1257 3248
3322 4227
3148 4092
293 118
3791 3962
4208 5465
3045 1974
3420 1257
2430 4252
2879 2409
5484 845
565 1791
5473 3120
4162 1695
4918 4804
1301 2046
1601 4280
661 3378
5261 3658
4481 1613
2999 2301
5196 5043
5121 5481
2786 4679
5070 3835
3905 3595
1304 3785
2555 2704
2104 4001
5294 2367
859 727
277 493
5269 4714
1829 1496
223 5326
1470 2952
481 2535
2247 4949
4350 4367
1608 1000
4442 1241
1840 4556
3515 4561
2803 4831
1833 3934
3885 4855
1381 4220
1945 3707
239 1237
3807 5088
3573 204
4244 1855
3788 2546
972 99
2701 308
3757 4544
2945 2891
2650 5544
5424 1022
3494 860
2657 3632
5494 4407
4683 5019
2594 1946
1105 954
2904 4147
3453 2544
31 4968
2495 280
4716 1935
3801 3460
5478 3893
8 4194
248 2002
3934 4981
4805 834
5242 1728
1740 1956
1581 3687
103 4966
678 3153
4314 5261
1617 1773
1093 2995
4644 5375
4697 2183
3769 2351
3524 596
1820 1165
3671 4392
4719 2661
4866 2475
2195 3906
1781 1443
4728 3630
4223 1476
5447 3103
4710 4690
933 2026
201 1137
4323 3998
4904 3188
2235 1847
5263 3137
3931 4205
956 1643
3446 975
5259 1878
1259 3044
2016 4232
326 1628
5377 2707
1006 4549
1228 325
2055 5094
2700 4017
3270 2068
1162 472
1033 4622
698 1390
1978 2150
1996 5155
4877 4654
235 2093
5282 4523
5121 2027
3783 3591
2761 4716
2612 3147
887 4267
3785 5265
4444 854
763 714
1437 2656
2984 1882
3592 2829
2020 3725
1679 2823
2669 1758
3284 4738
3369 3279
2500 1989
824 530
2151 1637
475 1221
529 528
3104 1433
496 1392
3713 4360
4145 2389
4233 2374
4563 1934
2347 4133
697 5106
2300 4590
890 3097
741 46
2084 328
2835 57
5467 2151
2105 4642
2298 2692
4934 5235
5304 3036
1832 3663
4827 2299
3869 2365
2335 4843
3317 3452
4627 1890
3962 5088
670 4420
4398 3994
3541 1384
2007 1511
3763 1974
4134 2043
5419 4923
3091 5418
5234 5292
4327 900
2652 4878
2304 5160
1126 2514
4636 275
3645 5437
4645 4313
167 4842
844 549
615 4255
2483 4497
5162 2307
3523 3160
743 1542
4619 4402
1008 4109
2944 5075
4891 975
353 4919
3134 1319
2229 5122
105 785
2918 5319
287 1949
123 2824
2229 3459
2433 76
405 2177
532 2369
449 5324
5327 3358
999 2808
3617 3356
1771 858
4686 5093
3944 1969
3679 317
1993 318
4547 2803
2283 2646
4878 1911
1790 2085
3425 1722
1960 4769
2195 4325
1564 1235
2511 3093
1288 569
4807 3958
2154 4275
4634 419
3912 2863
1503 3532
4474 3207
3572 3771
2956 5318
2824 3097
803 2299
1713 5241
5060 3758
3146 430
2228 3133
5486 3017
2262 2391
101 678
1873 5105
2988 3988
3675 3546
1029 2453
5284 3061
3858 338
4404 203
3436 5380
4149 4965
5397 1751
1348 1945
5297 2625
37 3985
4255 3376
42 3046
1158 2240
1921 2963
5467 3901
527 3071
3975 4136
1596 1027
3859 3189
4468 4689
1477 1281
5011 3389
4113 4487
1783 5398
4215 2319
1707 3926
4395 5543
3350 1171
513 4163
1396 605
3157 1233
2464 2881
1245 1011
1655 2365
3320 1054
4932 2770
156 334
4742 2818
2981 1461
5326 1285
4504 3114
1738 3287
5147 4246
307 3789
4926 5344
3587 4657
4267 2912
4595 1005
2740 21
2562 1889
5474 4577
4934 1059
269 5040
928 67
3994 4273
1532 4061
3619 3174
3869 2796
5181 4226
699 2610
3344 4647
167 4990
3433 1229
2301 705
4058 1811
4763 2232
731 3901
5380 5352
5186 1420
4054 4419
230 579
410 2222
3474 976
3418 3021
671 5458
3165 4308
764 5463
2044 3937
2034 3845
5106 3911
3052 1243
2151 2636
2595 5542
1899 3268
1120 741
2747 4967
3750 3144
3133 4250
5067 5372
1234 2779
1160 5344
4855 341
1920 4839
4915 4882
1184 5123
842 3255
4953 5305
5457 4605
1146 3580
351 2905
3408 1515
1899 29
459 2312
3214 915
545 2195
2302 3552
2670 490
739 4447
3567 4803
4911 1569
2650 4096
1418 2386
2925 5307
3754 2471
672 1898
2769 94
955 468
555 2897
5527 2034
5510 5488
4319 5504
2159 1820
4244 61
3235 824
1906 2338
3648 2908
2679 4497
3893 21
4619 5008
3271 5289
2120 3073
4848 3444
5061 4162
2078 914
4929 4161
4404 2340
3358 3498
3746 4327
2928 1187
2352 4613
3935 3003
1060 3897
3678 5074
348 4301
2321 2337
2142 1873
1187 2308
3428 960
2701 2837
3352 1723
3791 906
3234 3892
4377 2526
5071 3398
3879 949
715 2239
3510 3507
3769 4553
2869 2086
1870 4017
2324 1918
237 3781
5185 3068
3350 1961
506 1595
2881 3468
2689 5519
300 2257
2556 4733
4720 3883
2495 1031
867 1585
2209 2394
4659 4894
3335 1961
1087 2151
1074 1286
3003 427
5179 1162
494 279
3238 2968
1666 1320
2715 4682
4874 1283
4111 5537
5431 3136
3828 4256
2710 4423
3684 2498
3824 1544
2049 973
1053 3812
4236 1953
1332 5497
3075 2618
3837 4931
3295 2594
871 816
4774 2330
1688 325
4843 2594
2748 661
2290 3614
4747 5293
1203 468
4320 2749
4354 1778
1512 885
1088 3675
2080 1760
4590 4619
1254 2922
5065 2322
3634 1107
1308 2047
1981 1461
3917 2642
2596 673
3734 1387
3786 1124
1421 1533
5359 911
459 1723
1535 5508
1955 2746
2300 4245
3288 2740
3312 4569
540 4719
352 3625
5128 4297
1999 2614
4713 5506
950 3867
5298 5034
4892 2897
4420 2783
1595 2781
819 3133
5161 2662
2537 2332
1530 4163
3367 1679
5262 1324
4168 1231
741 88
3534 2319
2154 4465
1824 2361
2445 1257
4979 3518
2156 2067
3035 1730
3103 4719
1745 4992
479 3370
3873 2327
3380 2704
870 646
1128 2755
4722 5086
3224 2121
209 2412
844 3851
302 267
4171 3396
1866 3076
4487 1716
1438 4983
264 2682
1230 1927
186 3212
4719 4704
5447 4422
2827 4971
5490 1286
1378 3397
3449 517
2976 3630
2558 2753
832 4324
3208 2447
5366 2623
2657 3753
238 4050
2252 4758
2172 5119
4159 4024
3961 3400
245 1041
1303 3680
4039 895
2257 4531
1141 4089
1698 486
280 4347
601 564
5023 2611
2096 2185
3476 2657
673 3405
2545 4738
466 4184
1839 4030
5295 2954
4370 1162
3654 4257
1898 4126
2310 3319
1743 3006
174 1555
5332 214
618 932
5487 1670
2128 3156
3651 5307
4435 561
4446 3410
4666 1562
4613 4067
1002 2776
754 1309
1313 4855
1972 1434
426 1195
1923 28
3950 191
3703 4011
803 1450
2837 2292
3021 5515
3947 1273
576 467
766 4231
1691 578
1356 3091
2213 1253
990 5447
40 4737
3587 3710
2840 262
1401 1668
2486 3698
3403 1801
1309 4688
2379 330
4770 329
1216 59
5465 3708
225 4876
1819 1984
591 292
1908 199
179 972
4195 1639
375 2525
1453 2623
1904 288
2205 1872
1681 3514
5137 1646
4656 1122
1675 3961
843 3814
607 741
4368 5297
3796 4990
3096 3094
5462 953
4499 4764
4866 3438
2847 627
5357 3866
402 1078
1214 1644
3175 2993
3250 465
107 2464
2340 1708
1056 834
1129 3348
595 4280
19 688
2395 2892
4550 1044
4542 4592
3606 2644
3125 3496
629 634
487 3546
5034 2385
4451 3974
3290 2933
1104 1909
3225 32
2681 4389
1577 2223
413 1158
1398 3436
4267 1261
2867 3412
2314 896
2222 3683
879 2840
5067 4005
5087 579
1566 99
4276 4346
789 3583
3315 2072
3750 4528
4091 2350
2512 3945
4944 3593
1925 4077
451 4068
550 2347
4169 4698
1714 5438
4546 4088
1495 4604
1377 287
2080 4798
2608 2555
2190 867
3650 4191
4558 3078
1062 1602
3225 3118
564 1524
443 686
4889 5350
4697 3271
4056 390
1044 4966
495 1253
3866 5459
2683 1599
1974 745
4528 4031
4806 5279
2758 25
693 514
4392 2045
3840 2223
330 3681
3145 3824
4250 4210
1648 3301
1364 2314
2125 5521
4562 2144
1197 4105
2862 3582
3708 3790
5141 4283
1091 756
474 4791
325 1893
4150 960
1388 263
5105 5381
4495 546
712 3329
1565 1718
5387 3086
2812 4949
4276 2859
2657 4477
892 476
3957 254
1799 4585
3042 4828
4748 3181
3198 4793
5174 5444
724 1191
4278 3002
227 5472
881 3114
646 1881
3040 5208
4413 2759
3089 1877
4260 2060
3072 2510
4174 3720
4059 5320
745 1
1894 5545
1867 414
1124 4843
1686 1276
1810 485
4495 2017
3028 3251
5099 3773
5522 3458
799 3827
4235 1418
1846 952
1285 5492
3472 2502
786 4437
2404 2055
1310 4879
2602 1137
3335 4372
4806 4250
2034 3371
5410 3040
1665 4514
3960 3813
2474 2754
3211 1914
5460 2030
3663 3715
2807 4560
3908 463
568 4382
5105 4202
3404 4475
639 2619
3810 1708
5292 2296
1313 2831
125 104
5459 2991
495 4472
180 5425
3615 1398
377 1446
165 3479
1748 3323
2575 4210
4460 3083
3690 3446
2522 62
2797 877
656 2142
3133 3797
4054 5418
2169 2768
1390 3098
1503 70
4978 3480
4280 132
2725 2692
4668 1086
2419 1210
736 2742
3569 4686
1066 3974
5074 4179
2128 3213
5080 5338
2151 2040
1749 3464
3204 1234
3132 688
119 3249
4933 3829
3470 3020
3984 5349
4515 1273
4921 588
5394 2596
3165 2078
4837 1604
875 3999
4699 1369
2572 2394
2869 3503
3874 220
2041 1327
3737 1466
1295 1885
3875 3035
711 2827
3460 5242
2775 2651
518 5317
1924 1605
1671 1479
4590 4922
5236 196
1780 1342
2733 4671
1243 2905
3938 2283
3348 4603
2849 365
1484 5270
5184 2182
3095 3431
5041 3981
286 64
1465 2036
3694 1574
5355 2151
2706 5277
4595 5354
4915 2295
3748 1349
4424 3791
3025 3037
1234 3923
2769 5022
170 3269
819 5343
1135 3282
3404 62
4230 2008
577 183
1784 199
1962 3928
862 4445
4361 5247
4435 5423
715 2852
4867 5025
4131 1070
2512 4860
4521 658
3673 1087
72 1233
4866 2263
5112 863
2300 1900
378 1914
3406 5013
1063 3313
45 3221
2474 845
3553 3109
5169 4988
734 1344
1010 442
2799 814
2565 1367
5120 1887
3130 2091
854 4326
5419 3528
4111 4411
2693 3006
3925 3089
4397 4078
3724 1601
3647 3696
473 1424
3998 4022
2075 5346
2899 1298
1904 3889
2805 3016
473 4351
1128 1057
110 1266
274 4993
5237 4205
2975 4676
505 330
2770 3510
1513 5542
3074 1678
4612 5308
96 3941
51 582
5539 1922
1178 4960
47 2073
1627 2185
2051 700
5378 673
4826 707
253 2751
599 517
909 4608
4586 2110
5098 1980
1668 891
2126 1140
4175 2149
4667 244
2569 2462
5045 3581
4456 2975
2807 5330
2464 1223
3082 3064
1177 3379
1513 4670
3778 1685
660 3006
4521 675
2585 4911
2331 1019
1395 5275
1616 3081
295 1820
3497 3883
4314 2553
5376 4045
2923 4478
5369 462
3245 776
4477 3519
2898 2444
1925 4179
3275 2811
2025 3491
1462 4502
3579 4318
4668 4777
2495 395
717 1923
2087 3059
339 1181
2968 3904
1524 5397
4822 2175
3764 4335
672 2340
3864 2280
1250 647
34 4747
1162 719
771 2169
968 5066
672 2682
859 1717
3948 3663
84 5252
4810 809
1884 14
1386 4315
2179 1130
1617 112
173 1747
572 631
5269 589
3229 4799
637 4220
2129 2516
1079 2961
5218 3418
4929 325
1276 713
4094 3080
3782 1921
4860 2416
53 1492
2766 802
2579 3495
368 4833
2625 2762
2231 2098
3731 4161
3099 3757
721 4146
3758 4885
1466 4675
3109 4718
2702 5133
464 4613
2769 3263
344 2735
2214 4062
415 984
697 690
1365 3074
867 5408
1391 5158
4332 84
3006 1534
4808 1386
4321 5277
2808 1670
1566 2771
2478 4426
5233 5382
563 844
5263 1419
2940 3872
1282 1052
303 1094
4610 390
2363 3929
3070 929
3796 2857
1554 4136
3499 1998
1916 5482
2520 5216
4892 2447
3032 5344
2350 5051
1949 4430
1694 3064
5256 5541
881 672
460 167
3399 2097
2500 2368
4211 2489
5489 2753
3656 743
5249 4634
4474 4907
2109 2674
4843 5478
509 3137
527 99
1812 477
3703 1072
4235 4911
3436 5282
5285 539
3618 4093
2599 4119
5266 2309
1905 1933
2519 3245
3668 5003
475 2501
3968 4134
2561 4238
1390 2421
1531 4377
2470 1464
2142 1956
2777 1481
2573 4910
2770 1131
2795 4143
5430 546
3203 4505
1782 1928
5137 4107
3863 1837
298 101
3465 2634
5162 1833
1543 3882
2386 1085
3653 5189
4075 55
4277 727
5025 2744
5289 4299
3191 3403
2745 4617
5428 2162
2447 1944
4327 5132
3728 1543
4416 3601
844 4928
2984 1557
1035 5335
2707 463
3674 3711
3626 3341
3292 3578
5018 4861
1370 3578
1183 1787
3663 3144
5471 2011
113 4898
2085 5414
3395 4847
2356 208
3055 3819
4738 383
1965 4817
1484 2149
930 4573
1806 3466
903 3642
1044 846
1081 1181
2209 128
3200 3366
553 5475
3358 5406
1241 2161
3352 3769
4843 1678
1707 484
1707 2259
3883 5108
4521 1720
2837 2144
4878 3996
497 1601
829 2537
2052 65
1487 472
3761 4197
3514 5231
614 4633
4889 5205
3197 186
5450 1926
2080 4484
4165 3375
1985 2712
4978 4438
3908 4630
4793 2704
3573 3051
2442 621
2993 2543
3231 4355
3249 5066
2322 4815
785 2723
4599 126
193 1918
1858 2486
3924 282
3062 999
924 5484
491 156
1463 375
4802 2783
3201 1547
3613 4354
1451 153
3647 4632
5287 4095
1118 1020
4243 1726
5177 3961
4338 3995
1522 2352
2485 4472
4663 2486
1627 2962
1242 5357
950 5397
2725 2881
2792 222
2965 2424
1936 3462
1509 3415
1307 4713
5097 3745
3758 1725
5058 5144
5016 5543
3732 4230
2476 3846
4249 3311
3132 4091
323 1228
4519 2878
575 739
4071 2484
834 3097
4783 864
5049 1413
4899 3738
2105 1066
3554 2404
3666 1792
1884 3101
1710 762
1811 2177
5542 4597
43 3870
3862 2402
1572 4002
335 3451
3706 2065
1137 3382
5542 2837
2126 5293
1001 2534
4241 3087
4540 126
1359 2369
2657 1619
4765 1635
4656 4527
1186 790
785 546
4984 5113
66 5341
1060 99
4135 3563
4708 3152
5080 2874
733 3516
2369 3328
3602 847
2442 1033
3047 3421
3809 3751
4254 4415
5409 1183
3457 234
1471 1254
4696 2790
4097 3001
3243 2241
1941 5302
4230 3764
649 1645
502 4588
5251 1468
3936 227
4479 2165
1568 5285
2833 1593
2917 4760
3616 3656
78 320
4290 2270
4279 2798
2424 1084
4714 1078
3133 4691
1117 1241
3700 3304
4992 3912
2015 442
3927 1620
4653 32
528 3701
2464 900
3493 1084
3487 1224
5237 423
270 98
4425 3698
2570 5030
1813 5046
5435 2
4124 5533
2723 5516
2973 4239
4966 5217
3133 4622
2755 3144
5162 4330
3215 5223
1695 1411
3167 1768
1247 3066
2300 3025
895 2599
1997 243
3056 3153
3525 4141
332 1629
426 5409
3108 817
556 4278
2349 3614
3310 1595
2485 2546
4336 426
617 604
4250 339
2450 210
3817 2462
4978 4148
4903 3966
890 4547
169 5023
584 4588
5401 1305
21 779
963 5085
2305 1909
2102 4869
1162 4336
4494 5185
259 944
4302 1926
4396 4942
2115 2129
3176 669
3898 1142
3607 4338
2810 700
4085 887
1501 976
4551 4000
1637 142
667 3520
2280 5160
5358 3059
4735 4485
624 1425
3896 4182
975 1158
2324 4864
4641 1442
2409 5363
3648 3812
2919 3832
4761 5391
1164 917
4383 3739
4205 2077
984 3767
398 5453
1710 1571
1663 243
5118 5109
666 613
1446 3698
42 2804
1618 5113
3875 5353
336 2839
748 2227
1615 4832
1264 4761
168 1209
3958 909
820 2219
2514 3564
2165 944
2347 527
4969 1332
4783 2808
2603 4037
3515 5031
5487 378
3940 817
1203 1260
861 2876
1689 1764
887 523
5308 2911
4679 4273
2626 1258
58 1067
2417 2791
1343 3429
2977 2203
5096 5062
4888 4027
2990 1687
3610 5331
3804 2692
3424 5358
3025 3414
4477 2042
1075 233
4281 3198
4667 796
4951 1383
2100 3589
3556 1896
1315 2892
5160 3568
3734 1088
3186 4616
3086 1852
187 3658
1513 420
5111 5317
1665 3596
1710 3077
694 194
2534 2031
4255 4833
3282 2879
144 2053
4450 4640
1517 941
3024 2394
2042 214
1197 2370
4163 1761
664 4744
4431 2881
2418 5137
3416 2968
4525 3773
5261 1661
1570 1037
1149 4924
1087 3752
155 3265
3926 5134
4267 4953
2138 4443
4625 1313
5183 5264
5073 500
858 154
2979 3026
2167 3338
696 2784
4867 4070
200 2397
5122 5029
4481 450
689 3033
317 3791
3764 1665
2395 2052
2140 5124
1667 233
1620 932
822 4785
4600 4536
2988 3667
5150 381
2031 478
3917 4559
3132 4614
4476 1131
4232 2825
1981 2635
4061 760
665 684
1594 224
1293 4614
1732 691
3426 1326
4727 4584
5147 2768
3656 4703
4797 1558
4391 3421
1699 1027
4328 1288
3961 5333
5054 5199
422 602
664 2771
2207 3983
5036 1923
2464 890
2249 5303
3288 350
1517 2982
4281 4589
44 1493
4467 46
5458 4947
504 4907
5158 1873
304 3000
3997 2703
3593 4350
20 3273
1537 4999
4791 4357
1806 3323
2655 1792
11 2369
4836 2157
1358 920
4365 4781
4474 429
5393 1986
4535 2783
1292 1397
5338 5213
357 2293
675 637
4259 4671
36 3541
3972 4672
424 4869
950 7
4045 2013
2559 4058
697 2010
5292 2557
82 2447
5240 2953
4195 215
1294 4179
2809 2012
547 4975
3274 212
47 1638
3013 1526
1948 753
2487 1827
1978 3268
1198 688
4494 3943
3646 826
70 1721
3946 590
1906 2385
3020 3285
3651 1770
2901 4159
5353 2222
305 5532
3172 3343
5219 5014
1849 5120
5498 4767
4794 326
1674 2262
4421 5455
3397 2340
1928 3986
2178 1280
900 5217
3806 2354
3247 4985
2482 4689
3332 1759
629 4938
2154 866
2823 3472
5019 1224
5176 4108
268 4406
930 4990
5280 444
2329 1313
4759 55
708 177
1781 237
3144 5269
1504 3633
360 921
4290 2569
4460 4424
1748 4332
3171 552
5018 1747
1110 2366
5068 5311
4047 4901
1967 4714
3274 3565
193 1705
3013 4849
1477 1704
266 1223
2190 4826
3695 2025
4664 1600
679 1156
2948 790
401 4036
2773 3821
2057 5146
1553 4915
2417 2638
4456 1983
940 2191
4897 4454
4830 1100
3185 5393
4892 2704
2945 1923
793 4533
3580 1844
2722 2177
1587 3699
4385 3952
4008 1105
4477 926
741 2371
3133 4500
4119 1738
5468 1967
4795 4460
2659 2241
173 3965
4904 3160
3908 1369
4292 1416
4718 2984
884 3361
3498 5479
4307 136
4472 1279
4379 3577
3994 2344
4883 511
5101 4932
4980 4873
4613 5535
5047 4125
5005 2797
1223 2967
4694 4136
4843 3487
3703 1169
2418 4578
4260 1751
2309 1926
4878 1325
5202 3667
4627 4118
4989 584
2071 5382
3070 101
3139 5168
1144 2199
4194 3562
84 1574
1653 1799
2586 1763
4346 4114
5453 2844
1891 2182
987 5261
2160 5374
5499 5132
1819 2693
921 3073
1343 1947
3358 2860
4176 3975
4019 1565
2704 3143
4262 3205
3247 5160
5494 5207
4077 3018
2401 1412
3874 4222
1374 2888
5163 3509
4353 3
5158 311
3215 3227
554 4222
4513 904
2601 331
217 2835
579 5113
2279 3830
785 63
4564 2968
2432 1331
1994 4897
3893 3983
1993 763
1236 5377
543 1016
4050 2067
3487 2478
2585 2336
1566 3744
5159 1643
2980 2776
3808 4521
703 938
4194 5053
1458 1610
1702 5168
3044 1875
3984 96
2288 639
2943 675
2021 525
257 2622
641 4983
3080 751
4114 4314
3155 4983
904 1618
2863 1742
1423 3089
3058 460
3795 134
677 3833
513 787
163 2532
4066 1040
124 4076
1526 2588
3017 3861
688 5037
354 2427
4757 4768
4290 667
901 3330
4086 5320
4502 2101
5257 2534
523 3150
3481 99
5484 4522
2322 5478
675 5402
319 157
105 3057
2554 2249
736 3413
3370 3318
4127 2728
611 5173
21 2723
2695 3490
5391 850
4635 1677
4042 3894
2893 1245
3822 4117
3865 1754
2998 3664
2189 1807
3 199
2274 3525
1051 3551
2766 1736
369 1673
4856 4275
4823 473
2269 5268
2130 4685
1992 480
741 2770
3218 493
4529 2259
3519 3001
1776 3580
403 376
4514 841
880 2770
2859 4229
4697 3330
3627 4524
1844 5033
3437 304
5296 1901
1217 2952
4839 4178
4006 5210
5488 4979
1609 87
1127 4403
1295 267
2872 2450
2864 1097
3240 2369
930 2654
741 5249
3448 1484
2490 4684
4507 2037
1551 158
4347 869
1950 2069
1336 124
5439 3366
5388 5180
2886 718
2588 1008
2261 958
5469 163
4363 3562
200 3061
4165 4148
1414 3157
3555 3901
4105 3420
296 1874
851 1946
1471 5536
4772 2564
325 5254
2706 4880
5160 5268
657 1096
4872 2417
1490 68
47 346
2593 2312
2936 5038
3182 3539
4524 2394
4697 4381
5291 1832
4881 2264
2351 5091
1022 2816
2677 2239
1518 492
5416 595
2314 227
155 2581
2074 4419
1987 5281
1705 4538
5145 4737
1088 1341
3291 2576
2524 2481
861 636
1502 2488
3741 4977
1114 998
872 107
1931 4595
3878 4588
1383 4328
257 1757
3851 782
1668 4276
2379 3363
1877 5230
1335 4752
4548 1665
1455 550
2671 5294
168 2280
438 881
951 4674
3144 1347
2489 1802
5269 1618
4296 3033
5255 3831
2949 1496
4138 3656
3916 757
2495 3098
1343 1519
4251 696
3341 2826
1325 756
4477 5229
1563 3704
381 1099
2199 727
3043 2130
2204 697
2572 687
2321 3587
5402 3571
2219 848
3191 543
1034 3706
3578 2378
4811 4387
1061 2988
14 1459
1126 2448
5214 1998
1149 852
1043 1653
2945 4772
226 613
1535 4439
4282 4607
722 2842
110 2759
2719 422
4443 2512
3203 3593
5131 3160
2113 3762
3684 830
3156 2895
3995 3119
4153 4590
5041 4915
2920 5380
2014 1959
4883 2808
5449 5467
2692 863
975 1342
3790 2043
4470 491
4890 5496
2721 2802
1144 3302
4850 3520
3598 688
5496 5348
4055 2103
332 2296
4721 1883
3777 1244
2085 2173
4503 5264
4650 2889
2906 799
2926 4398
2135 2758
1548 4627
3106 3595
2073 1507
5080 3051
4274 4064
1325 975
942 3994
4602 1467
2471 2643
725 2133
3436 2788
5211 2283
1231 5076
1565 3481
1256 4487
50 4661
1637 2226
1828 3283
5075 813
4021 2497
558 1583
1753 5157
3374 1239
1166 3966
4029 532
195 2535
1781 4250
238 2096
4530 2847
1508 3023
4976 2666
874 3482
688 4964
2099 4493
2933 1312
3157 5451
3938 4403
5429 5010
2861 948
358 1998
4863 4955
3062 2782
2135 2129
1563 4243
400 45
2912 3015
5212 2031
1847 4953
1451 3380
1693 1321
322 2441
2407 4356
2821 49
3383 1
5240 359
1775 3087
4793 4743
3200 881
1113 5103
4258 3218
2277 1382
2714 4715
4248 5442
5228 2022
3038 3910
3517 1408
2451 1841
4343 2170
2444 1119
1775 4632
3250 3025
5232 155
3860 1300
3936 2276
5241 4477
1966 2283
2390 4950
36 4536
3886 1032
4101 2743
4735 2
282 696
5018 974
3295 1142
3739 4952
2620 2476
2146 1431
4045 691
2529 673
5472 843
4317 4756
736 5527
4148 3185
688 1188
633 4545
2333 4697
1491 4502
5158 3995
3588 4907
5387 3004
2797 3657
470 2821
3559 913
5511 1636
3963 73
5226 4994
358 1911
4609 27
4394 5201
5516 1097
1495 330
4449 5186
1246 3265
1972 115
2276 4552
555 2687
5133 3340
2377 2583
3799 4974
1469 180
1330 2020
5529 684
5461 4116
5010 5056
5507 1149
4447 3181
4177 4332
5352 5238
1372 673
4072 1325
2487 1249
1686 4255
5092 2115
1105 5098
5531 4821
1880 5017
4197 843
2403 550
5418 4359
783 5353
3097 2828
5407 5422
3572 5300
1486 2534
643 437
2369 890
2873 1486
2454 3348
609 207
5 3709
1954 3739
2124 4375
4966 1910
5031 2903
4629 4648
1255 3373
1258 180
1642 4290
2467 600
4399 5530
274 2727
4941 839
2498 5299
4059 3472
4679 1449
382 5116
3667 4054
4564 2401
3696 979
4579 2777
2539 1560
3842 5501
268 1711
4195 2578
1609 2331
2148 1303
2447 4291
3489 696
3848 3874
2394 40
1175 4143
2204 1876
4667 2166
2163 4531
3378 2915
3876 2203
1636 4753
4867 994
528 4514
4158 2112
3124 1566
3049 2320
1653 5251
3942 2734
3764 198
4008 3841
425 2765
2591 5272
2257 4348
3059 2908
3625 3203
3469 4122
3006 3487
1581 1239
2995 606
1443 1117
5441 5268
2418 1156
1426 2360
4806 1922
5371 2128
4983 218
1022 3880
4064 4268
3570 265
1831 3961
1245 4502
2347 4765
804 363
4498 3613
3826 1677
2427 89
1856 313
2536 3629
912 5248
4813 3813
2609 2860
245 2110
706 2918
2596 745
4688 1861
300 2375
3901 1937
3656 2449
3461 1146
5503 3722
1287 5069
527 4632
2543 2463
1471 2397
432 1031
2945 634
4140 4356
926 1090
3639 1126
1324 1651
4212 2267
2645 2549
4285 22
5114 352
4229 3067
2004 3420
3039 1697
2794 3877
2296 3133
4513 1296
4800 4480
1036 1294
2914 3506
2569 5478
2030 1361
4535 4297
872 1877
538 1472
3790 2980
3472 337
648 1704
869 4458
527 1880
1366 2875
3116 1420
1746 3468
3228 1138
1021 4477
1215 1026
477 4935
5452 3372
999 30
1645 2055
4528 933
5342 4557
5527 581
2064 3270
770 3064
2118 3002
697 1665
1012 3065
188 4597
347 4937
4641 1632
3260 5237
3602 1499
2607 1168
2047 2365
1063 3819
412 5498
4488 1004
4021 5055
1612 2613
4939 3842
72 939
1805 1172
3239 3281
1824 2163
804 3309
2126 4456
2948 4922
2894 2230
1559 3228
2644 4892
934 1466
2695 3194
4282 36
4238 4769
4920 870
1618 2679
4650 4087
5461 5086
4374 5469
4828 1430
2378 2714
1543 4972
2233 2695
4696 898
4605 2052
2747 2195
421 1019
2461 4432
3117 5065
2636 190
2607 3278
4484 5068
935 2436
1139 2414
1549 1655
1394 4321
538 4299
5382 4814
457 4870
4584 940
4806 745
3359 5433
1864 4068
667 2890
2190 2476
3105 1476
2330 4441
2879 1232
2037 2628
3547 2881
4740 3724
969 4595
2547 5145
5383 3210
1277 1638
4915 1410
4344 4301
4726 1282
1552 1534
2139 2875
751 5330
5195 3650
3675 1526
1981 1506
4592 2642
1691 4692
1011 2212
4754 1073
5278 2076
5361 1323
3280 129
687 2454
2987 116
1002 3652
2273 2574
4067 3638
2401 1756
20 2226
947 2596
1039 4833
80 5413
1047 4091
3351 4132
4930 3414
1961 1132
542 3845
1150 3711
2504 2243
3840 13
292 4415
2786 4274
2472 741
4615 4758
1121 2039
3902 4076
1251 374
741 2888
2542 5484
4278 4655
3751 881
2464 3837
3363 1243
3764 3593
4204 2367
4341 3162
3831 763
340 1746
1707 1426
4111 3140
170 3232
5248 2510
3622 1480
2087 5474
3073 2228
3220 3895
3481 1963
4701 2056
2706 4612
384 3784
4627 172
1973 1286
4210 1212
60 3008
3353 3563
4307 5059
3655 1223
3274 1923
2678 1534
639 3783
151 383
1 3599
3975 3958
2615 1226
458 4847
1380 1401
1197 3180
220 457
2119 5102
853 1433
3149 4545
2313 1931
2082 1945
3128 3637
4673 3747
1743 3264
4846 3464
484 1942
2473 612
565 5097
2273 1182
5364 4430
5310 5138
3471 1272
2119 1149
3567 5085
4228 4066
857 4571
2300 5106
3575 2325
2819 1212
1963 1530
3720 3099
386 1706
1473 5367
4904 3224
2147 3407
3001 1179
335 1578
442 1656
4746 1748
3249 3192
5516 2846
3773 4778
1448 1269
2262 4649
3050 4119
3726 2846
3397 379
4496 2526
759 906
5334 5125
3251 2695
2763 3939
5525 1024
84 1599
1900 249
718 2018
4016 3180
5263 2080
5338 4123
1169 3821
3956 4451
4578 5127
3159 3563
3874 1478
3925 3195
3997 4961
299 5272
3674 4429
2946 5049
4508 4997
564 2770
1503 4386
4358 1823
3366 2815
2581 1993
3173 4432
3917 2447
3788 4587
4162 4129
1706 2999
4843 2300
4025 3853
3820 312
1441 3609
2315 1026
1287 4976
923 2227
4870 4779
3603 3724
5075 3938
1913 2401
481 3100
3129 5221
3427 497
3531 2368
1856 1999
250 1818
1055 1953
4298 2567
2641 3577
1150 4651
3789 2972
4715 2192
2182 2131
3387 4098
3015 2902
1751 4146
4494 1625
5469 2673
4756 2171
1748 573
2345 4290
4660 2754
28 1126
2196 3678
4227 2217
1047 1363
4658 501
3589 5226
3007 3598
1485 503
3326 3974
3658 5215
1618 3474
4062 3662
1322 542
3505 2204
3052 2487
2549 5152
2899 2474
2590 4627
3138 5366
224 3789
5007 163
4108 3103
443 3307
1045 3076
3373 2280
3984 2050
207 1461
882 20
2755 2044
143 764
2954 1080
3478 2488
4626 2896
2646 2081
2970 2449
2127 5478
436 413
1441 152
5454 1097
1722 2277
3471 4462
3323 1915
3697 611
3098 1030
39 2167
5466 514
1709 4291
4214 311
5223 2347
1704 3283
3448 1586
2394 1325
536 1216
953 1611
4139 925
408 5285
3849 3781
4449 32
1976 4717
862 4558
1634 3990
4718 1577
84 2124
1062 3837
988 3791
5035 2485
4489 3750
1743 3613
2907 3660
1704 1774
3607 3347
2563 517
688 3327
369 5044
2309 901
763 4738
2777 4154
3208 301
4570 706
1232 2244
4620 103
712 5358
2432 4690
3472 4157
5300 5252
4601 1624
3375 1092
3039 1078
1479 1833
4695 4776
613 3721
4069 2495
1919 650
2324 2
268 2647
3789 792
226 667
2755 2379
283 2261
5236 77
1405 3876
5181 4225
3467 3603
3908 1300
2798 81
3775 5385
167 2384
2339 1634
2624 2479
760 2710
4913 4477
1369 4487
2853 470
5507 4490
1506 995
2322 3055
2839 1715
2409 4666
1640 5289
2983 1398
1744 1563
3074 5264
4542 2155
2151 3802
3562 3256
756 5478
3447 2818
5295 3179
2660 3359
441 2308
4575 854
3360 1439
4365 4709
4184 1520
3265 4110
4065 4010
1539 5376
2068 4886
3293 1918
3048 1108
2615 617
3044 2140
1283 4760
876 1518
5010 1991
2300 4043
3184 3646
1314 5449
994 5085
222 3091
2858 3512
3418 4009
2135 4320
224 83
2426 2685
5319 3768
306 4351
2352 440
240 756
4209 5308
129 2875
2237 6
1304 1197
1830 3345
2566 3239
2188 2350
4323 2594
3434 4284
3307 267
5397 1303
628 3689
5233 5280
3192 964
1565 373
2228 1536
3255 3994
1265 701
2686 146
200 2199
3132 2283
4535 4328
1278 2134
1581 3990
4629 3587
1510 618
3862 2255
4053 417
1480 3935
391 2295
4287 298
1482 4535
2985 1859
32 2428
4124 4754
3063 1451
3958 512
1158 2343
69 2771
1193 1117
2768 4624
4611 3155
3642 3874
2469 4973
305 5345
3698 5010
2624 2967
905 4664
910 549
5468 1523
3364 528
3171 5379
1894 3900
571 4091
1996 3025
5061 709
4364 508
4547 525
4679 384
4156 4822
2219 4957
919 3490
5245 1176
5286 756
5113 4412
3837 2182
5478 2368
5274 3185
4681 704
1111 3660
4033 3249
2801 3114
1115 4919
4689 1723
2384 1229
2202 853
3263 2430
2130 1792
3848 2028
2215 2658
4463 576
4832 2211
2639 3557
5084 4227
5178 482
2898 220
2580 1746
4390 2649
489 2429
2739 517
653 2129
2447 4652
875 1345
4791 3074
1230 197
4311 547
4237 2148
3666 362
1521 4288
1915 3504
1429 4245
4324 3006
1381 2023
141 1847
4689 45
3144 2706
2717 3414
4628 5290
2881 772
4640 3416
992 1853
5046 1152
1354 3781
2622 3706
4032 2080
1589 5503
597 5162
4187 3656
2768 4524
922 1684
2194 944
2263 3819
4380 4368
2657 3682
1588 4171
4082 3100
5308 1137
4151 744
1952 3021
677 2222
1180 812
2549 4973
3488 5195
687 4159
4319 634
5139 1084
4955 1912
749 2723
3979 823
4116 1516
330 2025
987 5318
4440 2917
3115 4468
4506 1842
550 2735
1990 3430
1678 1723
3308 4415
4789 1798
1821 3486
3767 565
3038 778
5182 4782
3931 3005
422 4336
3454 4351
5105 2551
1825 3359
3457 5526
742 2739
4569 5431
220 2632
2135 724
4159 1975
295 798
5377 254
